index,match_id,frame_start,frame_end,time_start,time_end,minute_start,second_start,duration,period,attacking_side_id,team_in_possession_id,attacking_side,team_in_possession_shortname,n_player_possessions_in_phase,team_possession_loss_in_phase,team_possession_lead_to_goal,team_possession_lead_to_shot,team_in_possession_phase_type,team_in_possession_phase_type_id,team_out_of_possession_phase_type,team_out_of_possession_phase_type_id,x_start,y_start,channel_id_start,channel_start,third_id_start,third_start,penalty_area_start,x_end,y_end,channel_id_end,channel_end,third_id_end,third_end,penalty_area_end,team_in_possession_width_start,team_in_possession_width_end,team_in_possession_length_start,team_in_possession_length_end,team_out_of_possession_width_start,team_out_of_possession_width_end,team_out_of_possession_length_start,team_out_of_possession_length_end
0,2016236,1180,1216,00:01.0,00:04.6,0,1,3.6,1,2,866,right_to_left,Adelaide United,1,True,False,False,direct,6,defending_direct,15,-13.64,-2.71,3,center,2,middle_third,False,28.19,5.6,3,center,3,attacking_third,False,44.39,28.53,47.2,63.02,35.68,25.24,46.13,47.17
1,2016236,1216,1220,00:04.6,00:05.0,0,4,0.4,1,1,1803,left_to_right,Western United,1,True,False,False,chaotic,5,chaotic,5,-28.46,-5.08,3,center,1,defensive_third,False,-27.64,-1.11,3,center,1,defensive_third,False,24.78,23.45,47.01,46.7,28.13,27.05,63.12,63.21
2,2016236,1220,1230,00:05.0,00:06.0,0,5,1.0,1,2,866,right_to_left,Adelaide United,1,False,False,False,chaotic,5,chaotic,5,27.31,-0.45,3,center,3,attacking_third,False,24.92,-11.24,4,half_space_right,3,attacking_third,False,26.73,27.13,63.21,63.64,23.06,22.4,46.65,46.71
3,2016236,1292,1352,00:12.2,00:18.2,0,12,6.0,1,2,866,right_to_left,Adelaide United,3,False,False,False,create,1,medium_block,9,19.33,-35.3,5,wide_right,3,attacking_third,False,-12.72,-12.24,4,half_space_right,2,middle_third,False,47.11,54.48,68.02,59.14,35.0,36.94,35.12,45.22
4,2016236,1352,1375,00:18.2,00:20.5,0,18,2.3,1,2,866,right_to_left,Adelaide United,1,True,False,False,direct,6,defending_direct,15,-12.68,-12.3,4,half_space_right,2,middle_third,False,23.25,-25.1,5,wide_right,3,attacking_third,False,54.49,51.48,58.95,62.4,37.05,37.14,45.35,47.86
5,2016236,1375,1425,00:20.5,00:25.5,0,20,5.0,1,1,1803,left_to_right,Western United,2,True,False,False,chaotic,5,chaotic,5,-24.16,25.35,1,wide_left,1,defensive_third,False,-30.21,20.01,2,half_space_left,1,defensive_third,False,37.05,33.36,47.94,44.67,51.38,37.31,62.79,65.02
6,2016236,1425,1475,00:25.5,00:30.5,0,25,5.0,1,2,866,right_to_left,Adelaide United,2,True,False,False,chaotic,5,chaotic,5,30.45,-19.83,4,half_space_right,3,attacking_third,False,48.05,-6.58,3,center,3,attacking_third,True,36.98,30.69,65.05,81.6,33.13,28.52,44.57,38.87
7,2016236,1475,1505,00:30.5,00:33.5,0,30,3.0,1,1,1803,left_to_right,Western United,2,True,False,False,chaotic,5,chaotic,5,-47.62,5.95,3,center,1,defensive_third,False,-27.0,17.24,2,half_space_left,1,defensive_third,False,28.04,20.93,38.79,36.31,30.42,24.5,81.82,78.76
8,2016236,1505,1593,00:33.5,00:42.3,0,33,8.8,1,2,866,right_to_left,Adelaide United,3,False,False,False,finish,2,low_block,8,26.8,-17.6,4,half_space_right,3,attacking_third,False,7.15,-17.38,4,half_space_right,2,middle_third,False,24.49,43.48,78.43,60.68,20.87,33.77,36.35,31.32
9,2016236,1593,1667,00:42.3,00:49.7,0,42,7.4,1,2,866,right_to_left,Adelaide United,2,False,False,False,create,1,medium_block,9,6.02,-16.6,4,half_space_right,2,middle_third,False,-1.35,-24.49,5,wide_right,2,middle_third,False,43.68,54.27,60.52,57.4,33.89,37.78,31.52,41.07
10,2016236,1667,1695,00:49.7,00:52.5,0,49,2.8,1,2,866,right_to_left,Adelaide United,1,True,False,False,direct,6,defending_direct,15,-0.99,-24.5,5,wide_right,2,middle_third,False,32.27,-4.55,3,center,3,attacking_third,False,54.34,46.19,57.61,61.7,37.81,32.51,41.12,43.44
11,2016236,1695,1712,00:52.5,00:54.2,0,52,1.7,1,1,1803,left_to_right,Western United,1,True,False,False,chaotic,5,chaotic,5,-32.32,4.23,3,center,1,defensive_third,False,-18.67,6.14,3,center,1,defensive_third,False,32.21,28.93,43.51,41.63,45.66,38.18,61.69,60.15
12,2016236,1712,1735,00:54.2,00:56.5,0,54,2.3,1,2,866,right_to_left,Adelaide United,1,False,False,False,finish,2,low_block,8,18.23,-6.49,3,center,3,attacking_third,False,6.96,-11.38,4,half_space_right,2,middle_third,False,37.86,39.43,59.9,57.83,28.92,28.46,41.34,36.57
13,2016236,1735,1801,00:56.5,01:03.1,0,56,6.6,1,2,866,right_to_left,Adelaide United,3,False,False,False,create,1,medium_block,9,5.95,-11.68,4,half_space_right,2,middle_third,False,-9.54,-21.25,5,wide_right,2,middle_third,False,39.82,55.21,57.78,55.85,28.49,38.19,36.61,47.21
14,2016236,1801,1826,01:03.1,01:05.6,1,3,2.5,1,2,866,right_to_left,Adelaide United,1,False,False,False,direct,6,defending_direct,15,-9.2,-21.4,5,wide_right,2,middle_third,False,30.54,-19.61,4,half_space_right,3,attacking_third,False,55.0,43.04,56.03,66.64,38.07,32.96,47.11,48.08
15,2016236,1826,1884,01:05.6,01:11.4,1,5,5.8,1,2,866,right_to_left,Adelaide United,1,False,False,False,finish,2,low_block,8,31.38,-19.47,4,half_space_right,3,attacking_third,False,7.67,-28.53,5,wide_right,2,middle_third,False,42.78,41.73,67.1,66.19,32.87,31.9,48.07,39.06
16,2016236,1884,1944,01:11.4,01:17.4,1,11,6.0,1,2,866,right_to_left,Adelaide United,3,False,False,False,create,1,medium_block,9,6.28,-28.21,5,wide_right,2,middle_third,False,-10.44,-29.33,5,wide_right,2,middle_third,False,41.94,50.53,66.04,59.11,31.89,37.31,39.1,50.54
17,2016236,1944,1972,01:17.4,01:20.2,1,17,2.8,1,2,866,right_to_left,Adelaide United,1,False,False,False,direct,6,defending_direct,15,-10.24,-29.55,5,wide_right,2,middle_third,False,24.28,-27.05,5,wide_right,3,attacking_third,False,50.48,44.61,59.2,66.2,37.33,36.4,50.44,51.54
18,2016236,1972,2011,01:20.2,01:24.1,1,20,3.9,1,2,866,right_to_left,Adelaide United,1,True,False,False,create,1,medium_block,9,25.13,-26.9,5,wide_right,3,attacking_third,False,27.89,-18.65,4,half_space_right,3,attacking_third,False,44.29,38.24,66.31,63.69,36.16,28.74,51.4,41.75
19,2016236,2011,2112,01:24.1,01:34.2,1,24,10.1,1,1,1803,left_to_right,Western United,3,True,False,False,create,1,medium_block,9,-28.29,18.35,2,half_space_left,1,defensive_third,False,-8.23,-23.55,5,wide_right,2,middle_third,False,28.64,45.44,41.69,50.04,38.0,43.82,63.56,60.64
20,2016236,2112,2139,01:34.2,01:36.9,1,34,2.7,1,2,866,right_to_left,Adelaide United,2,True,False,False,chaotic,5,chaotic,5,8.4,23.47,1,wide_left,2,middle_third,False,27.27,22.77,1,wide_left,3,attacking_third,False,44.02,44.7,60.47,60.81,45.44,41.31,50.02,49.52
21,2016236,2139,2186,01:36.9,01:41.6,1,36,4.7,1,1,1803,left_to_right,Western United,1,True,False,False,chaotic,5,chaotic,5,-28.03,-22.88,5,wide_right,1,defensive_third,False,-34.68,-34.82,5,wide_right,1,defensive_third,False,41.16,42.84,49.53,46.18,44.48,34.88,60.89,78.23
22,2016236,2327,2353,01:55.7,01:58.3,1,55,2.6,1,2,866,right_to_left,Adelaide United,2,False,False,False,chaotic,5,chaotic,5,38.15,32.21,1,wide_left,3,attacking_third,False,45.0,32.25,1,wide_left,3,attacking_third,False,32.88,32.25,79.52,79.82,22.34,25.27,23.16,21.89
23,2016236,2470,2545,02:10.0,02:17.5,2,10,7.5,1,2,866,right_to_left,Adelaide United,5,False,True,True,finish,2,low_block,8,40.71,34.97,1,wide_left,3,attacking_third,False,53.79,1.32,3,center,3,attacking_third,False,34.22,31.87,77.11,75.08,25.21,25.0,17.46,19.7
24,2016236,3306,3388,03:33.6,03:41.8,3,33,8.2,1,1,1803,left_to_right,Western United,3,True,False,False,create,1,medium_block,9,-0.59,-0.16,3,center,2,middle_third,False,3.48,9.35,2,half_space_left,2,middle_third,False,56.52,52.81,41.8,56.64,36.88,33.24,42.0,59.73
25,2016236,3388,3441,03:41.8,03:47.1,3,41,5.3,1,2,866,right_to_left,Adelaide United,3,True,False,False,create,1,medium_block,9,-3.87,-10.1,4,half_space_right,2,middle_third,False,22.65,15.48,2,half_space_left,3,attacking_third,False,33.28,40.07,59.66,61.89,52.3,26.15,56.64,47.08
26,2016236,3441,3536,03:47.1,03:56.6,3,47,9.5,1,1,1803,left_to_right,Western United,1,True,False,False,transition,4,defending_transition,11,-23.33,-15.9,4,half_space_right,1,defensive_third,False,-2.12,-31.41,5,wide_right,2,middle_third,False,26.25,38.93,46.96,63.63,40.12,36.37,62.13,46.97
27,2016236,3536,3570,03:56.6,04:00.0,3,56,3.4,1,2,866,right_to_left,Adelaide United,2,False,False,False,chaotic,5,chaotic,5,2.31,31.24,1,wide_left,2,middle_third,False,-1.19,36.93,1,wide_left,2,middle_third,False,36.36,40.96,46.87,53.94,38.6,34.16,63.46,59.03
28,2016236,3760,3811,04:19.0,04:24.1,4,19,5.1,1,2,866,right_to_left,Adelaide United,3,False,False,False,create,1,medium_block,9,4.41,34.75,1,wide_left,2,middle_third,False,18.39,11.84,2,half_space_left,3,attacking_third,False,42.3,38.69,59.74,60.36,23.77,21.16,39.94,35.98
29,2016236,3811,3987,04:24.1,04:41.7,4,24,17.6,1,2,866,right_to_left,Adelaide United,4,True,False,False,finish,2,low_block,8,18.32,11.68,2,half_space_left,3,attacking_third,False,44.42,-30.31,5,wide_right,3,attacking_third,False,38.75,39.84,60.6,75.43,21.1,32.96,36.16,21.98
30,2016236,4168,4274,04:59.8,05:10.4,4,59,10.6,1,1,1803,left_to_right,Western United,6,False,False,True,create,1,medium_block,9,,,2,half_space_left,2,middle_third,False,29.6,-10.62,4,half_space_right,3,attacking_third,False,,41.68,,66.26,,30.1,,50.85
31,2016236,4274,4311,05:10.4,05:14.1,5,10,3.7,1,1,1803,left_to_right,Western United,1,True,False,False,finish,2,low_block,8,30.06,-10.74,4,half_space_right,3,attacking_third,False,55.35,-11.76,4,half_space_right,3,attacking_third,False,41.54,36.99,66.88,83.5,30.33,32.8,50.84,47.3
32,2016236,4655,4672,05:48.5,05:50.2,5,48,1.7,1,2,866,right_to_left,Adelaide United,1,True,False,False,create,1,medium_block,9,,,2,half_space_left,2,middle_third,False,-11.0,19.85,2,half_space_left,2,middle_third,False,,56.47,,49.93,,41.07,,61.96
33,2016236,4672,4730,05:50.2,05:56.0,5,50,5.8,1,1,1803,left_to_right,Western United,3,True,False,False,finish,2,low_block,8,10.18,-20.52,5,wide_right,2,middle_third,False,33.17,-7.31,3,center,3,attacking_third,False,40.94,38.95,61.82,66.47,55.88,28.58,49.92,47.55
34,2016236,4730,4855,05:56.0,06:08.5,5,56,12.5,1,2,866,right_to_left,Adelaide United,1,True,False,False,create,1,medium_block,9,-34.25,6.12,3,center,1,defensive_third,False,9.36,-23.55,5,wide_right,2,middle_third,False,28.39,40.35,47.43,58.13,38.8,41.54,66.82,68.13
35,2016236,4855,4899,06:08.5,06:12.9,6,8,4.4,1,1,1803,left_to_right,Western United,2,True,False,False,chaotic,5,chaotic,5,-9.83,23.86,1,wide_left,2,middle_third,False,21.27,24.12,1,wide_left,3,attacking_third,False,41.76,40.55,68.06,60.4,40.38,41.78,58.07,53.59
36,2016236,4899,4962,06:12.9,06:19.2,6,12,6.3,1,2,866,right_to_left,Adelaide United,3,False,False,False,build_up,0,high_block,10,-21.91,-23.93,5,wide_right,1,defensive_third,False,-40.49,-21.93,5,wide_right,1,defensive_third,False,41.73,42.97,53.54,47.62,40.36,34.91,60.44,74.4
37,2016236,4962,4981,06:19.2,06:21.1,6,19,1.9,1,2,866,right_to_left,Adelaide United,1,True,False,False,direct,6,defending_direct,15,-40.18,-21.77,5,wide_right,1,defensive_third,False,-7.36,-15.24,4,half_space_right,2,middle_third,False,43.06,43.43,47.65,48.99,34.89,34.01,74.14,71.22
38,2016236,4981,5064,06:21.1,06:29.4,6,21,8.3,1,1,1803,left_to_right,Western United,3,False,False,False,finish,2,low_block,8,6.9,15.17,2,half_space_left,2,middle_third,False,7.59,26.34,1,wide_left,2,middle_third,False,33.82,43.25,70.94,63.67,43.31,34.36,49.06,36.57
39,2016236,5064,5173,06:29.4,06:40.3,6,29,10.9,1,1,1803,left_to_right,Western United,5,False,False,False,create,1,medium_block,9,5.98,25.4,1,wide_left,2,middle_third,False,12.83,26.58,1,wide_left,2,middle_third,False,43.35,51.66,63.53,58.53,34.31,37.38,36.81,45.48
40,2016236,5173,5225,06:40.3,06:45.5,6,40,5.2,1,1,1803,left_to_right,Western United,2,False,False,False,finish,2,low_block,8,14.62,26.55,1,wide_left,2,middle_third,False,48.05,5.02,3,center,3,attacking_third,True,51.36,32.79,58.89,76.77,37.03,27.19,45.38,41.48
41,2016236,5615,5790,07:24.5,07:42.0,7,24,17.5,1,1,1803,left_to_right,Western United,7,False,False,False,set_play,7,defending_set_play,13,51.5,32.6,1,wide_left,3,attacking_third,False,5.49,-10.36,4,half_space_right,2,middle_third,False,36.92,41.88,71.66,59.24,13.96,32.23,13.71,37.3
42,2016236,5790,5801,07:42.0,07:43.1,7,42,1.1,1,1,1803,left_to_right,Western United,1,False,False,False,create,1,medium_block,9,4.77,-9.86,4,half_space_right,2,middle_third,False,4.82,-1.36,3,center,2,middle_third,False,41.97,42.26,59.27,57.85,32.11,30.89,37.71,40.56
43,2016236,5801,5919,07:43.1,07:54.9,7,43,11.8,1,1,1803,left_to_right,Western United,3,False,False,False,finish,2,low_block,8,5.01,-0.51,3,center,2,middle_third,False,-26.07,-9.66,4,half_space_right,1,defensive_third,False,42.21,27.64,57.6,27.01,30.76,37.37,40.7,68.7
44,2016236,5919,5939,07:54.9,07:56.9,7,54,2.0,1,1,1803,left_to_right,Western United,1,True,False,False,chaotic,5,chaotic,5,25.83,9.8,2,half_space_left,3,attacking_third,False,23.45,17.43,2,half_space_left,3,attacking_third,False,37.22,35.71,68.42,62.93,27.39,23.92,27.09,30.17
45,2016236,5939,5998,07:56.9,08:02.8,7,56,5.9,1,2,866,right_to_left,Adelaide United,3,True,False,False,create,1,medium_block,9,-22.96,-17.76,4,half_space_right,1,defensive_third,False,-3.99,-25.99,5,wide_right,2,middle_third,False,23.84,36.44,30.48,47.54,35.74,32.1,62.87,56.49
46,2016236,6044,6101,08:07.4,08:13.1,8,7,5.7,1,1,1803,left_to_right,Western United,3,False,False,True,create,1,medium_block,9,-4.14,32.94,1,wide_left,2,middle_third,False,21.02,15.24,2,half_space_left,3,attacking_third,False,36.53,39.95,55.99,63.6,36.59,22.11,54.77,51.14
47,2016236,6101,6152,08:13.1,08:18.2,8,13,5.1,1,1,1803,left_to_right,Western United,3,True,False,True,finish,2,low_block,8,21.45,15.33,2,half_space_left,3,attacking_third,False,54.76,-0.64,3,center,3,attacking_third,False,40.0,35.04,63.89,82.17,21.98,22.01,51.14,52.97
48,2016236,6739,6771,09:16.9,09:20.1,9,16,3.2,1,2,866,right_to_left,Adelaide United,1,False,False,False,direct,6,defending_direct,15,,,2,half_space_left,2,middle_third,False,4.87,-3.29,3,center,2,middle_third,False,,24.92,,59.47,,25.68,,46.66
49,2016236,6771,6805,09:20.1,09:23.5,9,20,3.4,1,2,866,right_to_left,Adelaide United,2,True,False,False,create,1,medium_block,9,4.36,-2.85,3,center,2,middle_third,False,21.7,7.9,3,center,3,attacking_third,False,25.19,34.08,59.48,63.67,25.95,30.74,46.68,47.73
50,2016236,6805,6862,09:23.5,09:29.2,9,23,5.7,1,1,1803,left_to_right,Western United,2,True,False,False,chaotic,5,chaotic,5,-22.99,-8.02,3,center,1,defensive_third,False,-16.06,12.29,2,half_space_left,2,middle_third,False,30.94,32.8,47.85,48.98,34.19,27.84,63.8,72.11
51,2016236,6862,6932,09:29.2,09:36.2,9,29,7.0,1,2,866,right_to_left,Adelaide United,1,True,False,False,chaotic,5,chaotic,5,15.17,-12.78,4,half_space_right,2,middle_third,False,39.57,-23.77,5,wide_right,3,attacking_third,False,27.77,34.76,71.79,70.29,32.85,28.96,48.89,45.05
52,2016236,6932,6969,09:36.2,09:39.9,9,36,3.7,1,1,1803,left_to_right,Western United,1,False,False,False,chaotic,5,chaotic,5,-39.92,23.74,1,wide_left,1,defensive_third,False,-51.17,25.73,1,wide_left,1,defensive_third,False,28.96,30.29,45.19,46.26,34.58,33.41,70.77,81.26
53,2016236,7025,7062,09:45.5,09:49.2,9,45,3.7,1,1,1803,left_to_right,Western United,2,False,False,False,build_up,0,high_block,10,-44.29,9.27,2,half_space_left,1,defensive_third,False,-20.67,-25.1,5,wide_right,1,defensive_third,False,46.11,50.76,44.89,50.89,37.46,42.88,73.51,76.49
54,2016236,7062,7186,09:49.2,10:01.6,9,49,12.4,1,1,1803,left_to_right,Western United,3,True,False,False,create,1,medium_block,9,-19.52,-25.99,5,wide_right,1,defensive_third,False,1.93,-34.15,5,wide_right,2,middle_third,False,50.58,46.41,51.21,51.82,42.92,39.76,76.31,52.93
55,2016236,7186,7223,10:01.6,10:05.3,10,1,3.7,1,2,866,right_to_left,Adelaide United,2,False,False,False,create,1,medium_block,9,-2.39,34.15,1,wide_left,2,middle_third,False,-19.39,22.2,1,wide_left,1,defensive_third,False,39.79,40.57,52.9,49.99,46.26,39.12,51.9,53.15
56,2016236,7223,7240,10:05.3,10:07.0,10,5,1.7,1,2,866,right_to_left,Adelaide United,1,False,False,False,build_up,0,high_block,10,-20.04,22.27,1,wide_left,1,defensive_third,False,-20.79,18.04,2,half_space_left,1,defensive_third,False,40.76,44.62,49.86,49.53,39.05,39.47,53.58,61.79
57,2016236,7240,7270,10:07.0,10:10.0,10,7,3.0,1,2,866,right_to_left,Adelaide United,1,False,False,False,create,1,medium_block,9,-19.68,17.39,2,half_space_left,1,defensive_third,False,-1.99,-4.43,3,center,2,middle_third,False,44.82,45.57,49.56,49.97,39.5,31.73,62.15,62.55
58,2016236,7439,7552,10:26.9,10:38.2,10,26,11.3,1,2,866,right_to_left,Adelaide United,1,True,False,False,set_play,7,defending_set_play,13,,,2,half_space_left,2,middle_third,False,48.11,-8.07,3,center,3,attacking_third,True,,40.92,,67.74,,56.1,,51.78
59,2016236,7552,7645,10:38.2,10:47.5,10,38,9.3,1,1,1803,left_to_right,Western United,4,False,False,False,build_up,0,high_block,10,-48.12,7.85,3,center,1,defensive_third,False,-20.35,-22.44,5,wide_right,1,defensive_third,False,56.19,47.15,51.71,50.9,40.83,36.93,67.75,66.81
60,2016236,7645,7784,10:47.5,11:01.4,10,47,13.9,1,1,1803,left_to_right,Western United,4,False,False,False,create,1,medium_block,9,-19.97,-22.49,5,wide_right,1,defensive_third,False,19.95,31.28,1,wide_left,3,attacking_third,False,47.09,45.94,50.95,57.5,36.76,38.26,66.6,43.86
61,2016236,7784,7807,11:01.4,11:03.7,11,1,2.3,1,1,1803,left_to_right,Western United,1,False,False,False,finish,2,low_block,8,19.91,31.32,1,wide_left,3,attacking_third,False,9.66,30.25,1,wide_left,2,middle_third,False,45.89,44.41,57.57,57.7,38.25,35.31,43.91,43.51
62,2016236,7807,7896,11:03.7,11:12.6,11,3,8.9,1,1,1803,left_to_right,Western United,3,False,False,False,create,1,medium_block,9,8.83,30.26,1,wide_left,2,middle_third,False,20.28,-30.28,5,wide_right,3,attacking_third,False,44.54,54.6,57.64,59.58,35.23,40.12,43.42,37.3
63,2016236,7896,7924,11:12.6,11:15.4,11,12,2.8,1,1,1803,left_to_right,Western United,1,True,False,False,finish,2,low_block,8,21.22,-30.48,5,wide_right,3,attacking_third,False,39.27,-15.06,4,half_space_right,3,attacking_third,True,54.29,44.25,59.91,70.09,39.95,31.3,37.23,34.87
64,2016236,7924,7988,11:15.4,11:21.8,11,15,6.4,1,2,866,right_to_left,Adelaide United,2,False,False,False,build_up,0,high_block,10,-39.98,14.12,2,half_space_left,1,defensive_third,False,-36.76,29.99,1,wide_left,1,defensive_third,False,31.07,35.37,34.75,25.58,43.97,36.32,70.4,62.01
65,2016236,7988,8024,11:21.8,11:25.4,11,21,3.6,1,2,866,right_to_left,Adelaide United,1,True,False,False,direct,6,defending_direct,15,-36.69,29.85,1,wide_left,1,defensive_third,False,1.18,10.72,2,half_space_left,2,middle_third,False,35.46,38.19,25.69,40.19,36.37,37.99,61.94,61.3
66,2016236,8024,8085,11:25.4,11:31.5,11,25,6.1,1,1,1803,left_to_right,Western United,2,False,False,True,create,1,medium_block,9,-1.53,-10.34,4,half_space_right,2,middle_third,False,17.15,32.18,1,wide_left,2,middle_third,False,38.31,59.51,61.17,60.6,38.29,47.75,40.7,41.28
67,2016236,8085,8183,11:31.5,11:41.3,11,31,9.8,1,1,1803,left_to_right,Western United,2,True,False,True,finish,2,low_block,8,17.37,32.2,1,wide_left,2,middle_third,False,51.84,0.1,3,center,3,attacking_third,True,59.39,36.57,60.73,75.07,47.64,26.01,41.11,37.86
68,2016236,9032,9042,13:06.2,13:07.2,13,6,1.0,1,2,866,right_to_left,Adelaide United,1,False,False,False,create,1,medium_block,9,-32.64,12.18,2,half_space_left,1,defensive_third,False,-33.55,11.61,2,half_space_left,1,defensive_third,False,34.82,35.29,48.43,49.17,30.49,30.33,48.48,48.24
69,2016236,9371,9418,13:40.1,13:44.8,13,40,4.7,1,2,866,right_to_left,Adelaide United,3,True,False,False,chaotic,5,chaotic,5,15.65,33.28,1,wide_left,2,middle_third,False,23.9,28.56,1,wide_left,3,attacking_third,False,34.42,30.82,59.72,63.05,23.74,24.75,33.91,32.42
70,2016236,9418,9503,13:44.8,13:53.3,13,44,8.5,1,1,1803,left_to_right,Western United,1,True,False,False,chaotic,5,chaotic,5,-24.06,-28.62,5,wide_right,1,defensive_third,False,-32.65,-22.03,5,wide_right,1,defensive_third,False,24.74,20.79,32.43,36.67,30.78,27.54,62.87,63.3
71,2016236,9503,9524,13:53.3,13:55.4,13,53,2.1,1,2,866,right_to_left,Adelaide United,1,True,False,False,chaotic,5,chaotic,5,33.05,21.88,1,wide_left,3,attacking_third,False,42.49,12.27,2,half_space_left,3,attacking_third,True,27.53,27.57,63.36,69.45,20.65,21.48,36.66,32.65
72,2016236,9524,9652,13:55.4,14:08.2,13,55,12.8,1,1,1803,left_to_right,Western United,2,False,False,False,build_up,0,high_block,10,-42.61,-12.09,4,half_space_right,1,defensive_third,False,-20.98,-21.69,5,wide_right,1,defensive_third,False,21.62,62.34,32.31,43.95,27.6,33.81,69.88,51.67
73,2016236,9652,9882,14:08.2,14:31.2,14,8,23.0,1,1,1803,left_to_right,Western United,6,False,False,False,create,1,medium_block,9,-19.55,-22.89,5,wide_right,1,defensive_third,False,20.82,23.85,1,wide_left,3,attacking_third,False,62.29,46.96,43.88,60.95,33.77,34.75,51.5,37.34
74,2016236,9882,10078,14:31.2,14:50.8,14,31,19.6,1,1,1803,left_to_right,Western United,6,True,False,False,finish,2,low_block,8,22.12,24.05,1,wide_left,3,attacking_third,False,39.51,1.4,3,center,3,attacking_third,True,46.34,35.6,61.22,64.49,34.47,26.24,37.2,35.5
75,2016236,10078,10121,14:50.8,14:55.1,14,50,4.3,1,2,866,right_to_left,Adelaide United,2,True,False,False,chaotic,5,chaotic,5,-39.7,-1.96,3,center,1,defensive_third,False,-6.86,-0.41,3,center,2,middle_third,False,25.97,30.69,35.56,35.26,35.28,24.07,64.83,60.16
76,2016236,10121,10125,14:55.1,14:55.5,14,55,0.4,1,1,1803,left_to_right,Western United,1,False,False,True,finish,2,low_block,8,6.26,0.84,3,center,2,middle_third,False,5.4,1.56,3,center,2,middle_third,False,24.19,24.73,60.0,59.58,30.88,31.39,35.51,36.32
77,2016236,10125,10235,14:55.5,15:06.5,14,55,11.0,1,1,1803,left_to_right,Western United,4,False,False,True,create,1,medium_block,9,5.1,1.55,3,center,2,middle_third,False,17.12,31.37,1,wide_left,2,middle_third,False,24.97,55.72,59.47,59.16,31.54,33.71,36.6,44.06
78,2016236,10235,10297,15:06.5,15:12.7,15,6,6.2,1,1,1803,left_to_right,Western United,2,True,False,True,finish,2,low_block,8,17.65,31.19,1,wide_left,2,middle_third,False,39.74,-1.46,3,center,3,attacking_third,True,55.45,35.08,59.6,76.11,33.7,27.86,43.93,35.6
79,2016236,10297,10356,15:12.7,15:18.6,15,12,5.9,1,2,866,right_to_left,Adelaide United,2,False,False,False,transition,4,defending_transition,11,-39.07,1.65,3,center,1,defensive_third,False,-4.17,-11.96,4,half_space_right,2,middle_third,False,27.85,32.63,35.51,42.06,34.68,23.72,75.94,68.67
80,2016236,11824,11828,17:45.4,17:45.8,17,45,0.4,1,2,866,right_to_left,Adelaide United,1,False,False,True,create,1,medium_block,9,-1.07,-12.99,4,half_space_right,2,middle_third,False,3.08,-8.7,3,center,2,middle_third,False,46.49,46.45,63.77,64.15,31.71,31.9,36.21,35.87
81,2016236,11828,12064,17:45.8,18:09.4,17,45,23.6,1,2,866,right_to_left,Adelaide United,5,True,False,True,finish,2,low_block,8,5.05,-7.12,3,center,2,middle_third,False,47.4,2.38,3,center,3,attacking_third,True,46.42,27.16,64.3,75.52,31.98,14.39,35.78,23.58
82,2016236,12194,12244,18:22.4,18:27.4,18,22,5.0,1,1,1803,left_to_right,Western United,1,True,False,False,build_up,0,high_block,10,-48.67,12.96,2,half_space_left,1,defensive_third,False,-28.04,21.53,1,wide_left,1,defensive_third,False,63.2,54.22,52.76,52.44,38.15,35.92,72.09,70.79
83,2016236,12244,12293,18:27.4,18:32.3,18,27,4.9,1,2,866,right_to_left,Adelaide United,3,True,False,True,quick_break,3,defending_quick_break,12,27.92,-20.57,5,wide_right,3,attacking_third,False,46.8,-8.96,3,center,3,attacking_third,True,35.61,32.83,70.34,71.56,53.62,29.23,52.56,49.2
84,2016236,12501,12586,18:53.1,19:01.6,18,53,8.5,1,1,1803,left_to_right,Western United,5,False,False,False,build_up,0,high_block,10,-49.51,-2.33,3,center,1,defensive_third,False,-20.22,-2.63,3,center,1,defensive_third,False,60.4,52.98,47.96,53.09,38.02,32.77,78.86,65.18
85,2016236,12586,12643,19:01.6,19:07.3,19,1,5.7,1,1,1803,left_to_right,Western United,2,False,False,False,create,1,medium_block,9,-19.73,-3.07,3,center,1,defensive_third,False,10.34,5.47,3,center,2,middle_third,False,53.07,45.72,53.18,61.68,32.77,26.33,65.02,53.61
86,2016236,12643,13088,19:07.3,19:51.8,19,7,44.5,1,1,1803,left_to_right,Western United,16,False,False,False,finish,2,low_block,8,10.87,6.71,3,center,2,middle_third,False,53.22,-3.44,3,center,3,attacking_third,False,45.37,20.2,61.69,67.33,26.33,24.05,53.31,40.42
87,2016236,13088,13098,19:51.8,19:52.8,19,51,1.0,1,2,866,right_to_left,Adelaide United,1,False,False,False,chaotic,5,chaotic,5,-53.66,3.38,3,center,1,defensive_third,False,-53.54,1.38,3,center,1,defensive_third,False,23.99,23.59,40.41,40.58,20.03,17.6,67.83,71.59
88,2016236,13879,13928,21:10.9,21:15.8,21,10,4.9,1,2,866,right_to_left,Adelaide United,3,False,False,False,create,1,medium_block,9,-0.13,0.96,3,center,2,middle_third,False,-13.39,13.45,2,half_space_left,2,middle_third,False,58.57,54.72,43.9,57.95,43.44,41.71,43.65,54.76
89,2016236,13928,13953,21:15.8,21:18.3,21,15,2.5,1,2,866,right_to_left,Adelaide United,1,True,False,False,direct,6,defending_direct,15,-12.5,13.13,2,half_space_left,2,middle_third,False,23.04,13.62,2,half_space_left,3,attacking_third,False,54.79,43.13,58.09,63.8,41.7,33.53,54.65,52.15
90,2016236,13953,14001,21:18.3,21:23.1,21,18,4.8,1,1,1803,left_to_right,Western United,1,True,False,False,chaotic,5,chaotic,5,-23.62,-13.62,4,half_space_right,1,defensive_third,False,-24.65,-14.27,4,half_space_right,1,defensive_third,False,32.93,21.42,52.1,48.28,42.37,29.66,64.05,61.7
91,2016236,14001,14009,21:23.1,21:23.9,21,23,0.8,1,2,866,right_to_left,Adelaide United,1,True,False,False,chaotic,5,chaotic,5,25.03,14.15,2,half_space_left,3,attacking_third,False,21.76,12.34,2,half_space_left,3,attacking_third,False,29.6,29.27,61.86,63.17,21.38,21.05,48.19,47.56
92,2016236,14009,14039,21:23.9,21:26.9,21,23,3.0,1,1,1803,left_to_right,Western United,1,True,False,False,chaotic,5,chaotic,5,-21.52,-12.25,4,half_space_right,1,defensive_third,False,-22.61,-28.81,5,wide_right,1,defensive_third,False,21.01,23.62,47.49,42.56,29.23,32.6,63.36,61.65
93,2016236,14190,14221,21:42.0,21:45.1,21,42,3.1,1,2,866,right_to_left,Adelaide United,2,False,False,False,finish,2,low_block,8,21.63,31.6,1,wide_left,3,attacking_third,False,5.14,19.97,2,half_space_left,2,middle_third,False,38.09,45.65,70.28,62.81,25.89,32.73,26.24,35.5
94,2016236,14221,14277,21:45.1,21:50.7,21,45,5.6,1,2,866,right_to_left,Adelaide United,2,False,False,False,create,1,medium_block,9,4.93,19.58,2,half_space_left,2,middle_third,False,-19.62,-5.71,3,center,1,defensive_third,False,46.03,59.6,62.43,52.25,32.9,40.96,35.94,51.66
95,2016236,14277,14309,21:50.7,21:53.9,21,50,3.2,1,2,866,right_to_left,Adelaide United,1,False,False,False,build_up,0,high_block,10,-20.84,-5.18,3,center,1,defensive_third,False,-29.91,6.61,3,center,1,defensive_third,False,59.81,63.89,52.07,45.17,41.17,43.52,52.01,53.59
96,2016236,14309,14341,21:53.9,21:57.1,21,53,3.2,1,2,866,right_to_left,Adelaide United,1,True,False,False,direct,6,defending_direct,15,-29.76,6.91,3,center,1,defensive_third,False,18.54,24.25,1,wide_left,3,attacking_third,False,63.84,54.96,44.93,54.75,43.47,39.48,53.44,51.03
97,2016236,14341,14391,21:57.1,22:02.1,21,57,5.0,1,1,1803,left_to_right,Western United,2,True,False,False,chaotic,5,chaotic,5,-19.58,-24.63,5,wide_right,1,defensive_third,False,-44.63,-32.18,5,wide_right,1,defensive_third,False,39.43,40.28,51.1,49.3,54.52,38.75,55.24,74.02
98,2016236,14622,14637,22:25.2,22:26.7,22,25,1.5,1,2,866,right_to_left,Adelaide United,1,True,False,False,chaotic,5,chaotic,5,43.87,34.3,1,wide_left,3,attacking_third,False,42.6,18.51,2,half_space_left,3,attacking_third,True,36.77,33.29,65.21,64.83,25.14,23.64,14.49,14.64
99,2016236,14637,14654,22:26.7,22:28.4,22,26,1.7,1,1,1803,left_to_right,Western United,1,True,False,False,chaotic,5,chaotic,5,-42.1,-18.19,4,half_space_right,1,defensive_third,False,-27.99,-22.03,5,wide_right,1,defensive_third,False,23.49,23.32,14.76,18.29,32.98,32.02,64.73,61.93
100,2016236,14654,14713,22:28.4,22:34.3,22,28,5.9,1,2,866,right_to_left,Adelaide United,2,True,False,False,chaotic,5,chaotic,5,27.6,22.35,1,wide_left,3,attacking_third,False,48.62,-0.7,3,center,3,attacking_third,True,32.2,35.18,61.66,57.7,23.52,34.37,18.53,28.04
101,2016236,14713,15032,22:34.3,23:06.2,22,34,31.9,1,1,1803,left_to_right,Western United,9,True,False,False,create,1,medium_block,9,-49.27,1.64,3,center,1,defensive_third,False,22.76,-18.77,4,half_space_right,3,attacking_third,False,34.5,53.76,28.43,61.46,35.16,35.91,57.81,38.83
102,2016236,15032,15061,23:06.2,23:09.1,23,6,2.9,1,2,866,right_to_left,Adelaide United,1,True,False,False,chaotic,5,chaotic,5,-22.95,18.05,2,half_space_left,1,defensive_third,False,-20.99,15.15,2,half_space_left,1,defensive_third,False,35.83,31.85,38.59,36.43,53.37,34.57,61.85,61.41
103,2016236,15061,15220,23:09.1,23:25.0,23,9,15.9,1,1,1803,left_to_right,Western United,6,False,False,False,finish,2,low_block,8,21.05,-15.35,4,half_space_right,3,attacking_third,False,6.51,17.66,2,half_space_left,2,middle_third,False,33.85,42.94,61.13,59.82,31.43,31.95,36.7,38.05
104,2016236,15220,15333,23:25.0,23:36.3,23,25,11.3,1,1,1803,left_to_right,Western United,4,False,False,False,create,1,medium_block,9,5.73,18.12,2,half_space_left,2,middle_third,False,11.44,14.83,2,half_space_left,2,middle_third,False,42.9,54.31,59.78,58.56,31.95,38.35,38.03,40.4
105,2016236,15333,15469,23:36.3,23:49.9,23,36,13.6,1,1,1803,left_to_right,Western United,4,False,False,False,finish,2,low_block,8,12.32,16.24,2,half_space_left,2,middle_third,False,-32.46,13.5,2,half_space_left,1,defensive_third,False,54.35,31.87,58.7,33.8,38.54,40.22,40.39,67.57
106,2016236,15469,15493,23:49.9,23:52.3,23,49,2.4,1,1,1803,left_to_right,Western United,1,True,False,False,chaotic,5,chaotic,5,32.15,-13.77,4,half_space_right,3,attacking_third,False,33.38,-12.93,4,half_space_right,3,attacking_third,False,40.15,37.14,67.57,67.58,31.77,27.46,33.7,32.28
107,2016236,15493,15525,23:52.3,23:55.5,23,52,3.2,1,2,866,right_to_left,Adelaide United,1,True,False,False,chaotic,5,chaotic,5,-33.0,12.96,2,half_space_left,1,defensive_third,False,-11.22,-1.66,3,center,2,middle_third,False,27.05,29.63,32.25,39.12,36.85,28.11,67.56,64.67
108,2016236,15659,15695,24:08.9,24:12.5,24,8,3.6,1,1,1803,left_to_right,Western United,1,True,False,False,chaotic,5,chaotic,5,5.91,19.59,2,half_space_left,2,middle_third,False,36.27,21.38,1,wide_left,3,attacking_third,False,44.98,38.52,62.99,70.27,42.53,39.95,54.47,54.46
109,2016236,15695,15755,24:12.5,24:18.5,24,12,6.0,1,2,866,right_to_left,Adelaide United,2,True,False,False,build_up,0,high_block,10,-36.65,-21.22,5,wide_right,1,defensive_third,False,-38.45,-33.64,5,wide_right,1,defensive_third,False,39.97,35.45,54.54,48.11,38.36,35.57,70.7,78.72
110,2016236,15955,16011,24:38.5,24:44.1,24,38,5.6,1,1,1803,left_to_right,Western United,2,True,False,False,finish,2,low_block,8,36.09,33.32,1,wide_left,3,attacking_third,False,49.14,22.29,1,wide_left,3,attacking_third,False,33.52,31.94,73.02,74.09,24.14,29.17,20.22,22.39
111,2016236,16011,16021,24:44.1,24:45.1,24,44,1.0,1,2,866,right_to_left,Adelaide United,1,True,False,False,chaotic,5,chaotic,5,-48.93,-22.45,5,wide_right,1,defensive_third,False,-40.34,-29.75,5,wide_right,1,defensive_third,False,29.08,28.62,22.44,23.13,31.87,31.23,74.18,74.08
112,2016236,16139,16147,24:56.9,24:57.7,24,56,0.8,1,1,1803,left_to_right,Western United,1,True,False,False,chaotic,5,chaotic,5,35.23,30.44,1,wide_left,3,attacking_third,False,37.32,22.24,1,wide_left,3,attacking_third,False,35.15,33.52,69.31,68.69,24.62,25.15,23.13,22.59
113,2016236,16147,16201,24:57.7,25:03.1,24,57,5.4,1,2,866,right_to_left,Adelaide United,2,True,False,False,chaotic,5,chaotic,5,-37.42,-21.51,5,wide_right,1,defensive_third,False,-20.93,-19.96,4,half_space_right,1,defensive_third,False,25.28,30.22,22.53,33.56,33.2,27.97,68.79,65.69
114,2016236,16522,16533,25:35.2,25:36.3,25,35,1.1,1,1,1803,left_to_right,Western United,1,True,False,False,set_play,7,defending_set_play,13,22.37,19.32,2,half_space_left,3,attacking_third,False,37.31,6.81,3,center,3,attacking_third,True,29.97,28.87,63.49,67.47,22.78,20.16,18.49,19.13
115,2016236,16533,16581,25:36.3,25:41.1,25,36,4.8,1,2,866,right_to_left,Adelaide United,3,True,False,False,chaotic,5,chaotic,5,-37.76,-6.24,3,center,1,defensive_third,False,-20.14,-11.5,4,half_space_right,1,defensive_third,False,19.79,21.37,19.24,25.16,28.69,20.59,67.88,60.99
116,2016236,16581,16635,25:41.1,25:46.5,25,41,5.4,1,1,1803,left_to_right,Western United,3,False,False,False,finish,2,low_block,8,19.57,11.63,2,half_space_left,3,attacking_third,False,5.34,-23.46,5,wide_right,2,middle_third,False,20.7,42.86,60.89,60.0,21.33,29.42,25.59,43.59
117,2016236,16635,17003,25:46.5,26:23.3,25,46,36.8,1,1,1803,left_to_right,Western United,11,False,False,False,create,1,medium_block,9,5.05,-23.65,5,wide_right,2,middle_third,False,4.91,22.15,1,wide_left,2,middle_third,False,43.0,60.29,60.04,59.85,29.79,38.73,43.56,38.02
118,2016236,17003,17068,26:23.3,26:29.8,26,23,6.5,1,1,1803,left_to_right,Western United,4,True,False,False,finish,2,low_block,8,5.56,22.55,1,wide_left,2,middle_third,False,45.73,8.35,3,center,3,attacking_third,True,60.1,35.27,59.98,79.01,39.0,28.11,37.94,40.09
119,2016236,17068,17116,26:29.8,26:34.6,26,29,4.8,1,2,866,right_to_left,Adelaide United,1,True,False,False,chaotic,5,chaotic,5,-45.24,-8.08,3,center,1,defensive_third,False,-5.46,-24.74,5,wide_right,2,middle_third,False,27.71,24.76,40.04,37.26,34.82,32.02,79.36,74.8
120,2016236,17116,17148,26:34.6,26:37.8,26,34,3.2,1,1,1803,left_to_right,Western United,1,False,False,False,create,1,medium_block,9,4.82,24.9,1,wide_left,2,middle_third,False,4.78,23.67,1,wide_left,2,middle_third,False,32.42,44.4,74.49,63.55,25.04,33.44,37.4,36.31
121,2016236,17148,17224,26:37.8,26:45.4,26,37,7.6,1,1,1803,left_to_right,Western United,2,False,False,False,finish,2,low_block,8,5.21,23.45,1,wide_left,2,middle_third,False,-34.25,14.89,2,half_space_left,1,defensive_third,False,44.6,29.3,63.2,36.09,33.5,41.55,36.16,68.06
122,2016236,17224,17254,26:45.4,26:48.4,26,45,3.0,1,1,1803,left_to_right,Western United,1,True,False,False,chaotic,5,chaotic,5,34.04,-15.34,4,half_space_right,3,attacking_third,False,39.0,-22.11,5,wide_right,3,attacking_third,False,41.66,44.46,67.97,67.05,29.51,32.72,36.12,36.18
123,2016236,17254,17274,26:48.4,26:50.4,26,48,2.0,1,2,866,right_to_left,Adelaide United,1,False,False,False,chaotic,5,chaotic,5,-39.37,22.43,1,wide_left,1,defensive_third,False,-43.82,31.09,1,wide_left,1,defensive_third,False,32.86,34.58,36.25,37.03,44.29,43.25,67.11,70.14
124,2016236,17543,17598,27:17.3,27:22.8,27,17,5.5,1,2,866,right_to_left,Adelaide United,2,True,False,False,direct,6,defending_direct,15,,,2,half_space_left,2,middle_third,False,22.57,20.35,1,wide_left,3,attacking_third,False,,28.07,,62.6,,20.97,,47.12
125,2016236,17729,17851,27:35.9,27:48.1,27,35,12.2,1,1,1803,left_to_right,Western United,4,True,False,False,build_up,0,high_block,10,-47.0,12.22,2,half_space_left,1,defensive_third,False,-20.87,-25.71,5,wide_right,1,defensive_third,False,55.46,53.62,56.05,54.13,35.31,34.43,70.56,67.79
126,2016236,18190,18241,28:22.0,28:27.1,28,22,5.1,1,2,866,right_to_left,Adelaide United,2,True,False,False,chaotic,5,chaotic,5,-28.03,34.5,1,wide_left,1,defensive_third,False,13.61,25.7,1,wide_left,2,middle_third,False,39.99,36.25,45.7,48.14,24.74,25.79,58.48,57.05
127,2016236,18241,18254,28:27.1,28:28.4,28,27,1.3,1,1,1803,left_to_right,Western United,1,False,False,False,create,1,medium_block,9,-14.2,-25.59,5,wide_right,2,middle_third,False,-19.67,-24.89,5,wide_right,1,defensive_third,False,25.86,27.34,57.11,57.55,36.07,34.47,48.51,56.12
128,2016236,18254,18340,28:28.4,28:37.0,28,28,8.6,1,1,1803,left_to_right,Western United,3,False,False,False,build_up,0,high_block,10,-20.06,-24.75,5,wide_right,1,defensive_third,False,-20.97,-9.01,3,center,1,defensive_third,False,27.56,50.51,57.55,56.0,34.38,36.95,56.74,62.3
129,2016236,18340,18354,28:37.0,28:38.4,28,37,1.4,1,1,1803,left_to_right,Western United,0,True,False,False,create,1,medium_block,9,-18.72,-7.52,3,center,1,defensive_third,False,3.02,8.01,3,center,2,middle_third,False,50.47,47.01,55.99,57.77,37.01,36.6,62.02,60.44
130,2016236,18354,18402,28:38.4,28:43.2,28,38,4.8,1,2,866,right_to_left,Adelaide United,2,True,False,False,chaotic,5,chaotic,5,-3.53,-8.39,3,center,2,middle_third,False,15.02,-5.45,3,center,2,middle_third,False,36.57,36.03,60.34,59.09,46.56,30.55,57.86,53.27
131,2016236,18402,18417,28:43.2,28:44.7,28,43,1.5,1,1,1803,left_to_right,Western United,1,True,False,False,chaotic,5,chaotic,5,-15.62,4.85,3,center,2,middle_third,False,-18.9,-2.97,3,center,1,defensive_third,False,30.44,27.44,53.15,51.66,35.95,33.91,59.0,56.12
132,2016236,18417,18440,28:44.7,28:47.0,28,44,2.3,1,2,866,right_to_left,Adelaide United,1,True,False,False,chaotic,5,chaotic,5,19.11,3.38,3,center,3,attacking_third,False,20.46,9.27,2,half_space_left,3,attacking_third,False,33.68,30.38,55.88,59.03,27.14,20.56,51.59,51.32
133,2016236,18440,18476,28:47.0,28:50.6,28,47,3.6,1,1,1803,left_to_right,Western United,2,True,False,False,chaotic,5,chaotic,5,-20.23,-9.13,3,center,1,defensive_third,False,7.68,-0.94,3,center,2,middle_third,False,20.33,24.75,51.34,54.83,30.29,20.7,59.03,55.92
134,2016236,18476,18519,28:50.6,28:54.9,28,50,4.3,1,2,866,right_to_left,Adelaide United,2,True,False,False,chaotic,5,chaotic,5,-7.8,1.44,3,center,2,middle_third,False,19.34,18.2,2,half_space_left,3,attacking_third,False,20.86,35.81,55.93,60.31,24.92,29.78,54.65,42.74
135,2016236,18519,18642,28:54.9,29:07.2,28,54,12.3,1,1,1803,left_to_right,Western United,4,True,False,False,create,1,medium_block,9,-20.18,-18.45,4,half_space_right,1,defensive_third,False,12.16,-14.63,4,half_space_right,2,middle_third,False,29.67,45.75,43.0,62.36,35.77,27.8,60.83,52.99
136,2016236,19072,19258,29:50.2,30:08.8,29,50,18.6,1,2,866,right_to_left,Adelaide United,5,False,False,False,create,1,medium_block,9,-18.98,12.81,2,half_space_left,1,defensive_third,False,21.81,-24.77,5,wide_right,3,attacking_third,False,63.49,51.02,44.17,60.57,34.11,39.33,42.26,52.29
137,2016236,19258,19329,30:08.8,30:15.9,30,8,7.1,1,2,866,right_to_left,Adelaide United,3,False,False,False,finish,2,low_block,8,22.04,-24.93,5,wide_right,3,attacking_third,False,8.7,10.91,2,half_space_left,2,middle_third,False,50.73,31.66,60.68,53.81,39.25,42.12,52.07,59.99
138,2016236,19329,19387,30:15.9,30:21.7,30,15,5.8,1,2,866,right_to_left,Adelaide United,3,False,False,False,create,1,medium_block,9,-9.03,-10.59,4,half_space_right,2,middle_third,False,20.0,-30.19,5,wide_right,3,attacking_third,False,42.3,40.76,59.91,64.12,31.75,32.59,53.99,51.68
139,2016236,19387,19450,30:21.7,30:28.0,30,21,6.3,1,2,866,right_to_left,Adelaide United,1,False,False,False,finish,2,low_block,8,20.83,-30.48,5,wide_right,3,attacking_third,False,5.15,-22.87,5,wide_right,2,middle_third,False,40.79,40.8,64.52,65.45,32.62,31.96,51.61,39.94
140,2016236,19450,19513,30:28.0,30:34.3,30,28,6.3,1,2,866,right_to_left,Adelaide United,2,True,False,False,create,1,medium_block,9,4.54,-22.55,5,wide_right,2,middle_third,False,10.23,0.29,3,center,2,middle_third,False,40.98,53.29,65.27,55.52,32.02,33.83,39.85,44.28
141,2016236,19513,19617,30:34.3,30:44.7,30,34,10.4,1,1,1803,left_to_right,Western United,2,False,True,True,create,1,medium_block,9,-10.82,-0.51,3,center,2,middle_third,False,20.85,3.05,3,center,3,attacking_third,False,33.75,42.84,44.31,59.81,53.31,35.81,55.51,42.83
142,2016236,19617,19665,30:44.7,30:49.5,30,44,4.8,1,1,1803,left_to_right,Western United,3,False,True,True,finish,2,low_block,8,22.03,3.92,3,center,3,attacking_third,False,54.78,1.85,3,center,3,attacking_third,False,42.67,26.97,59.84,79.79,35.62,25.59,42.82,41.4
143,2016236,20541,20592,32:17.1,32:22.2,32,17,5.1,1,2,866,right_to_left,Adelaide United,1,True,False,False,create,1,medium_block,9,-0.03,0.6,3,center,2,middle_third,False,4.75,-10.13,4,half_space_right,2,middle_third,False,62.82,61.27,40.77,54.35,37.33,39.76,42.83,53.83
144,2016236,20592,20679,32:22.2,32:30.9,32,22,8.7,1,1,1803,left_to_right,Western United,5,True,False,False,transition,4,defending_transition,11,-5.16,10.63,2,half_space_left,2,middle_third,False,38.54,19.81,2,half_space_left,3,attacking_third,True,39.8,35.91,53.84,71.8,60.81,34.75,54.48,52.94
145,2016236,20679,20715,32:30.9,32:34.5,32,30,3.6,1,2,866,right_to_left,Adelaide United,2,False,False,False,chaotic,5,chaotic,5,-39.01,-19.95,4,half_space_right,1,defensive_third,False,-48.68,-1.09,3,center,1,defensive_third,False,34.79,43.38,52.88,49.83,35.75,33.8,71.96,78.7
146,2016236,20715,20742,32:34.5,32:37.2,32,34,2.7,1,2,866,right_to_left,Adelaide United,1,False,False,False,direct,6,defending_direct,15,-48.33,-0.7,3,center,1,defensive_third,False,-12.21,17.37,2,half_space_left,2,middle_third,False,43.62,40.97,49.75,50.44,34.0,36.64,78.77,73.38
147,2016236,20849,20880,32:47.9,32:51.0,32,47,3.1,1,2,866,right_to_left,Adelaide United,3,False,False,False,create,1,medium_block,9,-7.26,28.19,1,wide_left,2,middle_third,False,-18.88,26.89,1,wide_left,1,defensive_third,False,49.08,50.55,50.26,48.68,33.52,35.11,47.84,49.55
148,2016236,20880,21057,32:51.0,33:08.7,32,51,17.7,1,2,866,right_to_left,Adelaide United,6,False,False,False,build_up,0,high_block,10,-20.18,26.03,1,wide_left,1,defensive_third,False,-21.3,-15.25,4,half_space_right,1,defensive_third,False,50.71,50.27,48.58,49.8,34.91,34.75,49.8,73.32
149,2016236,21820,21898,34:25.0,34:32.8,34,25,7.8,1,2,866,right_to_left,Adelaide United,3,True,False,False,create,1,medium_block,9,-2.48,-12.07,4,half_space_right,2,middle_third,False,27.92,-2.48,3,center,3,attacking_third,False,49.7,42.77,57.04,65.9,34.52,36.05,37.04,45.92
150,2016236,21898,21916,34:32.8,34:34.6,34,32,1.8,1,1,1803,left_to_right,Western United,1,True,False,False,chaotic,5,chaotic,5,-28.03,2.09,3,center,1,defensive_third,False,-15.37,12.41,2,half_space_left,2,middle_third,False,35.88,32.62,45.91,42.92,42.03,35.6,66.14,65.97
151,2016236,21916,21967,34:34.6,34:39.7,34,34,5.1,1,2,866,right_to_left,Adelaide United,4,False,False,False,finish,2,low_block,8,15.58,-13.06,4,half_space_right,2,middle_third,False,6.84,-25.05,5,wide_right,2,middle_third,False,35.45,40.44,65.83,65.89,32.51,33.14,42.63,40.44
152,2016236,21967,22024,34:39.7,34:45.4,34,39,5.7,1,2,866,right_to_left,Adelaide United,2,True,False,False,create,1,medium_block,9,5.8,-24.61,5,wide_right,2,middle_third,False,30.78,-15.39,4,half_space_right,3,attacking_third,False,40.75,42.22,65.66,65.0,33.45,34.59,40.71,42.5
153,2016236,22024,22110,34:45.4,34:54.0,34,45,8.6,1,1,1803,left_to_right,Western United,3,True,False,False,chaotic,5,chaotic,5,-31.08,14.63,2,half_space_left,1,defensive_third,False,-16.68,28.92,1,wide_left,2,middle_third,False,34.4,40.15,42.64,57.89,42.0,32.38,65.4,60.19
154,2016236,22110,22118,34:54.0,34:54.8,34,54,0.8,1,2,866,right_to_left,Adelaide United,1,False,False,False,create,1,medium_block,9,16.97,-28.85,5,wide_right,2,middle_third,False,18.19,-29.06,5,wide_right,3,attacking_third,False,32.15,31.32,60.38,62.21,39.96,38.45,57.9,57.8
155,2016236,22118,22255,34:54.8,35:08.5,34,54,13.7,1,2,866,right_to_left,Adelaide United,4,False,False,False,finish,2,low_block,8,18.33,-29.05,5,wide_right,3,attacking_third,False,6.53,25.92,1,wide_left,2,middle_third,False,31.46,45.96,62.48,66.99,38.22,44.47,57.76,40.83
156,2016236,22255,22332,35:08.5,35:16.2,35,8,7.7,1,2,866,right_to_left,Adelaide United,3,False,False,False,create,1,medium_block,9,5.34,25.42,1,wide_left,2,middle_third,False,5.37,-14.22,4,half_space_right,2,middle_third,False,46.18,61.93,66.88,58.13,44.2,36.87,40.72,40.43
157,2016236,22332,22373,35:16.2,35:20.3,35,16,4.1,1,2,866,right_to_left,Adelaide United,2,False,False,False,finish,2,low_block,8,5.68,-14.48,4,half_space_right,2,middle_third,False,10.13,-35.62,5,wide_right,2,middle_third,False,61.97,56.61,58.11,58.47,36.93,38.59,40.4,41.11
158,2016236,22432,22833,35:26.2,36:06.3,35,26,40.1,1,2,866,right_to_left,Adelaide United,11,False,False,False,create,1,medium_block,9,6.46,-31.25,5,wide_right,2,middle_third,False,12.05,-17.33,4,half_space_right,2,middle_third,False,53.05,55.71,58.57,57.59,33.73,35.94,39.13,42.38
159,2016236,22833,22869,36:06.3,36:09.9,36,6,3.6,1,2,866,right_to_left,Adelaide United,1,True,False,False,finish,2,low_block,8,12.16,-17.75,4,half_space_right,2,middle_third,False,24.5,-9.07,3,center,3,attacking_third,False,55.63,51.67,57.85,59.86,36.04,35.22,42.18,34.61
160,2016236,22869,22946,36:09.9,36:17.6,36,9,7.7,1,1,1803,left_to_right,Western United,3,False,False,False,create,1,medium_block,9,-24.69,9.08,3,center,1,defensive_third,False,-4.79,14.82,2,half_space_left,2,middle_third,False,35.07,39.32,34.6,52.98,51.49,38.46,59.98,51.54
161,2016236,23101,23146,36:33.1,36:37.6,36,33,4.5,1,1,1803,left_to_right,Western United,2,True,False,False,create,1,medium_block,9,,,2,half_space_left,2,middle_third,False,25.09,-19.63,4,half_space_right,3,attacking_third,False,,45.87,,64.23,,40.27,,45.69
162,2016236,23146,23169,36:37.6,36:39.9,36,37,2.3,1,2,866,right_to_left,Adelaide United,1,True,False,False,chaotic,5,chaotic,5,-26.0,19.38,2,half_space_left,1,defensive_third,False,-21.23,25.64,1,wide_left,1,defensive_third,False,40.04,37.63,45.63,43.52,45.58,40.73,64.38,62.09
163,2016236,23169,23241,36:39.9,36:47.1,36,39,7.2,1,1,1803,left_to_right,Western United,1,True,False,False,finish,2,low_block,8,21.01,-25.85,5,wide_right,3,attacking_third,False,49.11,3.62,3,center,3,attacking_third,True,40.56,33.79,62.11,76.46,37.71,28.46,43.37,31.37
164,2016236,23241,23316,36:47.1,36:54.6,36,47,7.5,1,2,866,right_to_left,Adelaide United,1,False,False,False,build_up,0,high_block,10,-49.14,-4.4,3,center,1,defensive_third,False,-43.95,-13.09,4,half_space_right,1,defensive_third,False,28.64,46.25,31.15,41.79,33.65,33.21,76.45,67.86
165,2016236,23316,23343,36:54.6,36:57.3,36,54,2.7,1,2,866,right_to_left,Adelaide United,1,True,False,False,direct,6,defending_direct,15,-43.77,-13.08,4,half_space_right,1,defensive_third,False,-11.96,-12.1,4,half_space_right,2,middle_third,False,46.61,46.77,41.85,43.67,33.24,32.25,67.8,69.36
166,2016236,23343,23384,36:57.3,37:01.4,36,57,4.1,1,1,1803,left_to_right,Western United,1,False,False,False,create,1,medium_block,9,11.15,11.61,2,half_space_left,2,middle_third,False,-19.79,-2.87,3,center,1,defensive_third,False,32.18,33.56,69.28,65.03,46.52,35.33,43.71,51.1
167,2016236,23384,23679,37:01.4,37:30.9,37,1,29.5,1,1,1803,left_to_right,Western United,7,False,False,False,build_up,0,high_block,10,-20.94,-2.84,3,center,1,defensive_third,False,-20.36,7.57,3,center,1,defensive_third,False,33.91,62.67,64.91,52.88,35.32,42.13,51.48,49.63
168,2016236,23679,23754,37:30.9,37:38.4,37,30,7.5,1,1,1803,left_to_right,Western United,4,True,False,False,create,1,medium_block,9,-19.84,8.88,3,center,1,defensive_third,False,6.29,21.26,1,wide_left,2,middle_third,False,62.77,50.72,52.93,56.27,42.14,36.5,49.53,41.67
169,2016236,23754,23770,37:38.4,37:40.0,37,38,1.6,1,2,866,right_to_left,Adelaide United,2,True,False,False,chaotic,5,chaotic,5,-5.98,-21.57,5,wide_right,2,middle_third,False,-0.02,-24.65,5,wide_right,2,middle_third,False,36.32,34.61,41.59,43.76,50.59,47.08,56.23,55.86
170,2016236,23770,23805,37:40.0,37:43.5,37,40,3.5,1,1,1803,left_to_right,Western United,1,True,False,False,chaotic,5,chaotic,5,-0.21,25.11,1,wide_left,2,middle_third,False,-1.81,34.18,1,wide_left,2,middle_third,False,46.83,43.05,55.85,53.48,34.61,39.38,44.1,53.33
171,2016236,23853,24001,37:48.3,38:03.1,37,48,14.8,1,2,866,right_to_left,Adelaide United,4,False,False,False,create,1,medium_block,9,-9.94,-25.52,5,wide_right,2,middle_third,False,-19.08,-8.94,3,center,1,defensive_third,False,42.64,61.22,55.14,48.3,35.68,34.75,48.76,53.98
172,2016236,24001,24024,38:03.1,38:05.4,38,3,2.3,1,2,866,right_to_left,Adelaide United,1,False,False,False,build_up,0,high_block,10,-20.39,-8.42,3,center,1,defensive_third,False,-20.48,-13.28,4,half_space_right,1,defensive_third,False,61.34,63.27,48.19,42.99,34.89,39.09,54.45,64.38
173,2016236,24024,24026,38:05.4,38:05.6,38,5,0.2,1,2,866,right_to_left,Adelaide United,0,True,False,False,create,1,medium_block,9,-18.78,-14.49,4,half_space_right,1,defensive_third,False,-17.11,-15.56,4,half_space_right,2,middle_third,False,63.11,62.93,43.0,43.03,39.31,39.56,64.68,64.94
174,2016236,24104,24499,38:13.4,38:52.9,38,13,39.5,1,1,1803,left_to_right,Western United,11,False,False,False,create,1,medium_block,9,-11.98,31.94,1,wide_left,2,middle_third,False,-19.73,20.83,1,wide_left,1,defensive_third,False,50.94,49.35,59.44,54.56,41.5,37.97,47.9,53.52
175,2016236,24499,24535,38:52.9,38:56.5,38,52,3.6,1,1,1803,left_to_right,Western United,1,False,False,False,build_up,0,high_block,10,-20.45,19.72,2,half_space_left,1,defensive_third,False,-25.46,0.29,3,center,1,defensive_third,False,49.42,54.08,54.47,51.43,38.0,36.92,54.0,61.6
176,2016236,24535,24563,38:56.5,38:59.3,38,56,2.8,1,1,1803,left_to_right,Western United,1,True,False,False,direct,6,defending_direct,15,-23.43,-0.14,3,center,1,defensive_third,False,11.78,2.57,3,center,2,middle_third,False,54.13,48.76,51.31,55.25,36.91,33.14,61.51,59.78
177,2016236,24563,24709,38:59.3,39:13.9,38,59,14.6,1,2,866,right_to_left,Adelaide United,5,False,False,False,create,1,medium_block,9,-12.38,-2.81,3,center,2,middle_third,False,-2.57,5.39,3,center,2,middle_third,False,33.28,42.42,59.76,52.48,48.52,23.08,55.49,53.11
178,2016236,24960,24985,39:39.0,39:41.5,39,39,2.5,1,2,866,right_to_left,Adelaide United,2,False,False,False,create,1,medium_block,9,-3.53,-31.04,5,wide_right,2,middle_third,False,-19.92,-18.67,4,half_space_right,1,defensive_third,False,55.63,56.24,52.39,49.66,41.23,39.87,47.64,53.73
179,2016236,24985,25097,39:41.5,39:52.7,39,41,11.2,1,2,866,right_to_left,Adelaide United,4,False,False,False,build_up,0,high_block,10,-21.07,-17.89,4,half_space_right,1,defensive_third,False,-20.36,-32.96,5,wide_right,1,defensive_third,False,56.38,57.66,49.54,49.11,39.85,44.7,54.12,72.92
180,2016236,25097,25187,39:52.7,40:01.7,39,52,9.0,1,2,866,right_to_left,Adelaide United,3,False,False,False,create,1,medium_block,9,-19.95,-33.05,5,wide_right,1,defensive_third,False,43.66,-6.46,3,center,3,attacking_third,True,57.47,33.03,49.15,80.3,44.55,28.19,72.83,53.13
181,2016236,25280,25407,40:11.0,40:23.7,40,11,12.7,1,2,866,right_to_left,Adelaide United,5,True,False,False,finish,2,low_block,8,39.03,-34.79,5,wide_right,3,attacking_third,False,30.65,-6.1,3,center,3,attacking_third,False,40.5,32.32,69.19,67.08,28.26,23.13,24.29,27.14
182,2016236,25407,25452,40:23.7,40:28.2,40,23,4.5,1,1,1803,left_to_right,Western United,2,False,False,False,build_up,0,high_block,10,-30.53,5.78,3,center,1,defensive_third,False,-20.18,24.54,1,wide_left,1,defensive_third,False,22.98,29.75,27.05,39.74,32.2,26.17,67.06,61.62
183,2016236,25452,25470,40:28.2,40:30.0,40,28,1.8,1,1,1803,left_to_right,Western United,1,True,False,False,create,1,medium_block,9,-19.82,24.89,1,wide_left,1,defensive_third,False,-11.29,30.44,1,wide_left,2,middle_third,False,30.17,36.28,40.24,48.37,26.4,34.72,61.54,59.94
184,2016236,25470,25490,40:30.0,40:32.0,40,30,2.0,1,2,866,right_to_left,Adelaide United,0,False,False,False,create,1,medium_block,9,9.93,-30.36,5,wide_right,2,middle_third,False,-19.84,-19.55,4,half_space_right,1,defensive_third,False,35.2,39.07,59.8,60.0,36.49,38.2,48.82,59.61
185,2016236,25490,25572,40:32.0,40:40.2,40,32,8.2,1,2,866,right_to_left,Adelaide United,3,False,False,False,build_up,0,high_block,10,-20.71,-19.07,4,half_space_right,1,defensive_third,False,-20.2,24.93,1,wide_left,1,defensive_third,False,39.1,53.5,60.13,47.95,38.31,40.46,60.32,72.68
186,2016236,25572,25621,40:40.2,40:45.1,40,40,4.9,1,2,866,right_to_left,Adelaide United,1,True,False,False,create,1,medium_block,9,-19.18,25.77,1,wide_left,1,defensive_third,False,-8.02,30.47,1,wide_left,2,middle_third,False,53.77,56.21,47.87,46.97,40.72,42.97,72.35,63.7
187,2016236,25621,26084,40:45.1,41:31.4,40,45,46.3,1,1,1803,left_to_right,Western United,13,True,False,False,create,1,medium_block,9,7.43,-30.28,5,wide_right,2,middle_third,False,14.74,11.09,2,half_space_left,2,middle_third,False,43.11,57.03,63.64,57.98,56.05,41.18,46.88,47.68
188,2016236,26084,26153,41:31.4,41:38.3,41,31,6.9,1,2,866,right_to_left,Adelaide United,2,True,False,False,chaotic,5,chaotic,5,-15.62,-10.48,4,half_space_right,2,middle_third,False,-24.47,-8.96,3,center,1,defensive_third,False,41.19,44.83,47.79,51.21,56.7,39.72,58.19,66.42
189,2016236,26354,26410,41:58.4,42:04.0,41,58,5.6,1,1,1803,left_to_right,Western United,2,False,False,False,chaotic,5,chaotic,5,,,2,half_space_left,2,middle_third,False,-19.39,16.16,2,half_space_left,1,defensive_third,False,,65.1,,52.83,,37.87,,53.24
190,2016236,26410,26430,42:04.0,42:06.0,42,4,2.0,1,1,1803,left_to_right,Western United,1,True,False,False,direct,6,defending_direct,15,-18.89,15.94,2,half_space_left,1,defensive_third,False,12.29,2.78,3,center,2,middle_third,False,65.02,58.58,52.75,53.81,37.96,37.32,53.38,53.87
191,2016236,26430,26441,42:06.0,42:07.1,42,6,1.1,1,2,866,right_to_left,Adelaide United,0,False,False,False,create,1,medium_block,9,-13.33,-2.16,3,center,2,middle_third,False,-19.55,4.29,3,center,1,defensive_third,False,37.32,37.74,53.89,54.46,58.2,53.94,53.82,54.58
192,2016236,26441,26488,42:07.1,42:11.8,42,7,4.7,1,2,866,right_to_left,Adelaide United,2,False,False,False,build_up,0,high_block,10,-20.0,5.07,3,center,1,defensive_third,False,-45.15,8.83,3,center,1,defensive_third,False,37.82,49.36,54.48,49.76,53.5,38.54,54.81,68.34
193,2016236,26488,26540,42:11.8,42:17.0,42,11,5.2,1,2,866,right_to_left,Adelaide United,1,False,False,False,direct,6,defending_direct,15,-44.87,9.21,2,half_space_left,1,defensive_third,False,0.17,15.29,2,half_space_left,2,middle_third,False,49.94,48.34,49.48,48.8,38.32,32.36,68.65,61.44
194,2016236,26540,26629,42:17.0,42:25.9,42,17,8.9,1,2,866,right_to_left,Adelaide United,4,True,False,False,create,1,medium_block,9,0.13,15.1,2,half_space_left,2,middle_third,False,34.86,-15.74,4,half_space_right,3,attacking_third,False,48.24,36.82,48.99,69.89,32.0,27.01,61.27,52.7
195,2016236,26940,26999,42:57.0,43:02.9,42,57,5.9,1,1,1803,left_to_right,Western United,4,False,False,False,build_up,0,high_block,10,,,2,half_space_left,2,middle_third,False,-36.95,30.84,1,wide_left,1,defensive_third,False,,58.19,,48.69,,39.95,,70.84
196,2016236,26999,27023,43:02.9,43:05.3,43,2,2.4,1,1,1803,left_to_right,Western United,1,False,False,False,direct,6,defending_direct,15,-36.2,30.71,1,wide_left,1,defensive_third,False,5.41,22.51,1,wide_left,2,middle_third,False,57.95,49.05,48.77,53.97,39.87,37.32,70.65,69.06
197,2016236,27023,27059,43:05.3,43:08.9,43,5,3.6,1,1,1803,left_to_right,Western United,1,False,False,False,create,1,medium_block,9,6.68,22.04,1,wide_left,2,middle_third,False,34.58,23.37,1,wide_left,3,attacking_third,False,48.76,40.57,54.42,75.64,37.17,34.14,69.05,68.17
198,2016236,27059,27089,43:08.9,43:11.9,43,8,3.0,1,1,1803,left_to_right,Western United,1,True,False,False,finish,2,low_block,8,35.06,23.24,1,wide_left,3,attacking_third,False,42.54,21.68,1,wide_left,3,attacking_third,False,40.4,36.56,75.99,78.7,34.08,31.77,68.05,62.08
199,2016236,27089,27145,43:11.9,43:17.5,43,11,5.6,1,2,866,right_to_left,Adelaide United,1,False,False,False,chaotic,5,chaotic,5,-42.78,-21.99,5,wide_right,1,defensive_third,False,-51.56,-15.88,4,half_space_right,1,defensive_third,False,31.66,27.43,61.74,51.53,36.42,31.33,78.63,81.04
200,2016236,27376,27669,43:40.6,44:09.9,43,40,29.3,1,2,866,right_to_left,Adelaide United,10,True,False,False,build_up,0,high_block,10,-43.96,1.4,3,center,1,defensive_third,False,-28.75,27.4,1,wide_left,1,defensive_third,False,61.16,62.2,53.43,46.52,45.05,39.34,69.82,74.5
201,2016236,27887,27955,44:31.7,44:38.5,44,31,6.8,1,1,1803,left_to_right,Western United,3,True,False,False,chaotic,5,chaotic,5,18.85,-34.47,5,wide_right,3,attacking_third,False,41.95,-23.1,5,wide_right,3,attacking_third,False,33.6,29.08,63.27,67.94,24.6,22.37,43.74,44.32
202,2016236,27955,27965,44:38.5,44:39.5,44,38,1.0,1,2,866,right_to_left,Adelaide United,1,True,False,False,chaotic,5,chaotic,5,-41.78,23.41,1,wide_left,1,defensive_third,False,-35.31,29.37,1,wide_left,1,defensive_third,False,22.51,25.03,44.32,44.05,28.9,29.07,68.09,68.36
203,2016236,28192,28200,45:02.2,45:03.0,45,2,0.8,1,1,1803,left_to_right,Western United,1,False,False,False,create,1,medium_block,9,,,2,half_space_left,2,middle_third,False,,,2,half_space_left,2,middle_third,False,,,,,,,,
204,2016236,28200,28281,45:03.0,45:11.1,45,3,8.1,1,1,1803,left_to_right,Western United,2,True,False,False,finish,2,low_block,8,31.53,-27.04,5,wide_right,3,attacking_third,False,28.01,-12.23,4,half_space_right,3,attacking_third,False,36.31,34.61,63.69,60.27,25.66,30.51,22.57,40.23
205,2016236,28281,28322,45:11.1,45:15.2,45,11,4.1,1,2,866,right_to_left,Adelaide United,1,False,False,False,chaotic,5,chaotic,5,-28.01,12.99,2,half_space_left,1,defensive_third,False,-16.9,35.32,1,wide_left,2,middle_third,False,30.54,41.44,40.29,41.57,34.52,40.82,60.36,58.93
206,2016236,28458,28622,45:28.8,45:45.2,45,28,16.4,1,2,866,right_to_left,Adelaide United,7,True,False,False,build_up,0,high_block,10,-29.85,27.11,1,wide_left,1,defensive_third,False,-31.78,32.04,1,wide_left,1,defensive_third,False,49.07,50.9,48.34,45.32,29.3,38.1,59.29,70.48
207,2016236,28622,28643,45:45.2,45:47.3,45,45,2.1,1,1,1803,left_to_right,Western United,1,True,False,False,chaotic,5,chaotic,5,32.18,-31.94,5,wide_right,3,attacking_third,False,48.88,-32.12,5,wide_right,3,attacking_third,False,37.97,37.34,70.16,71.4,50.78,48.8,45.24,44.81
208,2016236,28896,29017,46:12.6,46:24.7,46,12,12.1,1,2,866,right_to_left,Adelaide United,5,True,False,False,create,1,medium_block,9,,,2,half_space_left,2,middle_third,False,21.7,29.51,1,wide_left,3,attacking_third,False,,52.8,,61.89,,38.03,,46.38
209,2016236,29017,29061,46:24.7,46:29.1,46,24,4.4,1,1,1803,left_to_right,Western United,1,False,False,False,chaotic,5,chaotic,5,-22.43,-29.37,5,wide_right,1,defensive_third,False,-39.9,-30.79,5,wide_right,1,defensive_third,False,37.71,31.69,46.43,47.48,52.7,41.97,61.99,72.02
210,2016236,29218,29228,46:44.8,46:45.8,46,44,1.0,1,1,1803,left_to_right,Western United,1,False,False,False,chaotic,5,chaotic,5,-19.38,-34.25,5,wide_right,1,defensive_third,False,-9.54,-29.44,5,wide_right,2,middle_third,False,29.93,28.44,48.45,46.95,23.92,22.74,60.86,59.76
211,2016236,29920,30002,47:55.0,48:03.2,47,55,8.2,1,1,1803,left_to_right,Western United,3,False,False,False,set_play,7,defending_set_play,13,-3.44,-23.42,5,wide_right,2,middle_third,False,50.92,-16.57,4,half_space_right,3,attacking_third,True,39.94,31.93,60.86,80.06,33.5,36.56,33.11,36.43
212,2016236,30322,30440,48:35.2,48:47.0,48,35,11.8,1,1,1803,left_to_right,Western United,4,True,False,True,set_play,7,defending_set_play,13,52.15,-32.78,5,wide_right,3,attacking_third,False,48.93,-1.22,3,center,3,attacking_third,True,37.16,37.6,67.93,62.9,14.8,24.28,12.2,23.77
213,2016236,30440,30542,48:47.0,48:57.2,48,47,10.2,1,2,866,right_to_left,Adelaide United,1,True,False,False,transition,4,defending_transition,11,-49.55,1.95,3,center,1,defensive_third,False,2.73,7.71,3,center,2,middle_third,False,24.39,46.23,24.36,49.82,37.58,24.17,63.3,60.09
214,2016236,30542,30562,48:57.2,48:59.2,48,57,2.0,1,1,1803,left_to_right,Western United,2,True,False,False,chaotic,5,chaotic,5,-2.96,-7.41,3,center,2,middle_third,False,2.3,-3.5,3,center,2,middle_third,False,24.36,27.4,59.91,56.15,46.21,43.58,49.88,49.85
215,2016236,30562,30634,48:59.2,49:06.4,48,59,7.2,1,2,866,right_to_left,Adelaide United,2,False,False,False,chaotic,5,chaotic,5,-2.42,3.6,3,center,2,middle_third,False,24.88,-32.82,5,wide_right,3,attacking_third,False,43.61,51.12,49.76,62.14,27.47,34.06,55.94,47.05
216,2016236,30657,30691,49:08.7,49:12.1,49,8,3.4,1,2,866,right_to_left,Adelaide United,2,False,False,False,finish,2,low_block,8,17.16,-31.68,5,wide_right,2,middle_third,False,6.29,-18.44,4,half_space_right,2,middle_third,False,50.64,55.12,64.51,60.15,32.4,34.56,38.71,36.86
217,2016236,30691,30765,49:12.1,49:19.5,49,12,7.4,1,2,866,right_to_left,Adelaide United,2,True,False,False,create,1,medium_block,9,5.62,-16.31,4,half_space_right,2,middle_third,False,20.97,19.84,2,half_space_left,3,attacking_third,False,55.26,58.45,60.07,62.82,34.66,38.97,36.87,38.87
218,2016236,30765,30775,49:19.5,49:20.5,49,19,1.0,1,1,1803,left_to_right,Western United,1,True,False,False,chaotic,5,chaotic,5,-22.09,-19.87,4,half_space_right,1,defensive_third,False,-21.74,-19.3,4,half_space_right,1,defensive_third,False,38.88,37.76,38.99,39.74,57.85,52.8,62.96,62.78
219,2016236,30775,30825,49:20.5,49:25.5,49,20,5.0,1,2,866,right_to_left,Adelaide United,2,False,False,False,chaotic,5,chaotic,5,21.55,19.37,2,half_space_left,3,attacking_third,False,45.71,16.91,2,half_space_left,3,attacking_third,True,52.34,44.82,62.64,75.83,37.67,35.47,39.82,44.72
220,2016236,31111,31199,49:54.1,50:02.9,49,54,8.8,1,2,866,right_to_left,Adelaide United,2,False,False,False,set_play,7,defending_set_play,13,52.78,32.83,1,wide_left,3,attacking_third,False,39.36,-36.82,5,wide_right,3,attacking_third,False,40.51,52.62,71.01,63.38,8.64,39.28,11.55,16.28
221,2016236,31260,31357,50:09.0,50:18.7,50,9,9.7,1,2,866,right_to_left,Adelaide United,3,True,False,True,finish,2,low_block,8,37.27,-32.96,5,wide_right,3,attacking_third,False,28.1,6.32,3,center,3,attacking_third,False,40.96,34.95,59.19,64.16,27.6,23.69,17.28,25.27
222,2016236,31357,31459,50:18.7,50:28.9,50,18,10.2,1,1,1803,left_to_right,Western United,2,True,False,False,transition,4,defending_transition,11,-27.6,-6.72,3,center,1,defensive_third,False,25.62,-29.81,5,wide_right,3,attacking_third,False,23.65,44.85,25.42,63.56,34.99,30.55,64.29,56.58
223,2016236,31459,31486,50:28.9,50:31.6,50,28,2.7,1,2,866,right_to_left,Adelaide United,1,True,False,False,chaotic,5,chaotic,5,-26.05,30.02,1,wide_left,1,defensive_third,False,-31.56,32.25,1,wide_left,1,defensive_third,False,30.15,35.07,56.49,53.59,44.72,38.8,63.76,67.55
224,2016236,31486,31607,50:31.6,50:43.7,50,31,12.1,1,1,1803,left_to_right,Western United,4,True,False,False,finish,2,low_block,8,31.7,-32.13,5,wide_right,3,attacking_third,False,50.08,-0.6,3,center,3,attacking_third,True,38.97,33.9,67.6,67.79,35.19,34.05,53.45,43.92
225,2016236,31607,31727,50:43.7,50:55.7,50,43,12.0,1,2,866,right_to_left,Adelaide United,1,False,False,False,build_up,0,high_block,10,-50.93,0.77,3,center,1,defensive_third,False,,,2,half_space_left,2,middle_third,False,34.03,,43.98,,34.08,,67.96,
226,2016236,41074,41246,45:01.4,45:18.6,0,1,17.2,2,2,1803,right_to_left,Western United,6,False,False,False,build_up,0,high_block,10,-20.31,-2.21,3,center,1,defensive_third,False,-20.94,24.0,1,wide_left,1,defensive_third,False,63.05,46.68,44.51,52.9,34.58,39.19,47.29,60.06
227,2016236,41246,41306,45:18.6,45:24.6,0,18,6.0,2,2,1803,right_to_left,Western United,3,True,False,False,create,1,medium_block,9,-18.78,23.72,1,wide_left,1,defensive_third,False,6.51,-4.39,3,center,2,middle_third,False,46.48,39.61,53.04,55.75,39.16,25.62,59.73,49.05
228,2016236,41306,41335,45:24.6,45:27.5,0,24,2.9,2,1,866,left_to_right,Adelaide United,1,True,False,False,chaotic,5,chaotic,5,-6.81,4.87,3,center,2,middle_third,False,13.55,9.42,2,half_space_left,2,middle_third,False,25.61,32.24,49.03,50.37,39.46,36.75,55.78,57.11
229,2016236,41335,41449,45:27.5,45:38.9,0,27,11.4,2,2,1803,right_to_left,Western United,4,False,False,False,create,1,medium_block,9,-13.91,-9.59,4,half_space_right,2,middle_third,False,-19.75,14.63,2,half_space_left,1,defensive_third,False,37.03,56.06,57.09,55.07,32.4,38.12,50.46,49.2
230,2016236,41449,41547,45:38.9,45:48.7,0,38,9.8,2,2,1803,right_to_left,Western United,5,False,False,False,build_up,0,high_block,10,-20.05,14.25,2,half_space_left,1,defensive_third,False,-20.26,22.4,1,wide_left,1,defensive_third,False,56.17,62.7,55.07,57.99,38.11,42.61,49.24,56.71
231,2016236,41547,41577,45:48.7,45:51.7,0,48,3.0,2,2,1803,right_to_left,Western United,1,True,False,False,create,1,medium_block,9,-19.91,22.64,1,wide_left,1,defensive_third,False,10.39,7.22,3,center,2,middle_third,False,62.46,53.94,58.06,61.41,42.76,44.01,56.59,53.79
232,2016236,41577,41594,45:51.7,45:53.4,0,51,1.7,2,1,866,left_to_right,Adelaide United,1,True,False,False,chaotic,5,chaotic,5,-10.6,-6.41,3,center,2,middle_third,False,6.7,-4.98,3,center,2,middle_third,False,43.87,39.16,53.78,53.16,53.45,44.72,61.29,58.82
233,2016236,41594,41637,45:53.4,45:57.7,0,53,4.3,2,2,1803,right_to_left,Western United,1,False,False,False,chaotic,5,chaotic,5,-7.73,4.93,3,center,2,middle_third,False,-42.0,3.72,3,center,1,defensive_third,False,44.12,41.36,58.64,50.99,38.76,29.84,53.2,67.9
234,2016236,41637,41672,45:57.7,46:01.2,0,57,3.5,2,2,1803,right_to_left,Western United,1,True,False,False,direct,6,defending_direct,15,-42.36,3.98,3,center,1,defensive_third,False,-8.23,12.73,2,half_space_left,2,middle_third,False,41.67,36.31,50.73,49.41,29.96,30.22,68.27,67.25
235,2016236,41672,41701,46:01.2,46:04.1,1,1,2.9,2,1,866,left_to_right,Adelaide United,1,True,False,False,chaotic,5,chaotic,5,8.25,-13.1,4,half_space_right,2,middle_third,False,23.17,-27.4,5,wide_right,3,attacking_third,False,30.08,32.45,66.9,59.9,35.96,34.15,49.45,50.77
236,2016236,41919,42105,46:25.9,46:44.5,1,25,18.6,2,2,1803,right_to_left,Western United,5,True,False,False,create,1,medium_block,9,-23.62,28.91,1,wide_left,1,defensive_third,False,13.07,18.13,2,half_space_left,2,middle_third,False,54.69,52.68,53.98,58.01,31.97,37.83,56.82,55.95
237,2016236,42105,42153,46:44.5,46:49.3,1,44,4.8,2,1,866,left_to_right,Adelaide United,2,True,False,False,chaotic,5,chaotic,5,-14.27,-17.77,4,half_space_right,2,middle_third,False,-19.41,-17.12,4,half_space_right,1,defensive_third,False,37.54,34.42,56.13,54.14,52.32,40.44,58.06,58.67
238,2016236,42153,42157,46:49.3,46:49.7,1,49,0.4,2,2,1803,right_to_left,Western United,1,True,False,False,chaotic,5,chaotic,5,19.09,16.85,2,half_space_left,3,attacking_third,False,18.41,16.35,2,half_space_left,3,attacking_third,False,40.23,39.54,58.6,58.44,34.55,34.98,53.92,53.42
239,2016236,42157,42249,46:49.7,46:58.9,1,49,9.2,2,1,866,left_to_right,Adelaide United,5,True,False,False,create,1,medium_block,9,-18.07,-16.23,4,half_space_right,1,defensive_third,False,-1.86,-10.71,4,half_space_right,2,middle_third,False,35.14,31.03,53.29,47.25,39.31,28.68,58.4,57.76
240,2016236,42249,42293,46:58.9,47:03.3,1,58,4.4,2,2,1803,right_to_left,Western United,1,False,False,False,create,1,medium_block,9,1.28,10.28,2,half_space_left,2,middle_third,False,-19.77,-0.85,3,center,1,defensive_third,False,28.3,28.56,57.77,56.48,31.12,30.97,47.23,57.39
241,2016236,42293,42375,47:03.3,47:11.5,2,3,8.2,2,2,1803,right_to_left,Western United,2,False,False,False,build_up,0,high_block,10,-21.02,-0.8,3,center,1,defensive_third,False,-21.17,21.76,1,wide_left,1,defensive_third,False,28.76,52.61,56.39,49.9,30.85,37.19,58.0,65.52
242,2016236,42375,42387,47:11.5,47:12.7,2,11,1.2,2,2,1803,right_to_left,Western United,0,True,False,False,create,1,medium_block,9,-19.09,22.28,1,wide_left,1,defensive_third,False,-1.5,24.32,1,wide_left,2,middle_third,False,52.41,47.9,49.98,50.03,37.1,35.76,65.11,63.32
243,2016236,42387,42686,47:12.7,47:42.6,2,12,29.9,2,1,866,left_to_right,Adelaide United,9,False,False,False,create,1,medium_block,9,1.15,-24.0,5,wide_right,2,middle_third,False,-13.8,0.62,3,center,2,middle_third,False,35.84,58.51,63.22,48.33,47.42,37.82,50.0,48.71
244,2016236,42686,42711,47:42.6,47:45.1,2,42,2.5,2,1,866,left_to_right,Adelaide United,1,True,False,False,direct,6,defending_direct,15,-12.46,1.13,3,center,2,middle_third,False,21.25,16.48,2,half_space_left,3,attacking_third,False,58.32,51.56,48.59,57.9,37.73,35.63,48.71,49.46
245,2016236,42711,42742,47:45.1,47:48.2,2,45,3.1,2,2,1803,right_to_left,Western United,2,True,False,False,chaotic,5,chaotic,5,-21.65,-16.94,4,half_space_right,1,defensive_third,False,-7.94,-29.66,5,wide_right,2,middle_third,False,35.55,41.29,49.53,50.58,51.2,47.8,58.13,58.76
246,2016236,42742,42792,47:48.2,47:53.2,2,48,5.0,2,1,866,left_to_right,Adelaide United,2,True,False,False,chaotic,5,chaotic,5,7.81,30.1,1,wide_left,2,middle_third,False,20.88,26.39,1,wide_left,3,attacking_third,False,47.85,42.65,58.67,59.82,41.4,40.24,50.64,44.42
247,2016236,42792,42849,47:53.2,47:58.9,2,53,5.7,2,2,1803,right_to_left,Western United,2,False,False,False,build_up,0,high_block,10,-20.89,-26.11,5,wide_right,1,defensive_third,False,-20.47,-0.77,3,center,1,defensive_third,False,39.71,38.2,44.12,42.81,42.41,33.94,60.0,61.66
248,2016236,42849,42860,47:58.9,48:00.0,2,58,1.1,2,2,1803,right_to_left,Western United,0,True,False,False,create,1,medium_block,9,-19.58,0.35,3,center,1,defensive_third,False,-12.26,10.25,2,half_space_left,2,middle_third,False,38.33,38.56,42.96,44.27,34.03,35.4,61.75,61.89
249,2016236,42860,42947,48:00.0,48:08.7,3,0,8.7,2,1,866,left_to_right,Adelaide United,4,True,False,True,quick_break,3,defending_quick_break,12,11.81,-10.67,4,half_space_right,2,middle_third,False,52.1,-9.01,3,center,3,attacking_third,True,35.57,40.95,61.86,73.76,38.49,25.64,44.38,46.05
250,2016236,43176,43191,48:31.6,48:33.1,3,31,1.5,2,2,1803,right_to_left,Western United,1,True,False,False,create,1,medium_block,9,,,2,half_space_left,2,middle_third,False,,,2,half_space_left,2,middle_third,False,,,,,,,,
251,2016236,43191,43292,48:33.1,48:43.2,3,33,10.1,2,1,866,left_to_right,Adelaide United,5,False,False,False,finish,2,low_block,8,29.16,-16.22,4,half_space_right,3,attacking_third,False,5.56,-15.62,4,half_space_right,2,middle_third,False,36.08,45.0,63.55,61.61,44.53,33.01,43.86,34.0
252,2016236,43292,43323,48:43.2,48:46.3,3,43,3.1,2,1,866,left_to_right,Adelaide United,1,False,False,False,create,1,medium_block,9,5.02,-15.41,4,half_space_right,2,middle_third,False,4.9,-13.32,4,half_space_right,2,middle_third,False,45.16,52.7,61.45,56.22,33.06,35.27,34.16,37.72
253,2016236,43323,43324,48:46.3,48:46.4,3,46,0.1,2,1,866,left_to_right,Adelaide United,1,False,False,False,finish,2,low_block,8,5.02,-13.76,4,half_space_right,2,middle_third,False,5.02,-13.76,4,half_space_right,2,middle_third,False,52.94,52.94,56.16,56.16,35.31,35.31,37.76,37.76
254,2016236,43324,43341,48:46.4,48:48.1,3,46,1.7,2,1,866,left_to_right,Adelaide United,1,False,False,False,create,1,medium_block,9,5.17,-14.18,4,half_space_right,2,middle_third,False,17.51,-32.01,5,wide_right,2,middle_third,False,53.17,56.12,56.12,56.09,35.37,38.28,37.78,38.06
255,2016236,43341,43370,48:48.1,48:51.0,3,48,2.9,2,1,866,left_to_right,Adelaide United,1,False,False,False,finish,2,low_block,8,18.19,-32.41,5,wide_right,3,attacking_third,False,30.29,-33.8,5,wide_right,3,attacking_third,False,56.08,52.26,56.23,63.95,38.56,41.76,38.15,37.93
256,2016236,43621,43679,49:16.1,49:21.9,4,16,5.8,2,1,866,left_to_right,Adelaide United,3,True,False,True,set_play,7,defending_set_play,13,28.08,-31.19,5,wide_right,3,attacking_third,False,49.94,3.99,3,center,3,attacking_third,True,44.19,27.23,60.04,73.12,33.21,23.24,16.31,18.34
257,2016236,43839,43849,49:37.9,49:38.9,4,37,1.0,2,2,1803,right_to_left,Western United,1,False,False,False,create,1,medium_block,9,,,2,half_space_left,2,middle_third,False,-33.4,30.29,1,wide_left,1,defensive_third,False,,34.61,,16.76,,33.26,,67.53
258,2016236,44158,44237,50:09.8,50:17.7,5,9,7.9,2,2,1803,right_to_left,Western United,4,False,False,False,build_up,0,high_block,10,-47.62,-7.29,3,center,1,defensive_third,False,-20.34,-22.18,5,wide_right,1,defensive_third,False,64.52,58.56,49.18,44.78,38.9,36.94,68.64,75.15
259,2016236,44237,44242,50:17.7,50:18.2,5,17,0.5,2,2,1803,right_to_left,Western United,0,True,False,False,create,1,medium_block,9,-19.47,-22.2,5,wide_right,1,defensive_third,False,-17.67,-22.5,5,wide_right,1,defensive_third,False,58.3,56.84,44.47,43.35,36.65,36.53,74.77,73.14
260,2016236,44242,44263,50:18.2,50:20.3,5,18,2.1,2,1,866,left_to_right,Adelaide United,1,True,False,False,chaotic,5,chaotic,5,17.61,22.65,1,wide_left,2,middle_third,False,33.81,26.95,1,wide_left,3,attacking_third,False,36.52,37.14,72.68,67.25,56.33,46.0,43.05,38.56
261,2016236,44263,44330,50:20.3,50:27.0,5,20,6.7,2,2,1803,right_to_left,Western United,2,True,False,False,chaotic,5,chaotic,5,-34.28,-27.2,5,wide_right,1,defensive_third,False,-14.05,13.14,2,half_space_left,2,middle_third,False,45.54,34.24,38.45,44.63,37.33,35.25,67.17,61.05
262,2016236,44330,44376,50:27.0,50:31.6,5,27,4.6,2,1,866,left_to_right,Adelaide United,1,True,False,False,chaotic,5,chaotic,5,14.0,-13.47,4,half_space_right,2,middle_third,False,24.95,-11.74,4,half_space_right,3,attacking_third,False,35.37,34.52,60.95,65.88,34.61,24.98,44.82,47.5
263,2016236,44376,44408,50:31.6,50:34.8,5,31,3.2,2,2,1803,right_to_left,Western United,1,True,False,False,chaotic,5,chaotic,5,-25.07,11.56,2,half_space_left,1,defensive_third,False,-2.44,11.91,2,half_space_left,2,middle_third,False,24.71,23.83,47.48,50.31,34.46,32.84,66.07,69.89
264,2016236,44408,44438,50:34.8,50:37.8,5,34,3.0,2,1,866,left_to_right,Adelaide United,1,True,False,False,chaotic,5,chaotic,5,1.58,-11.49,4,half_space_right,2,middle_third,False,14.27,5.43,3,center,2,middle_third,False,32.96,28.9,69.99,67.26,24.0,33.26,50.52,53.61
265,2016236,44438,44522,50:37.8,50:46.2,5,37,8.4,2,2,1803,right_to_left,Western United,2,False,False,False,create,1,medium_block,9,-14.49,-5.58,3,center,2,middle_third,False,16.39,-19.82,4,half_space_right,2,middle_third,False,33.63,37.98,53.66,63.89,28.88,29.74,67.04,57.25
266,2016236,44522,44539,50:46.2,50:47.9,5,46,1.7,2,2,1803,right_to_left,Western United,1,True,False,False,finish,2,low_block,8,17.06,-19.65,4,half_space_right,2,middle_third,False,25.0,-10.71,4,half_space_right,3,attacking_third,False,38.11,38.65,64.11,69.72,29.49,26.02,57.17,55.95
267,2016236,44539,44590,50:47.9,50:53.0,5,47,5.1,2,1,866,left_to_right,Adelaide United,2,True,False,False,chaotic,5,chaotic,5,-25.07,9.51,2,half_space_left,1,defensive_third,False,-16.34,0.99,3,center,2,middle_third,False,25.86,36.23,55.86,48.01,38.56,33.29,69.95,66.95
268,2016236,44590,44721,50:53.0,51:06.1,5,53,13.1,2,2,1803,right_to_left,Western United,7,False,False,False,finish,2,low_block,8,16.39,-0.99,3,center,2,middle_third,False,40.1,5.28,3,center,3,attacking_third,True,33.18,29.4,66.8,67.4,36.36,22.19,48.01,43.45
269,2016236,45049,45072,51:38.9,51:41.2,6,38,2.3,2,2,1803,right_to_left,Western United,2,False,False,False,chaotic,5,chaotic,5,46.74,-31.59,5,wide_right,3,attacking_third,False,45.67,-28.81,5,wide_right,3,attacking_third,False,37.0,35.86,69.03,68.37,26.27,27.84,20.57,20.49
270,2016236,45250,45279,51:59.0,52:01.9,6,59,2.9,2,2,1803,right_to_left,Western United,2,True,False,False,chaotic,5,chaotic,5,33.26,-32.98,5,wide_right,3,attacking_third,False,36.48,-25.26,5,wide_right,3,attacking_third,False,37.02,34.5,61.01,64.62,29.95,27.81,26.01,25.0
271,2016236,45559,45611,52:29.9,52:35.1,7,29,5.2,2,1,866,left_to_right,Adelaide United,2,True,False,False,direct,6,defending_direct,15,-23.28,23.22,1,wide_left,1,defensive_third,False,28.53,23.03,1,wide_left,3,attacking_third,False,31.98,27.55,55.75,65.52,26.14,23.09,44.58,46.39
272,2016236,45611,45624,52:35.1,52:36.4,7,35,1.3,2,2,1803,right_to_left,Western United,1,True,False,False,chaotic,5,chaotic,5,-29.09,-23.22,5,wide_right,1,defensive_third,False,-25.43,-24.34,5,wide_right,1,defensive_third,False,23.33,25.41,46.45,46.74,27.7,28.78,65.62,65.6
273,2016236,45624,45638,52:36.4,52:37.8,7,36,1.4,2,1,866,left_to_right,Adelaide United,1,True,False,False,chaotic,5,chaotic,5,25.32,24.19,1,wide_left,3,attacking_third,False,31.47,23.48,1,wide_left,3,attacking_third,False,28.81,29.04,65.66,66.94,25.52,26.07,46.7,46.1
274,2016236,45638,45724,52:37.8,52:46.4,7,37,8.6,2,2,1803,right_to_left,Western United,3,True,False,False,chaotic,5,chaotic,5,-31.82,-23.24,5,wide_right,1,defensive_third,False,-3.44,-15.41,4,half_space_right,2,middle_third,False,26.06,31.39,46.07,46.29,29.1,23.93,67.03,62.75
275,2016236,45724,45765,52:46.4,52:50.5,7,46,4.1,2,1,866,left_to_right,Adelaide United,3,False,False,False,create,1,medium_block,9,3.22,15.1,2,half_space_left,2,middle_third,False,21.9,-18.21,4,half_space_right,3,attacking_third,False,24.03,32.31,62.62,60.52,31.49,33.26,46.55,45.23
276,2016236,45765,45816,52:50.5,52:55.6,7,50,5.1,2,1,866,left_to_right,Adelaide United,1,True,False,False,finish,2,low_block,8,23.07,-18.33,4,half_space_right,3,attacking_third,False,53.07,12.42,2,half_space_left,3,attacking_third,False,32.37,36.09,61.01,82.53,33.27,37.59,45.24,46.05
277,2016236,46068,46081,53:20.8,53:22.1,8,20,1.3,2,2,1803,right_to_left,Western United,1,True,False,False,create,1,medium_block,9,,,2,half_space_left,2,middle_third,False,-11.52,-12.92,4,half_space_right,2,middle_third,False,,40.21,,49.41,,34.91,,65.63
278,2016236,46081,46106,53:22.1,53:24.6,8,22,2.5,2,1,866,left_to_right,Adelaide United,1,True,False,False,chaotic,5,chaotic,5,11.06,13.11,2,half_space_left,2,middle_third,False,13.82,23.83,1,wide_left,2,middle_third,False,34.77,33.75,65.49,63.74,39.88,33.73,49.32,46.77
279,2016236,46106,46215,53:24.6,53:35.5,8,24,10.9,2,2,1803,right_to_left,Western United,3,False,False,False,create,1,medium_block,9,-14.13,-23.88,5,wide_right,2,middle_third,False,7.04,20.68,1,wide_left,2,middle_third,False,33.62,37.02,46.73,61.32,33.88,33.22,63.59,50.24
280,2016236,46215,46224,53:35.5,53:36.4,8,35,0.9,2,2,1803,right_to_left,Western United,1,False,False,False,finish,2,low_block,8,7.01,20.12,2,half_space_left,2,middle_third,False,5.62,9.67,2,half_space_left,2,middle_third,False,36.77,39.05,61.16,60.7,32.77,30.75,50.19,49.61
281,2016236,46224,46275,53:36.4,53:41.5,8,36,5.1,2,2,1803,right_to_left,Western United,2,False,False,False,create,1,medium_block,9,5.38,8.43,3,center,2,middle_third,False,12.51,-25.24,5,wide_right,2,middle_third,False,39.33,48.83,60.69,58.18,30.57,32.33,49.55,44.96
282,2016236,46275,46348,53:41.5,53:48.8,8,41,7.3,2,2,1803,right_to_left,Western United,2,False,False,False,finish,2,low_block,8,13.24,-25.88,5,wide_right,2,middle_third,False,5.7,-14.36,4,half_space_right,2,middle_third,False,48.79,42.67,58.3,60.05,32.49,31.44,44.94,34.13
283,2016236,46348,46360,53:48.8,53:50.0,8,48,1.2,2,2,1803,right_to_left,Western United,1,False,False,False,create,1,medium_block,9,5.23,-13.99,4,half_space_right,2,middle_third,False,4.98,-11.29,4,half_space_right,2,middle_third,False,43.19,48.42,59.94,58.58,31.58,33.1,34.11,34.15
284,2016236,46360,46386,53:50.0,53:52.6,8,50,2.6,2,2,1803,right_to_left,Western United,1,False,False,False,finish,2,low_block,8,5.69,-10.78,4,half_space_right,2,middle_third,False,5.88,-8.15,3,center,2,middle_third,False,48.84,55.16,58.47,57.09,33.26,37.33,34.21,37.19
285,2016236,46386,46408,53:52.6,53:54.8,8,52,2.2,2,2,1803,right_to_left,Western United,1,False,False,False,create,1,medium_block,9,5.04,-8.3,3,center,2,middle_third,False,4.34,-15.59,4,half_space_right,2,middle_third,False,55.29,57.46,57.03,56.11,37.48,40.54,37.21,36.45
286,2016236,46408,46429,53:54.8,53:56.9,8,54,2.1,2,2,1803,right_to_left,Western United,1,False,False,False,finish,2,low_block,8,5.08,-16.78,4,half_space_right,2,middle_third,False,5.7,-20.07,4,half_space_right,2,middle_third,False,57.59,59.26,56.12,56.74,40.62,40.99,36.42,36.78
287,2016236,46429,46752,53:56.9,54:29.2,8,56,32.3,2,2,1803,right_to_left,Western United,9,False,False,False,create,1,medium_block,9,4.72,-18.86,4,half_space_right,2,middle_third,False,-19.15,7.06,3,center,1,defensive_third,False,59.26,46.13,56.72,55.27,40.94,35.33,36.79,51.6
288,2016236,46752,46799,54:29.2,54:33.9,9,29,4.7,2,2,1803,right_to_left,Western United,2,False,False,False,build_up,0,high_block,10,-20.03,6.82,3,center,1,defensive_third,False,-20.19,25.21,1,wide_left,1,defensive_third,False,46.15,53.95,55.24,53.12,35.34,38.92,51.86,56.05
289,2016236,46799,46804,54:33.9,54:34.4,9,33,0.5,2,2,1803,right_to_left,Western United,1,False,False,False,create,1,medium_block,9,-19.96,25.52,1,wide_left,1,defensive_third,False,-19.37,26.75,1,wide_left,1,defensive_third,False,54.03,54.22,53.11,53.19,38.98,39.24,56.02,55.97
290,2016236,46804,46840,54:34.4,54:38.0,9,34,3.6,2,2,1803,right_to_left,Western United,1,True,False,False,direct,6,defending_direct,15,-18.62,27.01,1,wide_left,1,defensive_third,False,26.4,25.93,1,wide_left,3,attacking_third,False,54.24,48.59,53.26,64.23,39.35,41.08,55.98,60.09
291,2016236,46840,46964,54:38.0,54:50.4,9,38,12.4,2,1,866,left_to_right,Adelaide United,7,False,False,False,build_up,0,high_block,10,-26.7,-25.85,5,wide_right,1,defensive_third,False,-38.1,-33.44,5,wide_right,1,defensive_third,False,41.16,48.62,60.34,48.63,48.35,40.69,64.64,74.33
292,2016236,47119,47177,55:05.9,55:11.7,10,5,5.8,2,1,866,left_to_right,Adelaide United,3,False,False,False,build_up,0,high_block,10,,,2,half_space_left,2,middle_third,False,-20.72,24.29,1,wide_left,1,defensive_third,False,,56.72,,49.92,,40.36,,64.28
293,2016236,47177,47212,55:11.7,55:15.2,10,11,3.5,2,1,866,left_to_right,Adelaide United,1,False,False,False,create,1,medium_block,9,-18.86,24.62,1,wide_left,1,defensive_third,False,0.33,23.83,1,wide_left,2,middle_third,False,56.79,54.07,50.02,57.03,40.28,44.39,64.17,62.07
294,2016236,47463,47494,55:40.3,55:43.4,10,40,3.1,2,1,866,left_to_right,Adelaide United,3,False,False,False,finish,2,low_block,8,16.16,-30.85,5,wide_right,2,middle_third,False,5.48,-29.1,5,wide_right,2,middle_third,False,55.34,53.25,59.63,61.63,42.28,40.55,41.64,40.04
295,2016236,47494,47505,55:43.4,55:44.5,10,43,1.1,2,1,866,left_to_right,Adelaide United,1,False,False,False,create,1,medium_block,9,5.11,-28.96,5,wide_right,2,middle_third,False,4.97,-28.44,5,wide_right,2,middle_third,False,53.29,53.52,61.44,59.92,40.37,39.54,40.07,41.17
296,2016236,47505,47661,55:44.5,56:00.1,10,44,15.6,2,1,866,left_to_right,Adelaide United,5,False,False,False,finish,2,low_block,8,5.14,-28.37,5,wide_right,2,middle_third,False,43.84,12.82,2,half_space_left,3,attacking_third,True,53.53,44.91,59.75,71.37,39.52,31.35,41.3,25.94
297,2016236,47755,47839,56:09.5,56:17.9,11,9,8.4,2,1,866,left_to_right,Adelaide United,3,False,False,False,finish,2,low_block,8,26.48,31.92,1,wide_left,3,attacking_third,False,5.14,11.7,2,half_space_left,2,middle_third,False,49.32,55.79,60.76,57.15,35.8,36.83,24.7,34.49
298,2016236,47839,47948,56:17.9,56:28.8,11,17,10.9,2,1,866,left_to_right,Adelaide United,3,True,False,False,create,1,medium_block,9,4.86,10.5,2,half_space_left,2,middle_third,False,13.85,-8.71,3,center,2,middle_third,False,55.82,62.79,57.1,53.75,36.79,31.15,34.66,52.73
299,2016236,47948,47972,56:28.8,56:31.2,11,28,2.4,2,2,1803,right_to_left,Western United,1,True,False,False,chaotic,5,chaotic,5,-14.23,8.48,3,center,2,middle_third,False,-2.49,6.19,3,center,2,middle_third,False,30.98,27.35,52.7,50.81,62.53,52.99,53.77,53.23
300,2016236,47972,48030,56:31.2,56:37.0,11,31,5.8,2,1,866,left_to_right,Adelaide United,2,False,False,False,create,1,medium_block,9,2.14,-6.0,3,center,2,middle_third,False,21.32,-17.9,4,half_space_right,3,attacking_third,False,52.72,49.16,53.2,57.08,27.45,35.49,50.57,36.75
301,2016236,48030,48083,56:37.0,56:42.3,11,37,5.3,2,1,866,left_to_right,Adelaide United,2,False,False,False,finish,2,low_block,8,21.48,-18.83,4,half_space_right,3,attacking_third,False,5.48,-13.63,4,half_space_right,2,middle_third,False,48.98,44.05,57.24,58.3,35.7,31.01,36.76,38.44
302,2016236,48083,48188,56:42.3,56:52.8,11,42,10.5,2,1,866,left_to_right,Adelaide United,4,False,False,False,create,1,medium_block,9,5.12,-12.97,4,half_space_right,2,middle_third,False,24.03,-30.78,5,wide_right,3,attacking_third,False,44.24,57.43,58.25,62.32,31.05,35.11,38.74,47.22
303,2016236,48188,48262,56:52.8,57:00.2,11,52,7.4,2,1,866,left_to_right,Adelaide United,3,True,False,False,finish,2,low_block,8,24.84,-31.31,5,wide_right,3,attacking_third,False,22.67,-16.53,4,half_space_right,3,attacking_third,False,57.34,43.94,62.64,62.9,35.13,28.3,47.35,33.38
304,2016236,48262,48359,57:00.2,57:09.9,12,0,9.7,2,2,1803,right_to_left,Western United,2,False,False,False,transition,4,defending_transition,11,-22.3,16.16,2,half_space_left,1,defensive_third,False,37.06,-23.05,5,wide_right,3,attacking_third,False,28.26,30.32,33.41,74.66,43.73,32.3,62.75,58.91
305,2016236,48614,48641,57:35.4,57:38.1,12,35,2.7,2,2,1803,right_to_left,Western United,2,False,False,False,chaotic,5,chaotic,5,42.18,-33.76,5,wide_right,3,attacking_third,False,34.47,-33.41,5,wide_right,3,attacking_third,False,36.35,36.16,76.72,71.44,27.35,30.4,25.63,25.51
306,2016236,48756,48782,57:49.6,57:52.2,12,49,2.6,2,2,1803,right_to_left,Western United,1,True,False,False,set_play,7,defending_set_play,13,35.47,-33.85,5,wide_right,3,attacking_third,False,36.21,-15.16,4,half_space_right,3,attacking_third,False,32.91,29.1,72.2,69.52,30.06,25.47,27.06,29.8
307,2016236,48782,48913,57:52.2,58:05.3,12,52,13.1,2,1,866,left_to_right,Adelaide United,3,False,False,False,transition,4,defending_transition,11,-35.94,15.02,2,half_space_left,1,defensive_third,False,18.72,-29.19,5,wide_right,3,attacking_third,False,25.48,43.16,29.92,67.44,28.96,37.77,69.46,52.05
308,2016236,49254,49264,58:39.4,58:40.4,13,39,1.0,2,1,866,left_to_right,Adelaide United,1,False,False,False,set_play,7,defending_set_play,13,25.61,-30.23,5,wide_right,3,attacking_third,False,39.19,-15.94,4,half_space_right,3,attacking_third,True,42.81,41.21,62.94,67.44,32.83,31.17,17.94,18.43
309,2016236,49583,49686,59:12.3,59:22.6,14,12,10.3,2,1,866,left_to_right,Adelaide United,3,True,False,False,set_play,7,defending_set_play,13,51.82,32.24,1,wide_left,3,attacking_third,False,14.49,26.52,1,wide_left,2,middle_third,False,45.46,44.15,74.99,67.89,10.99,27.18,12.22,42.03
310,2016236,49815,49988,59:35.5,59:52.8,14,35,17.3,2,2,1803,right_to_left,Western United,5,True,False,False,create,1,medium_block,9,-19.49,-33.45,5,wide_right,1,defensive_third,False,17.42,27.06,1,wide_left,2,middle_third,False,33.74,46.39,49.73,60.54,28.27,38.18,57.19,48.78
311,2016236,50134,50186,60:07.4,60:12.6,15,7,5.2,2,1,866,left_to_right,Adelaide United,3,True,False,False,chaotic,5,chaotic,5,-26.62,-32.49,5,wide_right,1,defensive_third,False,-32.14,-21.86,5,wide_right,1,defensive_third,False,45.66,45.37,50.18,45.25,30.76,33.08,56.72,74.23
312,2016236,50457,50500,60:39.7,60:44.0,15,39,4.3,2,2,1803,right_to_left,Western United,3,True,False,False,chaotic,5,chaotic,5,14.34,33.23,1,wide_left,2,middle_third,False,1.63,32.79,1,wide_left,2,middle_third,False,29.29,31.15,63.1,59.19,23.48,25.69,44.74,45.63
313,2016236,50689,50741,61:02.9,61:08.1,16,2,5.2,2,1,866,left_to_right,Adelaide United,2,False,False,False,create,1,medium_block,9,,,2,half_space_left,2,middle_third,False,-20.26,-6.29,3,center,1,defensive_third,False,,55.56,,51.52,,38.04,,49.89
314,2016236,50741,50778,61:08.1,61:11.8,16,8,3.7,2,1,866,left_to_right,Adelaide United,1,True,False,False,direct,6,defending_direct,15,-19.35,-6.5,3,center,1,defensive_third,False,38.97,-16.36,4,half_space_right,3,attacking_third,True,55.46,39.28,51.55,76.32,38.14,37.2,49.86,51.84
315,2016236,50778,50886,61:11.8,61:22.6,16,11,10.8,2,2,1803,right_to_left,Western United,5,False,False,False,build_up,0,high_block,10,-39.33,16.38,2,half_space_left,1,defensive_third,False,-20.07,13.14,2,half_space_left,1,defensive_third,False,37.4,55.66,51.68,55.03,38.88,33.22,76.94,56.68
316,2016236,50886,50899,61:22.6,61:23.9,16,22,1.3,2,2,1803,right_to_left,Western United,1,True,False,False,create,1,medium_block,9,-18.92,11.63,2,half_space_left,1,defensive_third,False,-11.35,0.79,3,center,2,middle_third,False,55.81,58.02,55.54,64.05,33.24,34.63,56.57,55.86
317,2016236,50899,50955,61:23.9,61:29.5,16,23,5.6,2,1,866,left_to_right,Adelaide United,1,True,False,False,quick_break,3,defending_quick_break,12,11.84,-0.56,3,center,2,middle_third,False,31.35,4.01,3,center,3,attacking_third,False,34.75,30.96,55.83,70.55,58.09,44.19,64.56,57.41
318,2016236,50955,51126,61:29.5,61:46.6,16,29,17.1,2,2,1803,right_to_left,Western United,6,False,True,True,transition,4,defending_transition,11,-31.06,-3.93,3,center,1,defensive_third,False,52.81,0.12,3,center,3,attacking_third,True,44.05,32.37,57.08,72.39,30.75,22.34,70.47,48.65
319,2016236,52089,52234,63:22.9,63:37.4,18,22,14.5,2,1,866,left_to_right,Adelaide United,7,False,False,False,create,1,medium_block,9,-0.19,-0.68,3,center,2,middle_third,False,-19.95,-26.5,5,wide_right,1,defensive_third,False,62.61,58.45,41.74,52.76,43.19,44.23,42.8,54.05
320,2016236,52234,52277,63:37.4,63:41.7,18,37,4.3,2,1,866,left_to_right,Adelaide United,2,True,False,False,build_up,0,high_block,10,-20.65,-26.07,5,wide_right,1,defensive_third,False,-23.34,-18.32,4,half_space_right,1,defensive_third,False,58.43,58.6,52.85,48.61,44.07,39.99,54.52,72.81
321,2016236,52376,52418,63:51.6,63:55.8,18,51,4.2,2,2,1803,right_to_left,Western United,2,False,False,False,chaotic,5,chaotic,5,-40.25,34.07,1,wide_left,1,defensive_third,False,-50.05,15.34,2,half_space_left,1,defensive_third,False,49.85,52.71,62.51,51.06,41.21,33.81,73.8,77.76
322,2016236,52418,52441,63:55.8,63:58.1,18,55,2.3,2,2,1803,right_to_left,Western United,1,True,False,False,direct,6,defending_direct,15,-49.89,15.34,2,half_space_left,1,defensive_third,False,-13.02,25.1,1,wide_left,2,middle_third,False,52.68,46.74,50.85,48.36,33.78,32.14,78.23,78.75
323,2016236,52441,52479,63:58.1,64:01.9,18,58,3.8,2,1,866,left_to_right,Adelaide United,2,True,False,False,chaotic,5,chaotic,5,11.83,-25.29,5,wide_right,2,middle_third,False,12.51,-29.79,5,wide_right,2,middle_third,False,31.98,38.21,78.49,68.72,46.45,38.23,48.28,40.29
324,2016236,52479,52489,64:01.9,64:02.9,19,1,1.0,2,2,1803,right_to_left,Western United,1,True,False,False,chaotic,5,chaotic,5,-12.24,30.25,1,wide_left,2,middle_third,False,-8.1,34.63,1,wide_left,2,middle_third,False,38.01,36.48,40.24,40.4,38.28,38.0,68.51,66.85
325,2016236,52598,52779,64:13.8,64:31.9,19,13,18.1,2,1,866,left_to_right,Adelaide United,6,False,False,False,create,1,medium_block,9,7.58,-32.87,5,wide_right,2,middle_third,False,3.88,-32.31,5,wide_right,2,middle_third,False,45.56,56.34,56.22,56.42,31.82,36.66,40.76,42.49
326,2016236,52976,52986,64:51.6,64:52.6,19,51,1.0,2,1,866,left_to_right,Adelaide United,1,False,False,False,set_play,7,defending_set_play,13,7.78,-11.97,4,half_space_right,2,middle_third,False,8.44,-11.97,4,half_space_right,2,middle_third,False,51.24,51.01,57.24,56.84,30.54,30.34,36.15,35.44
327,2016236,53298,53394,65:23.8,65:33.4,20,23,9.6,2,1,866,left_to_right,Adelaide United,2,True,False,False,create,1,medium_block,9,1.0,-1.06,3,center,2,middle_third,False,34.92,16.49,2,half_space_left,3,attacking_third,False,62.8,49.02,55.36,66.53,33.42,34.86,35.17,39.74
328,2016236,53394,53437,65:33.4,65:37.7,20,33,4.3,2,2,1803,right_to_left,Western United,1,True,False,False,chaotic,5,chaotic,5,-35.81,-16.47,4,half_space_right,1,defensive_third,False,-17.2,-28.8,5,wide_right,2,middle_third,False,34.75,34.56,39.81,40.16,48.35,41.57,67.11,63.7
329,2016236,53486,53655,65:42.6,65:59.5,20,42,16.9,2,1,866,left_to_right,Adelaide United,6,False,False,False,create,1,medium_block,9,15.33,34.19,1,wide_left,2,middle_third,False,-19.25,-15.02,4,half_space_right,1,defensive_third,False,42.25,56.54,62.97,42.37,34.04,37.26,37.32,52.16
330,2016236,53655,53672,65:59.5,66:01.2,20,59,1.7,2,1,866,left_to_right,Adelaide United,0,False,False,False,build_up,0,high_block,10,-20.02,-14.69,4,half_space_right,1,defensive_third,False,-27.43,-11.86,4,half_space_right,1,defensive_third,False,56.52,56.17,42.13,36.69,37.29,37.44,52.49,61.35
331,2016236,53672,53699,66:01.2,66:03.9,21,1,2.7,2,1,866,left_to_right,Adelaide United,1,True,False,False,direct,6,defending_direct,15,-27.23,-11.8,4,half_space_right,1,defensive_third,False,16.12,-17.69,4,half_space_right,2,middle_third,False,56.22,51.22,36.47,47.7,37.45,35.03,61.91,66.01
332,2016236,53699,53713,66:03.9,66:05.3,21,3,1.4,2,2,1803,right_to_left,Western United,1,True,False,False,chaotic,5,chaotic,5,-16.96,17.71,2,half_space_left,2,middle_third,False,-13.01,21.76,1,wide_left,2,middle_third,False,34.86,33.03,65.9,63.98,50.79,44.28,48.36,55.91
333,2016236,53713,53731,66:05.3,66:07.1,21,5,1.8,2,1,866,left_to_right,Adelaide United,1,False,False,False,create,1,medium_block,9,12.67,-22.24,5,wide_right,2,middle_third,False,20.19,-30.79,5,wide_right,3,attacking_third,False,43.81,44.29,56.24,58.71,32.88,33.64,63.66,59.29
334,2016236,53731,53786,66:07.1,66:12.6,21,7,5.5,2,1,866,left_to_right,Adelaide United,2,False,False,False,finish,2,low_block,8,20.58,-31.24,5,wide_right,3,attacking_third,False,7.63,-30.52,5,wide_right,2,middle_third,False,44.61,41.86,58.86,64.69,33.96,35.66,59.11,42.16
335,2016236,53786,53809,66:12.6,66:14.9,21,12,2.3,2,1,866,left_to_right,Adelaide United,0,False,False,False,create,1,medium_block,9,5.9,-30.09,5,wide_right,2,middle_third,False,-19.45,-18.43,4,half_space_right,1,defensive_third,False,42.03,46.84,64.69,62.06,35.64,36.48,42.09,46.63
336,2016236,53809,53845,66:14.9,66:18.5,21,14,3.6,2,1,866,left_to_right,Adelaide United,2,False,False,False,build_up,0,high_block,10,-20.1,-18.07,4,half_space_right,1,defensive_third,False,-20.14,-20.66,5,wide_right,1,defensive_third,False,47.07,55.6,61.7,49.95,36.58,37.54,46.93,50.91
337,2016236,53845,54029,66:18.5,66:36.9,21,18,18.4,2,1,866,left_to_right,Adelaide United,5,True,False,False,create,1,medium_block,9,-19.99,-20.57,5,wide_right,1,defensive_third,False,47.06,-5.17,3,center,3,attacking_third,True,55.75,38.28,49.89,76.33,37.5,27.28,50.87,50.11
338,2016236,54029,54234,66:36.9,66:57.4,21,36,20.5,2,2,1803,right_to_left,Western United,3,False,False,False,build_up,0,high_block,10,-47.36,4.15,3,center,1,defensive_third,False,-35.35,-18.94,4,half_space_right,1,defensive_third,False,27.13,58.06,49.84,52.8,38.08,40.86,76.7,69.74
339,2016236,54234,54255,66:57.4,66:59.5,21,57,2.1,2,2,1803,right_to_left,Western United,1,False,False,False,direct,6,defending_direct,15,-34.74,-19.05,4,half_space_right,1,defensive_third,False,3.04,-14.02,4,half_space_right,2,middle_third,False,58.0,53.13,52.86,55.62,40.98,39.35,69.54,65.98
340,2016236,54255,54326,66:59.5,67:06.6,21,59,7.1,2,2,1803,right_to_left,Western United,3,False,False,False,create,1,medium_block,9,3.7,-13.99,4,half_space_right,2,middle_third,False,18.12,9.07,3,center,3,attacking_third,False,52.84,49.7,55.82,62.02,39.21,33.98,65.81,54.44
341,2016236,54326,54390,67:06.6,67:13.0,22,6,6.4,2,2,1803,right_to_left,Western United,2,True,False,False,finish,2,low_block,8,18.69,9.19,2,half_space_left,3,attacking_third,False,49.3,27.88,1,wide_left,3,attacking_third,False,49.55,40.48,62.28,77.84,33.98,39.39,54.37,47.03
342,2016236,54390,54467,67:13.0,67:20.7,22,13,7.7,2,1,866,left_to_right,Adelaide United,3,True,False,False,build_up,0,high_block,10,-49.3,-27.99,5,wide_right,1,defensive_third,False,-41.65,-28.55,5,wide_right,1,defensive_third,False,39.47,37.92,46.94,41.89,40.42,34.79,77.69,74.19
343,2016236,54467,54479,67:20.7,67:21.9,22,20,1.2,2,2,1803,right_to_left,Western United,1,True,False,False,chaotic,5,chaotic,5,41.41,28.91,1,wide_left,3,attacking_third,False,46.39,28.5,1,wide_left,3,attacking_third,False,34.63,32.33,74.09,73.15,37.78,36.76,41.81,41.11
344,2016236,54479,54522,67:21.9,67:26.2,22,21,4.3,2,1,866,left_to_right,Adelaide United,1,True,False,False,chaotic,5,chaotic,5,-46.74,-28.46,5,wide_right,1,defensive_third,False,-25.49,-30.16,5,wide_right,1,defensive_third,False,36.73,34.94,41.07,37.74,32.09,34.85,73.09,69.61
345,2016236,54522,54644,67:26.2,67:38.4,22,26,12.2,2,2,1803,right_to_left,Western United,4,False,False,False,finish,2,low_block,8,24.46,29.98,1,wide_left,3,attacking_third,False,-28.79,-8.72,3,center,1,defensive_third,False,34.85,23.09,69.34,34.72,34.73,29.48,37.45,67.06
346,2016236,54644,54692,67:38.4,67:43.2,22,38,4.8,2,2,1803,right_to_left,Western United,3,True,False,True,quick_break,3,defending_quick_break,12,28.05,8.43,3,center,3,attacking_third,False,50.25,-3.76,3,center,3,attacking_third,True,29.19,30.4,66.82,70.19,23.15,25.18,34.71,37.65
347,2016236,54850,54897,67:59.0,68:03.7,22,59,4.7,2,1,866,left_to_right,Adelaide United,3,False,False,False,build_up,0,high_block,10,,,2,half_space_left,2,middle_third,False,-20.05,32.77,1,wide_left,1,defensive_third,False,,48.52,,50.67,,41.83,,63.56
348,2016236,54897,54902,68:03.7,68:04.2,23,3,0.5,2,1,866,left_to_right,Adelaide United,0,True,False,False,create,1,medium_block,9,-19.27,33.14,1,wide_left,1,defensive_third,False,-16.53,34.41,1,wide_left,2,middle_third,False,48.5,48.44,50.59,50.14,41.62,40.72,63.41,62.72
349,2016236,54990,55023,68:13.0,68:16.3,23,13,3.3,2,2,1803,right_to_left,Western United,2,False,False,False,create,1,medium_block,9,6.36,-31.73,5,wide_right,2,middle_third,False,-19.51,-19.54,4,half_space_right,1,defensive_third,False,41.24,44.84,59.7,57.84,31.99,32.01,41.67,51.57
350,2016236,55023,55057,68:16.3,68:19.7,23,16,3.4,2,2,1803,right_to_left,Western United,1,False,False,False,build_up,0,high_block,10,-20.62,-19.0,4,half_space_right,1,defensive_third,False,-20.06,0.42,3,center,1,defensive_third,False,45.11,54.66,57.79,54.56,32.15,37.57,51.82,54.37
351,2016236,55057,55147,68:19.7,68:28.7,23,19,9.0,2,2,1803,right_to_left,Western United,4,False,False,False,create,1,medium_block,9,-19.72,1.43,3,center,1,defensive_third,False,-19.36,-9.66,4,half_space_right,1,defensive_third,False,54.91,64.99,54.48,53.45,37.75,40.95,54.18,53.35
352,2016236,55147,55200,68:28.7,68:34.0,23,28,5.3,2,2,1803,right_to_left,Western United,2,False,False,False,build_up,0,high_block,10,-20.11,-8.92,3,center,1,defensive_third,False,-23.9,23.63,1,wide_left,1,defensive_third,False,64.95,59.47,53.48,55.42,41.0,43.87,53.84,58.54
353,2016236,55200,55226,68:34.0,68:36.6,23,34,2.6,2,2,1803,right_to_left,Western United,1,True,False,False,direct,6,defending_direct,15,-23.22,23.66,1,wide_left,1,defensive_third,False,14.34,5.02,3,center,2,middle_third,False,59.17,49.78,55.56,60.8,43.77,39.8,58.43,56.81
354,2016236,55226,55309,68:36.6,68:44.9,23,36,8.3,2,1,866,left_to_right,Adelaide United,3,False,False,False,create,1,medium_block,9,-14.81,-4.74,3,center,2,middle_third,False,19.63,-16.45,4,half_space_right,3,attacking_third,False,39.61,40.07,56.69,61.01,49.3,25.5,60.93,51.02
355,2016236,55309,55369,68:44.9,68:50.9,23,44,6.0,2,1,866,left_to_right,Adelaide United,3,True,False,False,finish,2,low_block,8,20.01,-16.88,4,half_space_right,3,attacking_third,False,30.67,-5.03,3,center,3,attacking_third,False,40.32,32.23,61.38,70.88,25.58,23.59,50.91,36.93
356,2016236,55369,55483,68:50.9,69:02.3,23,50,11.4,2,2,1803,right_to_left,Western United,2,True,False,False,transition,4,defending_transition,11,-30.8,4.83,3,center,1,defensive_third,False,46.89,-14.11,4,half_space_right,3,attacking_third,True,23.45,45.86,36.77,80.49,31.86,30.3,70.73,57.77
357,2016236,55483,55510,69:02.3,69:05.0,24,2,2.7,2,1,866,left_to_right,Adelaide United,1,False,False,False,chaotic,5,chaotic,5,-47.31,13.85,2,half_space_left,1,defensive_third,False,-52.67,8.33,3,center,1,defensive_third,False,30.19,29.22,57.61,55.16,45.71,41.8,80.98,83.57
358,2016236,55954,56009,69:49.4,69:54.9,24,49,5.5,2,1,866,left_to_right,Adelaide United,3,False,False,False,build_up,0,high_block,10,-47.13,2.04,3,center,1,defensive_third,False,-20.13,-33.5,5,wide_right,1,defensive_third,False,59.27,54.47,49.58,51.69,41.31,44.82,69.17,69.45
359,2016236,56009,56063,69:54.9,70:00.3,24,54,5.4,2,1,866,left_to_right,Adelaide United,1,False,False,False,create,1,medium_block,9,-19.62,-33.47,5,wide_right,1,defensive_third,False,15.46,-23.24,5,wide_right,2,middle_third,False,54.25,42.65,51.76,66.71,44.66,27.44,69.25,61.95
360,2016236,56063,56100,70:00.3,70:04.0,25,0,3.7,2,1,866,left_to_right,Adelaide United,2,False,False,False,finish,2,low_block,8,15.51,-23.11,5,wide_right,2,middle_third,False,7.12,-19.6,4,half_space_right,2,middle_third,False,42.48,49.77,66.94,61.48,27.28,29.03,61.73,45.98
361,2016236,56100,56142,70:04.0,70:08.2,25,4,4.2,2,1,866,left_to_right,Adelaide United,2,False,False,False,create,1,medium_block,9,5.98,-19.34,4,half_space_right,2,middle_third,False,4.99,19.41,2,half_space_left,2,middle_third,False,50.11,58.24,61.38,59.15,29.39,40.21,45.5,39.13
362,2016236,56142,56203,70:08.2,70:14.3,25,8,6.1,2,1,866,left_to_right,Adelaide United,3,False,False,False,finish,2,low_block,8,5.22,19.85,2,half_space_left,2,middle_third,False,5.91,18.5,2,half_space_left,2,middle_third,False,58.24,52.95,59.19,61.04,40.55,43.54,39.07,37.62
363,2016236,56203,56254,70:14.3,70:19.4,25,14,5.1,2,1,866,left_to_right,Adelaide United,2,False,False,False,create,1,medium_block,9,5.05,17.5,2,half_space_left,2,middle_third,False,4.96,-15.83,4,half_space_right,2,middle_third,False,52.99,61.22,60.96,58.46,43.27,37.76,37.83,36.51
364,2016236,56254,56306,70:19.4,70:24.6,25,19,5.2,2,1,866,left_to_right,Adelaide United,3,False,False,False,finish,2,low_block,8,5.18,-16.25,4,half_space_right,2,middle_third,False,6.05,-26.31,5,wide_right,2,middle_third,False,61.14,59.04,58.53,59.58,37.9,40.89,36.5,37.83
365,2016236,56306,56470,70:24.6,70:41.0,25,24,16.4,2,1,866,left_to_right,Adelaide United,5,False,False,False,create,1,medium_block,9,5.44,-25.35,5,wide_right,2,middle_third,False,4.94,15.57,2,half_space_left,2,middle_third,False,59.1,56.91,59.38,58.65,40.77,32.77,37.88,36.27
366,2016236,56470,56511,70:41.0,70:45.1,25,41,4.1,2,1,866,left_to_right,Adelaide United,1,True,False,False,finish,2,low_block,8,5.19,15.63,2,half_space_left,2,middle_third,False,38.46,-20.86,5,wide_right,3,attacking_third,False,56.88,50.29,58.72,68.96,33.06,38.5,36.33,40.15
367,2016236,56511,56547,70:45.1,70:48.7,25,45,3.6,2,2,1803,right_to_left,Western United,2,False,False,False,build_up,0,high_block,10,-38.78,21.26,1,wide_left,1,defensive_third,False,-20.4,27.68,1,wide_left,1,defensive_third,False,38.39,38.95,40.24,40.86,50.07,41.47,69.24,64.28
368,2016236,56547,56637,70:48.7,70:57.7,25,48,9.0,2,2,1803,right_to_left,Western United,1,False,False,False,create,1,medium_block,9,-19.88,27.83,1,wide_left,1,defensive_third,False,26.37,21.53,1,wide_left,3,attacking_third,False,39.03,41.57,40.88,65.25,41.28,37.78,64.1,58.49
369,2016236,56637,56683,70:57.7,71:02.3,25,57,4.6,2,2,1803,right_to_left,Western United,2,True,False,False,finish,2,low_block,8,26.94,21.01,1,wide_left,3,attacking_third,False,37.87,-5.08,3,center,3,attacking_third,True,41.25,29.96,65.73,72.49,37.75,31.7,58.62,52.21
370,2016236,56683,56804,71:02.3,71:14.4,26,2,12.1,2,1,866,left_to_right,Adelaide United,5,False,False,False,build_up,0,high_block,10,-38.95,5.3,3,center,1,defensive_third,False,-20.06,7.72,3,center,1,defensive_third,False,31.56,57.0,52.18,49.16,29.72,36.27,72.68,59.84
371,2016236,56804,56848,71:14.4,71:18.8,26,14,4.4,2,1,866,left_to_right,Adelaide United,1,True,False,False,create,1,medium_block,9,-19.43,6.23,3,center,1,defensive_third,False,15.2,-19.25,4,half_space_right,2,middle_third,False,57.09,50.28,49.26,60.74,36.27,40.75,59.64,51.68
372,2016236,56848,56921,71:18.8,71:26.1,26,18,7.3,2,2,1803,right_to_left,Western United,2,True,False,False,create,1,medium_block,9,-15.75,19.88,2,half_space_left,2,middle_third,False,23.0,19.43,2,half_space_left,3,attacking_third,False,40.98,39.81,51.66,63.19,49.96,43.46,61.12,58.5
373,2016236,56921,56966,71:26.1,71:30.6,26,26,4.5,2,1,866,left_to_right,Adelaide United,1,False,False,False,build_up,0,high_block,10,-23.77,-19.41,4,half_space_right,1,defensive_third,False,-20.45,-22.94,5,wide_right,1,defensive_third,False,43.57,46.15,58.49,54.76,39.69,38.52,63.61,59.66
374,2016236,56966,57103,71:30.6,71:44.3,26,30,13.7,2,1,866,left_to_right,Adelaide United,5,False,False,False,create,1,medium_block,9,-19.73,-22.4,5,wide_right,1,defensive_third,False,18.07,-29.36,5,wide_right,3,attacking_third,False,46.11,56.63,54.67,63.81,38.51,35.95,59.42,47.47
375,2016236,57103,57175,71:44.3,71:51.5,26,44,7.2,2,1,866,left_to_right,Adelaide United,2,True,False,False,finish,2,low_block,8,19.62,-28.02,5,wide_right,3,attacking_third,False,46.68,6.75,3,center,3,attacking_third,True,56.64,41.73,64.19,74.06,36.02,30.97,47.45,41.06
376,2016236,57175,57185,71:51.5,71:52.5,26,51,1.0,2,2,1803,right_to_left,Western United,1,True,False,False,chaotic,5,chaotic,5,-46.85,-8.33,3,center,1,defensive_third,False,-47.32,-17.92,4,half_space_right,1,defensive_third,False,31.25,33.89,41.0,40.4,41.36,38.37,74.18,77.39
377,2016236,57332,57343,72:07.2,72:08.3,27,7,1.1,2,1,866,left_to_right,Adelaide United,1,False,False,False,create,1,medium_block,9,,,2,half_space_left,2,middle_third,False,,,2,half_space_left,2,middle_third,False,,,,,,,,
378,2016236,57343,57386,72:08.3,72:12.6,27,8,4.3,2,1,866,left_to_right,Adelaide United,2,True,False,False,finish,2,low_block,8,17.48,20.45,1,wide_left,2,middle_third,False,24.71,8.08,3,center,3,attacking_third,False,43.84,56.37,66.05,60.32,36.29,33.7,21.94,28.87
379,2016236,57386,57461,72:12.6,72:20.1,27,12,7.5,2,2,1803,right_to_left,Western United,2,True,False,False,transition,4,defending_transition,11,-24.8,-8.97,3,center,1,defensive_third,False,4.06,-19.06,4,half_space_right,2,middle_third,False,33.52,34.22,28.84,56.99,56.44,38.01,60.31,57.95
380,2016236,57461,57496,72:20.1,72:23.6,27,20,3.5,2,1,866,left_to_right,Adelaide United,1,False,False,False,chaotic,5,chaotic,5,-3.66,18.89,2,half_space_left,2,middle_third,False,-0.59,5.02,3,center,2,middle_third,False,37.78,38.96,57.73,52.82,34.23,34.52,57.47,55.88
381,2016236,57713,57717,72:45.3,72:45.7,27,45,0.4,2,1,866,left_to_right,Adelaide United,1,False,False,False,direct,6,defending_direct,15,,,2,half_space_left,2,middle_third,False,,,2,half_space_left,2,middle_third,False,,,,,,,,
382,2016236,57717,58022,72:45.7,73:16.2,27,45,30.5,2,1,866,left_to_right,Adelaide United,8,True,False,False,finish,2,low_block,8,20.3,-29.36,5,wide_right,3,attacking_third,False,31.84,3.08,3,center,3,attacking_third,False,57.39,58.76,60.08,61.33,35.2,33.47,36.73,34.06
383,2016236,58022,58067,73:16.2,73:20.7,28,16,4.5,2,2,1803,right_to_left,Western United,2,True,False,False,chaotic,5,chaotic,5,-32.72,-3.6,3,center,1,defensive_third,False,-1.16,-9.91,4,half_space_right,2,middle_third,False,33.45,31.44,34.05,44.63,58.34,49.57,62.02,61.89
384,2016236,58067,58095,73:20.7,73:23.5,28,20,2.8,2,1,866,left_to_right,Adelaide United,1,False,False,True,create,1,medium_block,9,-0.27,9.5,2,half_space_left,2,middle_third,False,-19.92,9.7,2,half_space_left,1,defensive_third,False,49.66,53.29,61.78,51.2,31.51,35.74,45.18,61.13
385,2016236,58095,58187,73:23.5,73:32.7,28,23,9.2,2,1,866,left_to_right,Adelaide United,4,False,False,True,build_up,0,high_block,10,-20.31,9.67,2,half_space_left,1,defensive_third,False,-20.33,13.47,2,half_space_left,1,defensive_third,False,53.45,64.34,50.48,46.75,35.87,40.26,61.62,52.76
386,2016236,58187,58250,73:32.7,73:39.0,28,32,6.3,2,1,866,left_to_right,Adelaide United,2,False,False,True,create,1,medium_block,9,-19.86,13.53,2,half_space_left,1,defensive_third,False,23.96,30.35,1,wide_left,3,attacking_third,False,64.32,57.16,46.77,59.63,40.21,36.84,52.56,48.11
387,2016236,58250,58282,73:39.0,73:42.2,28,39,3.2,2,1,866,left_to_right,Adelaide United,2,True,False,True,finish,2,low_block,8,24.59,30.05,1,wide_left,3,attacking_third,False,51.15,6.37,3,center,3,attacking_third,True,56.69,44.11,60.12,74.48,36.67,29.62,48.1,47.85
388,2016236,58487,58518,74:02.7,74:05.8,29,2,3.1,2,2,1803,right_to_left,Western United,2,False,False,False,build_up,0,high_block,10,-48.19,8.72,3,center,1,defensive_third,False,-48.93,-0.06,3,center,1,defensive_third,False,57.61,59.78,52.97,49.82,41.54,42.6,68.4,77.65
389,2016236,58518,58551,74:05.8,74:09.1,29,5,3.3,2,2,1803,right_to_left,Western United,1,True,False,False,direct,6,defending_direct,15,-48.76,-0.11,3,center,1,defensive_third,False,-5.37,10.89,2,half_space_left,2,middle_third,False,59.7,48.73,49.76,51.28,42.59,36.71,77.75,71.96
390,2016236,58551,58669,74:09.1,74:20.9,29,9,11.8,2,1,866,left_to_right,Adelaide United,5,False,False,False,create,1,medium_block,9,4.75,-10.94,4,half_space_right,2,middle_third,False,7.88,-14.33,4,half_space_right,2,middle_third,False,36.43,50.37,71.76,57.93,48.37,32.97,51.37,35.75
391,2016236,58669,58747,74:20.9,74:28.7,29,20,7.8,2,1,866,left_to_right,Adelaide United,3,False,False,False,finish,2,low_block,8,8.18,-14.48,4,half_space_right,2,middle_third,False,5.89,-29.13,5,wide_right,2,middle_third,False,50.4,44.83,58.0,65.9,32.82,33.84,35.73,36.71
392,2016236,58747,58798,74:28.7,74:33.8,29,28,5.1,2,1,866,left_to_right,Adelaide United,1,False,False,False,create,1,medium_block,9,5.33,-29.12,5,wide_right,2,middle_third,False,5.81,-26.78,5,wide_right,2,middle_third,False,45.25,59.72,65.76,57.71,33.74,37.52,36.96,38.65
393,2016236,58798,58803,74:33.8,74:34.3,29,33,0.5,2,1,866,left_to_right,Adelaide United,1,False,False,False,finish,2,low_block,8,5.95,-26.59,5,wide_right,2,middle_third,False,5.61,-24.24,5,wide_right,2,middle_third,False,59.79,60.07,57.77,57.84,37.53,37.61,38.55,38.17
394,2016236,58803,58877,74:34.3,74:41.7,29,34,7.4,2,1,866,left_to_right,Adelaide United,2,False,False,False,create,1,medium_block,9,5.02,-22.91,5,wide_right,2,middle_third,False,4.64,15.56,2,half_space_left,2,middle_third,False,60.16,60.89,57.82,57.07,37.64,45.04,38.08,37.62
395,2016236,58877,58918,74:41.7,74:45.8,29,41,4.1,2,1,866,left_to_right,Adelaide United,2,True,False,False,finish,2,low_block,8,5.96,15.34,2,half_space_left,2,middle_third,False,22.75,24.61,1,wide_left,3,attacking_third,False,60.78,57.71,57.09,60.15,45.02,41.03,37.56,36.76
396,2016236,59098,59141,75:03.8,75:08.1,30,3,4.3,2,2,1803,right_to_left,Western United,2,False,False,False,build_up,0,high_block,10,-50.32,-2.48,3,center,1,defensive_third,False,-20.82,-15.58,4,half_space_right,1,defensive_third,False,58.8,52.29,49.34,47.7,41.92,38.17,71.3,73.79
397,2016236,59141,59144,75:08.1,75:08.4,30,8,0.3,2,2,1803,right_to_left,Western United,0,True,False,False,create,1,medium_block,9,-19.77,-15.82,4,half_space_right,1,defensive_third,False,-18.14,-16.47,4,half_space_right,1,defensive_third,False,51.79,50.79,47.58,47.25,37.92,37.39,73.49,72.84
398,2016236,59144,59271,75:08.4,75:21.1,30,8,12.7,2,1,866,left_to_right,Adelaide United,4,False,False,False,finish,2,low_block,8,17.59,16.83,2,half_space_left,2,middle_third,False,-19.74,15.19,2,half_space_left,1,defensive_third,False,37.11,30.02,72.51,42.36,50.3,36.76,47.09,57.56
399,2016236,59271,59281,75:21.1,75:22.1,30,21,1.0,2,1,866,left_to_right,Adelaide United,1,True,False,False,chaotic,5,chaotic,5,19.74,-15.54,4,half_space_right,3,attacking_third,False,17.82,-20.4,5,wide_right,3,attacking_third,False,36.84,38.69,57.58,57.97,30.23,31.97,42.49,43.54
400,2016236,59281,59318,75:22.1,75:25.8,30,22,3.7,2,2,1803,right_to_left,Western United,2,False,False,False,chaotic,5,chaotic,5,-17.71,20.83,1,wide_left,1,defensive_third,False,-23.39,20.99,1,wide_left,1,defensive_third,False,32.22,40.34,43.65,45.87,39.02,38.39,58.07,61.36
401,2016236,59865,59922,76:20.5,76:26.2,31,20,5.7,2,2,1803,right_to_left,Western United,2,True,False,False,create,1,medium_block,9,-27.27,5.9,3,center,1,defensive_third,False,0.81,-8.84,3,center,2,middle_third,False,53.25,48.06,50.18,48.09,36.55,40.61,56.75,57.68
402,2016236,59922,60014,76:26.2,76:35.4,31,26,9.2,2,1,866,left_to_right,Adelaide United,4,True,False,False,create,1,medium_block,9,-1.0,8.8,3,center,2,middle_third,False,13.4,25.07,1,wide_left,2,middle_third,False,40.74,58.32,57.58,53.78,47.66,36.49,47.89,39.6
403,2016236,60014,60027,76:35.4,76:36.7,31,35,1.3,2,2,1803,right_to_left,Western United,1,True,False,False,chaotic,5,chaotic,5,-13.73,-26.02,5,wide_right,2,middle_third,False,-11.68,-31.99,5,wide_right,2,middle_third,False,36.8,40.79,39.68,42.13,58.2,56.82,53.87,54.94
404,2016236,60027,60179,76:36.7,76:51.9,31,36,15.2,2,1,866,left_to_right,Adelaide United,4,True,False,False,create,1,medium_block,9,11.27,32.09,1,wide_left,2,middle_third,False,-1.72,23.77,1,wide_left,2,middle_third,False,56.83,52.5,55.01,60.88,41.07,34.55,42.34,47.71
405,2016236,60179,60219,76:51.9,76:55.9,31,51,4.0,2,2,1803,right_to_left,Western United,1,True,False,False,chaotic,5,chaotic,5,2.29,-23.66,5,wide_right,2,middle_third,False,4.81,-35.88,5,wide_right,2,middle_third,False,34.52,36.72,47.85,54.14,52.26,45.99,60.9,59.93
406,2016236,60259,60278,76:59.9,77:01.8,31,59,1.9,2,1,866,left_to_right,Adelaide United,2,False,False,False,create,1,medium_block,9,-5.87,33.57,1,wide_left,2,middle_third,False,-19.92,29.03,1,wide_left,1,defensive_third,False,47.55,50.82,57.36,55.78,35.62,32.83,48.8,50.62
407,2016236,60278,60334,77:01.8,77:07.4,32,1,5.6,2,1,866,left_to_right,Adelaide United,2,False,False,False,build_up,0,high_block,10,-20.35,28.79,1,wide_left,1,defensive_third,False,-20.03,-11.55,4,half_space_right,1,defensive_third,False,51.04,61.25,55.74,52.56,32.83,36.6,50.8,51.5
408,2016236,60334,60357,77:07.4,77:09.7,32,7,2.3,2,1,866,left_to_right,Adelaide United,1,False,False,False,create,1,medium_block,9,-19.91,-12.08,4,half_space_right,1,defensive_third,False,0.23,-27.48,5,wide_right,2,middle_third,False,61.43,61.93,52.57,54.93,36.63,41.94,51.39,49.23
409,2016236,60417,60445,77:15.7,77:18.5,32,15,2.8,2,1,866,left_to_right,Adelaide United,2,False,False,False,create,1,medium_block,9,-5.28,-33.98,5,wide_right,2,middle_third,False,-19.63,-23.73,5,wide_right,1,defensive_third,False,60.99,61.54,55.87,55.63,41.25,39.4,49.56,53.71
410,2016236,60445,60550,77:18.5,77:29.0,32,18,10.5,2,1,866,left_to_right,Adelaide United,3,False,False,False,build_up,0,high_block,10,-20.17,-22.07,5,wide_right,1,defensive_third,False,-44.29,-28.9,5,wide_right,1,defensive_third,False,61.54,63.33,55.55,51.22,39.39,40.41,53.92,74.64
411,2016236,60550,60574,77:29.0,77:31.4,32,29,2.4,2,1,866,left_to_right,Adelaide United,1,True,False,False,direct,6,defending_direct,15,-43.87,-29.04,5,wide_right,1,defensive_third,False,-8.23,-25.42,5,wide_right,2,middle_third,False,63.13,56.14,51.28,49.92,40.36,38.48,74.72,71.87
412,2016236,60574,60607,77:31.4,77:34.7,32,31,3.3,2,2,1803,right_to_left,Western United,2,True,False,False,chaotic,5,chaotic,5,7.69,24.91,1,wide_left,2,middle_third,False,13.04,12.55,2,half_space_left,2,middle_third,False,38.31,34.36,71.65,64.12,55.67,39.33,49.74,44.78
413,2016236,60607,60701,77:34.7,77:44.1,32,34,9.4,2,1,866,left_to_right,Adelaide United,3,False,True,True,create,1,medium_block,9,-13.9,-12.36,4,half_space_right,2,middle_third,False,17.06,20.63,1,wide_left,2,middle_third,False,38.85,49.42,44.73,61.93,34.28,33.11,63.91,53.53
414,2016236,60701,60897,77:44.1,78:03.7,32,44,19.6,2,1,866,left_to_right,Adelaide United,6,False,True,True,finish,2,low_block,8,17.79,21.41,1,wide_left,3,attacking_third,False,54.46,1.52,3,center,3,attacking_third,False,49.45,32.42,62.1,74.94,33.38,29.45,53.36,29.71
415,2016236,61452,61564,78:59.2,79:10.4,33,59,11.2,2,2,1803,right_to_left,Western United,4,True,False,False,create,1,medium_block,9,-0.37,1.27,3,center,2,middle_third,False,15.22,23.82,1,wide_left,2,middle_third,False,55.65,48.36,42.75,60.56,39.17,40.83,41.77,55.6
416,2016236,61564,61576,79:10.4,79:11.6,34,10,1.2,2,1,866,left_to_right,Adelaide United,0,False,False,False,create,1,medium_block,9,-16.17,-24.3,5,wide_right,2,middle_third,False,-19.99,-25.52,5,wide_right,1,defensive_third,False,40.92,41.79,55.66,55.59,48.0,43.99,60.8,60.92
417,2016236,61576,61656,79:11.6,79:19.6,34,11,8.0,2,1,866,left_to_right,Adelaide United,3,False,False,False,build_up,0,high_block,10,-20.13,-25.55,5,wide_right,1,defensive_third,False,-34.95,-2.56,3,center,1,defensive_third,False,41.77,53.28,55.45,46.74,43.59,37.94,60.73,71.41
418,2016236,61656,61675,79:19.6,79:21.5,34,19,1.9,2,1,866,left_to_right,Adelaide United,1,True,False,False,direct,6,defending_direct,15,-34.58,-3.04,3,center,1,defensive_third,False,3.81,-13.34,4,half_space_right,2,middle_third,False,53.31,53.17,46.62,46.41,37.97,36.95,71.03,66.91
419,2016236,61675,61684,79:21.5,79:22.4,34,21,0.9,2,2,1803,right_to_left,Western United,1,True,False,False,chaotic,5,chaotic,5,-4.89,13.59,2,half_space_left,2,middle_third,False,-0.18,13.4,2,half_space_left,2,middle_third,False,36.85,35.92,66.84,66.12,53.01,51.44,46.3,45.01
420,2016236,61684,61728,79:22.4,79:26.8,34,22,4.4,2,1,866,left_to_right,Adelaide United,2,False,False,True,create,1,medium_block,9,-0.1,-13.46,4,half_space_right,2,middle_third,False,19.12,8.78,3,center,3,attacking_third,False,51.22,46.68,44.91,59.73,35.78,31.17,66.01,63.42
421,2016236,61728,61852,79:26.8,79:39.2,34,26,12.4,2,1,866,left_to_right,Adelaide United,3,True,False,True,finish,2,low_block,8,19.87,10.31,2,half_space_left,3,attacking_third,False,51.16,8.84,3,center,3,attacking_third,True,46.67,31.76,60.07,78.36,31.52,23.52,63.31,43.76
422,2016236,62248,62290,80:18.8,80:23.0,35,18,4.2,2,2,1803,right_to_left,Western United,1,True,False,False,direct,6,defending_direct,15,-38.68,-13.33,4,half_space_right,1,defensive_third,False,8.62,-25.57,5,wide_right,2,middle_third,False,30.35,23.03,53.43,56.55,22.14,22.25,43.03,43.62
423,2016236,62290,62629,80:23.0,80:56.9,35,23,33.9,2,1,866,left_to_right,Adelaide United,10,True,False,False,create,1,medium_block,9,-8.94,25.51,1,wide_left,2,middle_third,False,-3.27,12.51,2,half_space_left,2,middle_third,False,22.3,60.97,43.78,55.09,23.02,41.03,56.49,47.77
424,2016236,62629,62669,80:56.9,81:00.9,35,56,4.0,2,2,1803,right_to_left,Western United,2,True,False,False,chaotic,5,chaotic,5,3.04,-12.56,4,half_space_right,2,middle_third,False,4.49,12.02,2,half_space_left,2,middle_third,False,40.91,39.18,47.78,51.01,60.83,52.09,55.1,53.84
425,2016236,62669,62762,81:00.9,81:10.2,36,0,9.3,2,1,866,left_to_right,Adelaide United,3,True,False,False,create,1,medium_block,9,-4.58,-12.37,4,half_space_right,2,middle_third,False,45.49,-10.35,4,half_space_right,3,attacking_third,True,52.13,41.86,53.77,76.13,39.08,41.43,51.25,45.35
426,2016236,62762,63016,81:10.2,81:35.6,36,10,25.4,2,2,1803,right_to_left,Western United,3,False,False,False,create,1,medium_block,9,-45.83,10.0,2,half_space_left,1,defensive_third,False,18.5,18.07,2,half_space_left,3,attacking_third,False,41.4,41.99,45.06,62.19,41.62,36.2,76.45,47.39
427,2016236,63016,63053,81:35.6,81:39.3,36,35,3.7,2,2,1803,right_to_left,Western United,2,True,False,False,finish,2,low_block,8,18.91,18.0,2,half_space_left,3,attacking_third,False,31.76,4.6,3,center,3,attacking_third,False,42.31,41.76,62.32,67.34,36.3,36.83,47.39,43.93
428,2016236,63053,63103,81:39.3,81:44.3,36,39,5.0,2,1,866,left_to_right,Adelaide United,3,False,False,False,build_up,0,high_block,10,-33.22,-5.42,3,center,1,defensive_third,False,-44.06,-19.06,4,half_space_right,1,defensive_third,False,36.79,41.74,43.8,39.93,41.48,32.18,67.54,69.12
429,2016236,63103,63133,81:44.3,81:47.3,36,44,3.0,2,1,866,left_to_right,Adelaide United,1,True,False,False,direct,6,defending_direct,15,-44.08,-19.33,4,half_space_right,1,defensive_third,False,-4.73,-19.34,4,half_space_right,2,middle_third,False,42.18,45.92,40.03,44.65,32.21,30.17,69.04,68.61
430,2016236,63133,63192,81:47.3,81:53.2,36,47,5.9,2,2,1803,right_to_left,Western United,2,False,False,False,chaotic,5,chaotic,5,4.1,19.38,2,half_space_left,2,middle_third,False,21.55,25.46,1,wide_left,3,attacking_third,False,30.11,35.07,68.53,59.73,45.77,38.36,44.68,44.19
431,2016236,63361,63561,82:10.1,82:30.1,37,10,20.0,2,2,1803,right_to_left,Western United,7,False,False,False,set_play,7,defending_set_play,13,24.64,35.06,1,wide_left,3,attacking_third,False,49.62,-19.71,4,half_space_right,3,attacking_third,True,37.24,36.08,69.72,73.73,30.06,40.19,37.7,46.04
432,2016236,63561,63572,82:30.1,82:31.2,37,30,1.1,2,2,1803,right_to_left,Western United,0,True,False,False,chaotic,5,chaotic,5,49.89,-20.15,4,half_space_right,3,attacking_third,True,51.44,-24.28,5,wide_right,3,attacking_third,False,36.1,36.1,73.97,76.26,40.52,45.48,46.1,45.87
433,2016236,63572,63666,82:31.2,82:40.6,37,31,9.4,2,1,866,left_to_right,Adelaide United,3,True,False,False,build_up,0,high_block,10,-51.47,24.54,1,wide_left,1,defensive_third,False,-20.0,30.56,1,wide_left,1,defensive_third,False,45.93,50.08,45.84,42.4,36.12,39.72,76.23,65.9
434,2016236,63666,63740,82:40.6,82:48.0,37,40,7.4,2,2,1803,right_to_left,Western United,4,True,False,True,quick_break,3,defending_quick_break,12,19.78,-30.36,5,wide_right,3,attacking_third,False,44.92,0.28,3,center,3,attacking_third,True,39.77,27.88,65.84,72.76,50.09,48.07,42.46,41.66
435,2016236,63740,63932,82:48.0,83:07.2,37,48,19.2,2,1,866,left_to_right,Adelaide United,1,False,False,False,build_up,0,high_block,10,-45.93,-1.03,3,center,1,defensive_third,False,,,2,half_space_left,2,middle_third,False,48.09,,41.56,,27.69,,73.03,
436,2016236,63932,63935,83:07.2,83:07.5,38,7,0.3,2,1,866,left_to_right,Adelaide United,0,True,False,False,create,1,medium_block,9,35.15,-24.45,5,wide_right,3,attacking_third,False,36.04,-24.47,5,wide_right,3,attacking_third,False,35.58,35.4,65.89,66.67,33.27,33.61,51.52,51.36
437,2016236,63935,64003,83:07.5,83:14.3,38,7,6.8,2,2,1803,right_to_left,Western United,3,False,False,False,build_up,0,high_block,10,-36.12,23.96,1,wide_left,1,defensive_third,False,-20.08,33.18,1,wide_left,1,defensive_third,False,33.82,42.59,51.32,50.31,35.31,39.43,67.05,70.27
438,2016236,64003,64092,83:14.3,83:23.2,38,14,8.9,2,2,1803,right_to_left,Western United,4,True,False,False,create,1,medium_block,9,-19.75,33.11,1,wide_left,1,defensive_third,False,10.88,22.3,1,wide_left,2,middle_third,False,42.51,42.55,50.27,55.06,39.41,38.34,69.81,61.17
439,2016236,64227,64441,83:36.7,83:58.1,38,36,21.4,2,1,866,left_to_right,Adelaide United,5,False,False,False,create,1,medium_block,9,,,2,half_space_left,2,middle_third,False,17.15,27.25,1,wide_left,2,middle_third,False,,55.64,,60.31,,41.68,,36.75
440,2016236,64441,64495,83:58.1,84:03.5,38,58,5.4,2,1,866,left_to_right,Adelaide United,1,True,False,False,finish,2,low_block,8,17.39,27.63,1,wide_left,2,middle_third,False,36.18,29.42,1,wide_left,3,attacking_third,False,55.66,52.11,60.4,65.79,41.68,42.42,36.57,33.53
441,2016236,64495,64729,84:03.5,84:26.9,39,3,23.4,2,2,1803,right_to_left,Western United,4,False,False,False,transition,4,defending_transition,11,-36.26,-29.09,5,wide_right,1,defensive_third,False,48.23,-35.81,5,wide_right,3,attacking_third,False,42.47,30.09,33.55,78.77,51.97,34.87,65.82,45.87
442,2016236,64893,64956,84:43.3,84:49.6,39,43,6.3,2,2,1803,right_to_left,Western United,4,False,False,False,finish,2,low_block,8,43.41,-33.1,5,wide_right,3,attacking_third,False,-32.28,15.12,2,half_space_left,1,defensive_third,False,32.67,29.98,74.98,35.36,26.19,31.49,32.87,65.76
443,2016236,64956,64992,84:49.6,84:53.2,39,49,3.6,2,2,1803,right_to_left,Western United,2,False,False,False,chaotic,5,chaotic,5,32.22,-15.07,4,half_space_right,3,attacking_third,False,53.27,-17.82,4,half_space_right,3,attacking_third,False,31.37,27.79,65.86,74.25,29.99,29.0,35.38,34.11
444,2016236,65407,65434,85:34.7,85:37.4,40,34,2.7,2,2,1803,right_to_left,Western United,1,True,False,False,set_play,7,defending_set_play,13,51.58,-31.3,5,wide_right,3,attacking_third,False,41.4,-10.59,4,half_space_right,3,attacking_third,True,35.2,34.46,71.72,66.15,13.9,20.05,12.97,14.15
445,2016236,65434,65467,85:37.4,85:40.7,40,37,3.3,2,1,866,left_to_right,Adelaide United,1,True,False,False,chaotic,5,chaotic,5,-41.19,11.49,2,half_space_left,1,defensive_third,False,-29.28,28.13,1,wide_left,1,defensive_third,False,20.48,36.89,14.24,24.44,34.38,31.55,65.94,60.33
446,2016236,65467,65530,85:40.7,85:47.0,40,40,6.3,2,2,1803,right_to_left,Western United,1,False,False,False,finish,2,low_block,8,29.31,-28.58,5,wide_right,3,attacking_third,False,28.17,-32.68,5,wide_right,3,attacking_third,False,32.0,31.54,60.16,61.62,37.11,38.79,24.89,26.42
447,2016236,65704,65743,86:04.4,86:08.3,41,4,3.9,2,2,1803,right_to_left,Western United,3,True,False,True,finish,2,low_block,8,24.83,-30.81,5,wide_right,3,attacking_third,False,45.7,-3.82,3,center,3,attacking_third,True,39.63,34.39,65.82,66.6,36.66,31.59,39.05,37.63
448,2016236,65743,65961,86:08.3,86:30.1,41,8,21.8,2,1,866,left_to_right,Adelaide United,5,False,False,False,build_up,0,high_block,10,-46.99,3.3,3,center,1,defensive_third,False,-20.05,9.01,3,center,1,defensive_third,False,31.71,63.28,37.7,50.6,34.29,38.22,67.01,49.43
449,2016236,65961,66126,86:30.1,86:46.6,41,30,16.5,2,1,866,left_to_right,Adelaide United,5,False,False,False,create,1,medium_block,9,-19.67,8.81,3,center,1,defensive_third,False,14.45,28.0,1,wide_left,2,middle_third,False,63.28,56.56,50.6,57.15,38.27,46.63,49.25,42.46
450,2016236,66126,66199,86:46.6,86:53.9,41,46,7.3,2,1,866,left_to_right,Adelaide United,1,True,False,False,finish,2,low_block,8,14.96,27.6,1,wide_left,2,middle_third,False,52.51,-0.74,3,center,3,attacking_third,True,56.03,36.53,57.34,84.13,46.32,30.02,42.67,43.52
451,2016236,66619,66648,87:35.9,87:38.8,42,35,2.9,2,2,1803,right_to_left,Western United,1,True,False,False,direct,6,defending_direct,15,,,2,half_space_left,2,middle_third,False,13.42,18.33,2,half_space_left,2,middle_third,False,,21.89,,55.26,,25.08,,57.28
452,2016236,66648,66660,87:38.8,87:40.0,42,38,1.2,2,1,866,left_to_right,Adelaide United,1,True,False,False,chaotic,5,chaotic,5,-13.35,-18.54,4,half_space_right,2,middle_third,False,-4.23,-24.01,5,wide_right,2,middle_third,False,25.03,24.79,57.17,55.01,21.92,22.63,55.32,56.26
453,2016236,66660,66718,87:40.0,87:45.8,42,40,5.8,2,2,1803,right_to_left,Western United,2,True,False,False,chaotic,5,chaotic,5,3.6,24.59,1,wide_left,2,middle_third,False,15.28,32.74,1,wide_left,2,middle_third,False,22.74,31.78,56.35,60.88,24.7,31.07,54.79,48.91
454,2016236,66827,66883,87:56.7,88:02.3,42,56,5.6,2,1,866,left_to_right,Adelaide United,2,False,False,False,build_up,0,high_block,10,-26.29,-31.32,5,wide_right,1,defensive_third,False,-20.42,-34.07,5,wide_right,1,defensive_third,False,42.9,48.33,50.58,51.85,33.96,36.85,55.32,59.58
455,2016236,66883,66933,88:02.3,88:07.3,43,2,5.0,2,1,866,left_to_right,Adelaide United,3,True,False,False,create,1,medium_block,9,-19.77,-33.9,5,wide_right,1,defensive_third,False,8.35,-11.19,4,half_space_right,2,middle_third,False,48.29,47.88,51.87,52.95,37.0,31.32,59.67,52.83
456,2016236,66933,66994,88:07.3,88:13.4,43,7,6.1,2,2,1803,right_to_left,Western United,2,True,False,False,chaotic,5,chaotic,5,-8.73,10.89,2,half_space_left,2,middle_third,False,21.66,-6.7,3,center,3,attacking_third,False,31.23,35.81,52.75,59.53,47.67,39.18,53.14,52.8
457,2016236,66994,67001,88:13.4,88:14.1,43,13,0.7,2,1,866,left_to_right,Adelaide United,1,False,False,False,chaotic,5,chaotic,5,-21.45,6.69,3,center,1,defensive_third,False,-15.99,8.45,3,center,2,middle_third,False,39.11,38.58,52.7,52.12,35.93,36.66,59.52,59.83
458,2016236,67343,67543,88:48.3,89:08.3,43,48,20.0,2,1,866,left_to_right,Adelaide United,10,True,False,False,set_play,7,defending_set_play,13,-1.71,7.28,3,center,2,middle_third,False,-22.83,-24.34,5,wide_right,1,defensive_third,False,38.8,37.59,45.06,39.76,33.37,33.07,33.57,67.64
459,2016236,67543,67616,89:08.3,89:15.6,44,8,7.3,2,2,1803,right_to_left,Western United,1,False,False,False,transition,4,defending_transition,11,-21.87,-24.72,5,wide_right,1,defensive_third,False,12.03,-22.45,5,wide_right,2,middle_third,False,37.99,32.66,39.89,62.75,32.8,32.11,67.72,62.02
460,2016236,67616,67661,89:15.6,89:20.1,44,15,4.5,2,2,1803,right_to_left,Western United,1,True,False,False,create,1,medium_block,9,12.59,-22.45,5,wide_right,2,middle_third,False,9.84,-31.05,5,wide_right,2,middle_third,False,32.66,37.84,62.84,62.83,32.27,47.03,61.82,55.21
461,2016236,67661,67699,89:20.1,89:23.9,44,20,3.8,2,1,866,left_to_right,Adelaide United,1,False,False,False,chaotic,5,chaotic,5,-9.24,31.44,1,wide_left,2,middle_third,False,2.67,33.61,1,wide_left,2,middle_third,False,47.27,48.41,55.12,58.45,37.66,39.73,62.77,58.85
462,2016236,67725,67851,89:26.5,89:39.1,44,26,12.6,2,1,866,left_to_right,Adelaide United,6,True,False,False,create,1,medium_block,9,-1.08,33.66,1,wide_left,2,middle_third,False,13.79,-23.72,5,wide_right,2,middle_third,False,53.73,53.78,56.69,59.69,37.03,40.14,50.01,41.9
463,2016236,67851,67883,89:39.1,89:42.3,44,39,3.2,2,2,1803,right_to_left,Western United,1,True,False,False,chaotic,5,chaotic,5,-14.09,23.43,1,wide_left,2,middle_third,False,5.46,18.73,2,half_space_left,2,middle_third,False,39.97,35.28,41.9,49.22,53.53,45.57,59.75,61.11
464,2016236,67883,67898,89:42.3,89:43.8,44,42,1.5,2,1,866,left_to_right,Adelaide United,1,False,False,False,create,1,medium_block,9,-7.09,-19.15,4,half_space_right,2,middle_third,False,-19.77,-17.62,4,half_space_right,1,defensive_third,False,45.4,43.59,61.21,61.82,35.21,34.66,49.43,55.19
465,2016236,67898,67961,89:43.8,89:50.1,44,43,6.3,2,1,866,left_to_right,Adelaide United,2,False,False,False,build_up,0,high_block,10,-20.34,-17.48,4,half_space_right,1,defensive_third,False,-42.1,5.47,3,center,1,defensive_third,False,43.48,44.8,61.86,47.66,34.65,36.45,55.77,71.49
466,2016236,67961,67992,89:50.1,89:53.2,44,50,3.1,2,1,866,left_to_right,Adelaide United,1,True,False,False,direct,6,defending_direct,15,-41.82,5.64,3,center,1,defensive_third,False,1.86,22.81,1,wide_left,2,middle_third,False,44.84,43.51,47.24,51.54,36.49,37.52,71.34,67.86
467,2016236,68298,68362,90:23.8,90:30.2,45,23,6.4,2,2,1803,right_to_left,Western United,1,True,False,False,direct,6,defending_direct,15,5.43,-13.09,4,half_space_right,2,middle_third,False,49.75,17.91,2,half_space_left,3,attacking_third,True,45.94,34.17,58.02,71.86,33.12,37.65,45.4,50.88
468,2016236,68362,68431,90:30.2,90:37.1,45,30,6.9,2,1,866,left_to_right,Adelaide United,1,False,False,False,build_up,0,high_block,10,-49.99,-17.89,4,half_space_right,1,defensive_third,False,-37.35,-7.27,3,center,1,defensive_third,False,37.96,43.44,51.1,48.69,34.16,31.49,71.94,65.56
469,2016236,68431,68467,90:37.1,90:40.7,45,37,3.6,2,1,866,left_to_right,Adelaide United,1,False,False,False,direct,6,defending_direct,15,-36.65,-7.29,3,center,1,defensive_third,False,9.71,-15.48,4,half_space_right,2,middle_third,False,43.41,32.33,48.59,54.28,31.43,27.24,65.54,60.2
470,2016236,68692,68702,91:03.2,91:04.2,46,3,1.0,2,1,866,left_to_right,Adelaide United,1,True,False,False,set_play,7,defending_set_play,13,10.01,-2.27,3,center,2,middle_third,False,20.05,3.26,3,center,3,attacking_third,False,38.17,36.3,60.26,61.47,29.47,28.97,37.09,36.57
471,2016236,69003,69046,91:34.3,91:38.6,46,34,4.3,2,2,1803,right_to_left,Western United,1,True,False,False,direct,6,defending_direct,15,-25.76,-12.23,4,half_space_right,1,defensive_third,False,17.57,-31.49,5,wide_right,2,middle_third,False,32.94,32.01,53.49,57.93,31.58,36.99,43.13,45.89
472,2016236,69046,69060,91:38.6,91:40.0,46,38,1.4,2,1,866,left_to_right,Adelaide United,1,True,False,False,chaotic,5,chaotic,5,-17.7,31.46,1,wide_left,1,defensive_third,False,-9.71,29.39,1,wide_left,2,middle_third,False,37.14,36.91,45.91,45.35,32.11,32.09,57.96,57.53
473,2016236,69060,69075,91:40.0,91:41.5,46,40,1.5,2,2,1803,right_to_left,Western United,1,True,False,False,chaotic,5,chaotic,5,9.2,-29.05,5,wide_right,2,middle_third,False,17.53,-28.04,5,wide_right,2,middle_third,False,31.91,29.61,57.48,58.24,36.78,32.45,45.25,44.47
474,2016236,69075,69098,91:41.5,91:43.8,46,41,2.3,2,1,866,left_to_right,Adelaide United,1,False,False,False,chaotic,5,chaotic,5,-18.71,28.18,1,wide_left,1,defensive_third,False,-33.87,34.99,1,wide_left,1,defensive_third,False,32.32,33.33,44.52,45.56,29.65,31.72,58.4,66.09
475,2016236,69381,69406,92:12.1,92:14.6,47,12,2.5,2,1,866,left_to_right,Adelaide United,2,False,False,False,chaotic,5,chaotic,5,-27.41,32.23,1,wide_left,1,defensive_third,False,-40.65,21.56,1,wide_left,1,defensive_third,False,56.11,58.05,48.43,47.1,33.51,34.05,61.74,68.39
476,2016236,69406,69443,92:14.6,92:18.3,47,14,3.7,2,1,866,left_to_right,Adelaide United,1,False,False,False,direct,6,defending_direct,15,-40.18,21.07,1,wide_left,1,defensive_third,False,-0.39,3.98,3,center,2,middle_third,False,58.15,47.08,47.02,48.07,34.08,26.83,68.67,66.41
477,2016236,69697,69897,92:43.7,93:03.7,47,43,20.0,2,1,866,left_to_right,Adelaide United,7,False,False,False,set_play,7,defending_set_play,13,10.21,2.18,3,center,2,middle_third,False,32.63,8.59,3,center,3,attacking_third,False,26.93,45.5,61.06,64.5,23.1,30.73,16.71,33.32
478,2016236,69897,69953,93:03.7,93:09.3,48,3,5.6,2,1,866,left_to_right,Adelaide United,1,True,False,True,finish,2,low_block,8,33.45,8.73,3,center,3,attacking_third,False,49.96,2.01,3,center,3,attacking_third,True,45.21,36.47,64.65,64.53,30.58,15.56,33.45,38.38
479,2016236,69953,70188,93:09.3,93:32.8,48,9,23.5,2,2,1803,right_to_left,Western United,1,True,False,False,create,1,medium_block,9,-50.6,-2.21,3,center,1,defensive_third,False,24.52,26.45,1,wide_left,3,attacking_third,False,15.64,37.53,38.43,61.29,36.42,44.32,64.62,51.45
480,2016236,70188,70227,93:32.8,93:36.7,48,32,3.9,2,1,866,left_to_right,Adelaide United,1,False,False,False,chaotic,5,chaotic,5,-25.01,-26.17,5,wide_right,1,defensive_third,False,-40.19,-9.02,3,center,1,defensive_third,False,44.57,52.29,51.41,45.25,37.43,35.54,61.5,69.03
481,2016236,70227,70266,93:36.7,93:40.6,48,36,3.9,2,1,866,left_to_right,Adelaide United,1,True,False,False,direct,6,defending_direct,15,-39.68,-8.87,3,center,1,defensive_third,False,13.93,-14.84,4,half_space_right,2,middle_third,False,52.42,40.69,44.97,56.96,35.72,31.53,69.29,63.51
482,2016236,70266,70341,93:40.6,93:48.1,48,40,7.5,2,2,1803,right_to_left,Western United,1,True,False,False,chaotic,5,chaotic,5,-13.96,14.97,2,half_space_left,2,middle_third,False,0.44,-27.45,5,wide_right,2,middle_third,False,31.3,39.06,63.27,46.29,40.22,40.54,57.42,54.79
483,2016236,70341,70356,93:48.1,93:49.6,48,48,1.5,2,1,866,left_to_right,Adelaide United,1,False,False,False,chaotic,5,chaotic,5,-0.53,27.9,1,wide_left,2,middle_third,False,0.77,29.08,1,wide_left,2,middle_third,False,40.67,43.38,54.73,54.17,39.16,38.81,46.27,45.88
484,2016236,70447,70477,93:58.7,94:01.7,48,58,3.0,2,1,866,left_to_right,Adelaide United,2,False,False,False,chaotic,5,chaotic,5,2.29,34.54,1,wide_left,2,middle_third,False,-8.6,20.56,1,wide_left,2,middle_third,False,45.23,45.44,58.77,57.54,32.11,31.58,40.68,45.96
