index,match_id,frame_start,frame_end,time_start,time_end,minute_start,second_start,duration,period,attacking_side_id,team_in_possession_id,attacking_side,team_in_possession_shortname,n_player_possessions_in_phase,team_possession_loss_in_phase,team_possession_lead_to_goal,team_possession_lead_to_shot,team_in_possession_phase_type,team_in_possession_phase_type_id,team_out_of_possession_phase_type,team_out_of_possession_phase_type_id,x_start,y_start,channel_id_start,channel_start,third_id_start,third_start,penalty_area_start,x_end,y_end,channel_id_end,channel_end,third_id_end,third_end,penalty_area_end,team_in_possession_width_start,team_in_possession_width_end,team_in_possession_length_start,team_in_possession_length_end,team_out_of_possession_width_start,team_out_of_possession_width_end,team_out_of_possession_length_start,team_out_of_possession_length_end
0,1996435,95,109,00:08.5,00:09.9,0,8,1.4,1,2,866,right_to_left,Adelaide United,1,False,False,False,create,1,medium_block,9,-0.47,0.16,3,center,2,middle_third,False,-19.48,0.54,3,center,1,defensive_third,False,39.06,37.19,38.23,42.69,34.06,33.6,41.7,45.4
1,1996435,109,137,00:09.9,00:12.7,0,9,2.8,1,2,866,right_to_left,Adelaide United,1,False,False,False,build_up,0,high_block,10,-20.45,0.55,3,center,1,defensive_third,False,-23.45,-0.06,3,center,1,defensive_third,False,36.99,31.0,43.22,55.23,33.48,28.27,45.76,53.72
2,1996435,137,170,00:12.7,00:16.0,0,12,3.3,1,2,866,right_to_left,Adelaide United,1,True,False,False,direct,6,defending_direct,15,-21.7,0.54,3,center,1,defensive_third,False,26.13,10.58,2,half_space_left,3,attacking_third,False,30.74,21.29,55.5,66.99,28.14,21.39,53.73,45.57
3,1996435,170,189,00:16.0,00:17.9,0,16,1.9,1,1,869,left_to_right,Sydney FC,1,True,False,False,chaotic,5,chaotic,5,-26.32,-10.52,4,half_space_right,1,defensive_third,False,-13.99,-3.66,3,center,2,middle_third,False,20.98,16.63,45.28,42.02,20.97,17.1,67.22,67.68
4,1996435,189,207,00:17.9,00:19.7,0,17,1.8,1,2,866,right_to_left,Adelaide United,1,True,False,False,chaotic,5,chaotic,5,13.72,3.46,3,center,2,middle_third,False,22.82,5.42,3,center,3,attacking_third,False,17.08,19.28,67.56,63.04,16.65,18.33,41.88,40.94
5,1996435,207,214,00:19.7,00:20.4,0,19,0.7,1,1,869,left_to_right,Sydney FC,1,True,False,False,chaotic,5,chaotic,5,-23.02,-5.56,3,center,1,defensive_third,False,-18.85,-5.39,3,center,1,defensive_third,False,18.42,19.17,40.92,40.85,19.33,19.73,62.76,61.42
6,1996435,214,292,00:20.4,00:28.2,0,20,7.8,1,2,866,right_to_left,Adelaide United,2,True,False,False,chaotic,5,chaotic,5,18.11,5.34,3,center,3,attacking_third,False,21.71,6.07,3,center,3,attacking_third,False,19.83,19.13,61.3,58.41,19.35,18.04,40.87,41.28
7,1996435,292,322,00:28.2,00:31.2,0,28,3.0,1,1,869,left_to_right,Sydney FC,2,False,False,False,chaotic,5,chaotic,5,-21.94,-5.5,3,center,1,defensive_third,False,-23.98,18.66,2,half_space_left,1,defensive_third,False,18.2,31.39,41.42,45.99,19.17,28.32,58.13,59.6
8,1996435,322,374,00:31.2,00:36.4,0,31,5.2,1,1,869,left_to_right,Sydney FC,1,True,False,False,direct,6,defending_direct,15,-23.74,19.0,2,half_space_left,1,defensive_third,False,38.12,13.5,2,half_space_left,3,attacking_third,True,31.73,35.49,46.1,50.59,28.66,47.13,59.73,56.45
9,1996435,374,462,00:36.4,00:45.2,0,36,8.8,1,2,866,right_to_left,Adelaide United,4,False,False,False,build_up,0,high_block,10,-38.35,-13.31,4,half_space_right,1,defensive_third,False,-20.59,30.83,1,wide_left,1,defensive_third,False,47.46,62.9,56.11,50.83,35.47,39.69,50.61,60.98
10,1996435,462,487,00:45.2,00:47.7,0,45,2.5,1,2,866,right_to_left,Adelaide United,2,True,False,False,create,1,medium_block,9,-19.43,31.09,1,wide_left,1,defensive_third,False,4.89,27.71,1,wide_left,2,middle_third,False,62.8,54.23,50.85,48.87,39.66,35.24,60.93,60.17
11,1996435,487,505,00:47.7,00:49.5,0,47,1.8,1,1,869,left_to_right,Sydney FC,1,False,False,False,create,1,medium_block,9,-6.08,-27.71,5,wide_right,2,middle_third,False,-19.97,-26.13,5,wide_right,1,defensive_third,False,35.11,35.48,60.23,61.18,54.0,49.97,48.86,51.72
12,1996435,505,587,00:49.5,00:57.7,0,49,8.2,1,1,869,left_to_right,Sydney FC,3,False,False,False,build_up,0,high_block,10,-20.55,-25.94,5,wide_right,1,defensive_third,False,-20.09,-30.56,5,wide_right,1,defensive_third,False,35.68,53.0,61.24,48.84,49.92,36.28,51.95,75.91
13,1996435,587,691,00:57.7,01:08.1,0,57,10.4,1,1,869,left_to_right,Sydney FC,3,False,False,False,create,1,medium_block,9,-19.71,-30.64,5,wide_right,1,defensive_third,False,-19.67,-9.33,4,half_space_right,1,defensive_third,False,52.79,54.18,48.77,47.95,36.4,32.9,75.7,55.11
14,1996435,691,799,01:08.1,01:18.9,1,8,10.8,1,1,869,left_to_right,Sydney FC,5,False,False,False,build_up,0,high_block,10,-20.83,-8.6,3,center,1,defensive_third,False,-20.35,-5.83,3,center,1,defensive_third,False,54.25,58.45,47.91,44.84,32.92,28.47,55.47,61.22
15,1996435,799,845,01:18.9,01:23.5,1,18,4.6,1,1,869,left_to_right,Sydney FC,2,True,False,False,create,1,medium_block,9,-19.78,-5.12,3,center,1,defensive_third,False,11.25,25.1,1,wide_left,2,middle_third,False,58.37,52.35,44.96,53.37,28.39,40.7,61.06,55.4
16,1996435,845,936,01:23.5,01:32.6,1,23,9.1,1,2,866,right_to_left,Adelaide United,2,True,False,False,chaotic,5,chaotic,5,-11.86,-24.0,5,wide_right,2,middle_third,False,-23.47,-21.81,5,wide_right,1,defensive_third,False,40.98,27.97,55.32,43.6,51.84,23.7,53.58,58.16
17,1996435,936,1532,01:32.6,02:32.2,1,32,59.6,1,1,869,left_to_right,Sydney FC,22,True,False,False,finish,2,low_block,8,23.45,22.15,1,wide_left,3,attacking_third,False,30.86,1.98,3,center,3,attacking_third,False,23.69,33.72,58.06,61.16,28.08,22.18,43.55,30.21
18,1996435,1532,1701,02:32.2,02:49.1,2,32,16.9,1,2,866,right_to_left,Adelaide United,3,False,False,False,build_up,0,high_block,10,-31.4,-1.61,3,center,1,defensive_third,False,-20.74,31.48,1,wide_left,1,defensive_third,False,22.36,61.69,30.27,42.14,34.03,38.98,61.21,60.47
19,1996435,1701,1725,02:49.1,02:51.5,2,49,2.4,1,2,866,right_to_left,Adelaide United,1,False,False,False,create,1,medium_block,9,-19.34,31.63,1,wide_left,1,defensive_third,False,-19.91,23.45,1,wide_left,1,defensive_third,False,61.47,54.71,42.26,45.22,39.03,36.94,60.54,59.35
20,1996435,1725,1820,02:51.5,03:01.0,2,51,9.5,1,2,866,right_to_left,Adelaide United,4,False,False,False,build_up,0,high_block,10,-20.05,23.12,1,wide_left,1,defensive_third,False,-21.29,-23.71,5,wide_right,1,defensive_third,False,54.66,49.08,45.27,43.83,36.75,38.95,59.25,63.93
21,1996435,1820,1828,03:01.0,03:01.8,3,1,0.8,1,2,866,right_to_left,Adelaide United,0,True,False,False,create,1,medium_block,9,-19.97,-23.8,5,wide_right,1,defensive_third,False,-12.74,-23.59,5,wide_right,2,middle_third,False,49.31,50.61,43.66,42.47,38.89,38.31,63.85,63.31
22,1996435,1828,1842,03:01.8,03:03.2,3,1,1.4,1,1,869,left_to_right,Sydney FC,2,False,False,False,finish,2,low_block,8,11.93,23.2,1,wide_left,2,middle_third,False,6.65,16.48,2,half_space_left,2,middle_third,False,38.2,36.75,63.19,60.38,50.62,45.12,42.26,38.47
23,1996435,1842,1923,03:03.2,03:11.3,3,3,8.1,1,1,869,left_to_right,Sydney FC,4,False,False,False,create,1,medium_block,9,5.24,16.22,2,half_space_left,2,middle_third,False,16.88,24.19,1,wide_left,2,middle_third,False,36.71,37.32,60.18,57.96,44.5,29.92,38.25,44.96
24,1996435,1923,2138,03:11.3,03:32.8,3,11,21.5,1,1,869,left_to_right,Sydney FC,10,False,False,False,finish,2,low_block,8,17.0,24.37,1,wide_left,2,middle_third,False,6.04,-7.15,3,center,2,middle_third,False,37.15,51.34,58.1,53.46,29.55,32.61,44.94,37.03
25,1996435,2138,2179,03:32.8,03:36.9,3,32,4.1,1,1,869,left_to_right,Sydney FC,2,False,False,False,create,1,medium_block,9,5.27,-7.79,3,center,2,middle_third,False,18.24,-29.82,5,wide_right,3,attacking_third,False,51.53,55.44,53.37,51.71,32.46,34.71,37.04,44.47
26,1996435,2179,2435,03:36.9,04:02.5,3,36,25.6,1,1,869,left_to_right,Sydney FC,10,False,False,False,finish,2,low_block,8,18.78,-30.11,5,wide_right,3,attacking_third,False,5.08,-26.44,5,wide_right,2,middle_third,False,55.12,32.8,51.82,53.01,34.51,37.33,44.58,41.58
27,1996435,2435,2468,04:02.5,04:05.8,4,2,3.3,1,1,869,left_to_right,Sydney FC,2,False,False,False,create,1,medium_block,9,4.3,-26.21,5,wide_right,2,middle_third,False,-19.27,-13.36,4,half_space_right,1,defensive_third,False,32.66,31.94,52.93,48.28,37.26,35.34,41.8,52.84
28,1996435,2468,2508,04:05.8,04:09.8,4,5,4.0,1,1,869,left_to_right,Sydney FC,1,False,False,False,build_up,0,high_block,10,-20.29,-12.65,4,half_space_right,1,defensive_third,False,-20.25,-14.09,4,half_space_right,1,defensive_third,False,32.0,44.35,48.1,42.13,35.32,32.85,53.19,58.91
29,1996435,2508,2511,04:09.8,04:10.1,4,9,0.3,1,1,869,left_to_right,Sydney FC,1,False,False,False,create,1,medium_block,9,-19.82,-14.45,4,half_space_right,1,defensive_third,False,-19.96,-14.81,4,half_space_right,1,defensive_third,False,44.54,44.94,42.21,42.39,32.86,32.87,58.77,58.53
30,1996435,2511,2598,04:10.1,04:18.8,4,10,8.7,1,1,869,left_to_right,Sydney FC,3,True,False,False,build_up,0,high_block,10,-20.81,-14.86,4,half_space_right,1,defensive_third,False,-27.35,-27.85,5,wide_right,1,defensive_third,False,45.13,48.38,42.49,44.95,32.87,28.46,58.46,73.06
31,1996435,3090,3118,05:08.0,05:10.8,5,8,2.8,1,2,866,right_to_left,Adelaide United,2,True,False,False,set_play,7,defending_set_play,13,17.77,18.81,2,half_space_left,3,attacking_third,False,48.27,-5.34,3,center,3,attacking_third,True,34.63,24.63,58.45,74.0,25.26,21.53,21.43,22.74
32,1996435,3428,3475,05:41.8,05:46.5,5,41,4.7,1,1,869,left_to_right,Sydney FC,1,True,False,False,direct,6,defending_direct,15,-46.96,-1.59,3,center,1,defensive_third,False,10.72,-24.77,5,wide_right,2,middle_third,False,62.42,47.71,52.12,55.71,37.31,43.17,68.25,64.94
33,1996435,3475,3493,05:46.5,05:48.3,5,46,1.8,1,2,866,right_to_left,Adelaide United,1,False,False,False,chaotic,5,chaotic,5,-11.07,24.57,1,wide_left,2,middle_third,False,7.05,28.61,1,wide_left,2,middle_third,False,43.13,39.05,64.78,60.13,47.29,39.73,55.82,55.36
34,1996435,3631,3692,06:02.1,06:08.2,6,2,6.1,1,2,866,right_to_left,Adelaide United,2,False,False,False,create,1,medium_block,9,5.9,31.31,1,wide_left,2,middle_third,False,-19.73,-1.53,3,center,1,defensive_third,False,39.3,59.49,57.51,49.82,26.09,33.5,42.64,56.83
35,1996435,3692,3744,06:08.2,06:13.4,6,8,5.2,1,2,866,right_to_left,Adelaide United,2,False,False,False,build_up,0,high_block,10,-20.22,-1.84,3,center,1,defensive_third,False,-20.36,17.74,2,half_space_left,1,defensive_third,False,59.63,62.4,49.69,40.52,33.57,39.49,57.05,69.52
36,1996435,3744,3769,06:13.4,06:15.9,6,13,2.5,1,2,866,right_to_left,Adelaide United,0,True,False,False,create,1,medium_block,9,-18.48,18.21,2,half_space_left,1,defensive_third,False,13.81,24.26,1,wide_left,2,middle_third,False,62.06,53.46,40.59,47.48,39.42,41.15,69.2,64.31
37,1996435,3769,3777,06:15.9,06:16.7,6,15,0.8,1,1,869,left_to_right,Sydney FC,1,False,False,False,create,1,medium_block,9,-14.68,-24.34,5,wide_right,2,middle_third,False,-19.81,-25.14,5,wide_right,1,defensive_third,False,41.43,43.38,64.23,63.68,53.07,50.76,47.87,50.67
38,1996435,3777,3909,06:16.7,06:29.9,6,16,13.2,1,1,869,left_to_right,Sydney FC,5,False,False,False,build_up,0,high_block,10,-20.5,-25.15,5,wide_right,1,defensive_third,False,-20.35,-21.51,5,wide_right,1,defensive_third,False,43.65,36.3,63.57,46.04,50.44,28.06,51.09,61.35
39,1996435,3909,3910,06:29.9,06:30.0,6,29,0.1,1,1,869,left_to_right,Sydney FC,0,True,False,False,create,1,medium_block,9,-19.86,-21.79,5,wide_right,1,defensive_third,False,-19.86,-21.79,5,wide_right,1,defensive_third,False,36.08,36.08,45.96,45.96,28.01,28.01,61.39,61.39
40,1996435,3910,3932,06:30.0,06:32.2,6,30,2.2,1,2,866,right_to_left,Adelaide United,1,False,False,False,finish,2,low_block,8,19.37,22.07,1,wide_left,3,attacking_third,False,8.64,23.87,1,wide_left,2,middle_third,False,27.96,32.63,61.41,61.65,35.86,27.97,45.9,44.99
41,1996435,3932,4052,06:32.2,06:44.2,6,32,12.0,1,2,866,right_to_left,Adelaide United,3,False,False,False,create,1,medium_block,9,7.88,23.82,1,wide_left,2,middle_third,False,51.5,-21.2,5,wide_right,3,attacking_third,False,33.28,36.79,61.64,79.36,27.4,31.99,44.97,49.87
42,1996435,4366,4488,07:15.6,07:27.8,7,15,12.2,1,2,866,right_to_left,Adelaide United,5,False,False,False,set_play,7,defending_set_play,13,52.48,-30.46,5,wide_right,3,attacking_third,False,5.15,10.79,2,half_space_left,2,middle_third,False,43.42,35.55,71.84,59.87,34.59,32.52,39.56,38.41
43,1996435,4488,4548,07:27.8,07:33.8,7,27,6.0,1,2,866,right_to_left,Adelaide United,2,True,False,False,create,1,medium_block,9,3.83,10.98,2,half_space_left,2,middle_third,False,17.44,0.15,3,center,2,middle_third,False,35.57,50.15,59.95,54.14,32.38,31.23,38.84,41.01
44,1996435,4548,4661,07:33.8,07:45.1,7,33,11.3,1,1,869,left_to_right,Sydney FC,5,False,False,False,create,1,medium_block,9,-18.29,0.0,3,center,1,defensive_third,False,21.03,-29.92,5,wide_right,3,attacking_third,False,31.16,43.26,41.08,57.22,49.87,33.76,54.51,51.08
45,1996435,4661,4680,07:45.1,07:47.0,7,45,1.9,1,1,869,left_to_right,Sydney FC,1,True,False,False,finish,2,low_block,8,21.31,-30.01,5,wide_right,3,attacking_third,False,27.58,-19.04,4,half_space_right,3,attacking_third,False,43.32,41.71,57.46,61.44,33.96,33.76,51.04,49.6
46,1996435,4680,4707,07:47.0,07:49.7,7,47,2.7,1,2,866,right_to_left,Adelaide United,3,False,False,False,build_up,0,high_block,10,-27.64,18.7,2,half_space_left,1,defensive_third,False,-20.93,18.47,2,half_space_left,1,defensive_third,False,33.75,30.82,49.5,46.87,41.53,36.69,61.53,60.43
47,1996435,4707,4732,07:49.7,07:52.2,7,49,2.5,1,2,866,right_to_left,Adelaide United,0,True,False,False,create,1,medium_block,9,-19.82,18.61,2,half_space_left,1,defensive_third,False,0.01,20.48,1,wide_left,2,middle_third,False,30.66,28.25,46.86,48.96,36.5,33.23,60.41,58.81
48,1996435,4732,4740,07:52.2,07:53.0,7,52,0.8,1,1,869,left_to_right,Sydney FC,1,True,False,False,chaotic,5,chaotic,5,-0.11,-20.54,5,wide_right,2,middle_third,False,4.0,-21.32,5,wide_right,2,middle_third,False,33.19,33.06,58.7,57.78,28.19,28.59,49.06,49.48
49,1996435,4740,4764,07:53.0,07:55.4,7,53,2.4,1,2,866,right_to_left,Adelaide United,1,True,False,False,chaotic,5,chaotic,5,-4.72,21.46,1,wide_left,2,middle_third,False,-2.34,17.54,2,half_space_left,2,middle_third,False,28.66,31.09,49.51,47.47,33.07,31.49,57.62,53.63
50,1996435,4764,4958,07:55.4,08:14.8,7,55,19.4,1,1,869,left_to_right,Sydney FC,6,False,False,False,create,1,medium_block,9,1.88,-17.37,4,half_space_right,2,middle_third,False,-19.93,16.37,2,half_space_left,1,defensive_third,False,31.49,49.55,53.36,44.38,31.11,35.72,47.13,46.59
51,1996435,4958,5020,08:14.8,08:21.0,8,14,6.2,1,1,869,left_to_right,Sydney FC,3,False,False,False,build_up,0,high_block,10,-20.84,15.58,2,half_space_left,1,defensive_third,False,-20.11,-8.34,3,center,1,defensive_third,False,49.67,61.62,44.1,41.6,35.69,37.7,46.64,48.11
52,1996435,5020,5371,08:21.0,08:56.1,8,21,35.1,1,1,869,left_to_right,Sydney FC,9,False,False,False,create,1,medium_block,9,-19.99,-8.33,3,center,1,defensive_third,False,16.95,-32.3,5,wide_right,2,middle_third,False,61.69,55.3,41.61,59.39,37.72,40.14,48.06,52.06
53,1996435,5371,5477,08:56.1,09:06.7,8,56,10.6,1,1,869,left_to_right,Sydney FC,3,False,False,False,finish,2,low_block,8,17.38,-32.34,5,wide_right,2,middle_third,False,48.19,-12.93,4,half_space_right,3,attacking_third,True,55.02,36.35,59.75,72.98,40.2,27.5,52.14,47.02
54,1996435,5791,5889,09:38.1,09:47.9,9,38,9.8,1,1,869,left_to_right,Sydney FC,4,False,False,False,set_play,7,defending_set_play,13,50.68,-24.21,5,wide_right,3,attacking_third,False,5.36,10.14,2,half_space_left,2,middle_third,False,39.95,28.58,65.38,53.47,15.79,21.48,13.36,37.65
55,1996435,5889,5908,09:47.9,09:49.8,9,47,1.9,1,1,869,left_to_right,Sydney FC,0,False,False,False,create,1,medium_block,9,3.9,10.0,2,half_space_left,2,middle_third,False,-19.89,11.17,2,half_space_left,1,defensive_third,False,28.6,30.9,53.36,50.15,21.59,24.54,38.2,48.3
56,1996435,5908,5948,09:49.8,09:53.8,9,49,4.0,1,1,869,left_to_right,Sydney FC,1,False,False,False,build_up,0,high_block,10,-20.63,11.14,2,half_space_left,1,defensive_third,False,-20.3,6.82,3,center,1,defensive_third,False,31.44,47.4,50.14,45.37,24.92,32.78,48.88,63.87
57,1996435,5948,5987,09:53.8,09:57.7,9,53,3.9,1,1,869,left_to_right,Sydney FC,3,False,False,False,create,1,medium_block,9,-19.99,7.15,3,center,1,defensive_third,False,-19.7,22.32,1,wide_left,1,defensive_third,False,47.6,54.34,45.34,47.5,32.78,36.28,63.79,56.0
58,1996435,5987,6016,09:57.7,10:00.6,9,57,2.9,1,1,869,left_to_right,Sydney FC,1,False,False,False,build_up,0,high_block,10,-20.32,22.12,1,wide_left,1,defensive_third,False,-20.77,25.86,1,wide_left,1,defensive_third,False,54.63,55.2,47.52,38.6,36.35,35.93,55.94,62.81
59,1996435,6016,6018,10:00.6,10:00.8,10,0,0.2,1,1,869,left_to_right,Sydney FC,0,True,False,False,create,1,medium_block,9,-19.79,27.27,1,wide_left,1,defensive_third,False,-18.71,28.76,1,wide_left,1,defensive_third,False,55.02,54.82,38.68,38.74,35.91,35.89,63.02,63.22
60,1996435,6091,6114,10:08.1,10:10.4,10,8,2.3,1,2,866,right_to_left,Adelaide United,2,False,False,False,create,1,medium_block,9,-6.49,-33.15,5,wide_right,2,middle_third,False,-19.82,-28.71,5,wide_right,1,defensive_third,False,44.56,47.35,60.27,57.85,30.25,30.49,40.24,47.12
61,1996435,6114,6170,10:10.4,10:16.0,10,10,5.6,1,2,866,right_to_left,Adelaide United,2,False,False,False,build_up,0,high_block,10,-20.3,-28.53,5,wide_right,1,defensive_third,False,-20.39,-5.15,3,center,1,defensive_third,False,47.6,60.02,57.68,44.42,30.53,37.18,47.61,65.0
62,1996435,6170,6183,10:16.0,10:17.3,10,16,1.3,1,2,866,right_to_left,Adelaide United,0,True,False,False,create,1,medium_block,9,-18.96,-5.27,3,center,1,defensive_third,False,-8.25,-5.55,3,center,2,middle_third,False,59.96,56.86,44.28,44.94,37.38,39.94,64.82,61.19
63,1996435,6183,6235,10:17.3,10:22.5,10,17,5.2,1,1,869,left_to_right,Sydney FC,2,True,False,False,chaotic,5,chaotic,5,8.0,5.54,3,center,2,middle_third,False,47.86,-10.16,4,half_space_right,3,attacking_third,True,40.17,35.83,60.87,59.68,56.37,32.38,45.1,42.45
64,1996435,6235,6412,10:22.5,10:40.2,10,22,17.7,1,2,866,right_to_left,Adelaide United,2,False,False,False,build_up,0,high_block,10,-48.38,10.31,2,half_space_left,1,defensive_third,False,-20.06,-29.98,5,wide_right,1,defensive_third,False,32.61,53.39,42.61,49.11,35.56,42.92,59.75,66.78
65,1996435,6412,6427,10:40.2,10:41.7,10,40,1.5,1,2,866,right_to_left,Adelaide United,1,True,False,False,create,1,medium_block,9,-18.56,-29.67,5,wide_right,1,defensive_third,False,-6.1,-29.28,5,wide_right,2,middle_third,False,53.02,48.33,49.16,49.89,42.66,38.72,66.61,63.97
66,1996435,6427,6437,10:41.7,10:42.7,10,41,1.0,1,1,869,left_to_right,Sydney FC,1,True,False,False,chaotic,5,chaotic,5,5.68,29.67,1,wide_left,2,middle_third,False,9.61,33.87,1,wide_left,2,middle_third,False,38.53,36.71,63.78,62.09,48.0,45.37,49.95,50.39
67,1996435,6551,6638,10:54.1,11:02.8,10,54,8.7,1,2,866,right_to_left,Adelaide United,4,True,False,False,create,1,medium_block,9,-6.56,-30.31,5,wide_right,2,middle_third,False,4.5,-30.96,5,wide_right,2,middle_third,False,39.73,33.21,49.08,52.12,25.93,31.51,55.05,48.17
68,1996435,6638,6691,11:02.8,11:08.1,11,2,5.3,1,1,869,left_to_right,Sydney FC,2,True,False,False,transition,4,defending_transition,11,-4.63,30.77,1,wide_left,2,middle_third,False,21.43,35.62,1,wide_left,3,attacking_third,False,31.49,32.2,48.07,57.87,33.04,29.7,52.08,50.45
69,1996435,6766,6795,11:15.6,11:18.5,11,15,2.9,1,2,866,right_to_left,Adelaide United,2,False,False,False,build_up,0,high_block,10,-21.2,-33.09,5,wide_right,1,defensive_third,False,-20.05,-30.94,5,wide_right,1,defensive_third,False,38.24,42.28,47.92,46.82,30.21,32.84,56.28,59.21
70,1996435,6795,6814,11:18.5,11:20.4,11,18,1.9,1,2,866,right_to_left,Adelaide United,1,False,False,False,create,1,medium_block,9,-19.28,-31.29,5,wide_right,1,defensive_third,False,-19.83,-32.76,5,wide_right,1,defensive_third,False,42.4,41.78,46.75,45.93,33.03,34.16,59.19,58.59
71,1996435,6814,6856,11:20.4,11:24.6,11,20,4.2,1,2,866,right_to_left,Adelaide United,1,True,False,False,build_up,0,high_block,10,-20.7,-32.53,5,wide_right,1,defensive_third,False,-30.08,-28.6,5,wide_right,1,defensive_third,False,41.79,39.67,45.91,42.47,34.09,30.8,58.62,65.77
72,1996435,6856,6868,11:24.6,11:25.8,11,24,1.2,1,1,869,left_to_right,Sydney FC,1,True,False,False,chaotic,5,chaotic,5,30.05,28.04,1,wide_left,3,attacking_third,False,30.79,19.25,2,half_space_left,3,attacking_third,False,30.95,30.35,66.01,67.62,39.48,37.96,42.33,41.08
73,1996435,6868,6912,11:25.8,11:30.2,11,25,4.4,1,2,866,right_to_left,Adelaide United,2,False,False,False,chaotic,5,chaotic,5,-30.71,-18.59,4,half_space_right,1,defensive_third,False,-28.3,17.07,2,half_space_left,1,defensive_third,False,37.84,47.42,40.99,45.26,30.17,37.21,67.62,58.55
74,1996435,6912,6948,11:30.2,11:33.8,11,30,3.6,1,2,866,right_to_left,Adelaide United,1,True,False,False,direct,6,defending_direct,15,-27.5,17.46,2,half_space_left,1,defensive_third,False,19.14,21.46,1,wide_left,3,attacking_third,False,47.85,46.21,45.47,59.87,37.52,41.49,58.33,58.91
75,1996435,6948,6949,11:33.8,11:33.9,11,33,0.1,1,1,869,left_to_right,Sydney FC,1,False,False,False,create,1,medium_block,9,-19.7,-21.74,5,wide_right,1,defensive_third,False,-19.7,-21.74,5,wide_right,1,defensive_third,False,41.54,41.54,58.9,58.9,46.09,46.09,60.32,60.32
76,1996435,6949,6991,11:33.9,11:38.1,11,33,4.2,1,1,869,left_to_right,Sydney FC,1,False,False,False,build_up,0,high_block,10,-20.22,-22.17,5,wide_right,1,defensive_third,False,-20.42,-22.62,5,wide_right,1,defensive_third,False,41.58,41.53,58.9,54.96,45.98,39.03,60.73,64.4
77,1996435,6991,7010,11:38.1,11:40.0,11,38,1.9,1,1,869,left_to_right,Sydney FC,1,False,False,False,create,1,medium_block,9,-19.79,-21.76,5,wide_right,1,defensive_third,False,-18.79,-16.99,4,half_space_right,1,defensive_third,False,41.67,44.28,54.81,51.93,38.75,35.79,64.22,61.09
78,1996435,7010,7069,11:40.0,11:45.9,11,40,5.9,1,1,869,left_to_right,Sydney FC,2,True,False,False,build_up,0,high_block,10,-20.11,-16.86,4,half_space_right,1,defensive_third,False,-33.72,-18.52,4,half_space_right,1,defensive_third,False,44.53,54.96,51.71,46.89,35.7,35.4,61.08,71.24
79,1996435,7069,7100,11:45.9,11:49.0,11,45,3.1,1,2,866,right_to_left,Adelaide United,1,True,False,False,chaotic,5,chaotic,5,34.02,18.87,2,half_space_left,3,attacking_third,False,43.88,-3.37,3,center,3,attacking_third,True,35.44,35.0,71.01,75.44,54.94,46.79,46.84,46.92
80,1996435,7426,7469,12:21.6,12:25.9,12,21,4.3,1,1,869,left_to_right,Sydney FC,2,False,False,False,build_up,0,high_block,10,-47.87,-1.82,3,center,1,defensive_third,False,-22.1,-16.89,4,half_space_right,1,defensive_third,False,64.53,57.38,51.25,52.82,37.85,36.4,69.98,74.82
81,1996435,7469,7475,12:25.9,12:26.5,12,25,0.6,1,1,869,left_to_right,Sydney FC,0,True,False,False,create,1,medium_block,9,-19.74,-16.1,4,half_space_right,1,defensive_third,False,-10.67,-12.56,4,half_space_right,2,middle_third,False,56.82,53.69,52.84,52.9,36.37,36.14,74.69,73.75
82,1996435,7475,7499,12:26.5,12:28.9,12,26,2.4,1,2,866,right_to_left,Adelaide United,1,True,False,False,chaotic,5,chaotic,5,9.98,11.91,2,half_space_left,2,middle_third,False,25.82,13.89,2,half_space_left,3,attacking_third,False,36.1,37.19,73.52,62.66,53.03,39.81,52.83,49.59
83,1996435,7499,7558,12:28.9,12:34.8,12,28,5.9,1,1,869,left_to_right,Sydney FC,2,False,False,False,build_up,0,high_block,10,-26.01,-14.01,4,half_space_right,1,defensive_third,False,-20.56,-27.57,5,wide_right,1,defensive_third,False,39.57,50.9,49.47,47.63,37.09,33.64,62.24,63.76
84,1996435,7558,7613,12:34.8,12:40.3,12,34,5.5,1,1,869,left_to_right,Sydney FC,3,False,False,False,create,1,medium_block,9,-19.63,-28.15,5,wide_right,1,defensive_third,False,25.86,-30.63,5,wide_right,3,attacking_third,False,50.91,44.69,47.68,64.46,33.79,34.68,63.63,57.83
85,1996435,7613,7677,12:40.3,12:46.7,12,40,6.4,1,1,869,left_to_right,Sydney FC,4,False,False,False,finish,2,low_block,8,26.18,-30.33,5,wide_right,3,attacking_third,False,-26.48,-8.39,3,center,1,defensive_third,False,44.23,31.34,64.6,51.78,34.42,30.21,57.88,67.97
86,1996435,7677,7706,12:46.7,12:49.6,12,46,2.9,1,1,869,left_to_right,Sydney FC,1,True,False,False,chaotic,5,chaotic,5,26.43,8.64,3,center,3,attacking_third,False,28.56,17.09,2,half_space_left,3,attacking_third,False,29.93,30.36,67.85,68.33,31.19,32.45,51.66,49.47
87,1996435,7706,7727,12:49.6,12:51.7,12,49,2.1,1,2,866,right_to_left,Adelaide United,1,False,False,False,chaotic,5,chaotic,5,-28.35,-17.32,4,half_space_right,1,defensive_third,False,-25.25,-26.13,5,wide_right,1,defensive_third,False,32.79,37.33,49.42,47.93,30.33,33.23,68.3,66.73
88,1996435,7811,7868,13:00.1,13:05.8,13,0,5.7,1,2,866,right_to_left,Adelaide United,4,False,False,False,build_up,0,high_block,10,-30.73,-33.05,5,wide_right,1,defensive_third,False,-21.15,-32.12,5,wide_right,1,defensive_third,False,49.8,47.68,44.86,44.69,33.71,36.81,64.42,65.58
89,1996435,7868,7891,13:05.8,13:08.1,13,5,2.3,1,2,866,right_to_left,Adelaide United,0,True,False,False,create,1,medium_block,9,-19.86,-30.73,5,wide_right,1,defensive_third,False,-1.22,0.6,3,center,2,middle_third,False,47.66,43.19,44.74,47.84,36.81,33.31,65.55,64.51
90,1996435,7891,7907,13:08.1,13:09.7,13,8,1.6,1,1,869,left_to_right,Sydney FC,1,True,False,False,chaotic,5,chaotic,5,1.34,-1.73,3,center,2,middle_third,False,14.24,-3.8,3,center,2,middle_third,False,33.12,30.89,64.4,62.7,42.7,38.18,47.9,48.14
91,1996435,7907,7926,13:09.7,13:11.6,13,9,1.9,1,2,866,right_to_left,Adelaide United,2,True,False,False,chaotic,5,chaotic,5,-14.11,3.67,3,center,2,middle_third,False,1.85,1.07,3,center,2,middle_third,False,38.1,38.02,48.15,48.11,30.72,27.7,62.58,59.88
92,1996435,7926,7974,13:11.6,13:16.4,13,11,4.8,1,1,869,left_to_right,Sydney FC,1,True,False,False,chaotic,5,chaotic,5,-1.73,-1.61,3,center,2,middle_third,False,5.58,-8.87,3,center,2,middle_third,False,27.75,31.94,59.73,55.77,37.99,36.09,48.48,47.22
93,1996435,7974,8058,13:16.4,13:24.8,13,16,8.4,1,2,866,right_to_left,Adelaide United,3,True,False,False,create,1,medium_block,9,-5.93,9.24,2,half_space_left,2,middle_third,False,15.61,15.46,2,half_space_left,2,middle_third,False,35.88,43.34,47.3,55.63,31.93,24.87,55.91,53.09
94,1996435,8058,8268,13:24.8,13:45.8,13,24,21.0,1,1,869,left_to_right,Sydney FC,7,False,False,False,create,1,medium_block,9,-16.13,-15.52,4,half_space_right,2,middle_third,False,17.48,-29.86,5,wide_right,2,middle_third,False,24.92,52.31,53.09,57.78,42.92,33.82,55.91,46.26
95,1996435,8268,8510,13:45.8,14:10.0,13,45,24.2,1,1,869,left_to_right,Sydney FC,10,True,False,False,finish,2,low_block,8,17.89,-29.77,5,wide_right,3,attacking_third,False,44.09,2.36,3,center,3,attacking_third,True,51.98,36.54,58.05,71.25,33.91,27.76,46.27,26.83
96,1996435,8510,8552,14:10.0,14:14.2,14,10,4.2,1,2,866,right_to_left,Adelaide United,2,True,False,False,chaotic,5,chaotic,5,-43.85,-1.27,3,center,1,defensive_third,False,-9.93,11.1,2,half_space_left,2,middle_third,False,27.83,31.32,26.83,31.89,36.39,37.8,70.87,62.39
97,1996435,8552,8654,14:14.2,14:24.4,14,14,10.2,1,1,869,left_to_right,Sydney FC,5,False,False,False,finish,2,low_block,8,9.5,-11.19,4,half_space_right,2,middle_third,False,5.25,-16.17,4,half_space_right,2,middle_third,False,38.1,51.14,62.22,54.9,31.37,33.89,32.02,33.26
98,1996435,8654,8723,14:24.4,14:31.3,14,24,6.9,1,1,869,left_to_right,Sydney FC,3,True,False,False,create,1,medium_block,9,4.79,-15.58,4,half_space_right,2,middle_third,False,17.02,-23.44,5,wide_right,2,middle_third,False,51.4,53.17,54.78,55.27,33.78,39.84,33.49,46.48
99,1996435,8723,8818,14:31.3,14:40.8,14,31,9.5,1,2,866,right_to_left,Adelaide United,3,True,False,False,transition,4,defending_transition,11,-17.1,23.13,1,wide_left,2,middle_third,False,28.77,-11.42,4,half_space_right,3,attacking_third,False,39.8,37.7,46.38,64.45,52.66,31.59,55.32,49.69
100,1996435,8818,8908,14:40.8,14:49.8,14,40,9.0,1,1,869,left_to_right,Sydney FC,2,False,False,False,build_up,0,high_block,10,-29.29,11.51,2,half_space_left,1,defensive_third,False,-20.15,27.98,1,wide_left,1,defensive_third,False,31.48,41.45,49.09,42.21,37.74,32.88,64.96,66.17
101,1996435,8908,8936,14:49.8,14:52.6,14,49,2.8,1,1,869,left_to_right,Sydney FC,1,False,False,False,create,1,medium_block,9,-19.86,27.95,1,wide_left,1,defensive_third,False,-19.52,26.82,1,wide_left,1,defensive_third,False,41.55,43.54,42.35,46.29,32.85,32.33,65.96,57.54
102,1996435,8936,9193,14:52.6,15:18.3,14,52,25.7,1,1,869,left_to_right,Sydney FC,5,False,False,False,build_up,0,high_block,10,-20.52,26.44,1,wide_left,1,defensive_third,False,-20.01,19.86,2,half_space_left,1,defensive_third,False,43.7,57.61,46.39,45.42,32.29,41.73,57.33,67.77
103,1996435,9193,9229,15:18.3,15:21.9,15,18,3.6,1,1,869,left_to_right,Sydney FC,3,True,False,False,create,1,medium_block,9,-19.34,19.98,2,half_space_left,1,defensive_third,False,-12.82,14.95,2,half_space_left,2,middle_third,False,57.42,47.48,45.58,50.75,41.62,35.09,67.61,59.9
104,1996435,9229,9389,15:21.9,15:37.9,15,21,16.0,1,2,866,right_to_left,Adelaide United,6,False,False,False,create,1,medium_block,9,13.12,-14.7,4,half_space_right,2,middle_third,False,18.9,-20.51,5,wide_right,3,attacking_third,False,34.84,45.9,59.64,58.81,47.28,29.77,50.9,45.95
105,1996435,9389,9452,15:37.9,15:44.2,15,37,6.3,1,2,866,right_to_left,Adelaide United,4,False,False,False,finish,2,low_block,8,19.34,-20.56,5,wide_right,3,attacking_third,False,-24.07,11.38,2,half_space_left,1,defensive_third,False,45.95,29.48,58.97,37.97,29.74,43.11,45.93,68.36
106,1996435,9452,9516,15:44.2,15:50.6,15,44,6.4,1,2,866,right_to_left,Adelaide United,3,True,False,False,chaotic,5,chaotic,5,23.98,-11.6,4,half_space_right,3,attacking_third,False,23.35,-18.75,4,half_space_right,3,attacking_third,False,43.01,45.66,68.23,61.04,29.42,30.89,37.78,35.12
107,1996435,9516,9559,15:50.6,15:54.9,15,50,4.3,1,1,869,left_to_right,Sydney FC,1,False,False,False,build_up,0,high_block,10,-24.02,18.49,2,half_space_left,1,defensive_third,False,-20.29,17.14,2,half_space_left,1,defensive_third,False,30.59,27.82,35.21,38.1,45.8,39.55,61.15,64.66
108,1996435,9559,9641,15:54.9,16:03.1,15,54,8.2,1,1,869,left_to_right,Sydney FC,1,True,False,False,create,1,medium_block,9,-19.44,16.98,2,half_space_left,1,defensive_third,False,44.07,17.36,2,half_space_left,3,attacking_third,True,28.14,31.56,38.23,63.24,39.31,38.48,64.66,59.15
109,1996435,9641,9741,16:03.1,16:13.1,16,3,10.0,1,2,866,right_to_left,Adelaide United,2,False,False,False,build_up,0,high_block,10,-44.38,-17.32,4,half_space_right,1,defensive_third,False,-21.51,5.91,3,center,1,defensive_third,False,38.81,53.34,58.96,43.85,31.6,35.65,63.01,58.46
110,1996435,9741,9786,16:13.1,16:17.6,16,13,4.5,1,2,866,right_to_left,Adelaide United,1,True,False,False,create,1,medium_block,9,-19.75,5.42,3,center,1,defensive_third,False,17.13,-14.34,4,half_space_right,2,middle_third,False,53.43,40.2,43.85,55.12,35.63,27.97,58.13,56.67
111,1996435,9786,9788,16:17.6,16:17.8,16,17,0.2,1,1,869,left_to_right,Sydney FC,1,False,False,False,create,1,medium_block,9,-18.02,14.47,2,half_space_left,1,defensive_third,False,-19.18,14.2,2,half_space_left,1,defensive_third,False,27.84,27.77,56.7,56.72,39.75,39.3,55.76,56.39
112,1996435,9788,9877,16:17.8,16:26.7,16,17,8.9,1,1,869,left_to_right,Sydney FC,2,False,False,False,build_up,0,high_block,10,-20.62,13.6,2,half_space_left,1,defensive_third,False,-20.92,4.98,3,center,1,defensive_third,False,27.75,52.85,56.75,48.13,38.87,36.73,57.0,65.79
113,1996435,9877,9898,16:26.7,16:28.8,16,26,2.1,1,1,869,left_to_right,Sydney FC,1,True,False,False,create,1,medium_block,9,-19.25,4.75,3,center,1,defensive_third,False,-1.29,4.28,3,center,2,middle_third,False,52.98,54.26,48.11,51.08,36.63,33.28,65.64,63.34
114,1996435,9898,9956,16:28.8,16:34.6,16,28,5.8,1,2,866,right_to_left,Adelaide United,3,False,False,False,create,1,medium_block,9,1.41,-4.47,3,center,2,middle_third,False,12.95,6.79,3,center,2,middle_third,False,32.97,29.45,63.23,59.83,54.12,24.44,51.24,46.24
115,1996435,9991,9993,16:38.1,16:38.3,16,38,0.2,1,2,866,right_to_left,Adelaide United,1,False,False,True,create,1,medium_block,9,10.77,-4.6,3,center,2,middle_third,False,11.1,-5.45,3,center,2,middle_third,False,36.75,36.97,58.12,58.07,24.59,24.77,43.56,43.44
116,1996435,9993,10074,16:38.3,16:46.4,16,38,8.1,1,2,866,right_to_left,Adelaide United,3,True,False,True,finish,2,low_block,8,11.47,-6.34,3,center,2,middle_third,False,48.37,-3.8,3,center,3,attacking_third,True,37.18,28.43,58.03,78.9,24.93,29.7,43.34,41.35
117,1996435,10074,10210,16:46.4,17:00.0,16,46,13.6,1,1,869,left_to_right,Sydney FC,3,True,False,False,chaotic,5,chaotic,5,-48.29,4.04,3,center,1,defensive_third,False,-0.95,15.8,2,half_space_left,2,middle_third,False,29.73,26.1,41.32,46.04,28.16,23.58,79.01,66.71
118,1996435,10210,10335,17:00.0,17:12.5,17,0,12.5,1,2,866,right_to_left,Adelaide United,4,False,False,False,create,1,medium_block,9,0.8,-16.0,4,half_space_right,2,middle_third,False,-19.64,7.0,3,center,1,defensive_third,False,23.93,54.63,66.48,52.73,26.17,35.97,46.27,50.36
119,1996435,10335,10434,17:12.5,17:22.4,17,12,9.9,1,2,866,right_to_left,Adelaide United,4,False,False,False,build_up,0,high_block,10,-20.33,6.42,3,center,1,defensive_third,False,-36.69,15.1,2,half_space_left,1,defensive_third,False,54.75,60.53,52.61,46.59,35.93,42.78,50.73,64.82
120,1996435,10434,10460,17:22.4,17:25.0,17,22,2.6,1,2,866,right_to_left,Adelaide United,1,False,False,False,direct,6,defending_direct,15,-36.16,15.57,2,half_space_left,1,defensive_third,False,-1.62,33.42,1,wide_left,2,middle_third,False,60.6,59.05,46.73,49.59,42.94,44.33,64.92,62.54
121,1996435,10460,10520,17:25.0,17:31.0,17,25,6.0,1,2,866,right_to_left,Adelaide United,3,False,False,False,create,1,medium_block,9,-1.19,33.64,1,wide_left,2,middle_third,False,13.85,19.97,2,half_space_left,2,middle_third,False,59.08,51.63,49.7,55.54,44.08,34.09,62.35,57.9
122,1996435,11104,11170,18:29.4,18:36.0,18,29,6.6,1,2,866,right_to_left,Adelaide United,2,True,False,False,finish,2,low_block,8,14.92,21.86,1,wide_left,2,middle_third,False,46.11,4.61,3,center,3,attacking_third,True,36.21,29.04,58.98,71.91,22.89,22.75,23.76,26.9
123,1996435,11396,11449,18:58.6,19:03.9,18,58,5.3,1,1,869,left_to_right,Sydney FC,3,False,False,False,build_up,0,high_block,10,-45.1,-7.55,3,center,1,defensive_third,False,-21.15,-25.1,5,wide_right,1,defensive_third,False,63.43,56.2,48.84,49.27,35.87,38.91,72.05,73.24
124,1996435,11449,11498,19:03.9,19:08.8,19,3,4.9,1,1,869,left_to_right,Sydney FC,3,False,False,False,create,1,medium_block,9,-19.8,-25.02,5,wide_right,1,defensive_third,False,-8.36,-36.15,5,wide_right,2,middle_third,False,55.91,50.77,49.29,53.11,38.77,42.58,73.0,63.84
125,1996435,11707,11741,19:29.7,19:33.1,19,29,3.4,1,1,869,left_to_right,Sydney FC,1,True,False,False,chaotic,5,chaotic,5,-2.86,-33.71,5,wide_right,2,middle_third,False,9.21,-23.56,5,wide_right,2,middle_third,False,33.03,27.85,50.09,53.68,26.45,26.02,56.98,53.11
126,1996435,11741,11768,19:33.1,19:35.8,19,33,2.7,1,2,866,right_to_left,Adelaide United,2,True,False,False,chaotic,5,chaotic,5,-8.84,23.27,1,wide_left,2,middle_third,False,-2.28,19.24,2,half_space_left,2,middle_third,False,25.94,27.57,52.99,49.83,27.7,24.75,53.7,52.29
127,1996435,11768,11814,19:35.8,19:40.4,19,35,4.6,1,1,869,left_to_right,Sydney FC,2,False,False,False,create,1,medium_block,9,2.24,-19.07,4,half_space_right,2,middle_third,False,-19.51,-20.6,5,wide_right,1,defensive_third,False,24.86,38.24,52.18,49.78,27.82,32.82,49.76,49.48
128,1996435,11814,11949,19:40.4,19:53.9,19,40,13.5,1,1,869,left_to_right,Sydney FC,4,False,False,False,build_up,0,high_block,10,-20.77,-19.68,4,half_space_right,1,defensive_third,False,-20.17,-3.21,3,center,1,defensive_third,False,38.61,56.95,49.61,41.35,32.84,34.28,49.63,67.79
129,1996435,11949,12014,19:53.9,20:00.4,19,53,6.5,1,1,869,left_to_right,Sydney FC,2,False,False,False,create,1,medium_block,9,-18.86,-2.21,3,center,1,defensive_third,False,11.76,30.24,1,wide_left,2,middle_third,False,56.87,46.73,41.5,58.12,34.13,40.86,67.83,58.42
130,1996435,12014,12030,20:00.4,20:02.0,20,0,1.6,1,1,869,left_to_right,Sydney FC,1,False,False,False,finish,2,low_block,8,11.92,30.22,1,wide_left,2,middle_third,False,6.09,23.14,1,wide_left,2,middle_third,False,46.48,44.12,58.25,59.1,41.0,40.5,58.12,53.41
131,1996435,12030,12037,20:02.0,20:02.7,20,2,0.7,1,1,869,left_to_right,Sydney FC,1,False,False,False,create,1,medium_block,9,5.4,22.49,1,wide_left,2,middle_third,False,4.89,21.6,1,wide_left,2,middle_third,False,44.16,44.94,59.0,58.03,40.32,39.14,53.04,50.63
132,1996435,12037,12140,20:02.7,20:13.0,20,2,10.3,1,1,869,left_to_right,Sydney FC,4,False,False,False,finish,2,low_block,8,5.28,21.81,1,wide_left,2,middle_third,False,5.06,12.89,2,half_space_left,2,middle_third,False,45.14,58.78,57.85,56.84,38.94,31.56,50.17,37.9
133,1996435,12140,12169,20:13.0,20:15.9,20,13,2.9,1,1,869,left_to_right,Sydney FC,2,False,False,False,create,1,medium_block,9,5.02,12.73,2,half_space_left,2,middle_third,False,4.63,-2.19,3,center,2,middle_third,False,58.78,59.34,56.82,55.06,31.52,31.18,38.07,39.5
134,1996435,12169,12178,20:15.9,20:16.8,20,15,0.9,1,1,869,left_to_right,Sydney FC,1,False,False,False,finish,2,low_block,8,5.6,-2.44,3,center,2,middle_third,False,8.84,-3.71,3,center,2,middle_third,False,59.38,59.5,54.97,54.22,31.27,31.48,39.48,39.0
135,1996435,12178,12243,20:16.8,20:23.3,20,16,6.5,1,1,869,left_to_right,Sydney FC,3,False,False,False,create,1,medium_block,9,8.59,-3.8,3,center,2,middle_third,False,14.0,-27.14,5,wide_right,2,middle_third,False,59.5,55.97,54.11,52.75,31.53,31.26,38.91,44.81
136,1996435,12243,12432,20:23.3,20:42.2,20,23,18.9,1,1,869,left_to_right,Sydney FC,6,False,False,False,finish,2,low_block,8,14.59,-27.85,5,wide_right,2,middle_third,False,5.28,-19.09,4,half_space_right,2,middle_third,False,55.85,40.71,52.84,57.63,31.47,32.62,44.96,34.42
137,1996435,12432,12593,20:42.2,20:58.3,20,42,16.1,1,1,869,left_to_right,Sydney FC,5,True,False,False,create,1,medium_block,9,4.34,-19.17,4,half_space_right,2,middle_third,False,17.03,-23.99,5,wide_right,2,middle_third,False,40.77,52.16,57.61,53.32,32.7,39.51,34.45,47.14
138,1996435,12593,12678,20:58.3,21:06.8,20,58,8.5,1,2,866,right_to_left,Adelaide United,1,True,False,False,chaotic,5,chaotic,5,-17.84,24.05,1,wide_left,1,defensive_third,False,-38.25,4.18,3,center,1,defensive_third,False,39.37,50.78,47.21,40.23,51.89,32.7,53.34,58.69
139,1996435,12986,13001,21:37.6,21:39.1,21,37,1.5,1,1,869,left_to_right,Sydney FC,1,True,False,False,chaotic,5,chaotic,5,20.67,-34.76,5,wide_right,3,attacking_third,False,32.33,-31.14,5,wide_right,3,attacking_third,False,39.22,39.15,60.42,61.11,46.26,48.29,50.17,50.13
140,1996435,13001,13046,21:39.1,21:43.6,21,39,4.5,1,2,866,right_to_left,Adelaide United,2,False,False,False,build_up,0,high_block,10,-32.95,30.83,1,wide_left,1,defensive_third,False,-42.73,18.74,2,half_space_left,1,defensive_third,False,48.45,54.08,50.12,47.75,39.12,37.82,61.21,72.82
141,1996435,13046,13077,21:43.6,21:46.7,21,43,3.1,1,2,866,right_to_left,Adelaide United,1,True,False,False,direct,6,defending_direct,15,-42.21,18.5,2,half_space_left,1,defensive_third,False,-1.32,8.35,3,center,2,middle_third,False,54.14,47.16,47.71,48.45,37.7,30.03,73.01,67.66
142,1996435,13077,13092,21:46.7,21:48.2,21,46,1.5,1,1,869,left_to_right,Sydney FC,1,True,False,False,chaotic,5,chaotic,5,1.01,-7.99,3,center,2,middle_third,False,15.03,-2.03,3,center,2,middle_third,False,29.75,27.04,67.41,63.83,46.79,42.36,48.39,47.46
143,1996435,13092,13158,21:48.2,21:54.8,21,48,6.6,1,2,866,right_to_left,Adelaide United,2,False,False,False,create,1,medium_block,9,-15.47,1.67,3,center,2,middle_third,False,16.09,-21.7,5,wide_right,2,middle_third,False,42.14,43.21,47.42,59.75,26.99,31.08,63.59,55.67
144,1996435,13158,13183,21:54.8,21:57.3,21,54,2.5,1,2,866,right_to_left,Adelaide United,1,True,False,False,finish,2,low_block,8,16.76,-21.71,5,wide_right,2,middle_third,False,37.29,-2.7,3,center,3,attacking_third,True,43.13,41.66,60.32,73.43,31.0,28.51,55.58,52.37
145,1996435,13183,13404,21:57.3,22:19.4,21,57,22.1,1,1,869,left_to_right,Sydney FC,5,False,False,True,transition,4,defending_transition,11,-37.71,1.74,3,center,1,defensive_third,False,50.46,-6.92,3,center,3,attacking_third,True,28.43,21.96,52.24,72.93,41.52,16.0,73.87,43.31
146,1996435,13831,13965,23:02.1,23:15.5,23,2,13.4,1,1,869,left_to_right,Sydney FC,2,True,False,False,set_play,7,defending_set_play,13,50.79,-30.88,5,wide_right,3,attacking_third,False,46.52,-4.65,3,center,3,attacking_third,True,42.42,35.96,67.7,67.1,20.8,21.51,13.88,29.64
147,1996435,13965,14071,23:15.5,23:26.1,23,15,10.6,1,2,866,right_to_left,Adelaide United,3,False,False,True,build_up,0,high_block,10,-46.73,4.65,3,center,1,defensive_third,False,-20.5,-24.12,5,wide_right,1,defensive_third,False,21.51,47.28,29.53,43.3,35.6,26.12,67.39,58.9
148,1996435,14071,14136,23:26.1,23:32.6,23,26,6.5,1,2,866,right_to_left,Adelaide United,5,False,False,True,create,1,medium_block,9,-19.5,-24.97,5,wide_right,1,defensive_third,False,-19.75,-25.93,5,wide_right,1,defensive_third,False,47.29,50.45,43.49,50.52,26.31,34.41,58.75,55.16
149,1996435,14136,14205,23:32.6,23:39.5,23,32,6.9,1,2,866,right_to_left,Adelaide United,3,False,False,True,build_up,0,high_block,10,-20.23,-25.61,5,wide_right,1,defensive_third,False,-20.21,25.77,1,wide_left,1,defensive_third,False,50.37,58.11,50.54,47.54,34.39,40.26,55.13,64.54
150,1996435,14205,14382,23:39.5,23:57.2,23,39,17.7,1,2,866,right_to_left,Adelaide United,5,False,False,True,create,1,medium_block,9,-19.76,26.34,1,wide_left,1,defensive_third,False,18.98,29.35,1,wide_left,3,attacking_third,False,57.99,54.85,47.65,59.83,40.28,36.02,64.43,48.7
151,1996435,14382,14556,23:57.2,24:14.6,23,57,17.4,1,2,866,right_to_left,Adelaide United,4,True,False,True,finish,2,low_block,8,20.21,29.26,1,wide_left,3,attacking_third,False,50.28,4.49,3,center,3,attacking_third,True,54.73,28.63,60.14,73.89,35.92,28.2,48.73,40.68
152,1996435,14811,14892,24:40.1,24:48.2,24,40,8.1,1,1,869,left_to_right,Sydney FC,2,False,False,True,create,1,medium_block,9,,,2,half_space_left,2,middle_third,False,18.12,-24.76,5,wide_right,3,attacking_third,False,,51.94,,63.98,,33.47,,65.49
153,1996435,14892,14932,24:48.2,24:52.2,24,48,4.0,1,1,869,left_to_right,Sydney FC,2,True,False,True,finish,2,low_block,8,18.6,-24.64,5,wide_right,3,attacking_third,False,46.38,0.58,3,center,3,attacking_third,True,51.85,37.34,64.23,74.31,33.34,24.27,65.29,57.42
154,1996435,15303,15335,25:29.3,25:32.5,25,29,3.2,1,2,866,right_to_left,Adelaide United,1,True,False,False,direct,6,defending_direct,15,-20.35,8.87,3,center,1,defensive_third,False,16.64,24.47,1,wide_left,2,middle_third,False,60.19,52.77,48.74,55.5,34.97,42.64,68.09,63.31
155,1996435,15335,15342,25:32.5,25:33.2,25,32,0.7,1,1,869,left_to_right,Sydney FC,1,False,False,True,create,1,medium_block,9,-17.33,-24.74,5,wide_right,2,middle_third,False,-19.68,-26.38,5,wide_right,1,defensive_third,False,43.04,44.76,63.31,62.97,52.49,51.23,55.7,57.13
156,1996435,15342,15437,25:33.2,25:42.7,25,33,9.5,1,1,869,left_to_right,Sydney FC,3,False,False,True,build_up,0,high_block,10,-20.01,-26.55,5,wide_right,1,defensive_third,False,-20.17,19.71,2,half_space_left,1,defensive_third,False,44.97,52.9,62.94,45.67,51.02,37.67,57.36,67.32
157,1996435,15437,15756,25:42.7,26:14.6,25,42,31.9,1,1,869,left_to_right,Sydney FC,9,False,False,True,create,1,medium_block,9,-19.78,20.68,1,wide_left,1,defensive_third,False,20.39,-30.01,5,wide_right,3,attacking_third,False,52.72,54.08,45.83,55.04,37.72,37.72,67.17,51.9
158,1996435,15756,15956,26:14.6,26:34.6,26,14,20.0,1,1,869,left_to_right,Sydney FC,5,False,False,True,finish,2,low_block,8,21.37,-30.78,5,wide_right,3,attacking_third,False,47.33,-4.23,3,center,3,attacking_third,True,54.0,37.22,55.29,66.2,37.8,25.12,51.95,32.54
159,1996435,16280,16302,27:07.0,27:09.2,27,7,2.2,1,1,869,left_to_right,Sydney FC,2,True,False,True,set_play,7,defending_set_play,13,52.01,32.81,1,wide_left,3,attacking_third,False,51.79,11.56,2,half_space_left,3,attacking_third,True,38.61,36.62,71.95,68.47,20.2,16.68,15.02,13.97
160,1996435,16567,16778,27:35.7,27:56.8,27,35,21.1,1,2,866,right_to_left,Adelaide United,9,False,False,True,build_up,0,high_block,10,-47.28,5.01,3,center,1,defensive_third,False,-20.51,31.99,1,wide_left,1,defensive_third,False,63.06,56.21,50.98,50.63,39.29,37.33,65.25,67.19
161,1996435,16778,16837,27:56.8,28:02.7,27,56,5.9,1,2,866,right_to_left,Adelaide United,2,False,False,True,create,1,medium_block,9,-19.97,31.93,1,wide_left,1,defensive_third,False,30.99,20.86,1,wide_left,3,attacking_third,False,56.11,46.65,50.79,71.51,37.36,33.97,67.15,66.52
162,1996435,16837,16873,28:02.7,28:06.3,28,2,3.6,1,2,866,right_to_left,Adelaide United,1,True,False,False,finish,2,low_block,8,31.49,20.74,1,wide_left,3,attacking_third,False,46.03,5.93,3,center,3,attacking_third,True,46.33,37.57,72.01,72.65,33.75,28.63,66.56,58.61
163,1996435,16873,17022,28:06.3,28:21.2,28,6,14.9,1,1,869,left_to_right,Sydney FC,4,False,False,False,create,1,medium_block,9,-46.92,-5.72,3,center,1,defensive_third,False,31.18,-25.03,5,wide_right,3,attacking_third,False,28.48,48.55,58.36,66.22,37.48,39.39,72.53,63.82
164,1996435,17022,17067,28:21.2,28:25.7,28,21,4.5,1,1,869,left_to_right,Sydney FC,1,True,False,False,finish,2,low_block,8,31.88,-24.73,5,wide_right,3,attacking_third,False,46.3,-1.55,3,center,3,attacking_third,True,48.31,39.01,66.8,75.39,39.02,29.67,63.9,59.52
165,1996435,17489,17541,29:07.9,29:13.1,29,7,5.2,1,2,866,right_to_left,Adelaide United,3,False,False,False,build_up,0,high_block,10,-28.44,19.76,2,half_space_left,1,defensive_third,False,-21.2,25.61,1,wide_left,1,defensive_third,False,65.63,65.95,48.97,50.09,33.87,39.28,57.26,69.58
166,1996435,17541,17630,29:13.1,29:22.0,29,13,8.9,1,2,866,right_to_left,Adelaide United,4,False,False,False,create,1,medium_block,9,-19.77,25.62,1,wide_left,1,defensive_third,False,32.99,-21.09,5,wide_right,3,attacking_third,False,65.56,43.08,50.22,69.28,39.22,39.38,69.41,58.12
167,1996435,17630,17682,29:22.0,29:27.2,29,22,5.2,1,2,866,right_to_left,Adelaide United,1,False,False,False,finish,2,low_block,8,33.7,-20.75,5,wide_right,3,attacking_third,False,51.46,-7.67,3,center,3,attacking_third,True,42.62,30.47,69.81,84.85,39.61,36.5,58.15,52.53
168,1996435,17994,18086,29:58.4,30:07.6,29,58,9.2,1,2,866,right_to_left,Adelaide United,3,True,False,False,set_play,7,defending_set_play,13,52.41,-32.18,5,wide_right,3,attacking_third,False,20.37,-4.0,3,center,3,attacking_third,False,41.61,30.15,78.22,66.79,30.32,24.35,36.35,31.43
169,1996435,18086,18154,30:07.6,30:14.4,30,7,6.8,1,1,869,left_to_right,Sydney FC,3,False,False,False,create,1,medium_block,9,-20.2,3.43,3,center,1,defensive_third,False,29.91,-25.29,5,wide_right,3,attacking_third,False,24.34,32.99,31.48,58.66,30.04,28.47,66.74,61.01
170,1996435,18507,18517,30:49.7,30:50.7,30,49,1.0,1,1,869,left_to_right,Sydney FC,1,False,False,False,chaotic,5,chaotic,5,43.63,-35.08,5,wide_right,3,attacking_third,False,46.32,-33.67,5,wide_right,3,attacking_third,False,34.35,34.03,67.52,66.94,30.19,31.7,28.62,28.47
171,1996435,18601,18653,30:59.1,31:04.3,30,59,5.2,1,1,869,left_to_right,Sydney FC,1,True,False,False,chaotic,5,chaotic,5,48.55,-33.24,5,wide_right,3,attacking_third,False,35.31,-19.56,4,half_space_right,3,attacking_third,False,35.9,24.27,67.77,66.22,29.84,28.62,28.13,26.43
172,1996435,18653,18674,31:04.3,31:06.4,31,4,2.1,1,2,866,right_to_left,Adelaide United,1,False,False,False,chaotic,5,chaotic,5,-34.39,19.85,2,half_space_left,1,defensive_third,False,-26.22,13.64,2,half_space_left,1,defensive_third,False,28.68,31.64,26.28,27.63,24.09,20.47,65.97,61.61
173,1996435,18823,18845,31:21.3,31:23.5,31,21,2.2,1,2,866,right_to_left,Adelaide United,2,False,False,False,build_up,0,high_block,10,,,2,half_space_left,2,middle_third,False,-21.54,-20.0,4,half_space_right,1,defensive_third,False,,61.48,,43.41,,38.25,,59.2
174,1996435,18845,18880,31:23.5,31:27.0,31,23,3.5,1,2,866,right_to_left,Adelaide United,2,False,False,False,create,1,medium_block,9,-19.08,-20.21,5,wide_right,1,defensive_third,False,-19.34,-29.74,5,wide_right,1,defensive_third,False,61.4,55.2,43.57,46.06,38.07,36.95,58.92,54.74
175,1996435,18880,18938,31:27.0,31:32.8,31,27,5.8,1,2,866,right_to_left,Adelaide United,2,True,False,False,build_up,0,high_block,10,-20.28,-29.26,5,wide_right,1,defensive_third,False,-46.47,-12.02,4,half_space_right,1,defensive_third,False,55.06,55.55,45.98,43.19,36.98,32.63,54.78,73.56
176,1996435,18938,18967,31:32.8,31:35.7,31,32,2.9,1,1,869,left_to_right,Sydney FC,2,True,False,True,finish,2,low_block,8,46.44,12.63,2,half_space_left,3,attacking_third,True,49.42,4.53,3,center,3,attacking_third,True,32.8,34.53,73.89,73.14,55.57,55.24,43.13,43.42
177,1996435,18967,18988,31:35.7,31:37.8,31,35,2.1,1,2,866,right_to_left,Adelaide United,1,True,False,False,chaotic,5,chaotic,5,-49.95,-3.9,3,center,1,defensive_third,False,-36.73,-9.75,4,half_space_right,1,defensive_third,False,55.2,54.47,43.75,43.32,34.47,32.07,73.1,73.17
178,1996435,19469,19487,32:25.9,32:27.7,32,25,1.8,1,1,869,left_to_right,Sydney FC,1,True,False,False,set_play,7,defending_set_play,13,19.79,7.05,3,center,3,attacking_third,False,44.8,-1.41,3,center,3,attacking_third,True,21.55,18.84,57.63,60.1,15.75,13.86,23.77,22.75
179,1996435,19487,19618,32:27.7,32:40.8,32,27,13.1,1,2,866,right_to_left,Adelaide United,6,False,False,False,build_up,0,high_block,10,-45.51,1.61,3,center,1,defensive_third,False,-20.32,-6.05,3,center,1,defensive_third,False,13.97,48.35,22.65,44.92,18.75,32.25,60.2,60.84
180,1996435,19618,19690,32:40.8,32:48.0,32,40,7.2,1,2,866,right_to_left,Adelaide United,1,True,False,False,create,1,medium_block,9,-19.55,-4.77,3,center,1,defensive_third,False,27.02,9.5,2,half_space_left,3,attacking_third,False,48.44,38.81,45.08,65.12,32.14,36.88,60.81,61.62
181,1996435,19690,19881,32:48.0,33:07.1,32,48,19.1,1,1,869,left_to_right,Sydney FC,5,True,False,False,build_up,0,high_block,10,-27.84,-9.36,4,half_space_right,1,defensive_third,False,-27.25,8.59,3,center,1,defensive_third,False,37.17,42.56,61.44,48.53,38.64,32.68,65.37,69.17
182,1996435,19881,20077,33:07.1,33:26.7,33,7,19.6,1,2,866,right_to_left,Adelaide United,9,True,False,False,finish,2,low_block,8,26.66,-8.82,3,center,3,attacking_third,False,29.95,-33.43,5,wide_right,3,attacking_third,False,32.56,46.05,68.97,59.95,42.12,30.12,48.54,35.0
183,1996435,20167,20200,33:35.7,33:39.0,33,35,3.3,1,1,869,left_to_right,Sydney FC,2,True,False,False,chaotic,5,chaotic,5,-29.18,30.23,1,wide_left,1,defensive_third,False,-22.6,31.6,1,wide_left,1,defensive_third,False,40.07,44.19,38.05,41.71,37.78,30.81,62.96,59.97
184,1996435,20200,20242,33:39.0,33:43.2,33,39,4.2,1,2,866,right_to_left,Adelaide United,1,False,False,False,finish,2,low_block,8,22.5,-31.92,5,wide_right,3,attacking_third,False,5.62,-30.2,5,wide_right,2,middle_third,False,30.51,30.51,59.97,59.22,44.23,37.22,42.04,52.72
185,1996435,20242,20306,33:43.2,33:49.6,33,43,6.4,1,2,866,right_to_left,Adelaide United,1,False,False,False,create,1,medium_block,9,5.1,-29.11,5,wide_right,2,middle_third,False,31.21,-25.39,5,wide_right,3,attacking_third,False,30.58,41.97,59.15,59.24,36.99,26.38,52.55,41.46
186,1996435,20306,20486,33:49.6,34:07.6,33,49,18.0,1,2,866,right_to_left,Adelaide United,6,False,False,False,finish,2,low_block,8,31.82,-26.13,5,wide_right,3,attacking_third,False,6.09,-4.3,3,center,2,middle_third,False,42.27,21.21,59.85,61.27,26.26,22.97,41.57,34.56
187,1996435,20486,20608,34:07.6,34:19.8,34,7,12.2,1,2,866,right_to_left,Adelaide United,3,False,False,False,create,1,medium_block,9,5.4,-4.98,3,center,2,middle_third,False,-11.96,9.71,2,half_space_left,2,middle_third,False,21.42,51.93,61.19,53.66,23.07,28.83,34.73,44.41
188,1996435,20608,20638,34:19.8,34:22.8,34,19,3.0,1,2,866,right_to_left,Adelaide United,1,False,False,False,direct,6,defending_direct,15,-11.7,9.69,2,half_space_left,2,middle_third,False,24.1,11.07,2,half_space_left,3,attacking_third,False,52.23,50.85,53.44,59.06,28.77,25.33,44.38,43.95
189,1996435,20638,20645,34:22.8,34:23.5,34,22,0.7,1,2,866,right_to_left,Adelaide United,1,False,False,False,create,1,medium_block,9,24.91,11.31,2,half_space_left,3,attacking_third,False,27.03,12.25,2,half_space_left,3,attacking_third,False,50.63,49.34,59.36,60.87,25.1,24.98,44.22,45.76
190,1996435,20645,20670,34:23.5,34:26.0,34,23,2.5,1,2,866,right_to_left,Adelaide United,1,True,False,False,finish,2,low_block,8,27.29,12.37,2,half_space_left,3,attacking_third,False,35.59,18.41,2,half_space_left,3,attacking_third,False,49.13,43.63,61.07,66.96,24.99,26.52,46.02,49.92
191,1996435,20670,20719,34:26.0,34:30.9,34,26,4.9,1,1,869,left_to_right,Sydney FC,2,True,False,False,build_up,0,high_block,10,-35.68,-18.69,4,half_space_right,1,defensive_third,False,-29.45,-15.9,4,half_space_right,1,defensive_third,False,26.74,29.28,49.94,45.83,43.41,35.84,67.04,65.46
192,1996435,20719,20850,34:30.9,34:44.0,34,30,13.1,1,2,866,right_to_left,Adelaide United,8,False,False,True,finish,2,low_block,8,29.61,15.87,2,half_space_left,3,attacking_third,False,5.17,23.74,1,wide_left,2,middle_third,False,35.77,54.07,65.37,63.13,29.31,31.1,45.71,34.91
193,1996435,20850,20961,34:44.0,34:55.1,34,44,11.1,1,2,866,right_to_left,Adelaide United,3,False,False,True,create,1,medium_block,9,5.03,23.49,1,wide_left,2,middle_third,False,28.22,-6.22,3,center,3,attacking_third,False,54.29,58.04,63.0,59.47,31.1,33.84,34.91,45.35
194,1996435,20961,20983,34:55.1,34:57.3,34,55,2.2,1,2,866,right_to_left,Adelaide United,1,True,False,True,finish,2,low_block,8,29.12,-6.89,3,center,3,attacking_third,False,43.87,-5.46,3,center,3,attacking_third,True,57.69,49.76,60.06,72.29,33.58,29.16,45.53,45.64
195,1996435,20983,21001,34:57.3,34:59.1,34,57,1.8,1,1,869,left_to_right,Sydney FC,1,False,False,False,chaotic,5,chaotic,5,-45.04,4.95,3,center,1,defensive_third,False,-43.23,8.51,3,center,1,defensive_third,False,29.16,29.86,45.62,47.0,49.39,44.61,72.72,74.9
196,1996435,21108,21148,35:09.8,35:13.8,35,9,4.0,1,1,869,left_to_right,Sydney FC,3,False,True,True,build_up,0,high_block,10,-42.1,7.9,3,center,1,defensive_third,False,-20.24,-2.87,3,center,1,defensive_third,False,43.47,51.98,45.66,46.71,34.8,35.04,65.47,64.37
197,1996435,21148,21213,35:13.8,35:20.3,35,13,6.5,1,1,869,left_to_right,Sydney FC,1,False,True,True,create,1,medium_block,9,-19.64,-3.73,3,center,1,defensive_third,False,19.71,-30.85,5,wide_right,3,attacking_third,False,52.19,53.6,46.78,61.1,35.0,38.27,64.22,64.73
198,1996435,21213,21293,35:20.3,35:28.3,35,20,8.0,1,1,869,left_to_right,Sydney FC,5,False,True,True,finish,2,low_block,8,20.71,-31.15,5,wide_right,3,attacking_third,False,52.56,-2.8,3,center,3,attacking_third,False,53.46,32.66,61.34,72.5,38.5,21.51,64.56,50.77
199,1996435,22043,22106,36:43.3,36:49.6,36,43,6.3,1,2,866,right_to_left,Adelaide United,5,False,False,False,create,1,medium_block,9,-0.43,0.33,3,center,2,middle_third,False,-19.85,3.54,3,center,1,defensive_third,False,45.1,55.12,39.96,54.0,30.26,32.63,42.4,57.23
200,1996435,22106,22124,36:49.6,36:51.4,36,49,1.8,1,2,866,right_to_left,Adelaide United,0,False,False,False,build_up,0,high_block,10,-21.1,3.04,3,center,1,defensive_third,False,-34.35,-2.25,3,center,1,defensive_third,False,55.38,59.14,53.99,51.74,32.69,34.01,57.7,64.35
201,1996435,22124,22180,36:51.4,36:57.0,36,51,5.6,1,2,866,right_to_left,Adelaide United,1,True,False,False,direct,6,defending_direct,15,-34.08,-2.39,3,center,1,defensive_third,False,42.72,-20.68,5,wide_right,3,attacking_third,False,59.21,44.77,51.48,65.88,34.08,41.35,64.46,60.04
202,1996435,22180,22476,36:57.0,37:26.6,36,57,29.6,1,1,869,left_to_right,Sydney FC,7,True,False,False,build_up,0,high_block,10,-43.31,20.84,1,wide_left,1,defensive_third,False,-27.73,24.84,1,wide_left,1,defensive_third,False,41.7,52.65,60.26,45.72,44.51,42.79,66.38,72.74
203,1996435,22476,22589,37:26.6,37:37.9,37,26,11.3,1,2,866,right_to_left,Adelaide United,5,True,False,True,quick_break,3,defending_quick_break,12,27.35,-25.07,5,wide_right,3,attacking_third,False,35.69,2.41,3,center,3,attacking_third,False,42.69,35.5,72.43,75.51,52.05,29.81,45.83,43.7
204,1996435,22589,22639,37:37.9,37:42.9,37,37,5.0,1,1,869,left_to_right,Sydney FC,2,False,False,False,build_up,0,high_block,10,-35.87,-2.37,3,center,1,defensive_third,False,-20.33,-21.15,5,wide_right,1,defensive_third,False,29.71,27.42,43.51,44.44,35.49,37.06,75.31,65.0
205,1996435,22639,22657,37:42.9,37:44.7,37,42,1.8,1,1,869,left_to_right,Sydney FC,1,False,False,False,create,1,medium_block,9,-19.85,-21.46,5,wide_right,1,defensive_third,False,1.14,-28.95,5,wide_right,2,middle_third,False,27.72,35.18,44.62,49.66,37.24,42.37,64.9,63.75
206,1996435,22740,22933,37:53.0,38:12.3,37,53,19.3,1,1,869,left_to_right,Sydney FC,8,False,False,False,create,1,medium_block,9,-2.06,-34.39,5,wide_right,2,middle_third,False,15.33,-32.05,5,wide_right,2,middle_third,False,50.78,55.43,57.86,57.74,37.16,39.02,53.67,56.59
207,1996435,22933,23143,38:12.3,38:33.3,38,12,21.0,1,1,869,left_to_right,Sydney FC,8,True,False,False,finish,2,low_block,8,15.74,-31.99,5,wide_right,2,middle_third,False,48.9,-9.45,4,half_space_right,3,attacking_third,True,55.05,36.67,57.93,69.05,38.81,29.57,56.65,40.89
208,1996435,23418,23504,39:00.8,39:09.4,39,0,8.6,1,2,866,right_to_left,Adelaide United,3,False,False,False,build_up,0,high_block,10,-47.03,5.05,3,center,1,defensive_third,False,-20.41,19.17,2,half_space_left,1,defensive_third,False,67.39,61.86,51.32,49.67,35.11,37.48,65.51,63.62
209,1996435,23504,23519,39:09.4,39:10.9,39,9,1.5,1,2,866,right_to_left,Adelaide United,1,True,False,False,create,1,medium_block,9,-18.44,18.67,2,half_space_left,1,defensive_third,False,-10.3,17.52,2,half_space_left,2,middle_third,False,61.54,58.98,49.7,50.12,37.11,32.19,63.46,60.88
210,1996435,23519,23676,39:10.9,39:26.6,39,10,15.7,1,1,869,left_to_right,Sydney FC,5,False,False,False,create,1,medium_block,9,9.96,-17.6,4,half_space_right,2,middle_third,False,17.19,-28.51,5,wide_right,2,middle_third,False,32.05,43.86,60.73,58.98,58.99,31.75,50.17,52.22
211,1996435,23676,23747,39:26.6,39:33.7,39,26,7.1,1,1,869,left_to_right,Sydney FC,1,True,False,False,finish,2,low_block,8,17.69,-28.35,5,wide_right,3,attacking_third,False,57.35,-14.49,4,half_space_right,3,attacking_third,False,43.51,28.92,59.35,81.82,31.57,28.19,52.12,49.14
212,1996435,23980,24023,39:57.0,40:01.3,39,57,4.3,1,2,866,right_to_left,Adelaide United,2,True,False,False,create,1,medium_block,9,-40.77,2.73,3,center,1,defensive_third,False,-19.19,-9.46,4,half_space_right,1,defensive_third,False,64.24,53.49,54.26,49.15,38.82,29.58,65.92,62.1
213,1996435,24023,24157,40:01.3,40:14.7,40,1,13.4,1,1,869,left_to_right,Sydney FC,4,True,False,False,finish,2,low_block,8,19.46,9.74,2,half_space_left,3,attacking_third,False,30.34,2.55,3,center,3,attacking_third,False,29.54,54.59,62.04,58.92,53.15,24.91,49.07,39.73
214,1996435,24157,24205,40:14.7,40:19.5,40,14,4.8,1,2,866,right_to_left,Adelaide United,3,False,False,False,build_up,0,high_block,10,-31.01,-2.61,3,center,1,defensive_third,False,-20.09,-14.15,4,half_space_right,1,defensive_third,False,24.9,28.4,39.68,42.97,54.57,37.5,58.94,60.66
215,1996435,24205,24274,40:19.5,40:26.4,40,19,6.9,1,2,866,right_to_left,Adelaide United,1,True,False,False,create,1,medium_block,9,-19.81,-14.17,4,half_space_right,1,defensive_third,False,28.49,-14.54,4,half_space_right,3,attacking_third,False,28.57,33.63,43.12,48.78,37.06,34.87,60.57,53.39
216,1996435,24274,24384,40:26.4,40:37.4,40,26,11.0,1,1,869,left_to_right,Sydney FC,3,False,False,False,create,1,medium_block,9,-28.84,14.57,2,half_space_left,1,defensive_third,False,16.06,-29.15,5,wide_right,2,middle_third,False,35.53,53.71,53.16,53.27,33.64,35.64,48.8,50.52
217,1996435,24384,24468,40:37.4,40:45.8,40,37,8.4,1,1,869,left_to_right,Sydney FC,4,False,False,False,finish,2,low_block,8,16.11,-29.24,5,wide_right,2,middle_third,False,44.44,4.77,3,center,3,attacking_third,True,53.53,42.82,53.47,66.81,35.64,31.39,50.43,45.0
218,1996435,24759,24893,41:14.9,41:28.3,41,14,13.4,1,1,869,left_to_right,Sydney FC,4,False,False,False,set_play,7,defending_set_play,13,51.46,32.47,1,wide_left,3,attacking_third,False,48.86,15.17,2,half_space_left,3,attacking_third,True,43.39,34.39,68.23,60.76,18.04,28.31,15.09,24.9
219,1996435,25133,25229,41:52.3,42:01.9,41,52,9.6,1,1,869,left_to_right,Sydney FC,3,False,False,False,set_play,7,defending_set_play,13,52.73,33.56,1,wide_left,3,attacking_third,False,5.54,-4.94,3,center,2,middle_third,False,42.51,49.09,61.86,50.27,21.29,20.95,19.53,32.25
220,1996435,25229,25268,42:01.9,42:05.8,42,1,3.9,1,1,869,left_to_right,Sydney FC,1,False,False,True,create,1,medium_block,9,4.9,-4.15,3,center,2,middle_third,False,21.71,-25.16,5,wide_right,3,attacking_third,False,49.44,55.73,50.19,49.97,20.73,28.96,32.69,41.78
221,1996435,25268,25372,42:05.8,42:16.2,42,5,10.4,1,1,869,left_to_right,Sydney FC,5,False,False,True,finish,2,low_block,8,22.72,-25.88,5,wide_right,3,attacking_third,False,-40.87,12.57,2,half_space_left,1,defensive_third,False,55.6,23.23,50.16,41.77,29.31,30.32,41.87,63.51
222,1996435,25372,25388,42:16.2,42:17.8,42,16,1.6,1,1,869,left_to_right,Sydney FC,1,True,False,False,chaotic,5,chaotic,5,40.4,-12.97,4,half_space_right,3,attacking_third,True,31.67,-17.88,4,half_space_right,3,attacking_third,False,30.13,27.61,63.38,61.31,23.43,26.71,41.82,42.41
223,1996435,25388,25439,42:17.8,42:22.9,42,17,5.1,1,2,866,right_to_left,Adelaide United,2,True,False,False,chaotic,5,chaotic,5,-31.48,17.98,2,half_space_left,1,defensive_third,False,-22.26,27.62,1,wide_left,1,defensive_third,False,26.95,37.01,42.45,43.41,27.38,31.79,61.19,59.52
224,1996435,25439,25455,42:22.9,42:24.5,42,22,1.6,1,1,869,left_to_right,Sydney FC,1,True,False,False,chaotic,5,chaotic,5,21.95,-27.79,5,wide_right,3,attacking_third,False,17.8,-33.48,5,wide_right,3,attacking_third,False,31.69,31.9,59.49,58.51,36.92,35.88,43.46,44.0
225,1996435,25633,25681,42:42.3,42:47.1,42,42,4.8,1,2,866,right_to_left,Adelaide United,4,False,False,False,build_up,0,high_block,10,,,2,half_space_left,2,middle_third,False,-20.23,-14.53,4,half_space_right,1,defensive_third,False,,64.68,,42.93,,41.76,,58.83
226,1996435,25681,25732,42:47.1,42:52.2,42,47,5.1,1,2,866,right_to_left,Adelaide United,1,False,False,False,create,1,medium_block,9,-19.7,-16.09,4,half_space_right,1,defensive_third,False,-8.05,-30.94,5,wide_right,2,middle_third,False,64.66,59.17,43.07,46.95,41.86,38.6,58.74,56.64
227,1996435,25888,26064,43:07.8,43:25.4,43,7,17.6,1,2,866,right_to_left,Adelaide United,10,False,False,False,create,1,medium_block,9,,,2,half_space_left,2,middle_third,False,25.23,-27.54,5,wide_right,3,attacking_third,False,,52.23,,62.19,,32.68,,50.84
228,1996435,26064,26077,43:25.4,43:26.7,43,25,1.3,1,2,866,right_to_left,Adelaide United,1,False,False,False,finish,2,low_block,8,25.92,-27.13,5,wide_right,3,attacking_third,False,36.32,-12.73,4,half_space_right,3,attacking_third,True,51.93,49.11,62.73,69.54,32.38,31.08,50.96,51.67
229,1996435,26194,26302,43:38.4,43:49.2,43,38,10.8,1,2,866,right_to_left,Adelaide United,7,False,False,False,finish,2,low_block,8,41.32,-33.49,5,wide_right,3,attacking_third,False,5.25,-12.06,4,half_space_right,2,middle_third,False,41.12,46.6,64.61,57.27,34.38,32.53,31.99,33.54
230,1996435,26302,26363,43:49.2,43:55.3,43,49,6.1,1,2,866,right_to_left,Adelaide United,3,False,False,False,create,1,medium_block,9,5.11,-11.76,4,half_space_right,2,middle_third,False,21.0,11.09,2,half_space_left,3,attacking_third,False,46.66,57.04,57.12,53.97,32.41,30.1,33.86,34.83
231,1996435,26363,26395,43:55.3,43:58.5,43,55,3.2,1,2,866,right_to_left,Adelaide United,1,False,False,False,finish,2,low_block,8,20.93,11.0,2,half_space_left,3,attacking_third,False,7.92,3.48,3,center,2,middle_third,False,56.87,53.15,54.1,56.68,30.03,28.2,34.9,35.52
232,1996435,26395,26506,43:58.5,44:09.6,43,58,11.1,1,2,866,right_to_left,Adelaide United,3,False,False,False,create,1,medium_block,9,7.55,3.25,3,center,2,middle_third,False,12.89,20.33,1,wide_left,2,middle_third,False,53.18,54.1,56.7,57.07,28.29,40.88,35.59,44.51
233,1996435,27050,27165,45:04.0,45:15.5,45,4,11.5,1,2,866,right_to_left,Adelaide United,3,True,False,True,set_play,7,defending_set_play,13,16.82,21.49,1,wide_left,2,middle_third,False,47.77,8.42,3,center,3,attacking_third,True,42.11,27.9,61.24,75.4,25.23,22.9,26.16,22.25
234,1996435,27351,27398,45:34.1,45:38.8,45,34,4.7,1,1,869,left_to_right,Sydney FC,3,True,False,False,create,1,medium_block,9,,,2,half_space_left,2,middle_third,False,-1.52,-18.36,4,half_space_right,2,middle_third,False,,57.44,,51.6,,35.01,,48.58
235,1996435,27398,27480,45:38.8,45:47.0,45,38,8.2,1,2,866,right_to_left,Adelaide United,3,True,False,False,quick_break,3,defending_quick_break,12,1.59,18.43,2,half_space_left,2,middle_third,False,47.87,-4.84,3,center,3,attacking_third,True,35.03,33.49,48.43,82.07,57.26,26.85,51.6,49.68
236,1996435,27480,27645,45:47.0,46:03.5,45,47,16.5,1,1,869,left_to_right,Sydney FC,3,False,False,False,build_up,0,high_block,10,-48.32,3.67,3,center,1,defensive_third,False,-20.25,-27.26,5,wide_right,1,defensive_third,False,26.91,52.0,49.48,49.01,33.44,37.55,82.46,70.42
237,1996435,27645,27702,46:03.5,46:09.2,46,3,5.7,1,1,869,left_to_right,Sydney FC,1,False,False,False,create,1,medium_block,9,-18.64,-27.75,5,wide_right,1,defensive_third,False,17.96,-33.21,5,wide_right,3,attacking_third,False,52.04,51.31,49.05,57.52,37.6,42.97,70.18,63.89
238,1996435,27702,27768,46:09.2,46:15.8,46,9,6.6,1,1,869,left_to_right,Sydney FC,2,False,False,False,finish,2,low_block,8,18.17,-33.08,5,wide_right,3,attacking_third,False,6.24,-25.82,5,wide_right,2,middle_third,False,51.13,52.14,57.66,56.57,42.84,35.07,63.68,46.95
239,1996435,27768,27795,46:15.8,46:18.5,46,15,2.7,1,1,869,left_to_right,Sydney FC,1,False,False,False,create,1,medium_block,9,5.46,-25.81,5,wide_right,2,middle_third,False,20.33,-31.93,5,wide_right,3,attacking_third,False,52.32,56.64,56.44,53.89,34.96,35.28,46.91,47.88
240,1996435,27795,27970,46:18.5,46:36.0,46,18,17.5,1,1,869,left_to_right,Sydney FC,3,False,False,False,finish,2,low_block,8,20.91,-32.07,5,wide_right,3,attacking_third,False,33.81,-31.59,5,wide_right,3,attacking_third,False,56.61,48.35,53.97,61.15,35.2,31.8,47.92,40.39
241,1996435,28019,28093,46:40.9,46:48.3,46,40,7.4,1,1,869,left_to_right,Sydney FC,3,False,True,True,create,1,medium_block,9,32.03,-30.09,5,wide_right,3,attacking_third,False,-18.79,-3.06,3,center,1,defensive_third,False,42.73,34.96,56.88,48.83,29.61,33.77,41.68,49.75
242,1996435,28093,28118,45:06.3,45:08.8,0,6,2.5,2,2,869,right_to_left,Sydney FC,1,False,True,True,direct,6,defending_direct,15,-18.45,-3.24,3,center,1,defensive_third,False,22.37,-24.9,5,wide_right,3,attacking_third,False,34.91,31.83,49.18,58.73,33.64,35.38,50.0,51.37
243,1996435,28118,28212,45:08.8,45:18.2,0,8,9.4,2,2,869,right_to_left,Sydney FC,4,False,True,True,build_up,0,high_block,10,23.32,-25.44,5,wide_right,3,attacking_third,False,53.21,-0.73,3,center,3,attacking_third,False,31.82,25.26,59.02,77.65,35.74,25.24,51.3,42.46
244,1996435,29052,29065,46:42.2,46:43.5,1,42,1.3,2,1,866,left_to_right,Adelaide United,1,False,False,False,create,1,medium_block,9,-0.26,-0.83,3,center,2,middle_third,False,-19.23,-0.54,3,center,1,defensive_third,False,45.24,44.31,40.86,44.3,34.04,34.05,40.91,43.61
245,1996435,29065,29095,46:43.5,46:46.5,1,43,3.0,2,1,866,left_to_right,Adelaide United,1,False,False,False,build_up,0,high_block,10,-20.26,-0.53,3,center,1,defensive_third,False,-26.25,-1.04,3,center,1,defensive_third,False,44.18,38.24,44.69,52.66,33.98,30.17,43.99,54.84
246,1996435,29095,29127,46:46.5,46:49.7,1,46,3.2,2,1,866,left_to_right,Adelaide United,1,True,False,False,direct,6,defending_direct,15,-24.83,-0.6,3,center,1,defensive_third,False,21.47,15.73,2,half_space_left,3,attacking_third,False,37.96,31.42,52.85,60.44,30.04,24.34,54.66,45.68
247,1996435,29127,29232,46:49.7,47:00.2,1,49,10.5,2,2,869,right_to_left,Sydney FC,3,True,False,False,transition,4,defending_transition,11,-21.72,-15.68,4,half_space_right,1,defensive_third,False,42.7,-17.87,4,half_space_right,3,attacking_third,True,24.03,32.63,45.51,72.9,31.37,33.76,60.57,50.89
248,1996435,29232,29343,47:00.2,47:11.3,2,0,11.1,2,1,866,left_to_right,Adelaide United,2,True,False,False,chaotic,5,chaotic,5,-43.03,17.21,2,half_space_left,1,defensive_third,False,-25.41,-15.29,4,half_space_right,1,defensive_third,False,33.68,55.15,50.77,47.73,32.51,40.57,72.86,66.29
249,1996435,29343,29490,47:11.3,47:26.0,2,11,14.7,2,2,869,right_to_left,Sydney FC,6,True,False,True,finish,2,low_block,8,25.23,14.9,2,half_space_left,3,attacking_third,False,47.44,-0.8,3,center,3,attacking_third,True,40.45,35.23,66.11,68.66,55.25,25.5,47.86,42.42
250,1996435,29707,29777,47:47.7,47:54.7,2,47,7.0,2,1,866,left_to_right,Adelaide United,4,False,False,False,build_up,0,high_block,10,-47.18,3.44,3,center,1,defensive_third,False,-21.01,31.39,1,wide_left,1,defensive_third,False,63.07,61.65,52.53,48.01,36.7,41.05,68.5,73.29
251,1996435,29777,29780,47:54.7,47:55.0,2,54,0.3,2,1,866,left_to_right,Adelaide United,0,False,False,False,create,1,medium_block,9,-19.92,31.48,1,wide_left,1,defensive_third,False,-17.99,31.61,1,wide_left,1,defensive_third,False,61.48,61.11,47.82,47.46,41.03,40.95,73.16,72.86
252,1996435,30172,30261,48:34.2,48:43.1,3,34,8.9,2,1,866,left_to_right,Adelaide United,1,False,True,True,build_up,0,high_block,10,-39.32,12.96,2,half_space_left,1,defensive_third,False,-20.54,-13.23,4,half_space_right,1,defensive_third,False,64.76,59.66,48.36,46.55,36.18,34.87,64.43,64.25
253,1996435,30261,30321,48:43.1,48:49.1,3,43,6.0,2,1,866,left_to_right,Adelaide United,0,False,True,True,create,1,medium_block,9,-19.58,-12.49,4,half_space_right,1,defensive_third,False,22.55,-21.73,5,wide_right,3,attacking_third,False,59.52,40.77,46.52,64.57,34.73,25.33,64.12,60.93
254,1996435,30321,30361,48:49.1,48:53.1,3,49,4.0,2,1,866,left_to_right,Adelaide United,2,False,True,True,finish,2,low_block,8,23.14,-21.56,5,wide_right,3,attacking_third,False,53.59,-0.75,3,center,3,attacking_third,False,40.37,21.67,64.88,82.77,25.31,23.52,60.86,56.47
255,1996435,31009,31122,49:57.9,50:09.2,4,57,11.3,2,2,869,right_to_left,Sydney FC,5,False,False,False,finish,2,low_block,8,26.02,-22.11,5,wide_right,3,attacking_third,False,9.11,-29.15,5,wide_right,2,middle_third,False,35.2,34.24,66.41,58.23,37.38,34.2,47.49,38.84
256,1996435,31412,31450,50:38.2,50:42.0,5,38,3.8,2,2,869,right_to_left,Sydney FC,2,False,False,False,create,1,medium_block,9,,,2,half_space_left,2,middle_third,False,-19.67,-29.04,5,wide_right,1,defensive_third,False,,49.45,,43.45,,34.32,,54.13
257,1996435,31450,31575,50:42.0,50:54.5,5,42,12.5,2,2,869,right_to_left,Sydney FC,5,False,False,False,build_up,0,high_block,10,-20.91,-27.86,5,wide_right,1,defensive_third,False,-48.76,-14.08,4,half_space_right,1,defensive_third,False,49.67,51.89,43.35,47.87,34.37,36.4,54.51,75.03
258,1996435,31575,31610,50:54.5,50:58.0,5,54,3.5,2,2,869,right_to_left,Sydney FC,1,False,False,False,direct,6,defending_direct,15,-48.45,-13.98,4,half_space_right,1,defensive_third,False,5.32,-20.34,5,wide_right,2,middle_third,False,52.13,45.09,47.85,54.86,36.37,33.52,75.41,74.28
259,1996435,31610,31706,50:58.0,51:07.6,5,58,9.6,2,2,869,right_to_left,Sydney FC,2,True,False,False,create,1,medium_block,9,5.64,-20.23,5,wide_right,2,middle_third,False,40.0,-4.11,3,center,3,attacking_third,True,44.7,38.55,55.19,73.4,33.56,30.23,74.03,51.08
260,1996435,31706,31873,51:07.6,51:24.3,6,7,16.7,2,1,866,left_to_right,Adelaide United,1,False,False,True,build_up,0,high_block,10,-40.28,3.66,3,center,1,defensive_third,False,,,2,half_space_left,2,middle_third,False,30.27,,50.74,,38.17,,73.77,
261,1996435,31873,31913,51:24.3,51:28.3,6,24,4.0,2,1,866,left_to_right,Adelaide United,1,True,False,True,finish,2,low_block,8,18.48,1.41,3,center,3,attacking_third,False,48.32,0.15,3,center,3,attacking_third,True,53.78,45.24,62.23,70.35,29.94,30.48,46.56,42.66
262,1996435,32204,32257,51:57.4,52:02.7,6,57,5.3,2,2,869,right_to_left,Sydney FC,2,False,False,False,build_up,0,high_block,10,,,2,half_space_left,2,middle_third,False,-20.82,-23.38,5,wide_right,1,defensive_third,False,,56.91,,48.81,,34.21,,62.06
263,1996435,32257,32278,52:02.7,52:04.8,7,2,2.1,2,2,869,right_to_left,Sydney FC,1,True,False,False,create,1,medium_block,9,-18.99,-23.75,5,wide_right,1,defensive_third,False,0.39,-26.62,5,wide_right,2,middle_third,False,56.65,49.02,48.86,50.6,34.25,34.85,61.63,55.38
264,1996435,32278,32328,52:04.8,52:09.8,7,4,5.0,2,1,866,left_to_right,Adelaide United,3,False,False,False,create,1,medium_block,9,-0.81,26.65,1,wide_left,2,middle_third,False,-19.7,17.93,2,half_space_left,1,defensive_third,False,34.93,47.19,55.16,49.59,48.34,34.31,50.65,48.72
265,1996435,32328,32424,52:09.8,52:19.4,7,9,9.6,2,1,866,left_to_right,Adelaide United,4,False,False,False,build_up,0,high_block,10,-20.41,17.42,2,half_space_left,1,defensive_third,False,-20.39,-31.84,5,wide_right,1,defensive_third,False,47.54,61.48,49.52,45.05,34.49,39.91,48.78,62.93
266,1996435,32424,32475,52:19.4,52:24.5,7,19,5.1,2,1,866,left_to_right,Adelaide United,2,True,False,False,create,1,medium_block,9,-19.83,-32.0,5,wide_right,1,defensive_third,False,17.14,-18.09,4,half_space_right,2,middle_third,False,61.23,51.59,45.19,55.65,39.81,33.46,62.81,53.88
267,1996435,32475,32572,52:24.5,52:34.2,7,24,9.7,2,2,869,right_to_left,Sydney FC,5,True,False,False,create,1,medium_block,9,-17.73,17.65,2,half_space_left,1,defensive_third,False,14.22,31.08,1,wide_left,2,middle_third,False,33.34,40.02,53.74,56.64,51.36,38.58,55.96,52.7
268,1996435,32572,32597,52:34.2,52:36.7,7,34,2.5,2,1,866,left_to_right,Adelaide United,1,True,False,False,chaotic,5,chaotic,5,-14.58,-31.12,5,wide_right,2,middle_third,False,-21.86,-31.75,5,wide_right,1,defensive_third,False,38.59,39.55,52.61,50.25,39.85,37.22,56.8,58.46
269,1996435,32985,33012,53:15.5,53:18.2,8,15,2.7,2,2,869,right_to_left,Sydney FC,2,False,False,False,chaotic,5,chaotic,5,31.76,34.45,1,wide_left,3,attacking_third,False,42.23,36.88,1,wide_left,3,attacking_third,False,42.01,36.17,69.59,74.97,28.36,32.63,34.76,34.32
270,1996435,33073,33198,53:24.3,53:36.8,8,24,12.5,2,2,869,right_to_left,Sydney FC,6,False,False,False,finish,2,low_block,8,39.93,34.39,1,wide_left,3,attacking_third,False,38.26,19.93,2,half_space_left,3,attacking_third,True,39.17,38.47,73.02,59.77,29.81,39.26,29.7,29.83
271,1996435,33437,33465,54:00.7,54:03.5,9,0,2.8,2,2,869,right_to_left,Sydney FC,2,True,False,True,set_play,7,defending_set_play,13,49.43,7.38,3,center,3,attacking_third,True,52.56,1.33,3,center,3,attacking_third,False,39.07,36.01,67.03,64.07,19.68,14.7,11.88,13.17
272,1996435,33793,33823,54:36.3,54:39.3,9,36,3.0,2,1,866,left_to_right,Adelaide United,1,True,False,False,direct,6,defending_direct,15,-47.11,5.98,3,center,1,defensive_third,False,-14.25,-13.63,4,half_space_right,2,middle_third,False,66.19,61.32,54.52,50.72,38.62,35.62,68.14,65.37
273,1996435,33823,33857,54:39.3,54:42.7,9,39,3.4,2,2,869,right_to_left,Sydney FC,1,False,False,False,chaotic,5,chaotic,5,14.12,13.88,2,half_space_left,2,middle_third,False,7.51,20.55,1,wide_left,2,middle_third,False,35.55,34.42,65.3,61.3,61.11,48.25,50.65,46.82
274,1996435,34020,34057,54:59.0,55:02.7,9,59,3.7,2,2,869,right_to_left,Sydney FC,3,False,False,False,create,1,medium_block,9,7.77,20.66,1,wide_left,2,middle_third,False,4.65,24.55,1,wide_left,2,middle_third,False,56.93,60.48,60.15,57.94,35.09,34.84,37.44,40.26
275,1996435,34057,34168,55:02.7,55:13.8,10,2,11.1,2,2,869,right_to_left,Sydney FC,5,True,False,False,finish,2,low_block,8,5.45,24.41,1,wide_left,2,middle_third,False,37.03,28.16,1,wide_left,3,attacking_third,False,60.39,30.37,57.93,68.15,34.65,32.74,40.43,42.67
276,1996435,34168,34308,55:13.8,55:27.8,10,13,14.0,2,1,866,left_to_right,Adelaide United,6,True,False,False,build_up,0,high_block,10,-37.08,-28.34,5,wide_right,1,defensive_third,False,-21.77,23.77,1,wide_left,1,defensive_third,False,32.8,58.01,42.65,48.4,30.43,46.56,68.5,67.11
277,1996435,34308,34381,55:27.8,55:35.1,10,27,7.3,2,2,869,right_to_left,Sydney FC,2,True,False,False,chaotic,5,chaotic,5,20.5,-22.59,5,wide_right,3,attacking_third,False,11.35,-6.41,3,center,2,middle_third,False,46.47,41.7,66.82,57.96,57.93,49.46,48.35,44.46
278,1996435,34381,34407,55:35.1,55:37.7,10,35,2.6,2,1,866,left_to_right,Adelaide United,1,False,False,False,chaotic,5,chaotic,5,-10.86,6.96,3,center,2,middle_third,False,-3.61,15.35,2,half_space_left,2,middle_third,False,49.27,47.61,44.61,49.52,41.5,38.38,58.13,59.57
279,1996435,34559,34652,55:52.9,56:02.2,10,52,9.3,2,1,866,left_to_right,Adelaide United,6,False,False,False,build_up,0,high_block,10,,,2,half_space_left,2,middle_third,False,-20.29,-11.51,4,half_space_right,1,defensive_third,False,,66.05,,47.31,,39.92,,62.15
280,1996435,34652,34665,56:02.2,56:03.5,11,2,1.3,2,1,866,left_to_right,Adelaide United,0,True,False,False,create,1,medium_block,9,-19.38,-13.34,4,half_space_right,1,defensive_third,False,-6.09,-25.96,5,wide_right,2,middle_third,False,65.9,62.54,47.22,47.31,40.0,39.89,62.07,60.6
281,1996435,34665,34691,56:03.5,56:06.1,11,3,2.6,2,2,869,right_to_left,Sydney FC,1,True,False,False,chaotic,5,chaotic,5,5.81,25.79,1,wide_left,2,middle_third,False,11.33,1.46,3,center,2,middle_third,False,39.77,35.16,60.49,59.92,62.11,50.2,47.33,47.93
282,1996435,34691,34732,56:06.1,56:10.2,11,6,4.1,2,1,866,left_to_right,Adelaide United,1,True,False,False,direct,6,defending_direct,15,-11.1,-1.6,3,center,2,middle_third,False,32.92,-19.2,4,half_space_right,3,attacking_third,False,49.96,40.65,48.08,64.8,34.9,29.56,59.94,54.85
283,1996435,34732,34742,56:10.2,56:11.2,11,10,1.0,2,2,869,right_to_left,Sydney FC,1,True,False,False,chaotic,5,chaotic,5,-32.93,19.83,2,half_space_left,1,defensive_third,False,-23.01,27.74,1,wide_left,1,defensive_third,False,29.69,30.84,54.64,53.47,40.47,39.43,65.36,69.18
284,1996435,34796,34958,56:16.6,56:32.8,11,16,16.2,2,1,866,left_to_right,Adelaide United,6,False,False,False,create,1,medium_block,9,-0.5,-29.17,5,wide_right,2,middle_third,False,12.5,-30.99,5,wide_right,2,middle_third,False,53.57,51.86,62.0,58.88,33.32,34.86,49.33,52.2
285,1996435,34958,35041,56:32.8,56:41.1,11,32,8.3,2,1,866,left_to_right,Adelaide United,2,True,False,False,finish,2,low_block,8,13.5,-31.39,5,wide_right,2,middle_third,False,38.17,-26.93,5,wide_right,3,attacking_third,False,51.67,39.58,59.24,71.59,34.88,32.24,52.21,48.54
286,1996435,35041,35069,56:41.1,56:43.9,11,41,2.8,2,2,869,right_to_left,Sydney FC,2,False,False,False,build_up,0,high_block,10,-37.83,27.03,1,wide_left,1,defensive_third,False,-20.15,28.07,1,wide_left,1,defensive_third,False,32.24,33.61,48.47,47.78,39.18,36.81,71.55,67.75
287,1996435,35069,35126,56:43.9,56:49.6,11,43,5.7,2,2,869,right_to_left,Sydney FC,1,False,False,False,create,1,medium_block,9,-19.58,28.04,1,wide_left,1,defensive_third,False,0.93,26.48,1,wide_left,2,middle_third,False,33.56,39.48,47.77,51.43,37.12,40.95,67.53,58.76
288,1996435,35453,35491,57:22.3,57:26.1,12,22,3.8,2,2,869,right_to_left,Sydney FC,1,False,False,False,set_play,7,defending_set_play,13,,,2,half_space_left,2,middle_third,False,,,2,half_space_left,2,middle_third,False,,,,,,,,
289,1996435,35491,35523,57:26.1,57:29.3,12,26,3.2,2,2,869,right_to_left,Sydney FC,2,False,False,False,create,1,medium_block,9,0.89,22.19,1,wide_left,2,middle_third,False,20.39,-2.84,3,center,3,attacking_third,False,51.33,50.7,57.27,58.36,30.64,31.88,49.66,52.29
290,1996435,35523,35628,57:29.3,57:39.8,12,29,10.5,2,2,869,right_to_left,Sydney FC,6,True,False,False,finish,2,low_block,8,21.02,-2.54,3,center,3,attacking_third,False,38.65,4.82,3,center,3,attacking_third,True,50.57,40.0,58.59,64.72,31.72,27.92,52.28,37.17
291,1996435,35628,35677,57:39.8,57:44.7,12,39,4.9,2,1,866,left_to_right,Adelaide United,2,True,False,False,chaotic,5,chaotic,5,-38.98,-4.45,3,center,1,defensive_third,False,-18.07,6.39,3,center,1,defensive_third,False,27.81,35.38,37.05,43.99,39.76,28.58,64.65,62.81
292,1996435,35677,35772,57:44.7,57:54.2,12,44,9.5,2,2,869,right_to_left,Sydney FC,3,False,False,False,finish,2,low_block,8,17.73,-6.62,3,center,3,attacking_third,False,6.03,14.81,2,half_space_left,2,middle_third,False,28.72,46.69,62.8,59.75,35.77,27.22,44.4,37.87
293,1996435,35772,35805,57:54.2,57:57.5,12,54,3.3,2,2,869,right_to_left,Sydney FC,2,False,False,False,create,1,medium_block,9,5.47,13.74,2,half_space_left,2,middle_third,False,4.76,-1.83,3,center,2,middle_third,False,47.09,56.92,59.59,56.75,27.08,27.78,37.58,39.66
294,1996435,35805,35966,57:57.5,58:13.6,12,57,16.1,2,2,869,right_to_left,Sydney FC,5,True,False,False,finish,2,low_block,8,5.79,-2.05,3,center,2,middle_third,False,41.06,-24.49,5,wide_right,3,attacking_third,False,57.11,39.05,56.66,64.26,27.87,31.66,39.86,27.43
295,1996435,36508,36568,59:07.8,59:13.8,14,7,6.0,2,1,866,left_to_right,Adelaide United,4,True,False,False,build_up,0,high_block,10,-46.57,-0.65,3,center,1,defensive_third,False,-41.76,-30.87,5,wide_right,1,defensive_third,False,63.33,54.67,50.26,46.55,40.86,42.97,66.72,71.42
296,1996435,36568,36648,59:13.8,59:21.8,14,13,8.0,2,2,869,right_to_left,Sydney FC,4,False,False,False,finish,2,low_block,8,41.8,31.04,1,wide_left,3,attacking_third,False,-29.42,-30.55,5,wide_right,1,defensive_third,False,42.91,48.12,71.64,40.07,54.64,34.21,46.45,64.44
297,1996435,36648,36684,59:21.8,59:25.4,14,21,3.6,2,2,869,right_to_left,Sydney FC,1,True,False,False,chaotic,5,chaotic,5,28.95,30.57,1,wide_left,3,attacking_third,False,9.17,30.94,1,wide_left,2,middle_third,False,34.38,36.97,64.28,59.35,48.24,51.51,40.19,41.46
298,1996435,36843,36848,59:41.3,59:41.8,14,41,0.5,2,1,866,left_to_right,Adelaide United,1,False,False,False,create,1,medium_block,9,-18.62,-23.98,5,wide_right,1,defensive_third,False,-19.97,-23.16,5,wide_right,1,defensive_third,False,61.82,61.89,48.41,48.48,39.33,39.75,57.7,58.87
299,1996435,36848,36934,59:41.8,59:50.4,14,41,8.6,2,1,866,left_to_right,Adelaide United,2,True,False,False,build_up,0,high_block,10,-20.43,-22.93,5,wide_right,1,defensive_third,False,-31.43,28.63,1,wide_left,1,defensive_third,False,61.9,60.44,48.49,49.33,39.85,42.74,59.19,70.75
300,1996435,36934,37020,59:50.4,59:59.0,14,50,8.6,2,2,869,right_to_left,Sydney FC,3,True,False,False,quick_break,3,defending_quick_break,12,29.8,-28.01,5,wide_right,3,attacking_third,False,33.12,-2.34,3,center,3,attacking_third,False,42.81,34.87,70.54,67.83,60.3,35.45,49.27,30.93
301,1996435,37020,37157,59:59.0,60:12.7,14,59,13.7,2,1,866,left_to_right,Adelaide United,3,False,False,False,build_up,0,high_block,10,-33.06,2.4,3,center,1,defensive_third,False,-20.84,-27.26,5,wide_right,1,defensive_third,False,35.34,62.82,30.86,49.1,34.97,38.99,67.62,68.2
302,1996435,37157,37180,60:12.7,60:15.0,15,12,2.3,2,1,866,left_to_right,Adelaide United,1,False,False,False,create,1,medium_block,9,-19.59,-27.3,5,wide_right,1,defensive_third,False,0.57,-32.42,5,wide_right,2,middle_third,False,62.71,59.93,49.12,51.97,39.05,39.5,67.99,64.76
303,1996435,37799,37871,61:16.9,61:24.1,16,16,7.2,2,1,866,left_to_right,Adelaide United,2,True,False,False,set_play,7,defending_set_play,13,31.64,-31.71,5,wide_right,3,attacking_third,False,44.84,31.67,1,wide_left,3,attacking_third,False,43.61,52.75,62.37,69.46,32.05,37.07,13.96,12.09
304,1996435,38099,38161,61:46.9,61:53.1,16,46,6.2,2,2,869,right_to_left,Sydney FC,2,False,False,False,build_up,0,high_block,10,-42.27,-18.57,4,half_space_right,1,defensive_third,False,-20.4,-28.9,5,wide_right,1,defensive_third,False,62.09,50.88,44.5,50.19,38.52,39.69,71.94,58.98
305,1996435,38161,38231,61:53.1,62:00.1,16,53,7.0,2,2,869,right_to_left,Sydney FC,3,False,False,False,create,1,medium_block,9,-19.76,-29.06,5,wide_right,1,defensive_third,False,16.42,-0.2,3,center,2,middle_third,False,50.6,43.32,50.28,61.54,39.72,31.55,58.3,52.59
306,1996435,38231,38469,62:00.1,62:23.9,17,0,23.8,2,2,869,right_to_left,Sydney FC,7,True,False,False,finish,2,low_block,8,17.1,-0.46,3,center,2,middle_third,False,43.22,5.11,3,center,3,attacking_third,True,43.15,35.08,61.79,69.25,31.28,29.21,52.58,29.23
307,1996435,38469,38504,62:23.9,62:27.4,17,23,3.5,2,1,866,left_to_right,Adelaide United,1,True,False,False,chaotic,5,chaotic,5,-42.71,-5.34,3,center,1,defensive_third,False,1.12,-9.25,4,half_space_right,2,middle_third,False,29.08,33.12,29.1,36.69,34.89,38.13,69.31,65.13
308,1996435,38504,38702,62:27.4,62:47.2,17,27,19.8,2,2,869,right_to_left,Sydney FC,9,False,False,False,create,1,medium_block,9,-1.57,9.48,2,half_space_left,2,middle_third,False,12.6,19.3,2,half_space_left,2,middle_third,False,38.54,51.64,64.95,59.79,33.0,36.3,36.99,51.27
309,1996435,38702,38712,62:47.2,62:48.2,17,47,1.0,2,2,869,right_to_left,Sydney FC,1,False,False,False,finish,2,low_block,8,12.51,18.75,2,half_space_left,2,middle_third,False,6.38,9.84,2,half_space_left,2,middle_third,False,51.59,50.96,59.72,59.1,36.25,35.94,51.24,50.13
310,1996435,38712,38736,62:48.2,62:50.6,17,48,2.4,2,2,869,right_to_left,Sydney FC,1,False,False,False,create,1,medium_block,9,5.51,8.97,3,center,2,middle_third,False,4.62,-7.6,3,center,2,middle_third,False,50.91,51.73,59.17,60.26,35.95,35.89,49.91,44.44
311,1996435,38736,38826,62:50.6,62:59.6,17,50,9.0,2,2,869,right_to_left,Sydney FC,3,False,False,False,finish,2,low_block,8,5.01,-9.13,3,center,2,middle_third,False,5.91,-15.51,4,half_space_right,2,middle_third,False,51.87,48.48,60.3,59.15,35.96,37.07,44.23,34.8
312,1996435,38826,38875,62:59.6,63:04.5,17,59,4.9,2,2,869,right_to_left,Sydney FC,2,False,False,False,create,1,medium_block,9,5.4,-14.72,4,half_space_right,2,middle_third,False,4.57,-20.91,5,wide_right,2,middle_third,False,48.63,57.86,59.07,58.52,36.93,36.1,34.79,37.26
313,1996435,38875,38902,63:04.5,63:07.2,18,4,2.7,2,2,869,right_to_left,Sydney FC,1,False,False,False,finish,2,low_block,8,5.83,-20.93,5,wide_right,2,middle_third,False,5.64,-24.97,5,wide_right,2,middle_third,False,57.98,58.05,58.61,59.51,36.23,37.32,37.24,37.97
314,1996435,38902,38956,63:07.2,63:12.6,18,7,5.4,2,2,869,right_to_left,Sydney FC,2,True,False,False,create,1,medium_block,9,4.51,-24.96,5,wide_right,2,middle_third,False,7.99,-23.43,5,wide_right,2,middle_third,False,58.09,55.52,59.48,55.14,37.34,35.93,38.0,44.91
315,1996435,38956,39074,63:12.6,63:24.4,18,12,11.8,2,1,866,left_to_right,Adelaide United,4,False,False,False,transition,4,defending_transition,11,-8.93,24.16,1,wide_left,2,middle_third,False,50.15,14.92,2,half_space_left,3,attacking_third,True,35.81,35.79,44.88,77.71,55.4,22.3,55.17,50.3
316,1996435,39315,39409,63:48.5,63:57.9,18,48,9.4,2,1,866,left_to_right,Adelaide United,4,False,False,False,set_play,7,defending_set_play,13,41.59,27.84,1,wide_left,3,attacking_third,False,-28.25,-1.56,3,center,1,defensive_third,False,38.7,30.73,74.56,24.28,42.91,38.06,38.29,68.02
317,1996435,39528,39814,64:09.8,64:38.4,19,9,28.6,2,1,866,left_to_right,Adelaide United,9,True,False,False,create,1,medium_block,9,-0.84,21.95,1,wide_left,2,middle_third,False,11.5,-9.65,4,half_space_right,2,middle_third,False,36.16,58.4,56.23,55.31,24.71,30.99,47.15,47.37
318,1996435,39814,39929,64:38.4,64:49.9,19,38,11.5,2,2,869,right_to_left,Sydney FC,4,False,False,False,create,1,medium_block,9,-12.08,9.24,2,half_space_left,2,middle_third,False,17.5,-9.81,4,half_space_right,2,middle_third,False,30.77,50.79,47.44,57.1,58.26,31.49,55.86,44.1
319,1996435,39929,40114,64:49.9,65:08.4,19,49,18.5,2,2,869,right_to_left,Sydney FC,5,False,False,False,finish,2,low_block,8,18.39,-11.67,4,half_space_right,3,attacking_third,False,34.84,-12.57,4,half_space_right,3,attacking_third,False,50.87,37.63,57.05,60.06,31.52,31.02,44.07,28.35
320,1996435,40462,40646,65:43.2,66:01.6,20,43,18.4,2,2,869,right_to_left,Sydney FC,8,True,False,False,set_play,7,defending_set_play,13,52.43,-32.97,5,wide_right,3,attacking_third,False,-24.26,-28.6,5,wide_right,1,defensive_third,False,40.64,34.1,69.55,39.05,17.03,36.01,11.95,62.75
321,1996435,40730,40784,66:10.0,66:15.4,21,10,5.4,2,1,866,left_to_right,Adelaide United,4,False,False,False,build_up,0,high_block,10,-28.98,-32.91,5,wide_right,1,defensive_third,False,-35.67,-29.38,5,wide_right,1,defensive_third,False,49.42,55.5,48.64,45.37,33.89,31.9,62.41,64.19
322,1996435,40784,40806,66:15.4,66:17.6,21,15,2.2,2,1,866,left_to_right,Adelaide United,1,True,False,False,direct,6,defending_direct,15,-35.53,-29.29,5,wide_right,1,defensive_third,False,-0.88,-22.82,5,wide_right,2,middle_third,False,55.6,53.09,45.37,47.45,31.54,27.15,64.25,64.31
323,1996435,40806,41123,66:17.6,66:49.3,21,17,31.7,2,2,869,right_to_left,Sydney FC,11,False,False,True,create,1,medium_block,9,-0.32,22.65,1,wide_left,2,middle_third,False,15.67,31.43,1,wide_left,2,middle_third,False,27.21,57.32,64.32,54.76,52.82,43.42,47.53,41.28
324,1996435,41123,41136,66:49.3,66:50.6,21,49,1.3,2,2,869,right_to_left,Sydney FC,1,False,False,True,finish,2,low_block,8,15.57,31.45,1,wide_left,2,middle_third,False,15.9,27.01,1,wide_left,2,middle_third,False,57.03,54.47,54.75,54.13,43.4,41.13,41.36,42.3
325,1996435,41136,41148,66:50.6,66:51.8,21,50,1.2,2,2,869,right_to_left,Sydney FC,1,False,False,True,create,1,medium_block,9,16.74,25.92,1,wide_left,2,middle_third,False,23.33,19.62,2,half_space_left,3,attacking_third,False,54.6,54.72,54.05,53.07,40.84,37.93,42.38,42.9
326,1996435,41148,41197,66:51.8,66:56.7,21,51,4.9,2,2,869,right_to_left,Sydney FC,1,False,False,True,finish,2,low_block,8,23.31,20.31,1,wide_left,3,attacking_third,False,6.99,14.64,2,half_space_left,2,middle_third,False,54.6,48.52,52.98,53.6,37.69,30.65,42.93,39.49
327,1996435,41197,41342,66:56.7,67:11.2,21,56,14.5,2,2,869,right_to_left,Sydney FC,2,False,False,True,create,1,medium_block,9,5.85,13.4,2,half_space_left,2,middle_third,False,20.13,11.75,2,half_space_left,3,attacking_third,False,48.59,56.99,53.38,54.42,30.52,36.1,39.25,54.0
328,1996435,41342,41415,67:11.2,67:18.5,22,11,7.3,2,2,869,right_to_left,Sydney FC,1,False,False,True,finish,2,low_block,8,20.94,9.96,2,half_space_left,3,attacking_third,False,52.94,-6.05,3,center,3,attacking_third,False,56.9,32.52,54.68,70.71,36.09,24.57,53.95,46.52
329,1996435,42052,42150,68:22.2,68:32.0,23,22,9.8,2,2,869,right_to_left,Sydney FC,3,True,False,False,set_play,7,defending_set_play,13,50.1,-31.36,5,wide_right,3,attacking_third,False,17.77,-15.07,4,half_space_right,3,attacking_third,False,39.9,40.6,70.31,55.94,15.73,28.89,13.59,40.07
330,1996435,42150,42200,68:32.0,68:37.0,23,32,5.0,2,1,866,left_to_right,Adelaide United,2,True,False,False,chaotic,5,chaotic,5,-18.03,15.6,2,half_space_left,1,defensive_third,False,11.38,16.26,2,half_space_left,2,middle_third,False,29.08,32.42,40.35,53.22,40.26,22.12,55.98,57.6
331,1996435,42200,42294,68:37.0,68:46.4,23,37,9.4,2,2,869,right_to_left,Sydney FC,4,False,False,False,create,1,medium_block,9,-11.99,-16.84,4,half_space_right,2,middle_third,False,26.61,-28.28,5,wide_right,3,attacking_third,False,22.14,37.35,57.59,65.49,32.5,36.09,53.53,62.58
332,1996435,42294,42354,68:46.4,68:52.4,23,46,6.0,2,2,869,right_to_left,Sydney FC,1,False,False,False,finish,2,low_block,8,27.13,-28.38,5,wide_right,3,attacking_third,False,49.6,-11.85,4,half_space_right,3,attacking_third,True,37.45,30.68,66.0,79.28,36.22,34.38,62.54,51.14
333,1996435,42677,42736,69:24.7,69:30.6,24,24,5.9,2,2,869,right_to_left,Sydney FC,2,True,False,False,set_play,7,defending_set_play,13,51.0,-32.75,5,wide_right,3,attacking_third,False,47.13,-5.26,3,center,3,attacking_third,True,40.17,26.85,72.76,63.79,13.7,14.57,13.28,18.0
334,1996435,42736,42837,69:30.6,69:40.7,24,30,10.1,2,1,866,left_to_right,Adelaide United,3,False,False,False,build_up,0,high_block,10,-47.35,5.11,3,center,1,defensive_third,False,-20.12,-19.64,4,half_space_right,1,defensive_third,False,14.72,43.27,17.93,43.28,26.61,29.88,63.8,58.42
335,1996435,42837,42862,69:40.7,69:43.2,24,40,2.5,2,1,866,left_to_right,Adelaide United,2,False,False,False,create,1,medium_block,9,-19.7,-18.66,4,half_space_right,1,defensive_third,False,-19.96,-22.68,5,wide_right,1,defensive_third,False,43.41,45.56,43.39,45.33,30.09,32.05,58.32,57.79
336,1996435,42862,43098,69:43.2,70:06.8,24,43,23.6,2,1,866,left_to_right,Adelaide United,8,False,False,False,build_up,0,high_block,10,-20.72,-22.49,5,wide_right,1,defensive_third,False,-49.22,-15.33,4,half_space_right,1,defensive_third,False,45.62,54.84,45.37,45.44,32.07,33.64,57.92,76.74
337,1996435,43098,43122,70:06.8,70:09.2,25,6,2.4,2,1,866,left_to_right,Adelaide United,1,True,False,False,direct,6,defending_direct,15,-49.15,-15.26,4,half_space_right,1,defensive_third,False,-7.24,-21.5,5,wide_right,2,middle_third,False,54.8,49.42,45.26,44.04,33.44,30.28,77.02,76.16
338,1996435,43122,43137,70:09.2,70:10.7,25,9,1.5,2,2,869,right_to_left,Sydney FC,1,True,False,False,chaotic,5,chaotic,5,6.35,21.46,1,wide_left,2,middle_third,False,-2.3,19.46,2,half_space_left,2,middle_third,False,30.38,32.38,76.04,74.02,49.01,43.27,43.99,47.48
339,1996435,43137,43148,70:10.7,70:11.8,25,10,1.1,2,1,866,left_to_right,Adelaide United,1,True,False,False,chaotic,5,chaotic,5,2.81,-19.2,4,half_space_right,2,middle_third,False,9.02,-18.82,4,half_space_right,2,middle_third,False,42.86,39.07,47.99,53.02,32.46,32.64,73.95,73.37
340,1996435,43148,43172,70:11.8,70:14.2,25,11,2.4,2,2,869,right_to_left,Sydney FC,1,False,False,False,chaotic,5,chaotic,5,-9.7,19.0,2,half_space_left,2,middle_third,False,-27.15,32.99,1,wide_left,1,defensive_third,False,32.59,32.3,73.34,73.2,38.72,32.43,53.43,63.35
341,1996435,43611,43627,70:58.1,70:59.7,25,58,1.6,2,2,869,right_to_left,Sydney FC,1,True,False,False,chaotic,5,chaotic,5,-8.29,34.84,1,wide_left,2,middle_third,False,7.78,31.54,1,wide_left,2,middle_third,False,29.34,27.01,53.72,56.12,22.65,23.97,58.36,57.94
342,1996435,43627,43644,70:59.7,71:01.4,25,59,1.7,2,1,866,left_to_right,Adelaide United,1,True,False,False,chaotic,5,chaotic,5,-7.94,-31.42,5,wide_right,2,middle_third,False,7.6,-29.97,5,wide_right,2,middle_third,False,24.0,24.99,57.85,55.38,26.8,24.13,56.32,56.3
343,1996435,43644,43654,71:01.4,71:02.4,26,1,1.0,2,2,869,right_to_left,Sydney FC,1,True,False,False,chaotic,5,chaotic,5,-8.52,29.95,1,wide_left,2,middle_third,False,-6.12,31.47,1,wide_left,2,middle_third,False,24.12,24.15,56.18,55.28,25.12,25.97,55.27,54.79
344,1996435,43781,43952,71:15.1,71:32.2,26,15,17.1,2,1,866,left_to_right,Adelaide United,7,False,False,False,create,1,medium_block,9,8.03,-34.91,5,wide_right,2,middle_third,False,28.53,28.74,1,wide_left,3,attacking_third,False,44.17,53.71,59.43,63.07,27.63,34.4,44.22,45.02
345,1996435,43952,43998,71:32.2,71:36.8,26,32,4.6,2,1,866,left_to_right,Adelaide United,2,True,False,False,finish,2,low_block,8,29.36,28.92,1,wide_left,3,attacking_third,False,43.14,8.8,3,center,3,attacking_third,True,53.53,37.79,63.47,74.56,34.26,31.0,45.11,40.51
346,1996435,43998,44012,71:36.8,71:38.2,26,36,1.4,2,2,869,right_to_left,Sydney FC,1,False,False,False,chaotic,5,chaotic,5,-43.59,-8.31,3,center,1,defensive_third,False,-47.07,-0.71,3,center,1,defensive_third,False,30.92,30.69,40.31,37.42,37.49,34.42,74.52,75.87
347,1996435,44012,44040,71:38.2,71:41.0,26,38,2.8,2,2,869,right_to_left,Sydney FC,1,True,False,False,direct,6,defending_direct,15,-46.99,-0.33,3,center,1,defensive_third,False,-11.17,-2.89,3,center,2,middle_third,False,30.74,29.08,37.17,36.51,34.28,33.77,76.09,73.23
348,1996435,44040,44099,71:41.0,71:46.9,26,41,5.9,2,1,866,left_to_right,Adelaide United,1,False,False,False,create,1,medium_block,9,10.13,2.86,3,center,2,middle_third,False,-19.47,8.93,3,center,1,defensive_third,False,33.8,50.37,73.0,60.93,28.91,30.66,36.68,51.78
349,1996435,44099,44191,71:46.9,71:56.1,26,46,9.2,2,1,866,left_to_right,Adelaide United,3,False,False,False,build_up,0,high_block,10,-20.32,8.17,3,center,1,defensive_third,False,-20.01,12.14,2,half_space_left,1,defensive_third,False,50.69,66.19,60.73,50.18,30.74,38.03,51.95,54.69
350,1996435,44191,44320,71:56.1,72:09.0,26,56,12.9,2,1,866,left_to_right,Adelaide United,5,True,False,False,create,1,medium_block,9,-17.95,12.57,2,half_space_left,1,defensive_third,False,32.12,30.23,1,wide_left,3,attacking_third,False,66.25,54.88,50.14,65.16,38.03,40.8,54.6,43.32
351,1996435,44320,44330,72:09.0,72:10.0,27,9,1.0,2,2,869,right_to_left,Sydney FC,1,True,False,False,chaotic,5,chaotic,5,-32.71,-30.48,5,wide_right,1,defensive_third,False,-39.29,-35.06,5,wide_right,1,defensive_third,False,40.64,39.2,43.3,43.04,54.69,53.04,65.41,67.26
352,1996435,44381,44596,72:15.1,72:36.6,27,15,21.5,2,1,866,left_to_right,Adelaide United,8,True,False,False,finish,2,low_block,8,30.96,31.12,1,wide_left,3,attacking_third,False,30.54,30.09,1,wide_left,3,attacking_third,False,53.18,60.56,75.0,59.43,33.5,36.35,38.24,37.52
353,1996435,44883,44893,73:05.3,73:06.3,28,5,1.0,2,2,869,right_to_left,Sydney FC,1,False,False,False,direct,6,defending_direct,15,-29.8,-20.09,4,half_space_right,1,defensive_third,False,-7.75,-24.01,5,wide_right,2,middle_third,False,50.62,49.16,44.02,46.39,39.23,39.12,54.03,53.84
354,1996435,45011,45054,73:18.1,73:22.4,28,18,4.3,2,2,869,right_to_left,Sydney FC,3,False,False,False,finish,2,low_block,8,20.86,-31.98,5,wide_right,3,attacking_third,False,5.78,-32.0,5,wide_right,2,middle_third,False,37.58,41.7,65.62,62.82,32.03,34.28,42.09,40.4
355,1996435,45054,45078,73:22.4,73:24.8,28,22,2.4,2,2,869,right_to_left,Sydney FC,1,True,False,False,create,1,medium_block,9,4.84,-31.92,5,wide_right,2,middle_third,False,10.13,-27.37,5,wide_right,2,middle_third,False,41.94,48.44,62.67,59.76,34.37,36.03,40.48,42.39
356,1996435,45078,45196,73:24.8,73:36.6,28,24,11.8,2,1,866,left_to_right,Adelaide United,4,False,False,True,create,1,medium_block,9,-10.57,26.98,1,wide_left,2,middle_third,False,16.43,-28.69,5,wide_right,2,middle_third,False,36.11,57.22,42.44,59.99,48.56,42.64,59.63,45.86
357,1996435,45196,45269,73:36.6,73:43.9,28,36,7.3,2,1,866,left_to_right,Adelaide United,3,True,False,True,finish,2,low_block,8,16.7,-28.91,5,wide_right,2,middle_third,False,52.01,-5.05,3,center,3,attacking_third,True,57.14,27.65,60.12,79.88,42.46,32.14,45.79,43.89
358,1996435,45529,45551,74:09.9,74:12.1,29,9,2.2,2,2,869,right_to_left,Sydney FC,2,False,True,True,build_up,0,high_block,10,,,2,half_space_left,2,middle_third,False,-20.02,-30.05,5,wide_right,1,defensive_third,False,,55.82,,54.8,,40.78,,69.89
359,1996435,45551,45586,74:12.1,74:15.6,29,12,3.5,2,2,869,right_to_left,Sydney FC,1,False,True,True,create,1,medium_block,9,-19.21,-29.52,5,wide_right,1,defensive_third,False,-18.8,-29.59,5,wide_right,1,defensive_third,False,55.39,50.09,54.73,53.61,40.62,37.53,69.71,59.74
360,1996435,45586,45621,74:15.6,74:19.1,29,15,3.5,2,2,869,right_to_left,Sydney FC,1,False,True,True,build_up,0,high_block,10,-20.12,-29.6,5,wide_right,1,defensive_third,False,-20.26,-32.2,5,wide_right,1,defensive_third,False,50.1,49.95,53.51,52.62,37.37,39.48,59.89,62.29
361,1996435,45621,45687,74:19.1,74:25.7,29,19,6.6,2,2,869,right_to_left,Sydney FC,2,False,True,True,create,1,medium_block,9,-19.58,-32.32,5,wide_right,1,defensive_third,False,30.25,-22.26,5,wide_right,3,attacking_third,False,49.86,38.7,52.6,66.78,39.44,27.89,62.33,61.47
362,1996435,45687,45787,74:25.7,74:35.7,29,25,10.0,2,2,869,right_to_left,Sydney FC,3,False,True,True,finish,2,low_block,8,30.75,-22.39,5,wide_right,3,attacking_third,False,49.32,-0.46,3,center,3,attacking_third,True,38.26,21.52,67.28,82.95,27.69,22.13,61.45,48.63
363,1996435,46578,46707,75:54.8,76:07.7,30,54,12.9,2,1,866,left_to_right,Adelaide United,5,False,False,False,create,1,medium_block,9,-0.21,0.52,3,center,2,middle_third,False,13.84,22.42,1,wide_left,2,middle_third,False,66.59,61.6,42.22,61.31,35.33,37.06,43.55,47.02
364,1996435,46707,46834,76:07.7,76:20.4,31,7,12.7,2,1,866,left_to_right,Adelaide United,3,False,False,False,finish,2,low_block,8,13.65,22.1,1,wide_left,2,middle_third,False,50.22,-23.24,5,wide_right,3,attacking_third,False,61.47,36.49,61.53,76.73,36.74,29.6,46.97,29.1
365,1996435,47329,47402,77:09.9,77:17.2,32,9,7.3,2,1,866,left_to_right,Adelaide United,2,True,False,False,set_play,7,defending_set_play,13,50.83,-32.37,5,wide_right,3,attacking_third,False,50.51,-7.28,3,center,3,attacking_third,True,39.0,36.98,73.49,62.9,19.89,32.52,21.14,33.33
366,1996435,47402,47641,77:17.2,77:41.1,32,17,23.9,2,2,869,right_to_left,Sydney FC,7,False,False,False,build_up,0,high_block,10,-50.77,7.06,3,center,1,defensive_third,False,-21.16,17.61,2,half_space_left,1,defensive_third,False,32.63,47.77,33.61,43.32,36.75,34.85,62.9,67.55
367,1996435,47641,47646,77:41.1,77:41.6,32,41,0.5,2,2,869,right_to_left,Sydney FC,0,True,False,False,create,1,medium_block,9,-19.97,17.46,2,half_space_left,1,defensive_third,False,-15.95,16.82,2,half_space_left,2,middle_third,False,47.63,47.04,43.14,42.45,34.73,34.26,67.37,66.55
368,1996435,47646,47664,77:41.6,77:43.4,32,41,1.8,2,1,866,left_to_right,Adelaide United,1,True,False,False,chaotic,5,chaotic,5,15.69,-16.66,4,half_space_right,2,middle_third,False,24.3,-16.06,4,half_space_right,3,attacking_third,False,34.14,32.27,66.33,62.42,46.89,42.64,42.27,39.72
369,1996435,47664,47700,77:43.4,77:47.0,32,43,3.6,2,2,869,right_to_left,Sydney FC,1,False,False,False,chaotic,5,chaotic,5,-24.54,16.24,2,half_space_left,1,defensive_third,False,-19.48,26.38,1,wide_left,1,defensive_third,False,42.28,39.75,39.67,40.86,32.19,31.79,62.25,59.91
370,1996435,47864,47902,78:03.4,78:07.2,33,3,3.8,2,2,869,right_to_left,Sydney FC,2,False,False,False,build_up,0,high_block,10,,,2,half_space_left,2,middle_third,False,-38.25,-1.08,3,center,1,defensive_third,False,,56.88,,41.99,,35.74,,68.78
371,1996435,47902,47935,78:07.2,78:10.5,33,7,3.3,2,2,869,right_to_left,Sydney FC,1,True,False,False,direct,6,defending_direct,15,-37.77,-1.64,3,center,1,defensive_third,False,3.8,-28.1,5,wide_right,2,middle_third,False,56.86,51.29,41.75,45.31,36.02,47.54,68.79,63.94
372,1996435,47935,47998,78:10.5,78:16.8,33,10,6.3,2,1,866,left_to_right,Adelaide United,2,True,False,False,chaotic,5,chaotic,5,-4.53,28.37,1,wide_left,2,middle_third,False,4.42,24.19,1,wide_left,2,middle_third,False,47.87,47.85,63.74,51.71,50.99,35.95,45.43,52.86
373,1996435,47998,48156,78:16.8,78:32.6,33,16,15.8,2,2,869,right_to_left,Sydney FC,8,True,False,False,create,1,medium_block,9,-4.87,-24.14,5,wide_right,2,middle_third,False,38.73,2.12,3,center,3,attacking_third,True,35.73,44.13,52.8,64.7,47.74,42.53,51.6,42.5
374,1996435,48156,48258,78:32.6,78:42.8,33,32,10.2,2,1,866,left_to_right,Adelaide United,2,False,False,False,build_up,0,high_block,10,-39.01,-2.19,3,center,1,defensive_third,False,-20.02,6.2,3,center,1,defensive_third,False,42.79,63.32,42.29,46.52,43.93,36.25,65.16,55.27
375,1996435,48258,48414,78:42.8,78:58.4,33,42,15.6,2,1,866,left_to_right,Adelaide United,7,False,False,False,create,1,medium_block,9,-19.72,6.02,3,center,1,defensive_third,False,20.36,-27.49,5,wide_right,3,attacking_third,False,63.34,58.1,46.63,59.15,36.2,30.81,55.17,39.97
376,1996435,48414,48444,78:58.4,79:01.4,33,58,3.0,2,1,866,left_to_right,Adelaide United,1,True,False,False,finish,2,low_block,8,20.8,-27.67,5,wide_right,3,attacking_third,False,42.23,0.6,3,center,3,attacking_third,True,57.91,49.08,58.92,69.69,31.08,31.98,40.06,40.66
377,1996435,48444,48463,79:01.4,79:03.3,34,1,1.9,2,2,869,right_to_left,Sydney FC,1,False,False,False,chaotic,5,chaotic,5,-42.52,-1.46,3,center,1,defensive_third,False,-40.22,-3.74,3,center,1,defensive_third,False,31.88,31.13,40.71,41.39,48.9,46.63,69.73,68.58
378,1996435,48463,48491,79:03.3,79:06.1,34,3,2.8,2,2,869,right_to_left,Sydney FC,1,True,False,False,direct,6,defending_direct,15,-39.74,-3.53,3,center,1,defensive_third,False,-6.0,5.61,3,center,2,middle_third,False,31.1,29.49,41.45,44.12,46.53,43.24,68.32,67.65
379,1996435,48491,48544,79:06.1,79:11.4,34,6,5.3,2,1,866,left_to_right,Adelaide United,1,True,False,False,chaotic,5,chaotic,5,5.02,-5.98,3,center,2,middle_third,False,7.94,-23.34,5,wide_right,2,middle_third,False,43.2,49.7,67.48,60.5,29.38,34.72,44.19,54.36
380,1996435,48544,48611,79:11.4,79:18.1,34,11,6.7,2,2,869,right_to_left,Sydney FC,2,False,False,False,create,1,medium_block,9,-8.78,23.22,1,wide_left,2,middle_third,False,7.58,27.67,1,wide_left,2,middle_third,False,34.66,43.22,54.28,50.06,49.56,36.26,60.41,49.47
381,1996435,48655,48685,79:22.5,79:25.5,34,22,3.0,2,2,869,right_to_left,Sydney FC,2,False,False,True,create,1,medium_block,9,2.68,21.85,1,wide_left,2,middle_third,False,22.61,11.4,2,half_space_left,3,attacking_third,False,43.79,42.88,51.41,57.1,33.31,31.1,47.67,48.43
382,1996435,48685,48733,79:25.5,79:30.3,34,25,4.8,2,2,869,right_to_left,Sydney FC,2,True,False,True,finish,2,low_block,8,22.92,11.03,2,half_space_left,3,attacking_third,False,52.51,7.18,3,center,3,attacking_third,False,42.66,24.79,57.78,82.69,30.95,28.72,48.44,49.39
383,1996435,48908,48960,79:47.8,79:53.0,34,47,5.2,2,1,866,left_to_right,Adelaide United,3,True,False,False,create,1,medium_block,9,,,2,half_space_left,2,middle_third,False,0.61,27.09,1,wide_left,2,middle_third,False,,55.75,,57.4,,38.92,,57.98
384,1996435,48960,48999,79:53.0,79:56.9,34,53,3.9,2,2,869,right_to_left,Sydney FC,1,True,False,False,chaotic,5,chaotic,5,-0.5,-26.61,5,wide_right,2,middle_third,False,21.19,-24.55,5,wide_right,3,attacking_third,False,38.79,38.3,57.83,58.26,55.29,48.87,57.31,52.56
385,1996435,48999,49033,79:56.9,80:00.3,34,56,3.4,2,1,866,left_to_right,Adelaide United,3,False,False,False,build_up,0,high_block,10,-21.55,24.62,1,wide_left,1,defensive_third,False,-20.23,21.2,1,wide_left,1,defensive_third,False,48.75,47.01,52.51,49.46,38.0,33.66,58.27,61.79
386,1996435,49033,49141,80:00.3,80:11.1,35,0,10.8,2,1,866,left_to_right,Adelaide United,2,False,False,False,create,1,medium_block,9,-19.26,21.74,1,wide_left,1,defensive_third,False,24.23,-19.82,4,half_space_right,3,attacking_third,False,47.09,46.99,49.34,61.29,33.68,31.11,61.68,54.55
387,1996435,49141,49238,80:11.1,80:20.8,35,11,9.7,2,1,866,left_to_right,Adelaide United,2,False,False,False,finish,2,low_block,8,25.34,-20.3,5,wide_right,3,attacking_third,False,-5.09,19.48,2,half_space_left,2,middle_third,False,46.95,32.1,61.63,36.99,31.4,38.63,54.55,69.26
388,1996435,49238,49252,80:20.8,80:22.2,35,20,1.4,2,1,866,left_to_right,Adelaide United,1,False,False,False,create,1,medium_block,9,4.6,-19.58,4,half_space_right,2,middle_third,False,4.93,-23.7,5,wide_right,2,middle_third,False,38.88,42.08,69.04,66.98,32.1,32.97,36.82,35.24
389,1996435,49252,49304,80:22.2,80:27.4,35,22,5.2,2,1,866,left_to_right,Adelaide United,1,False,False,False,finish,2,low_block,8,5.5,-24.13,5,wide_right,2,middle_third,False,6.35,-12.9,4,half_space_right,2,middle_third,False,42.32,47.07,66.95,63.06,33.07,30.42,35.17,35.53
390,1996435,49304,49330,80:27.4,80:30.0,35,27,2.6,2,1,866,left_to_right,Adelaide United,1,False,False,False,create,1,medium_block,9,5.65,-11.57,4,half_space_right,2,middle_third,False,4.69,7.21,3,center,2,middle_third,False,47.35,54.58,62.93,58.75,30.39,30.99,35.68,37.84
391,1996435,49330,49472,80:30.0,80:44.2,35,30,14.2,2,1,866,left_to_right,Adelaide United,4,True,False,False,finish,2,low_block,8,5.32,8.67,3,center,2,middle_third,False,42.81,9.73,2,half_space_left,3,attacking_third,True,54.86,33.65,58.66,69.08,31.13,24.45,37.9,27.12
392,1996435,49472,49525,80:44.2,80:49.5,35,44,5.3,2,2,869,right_to_left,Sydney FC,2,True,False,False,chaotic,5,chaotic,5,-42.49,-9.16,3,center,1,defensive_third,False,-9.63,1.6,3,center,2,middle_third,False,24.2,23.89,27.07,42.02,33.53,30.44,69.02,64.99
393,1996435,49525,49570,80:49.5,80:54.0,35,49,4.5,2,1,866,left_to_right,Adelaide United,1,True,False,False,chaotic,5,chaotic,5,8.93,-1.4,3,center,2,middle_third,False,27.52,13.89,2,half_space_left,3,attacking_third,False,30.49,40.14,64.95,60.83,24.01,25.13,42.56,44.95
394,1996435,49861,49905,81:23.1,81:27.5,36,23,4.4,2,2,869,right_to_left,Sydney FC,5,False,False,False,build_up,0,high_block,10,-27.82,-32.29,5,wide_right,1,defensive_third,False,-20.35,-25.35,5,wide_right,1,defensive_third,False,34.69,34.71,47.85,45.97,26.77,30.18,65.52,63.8
395,1996435,49905,49977,81:27.5,81:34.7,36,27,7.2,2,2,869,right_to_left,Sydney FC,4,True,False,False,create,1,medium_block,9,-19.95,-25.09,5,wide_right,1,defensive_third,False,8.45,-35.17,5,wide_right,2,middle_third,False,34.82,42.0,45.84,48.12,30.14,38.29,63.67,57.23
396,1996435,50201,50455,81:57.1,82:22.5,36,57,25.4,2,1,866,left_to_right,Adelaide United,1,True,False,False,chaotic,5,chaotic,5,,,2,half_space_left,2,middle_third,False,18.53,-10.8,4,half_space_right,3,attacking_third,False,,62.21,,58.63,,34.77,,49.98
397,1996435,50455,50518,82:22.5,82:28.8,37,22,6.3,2,2,869,right_to_left,Sydney FC,2,False,True,True,create,1,medium_block,9,-18.67,11.41,2,half_space_left,1,defensive_third,False,22.27,20.04,2,half_space_left,3,attacking_third,False,34.81,34.47,50.03,64.73,62.05,42.35,58.83,59.98
398,1996435,50518,50773,82:28.8,82:54.3,37,28,25.5,2,2,869,right_to_left,Sydney FC,10,False,True,True,finish,2,low_block,8,22.77,19.97,2,half_space_left,3,attacking_third,False,50.53,-0.89,3,center,3,attacking_third,True,34.05,32.86,65.12,76.09,42.24,34.59,60.08,37.4
399,1996435,51849,51945,84:41.9,84:51.5,39,41,9.6,2,1,866,left_to_right,Adelaide United,6,True,False,False,create,1,medium_block,9,,,2,half_space_left,2,middle_third,False,8.77,16.38,2,half_space_left,2,middle_third,False,,62.59,,51.97,,30.7,,54.89
400,1996435,51945,52084,84:51.5,85:05.4,39,51,13.9,2,2,869,right_to_left,Sydney FC,7,False,False,False,create,1,medium_block,9,-8.95,-16.36,4,half_space_right,2,middle_third,False,25.63,26.06,1,wide_left,3,attacking_third,False,30.62,36.75,54.93,61.85,62.19,38.48,51.95,53.45
401,1996435,52084,52149,85:05.4,85:11.9,40,5,6.5,2,2,869,right_to_left,Sydney FC,2,True,False,False,finish,2,low_block,8,25.74,26.01,1,wide_left,3,attacking_third,False,14.39,27.88,1,wide_left,2,middle_third,False,36.58,32.95,61.74,63.37,38.54,30.22,53.53,48.98
402,1996435,52149,52167,85:11.9,85:13.7,40,11,1.8,2,1,866,left_to_right,Adelaide United,1,False,False,False,chaotic,5,chaotic,5,-13.88,-27.75,5,wide_right,2,middle_third,False,-4.34,-21.35,5,wide_right,2,middle_third,False,30.3,31.01,48.86,44.27,32.74,31.24,63.16,59.34
403,1996435,52306,52488,85:27.6,85:45.8,40,27,18.2,2,1,866,left_to_right,Adelaide United,6,False,False,False,create,1,medium_block,9,-0.84,-31.55,5,wide_right,2,middle_third,False,24.6,31.27,1,wide_left,3,attacking_third,False,47.27,58.18,61.65,61.8,31.06,39.56,49.91,45.15
404,1996435,52488,52513,85:45.8,85:48.3,40,45,2.5,2,1,866,left_to_right,Adelaide United,1,True,False,False,finish,2,low_block,8,25.47,31.27,1,wide_left,3,attacking_third,False,42.39,19.77,2,half_space_left,3,attacking_third,True,58.1,52.58,62.15,68.86,39.32,33.23,45.24,47.08
405,1996435,52806,52873,86:17.6,86:24.3,41,17,6.7,2,2,869,right_to_left,Sydney FC,2,True,False,False,create,1,medium_block,9,-34.93,-11.11,4,half_space_right,1,defensive_third,False,4.3,1.14,3,center,2,middle_third,False,28.2,27.51,52.06,51.82,26.0,27.78,48.07,46.18
406,1996435,52873,52887,86:24.3,86:25.7,41,24,1.4,2,1,866,left_to_right,Adelaide United,1,True,False,False,chaotic,5,chaotic,5,-5.09,-1.29,3,center,2,middle_third,False,-3.15,0.23,3,center,2,middle_third,False,28.15,32.19,46.15,46.88,27.76,31.47,51.63,49.4
407,1996435,52887,52895,86:25.7,86:26.5,41,25,0.8,2,2,869,right_to_left,Sydney FC,1,True,False,False,chaotic,5,chaotic,5,2.9,-0.27,3,center,2,middle_third,False,2.87,-1.87,3,center,2,middle_third,False,31.76,33.95,49.45,50.73,32.4,33.34,46.96,47.31
408,1996435,52895,52924,86:26.5,86:29.4,41,26,2.9,2,1,866,left_to_right,Adelaide United,1,False,False,False,chaotic,5,chaotic,5,-2.96,2.15,3,center,2,middle_third,False,-1.36,9.52,2,half_space_left,2,middle_third,False,33.39,34.19,47.32,47.72,34.27,39.44,51.0,55.89
409,1996435,53068,53150,86:43.8,86:52.0,41,43,8.2,2,1,866,left_to_right,Adelaide United,5,False,False,False,create,1,medium_block,9,3.54,31.65,1,wide_left,2,middle_third,False,28.46,32.91,1,wide_left,3,attacking_third,False,51.36,49.99,55.86,60.48,33.76,32.56,48.12,44.77
410,1996435,53289,53420,87:05.9,87:19.0,42,5,13.1,2,1,866,left_to_right,Adelaide United,5,True,False,False,finish,2,low_block,8,23.46,28.61,1,wide_left,3,attacking_third,False,28.27,-15.3,4,half_space_right,3,attacking_third,False,49.01,51.72,64.09,59.44,33.53,37.62,30.98,37.29
411,1996435,53420,53454,87:19.0,87:22.4,42,19,3.4,2,2,869,right_to_left,Sydney FC,1,True,False,False,chaotic,5,chaotic,5,-28.96,15.52,2,half_space_left,1,defensive_third,False,-26.32,36.58,1,wide_left,1,defensive_third,False,37.15,46.5,37.38,37.89,51.55,48.81,59.49,60.79
412,1996435,53530,53593,87:30.0,87:36.3,42,30,6.3,2,1,866,left_to_right,Adelaide United,4,False,False,False,finish,2,low_block,8,25.22,-32.76,5,wide_right,3,attacking_third,False,42.43,-14.36,4,half_space_right,3,attacking_third,True,49.59,41.72,62.84,68.69,34.57,33.56,29.45,27.87
413,1996435,53739,53773,87:50.9,87:54.3,42,50,3.4,2,1,866,left_to_right,Adelaide United,2,False,False,False,finish,2,low_block,8,21.26,-32.59,5,wide_right,3,attacking_third,False,5.5,-19.72,4,half_space_right,2,middle_third,False,48.84,55.68,64.03,57.71,34.66,32.97,23.54,32.8
414,1996435,53773,53791,87:54.3,87:56.1,42,54,1.8,2,1,866,left_to_right,Adelaide United,1,False,False,False,create,1,medium_block,9,5.19,-18.71,4,half_space_right,2,middle_third,False,5.0,-13.77,4,half_space_right,2,middle_third,False,55.89,58.0,57.55,55.76,33.05,32.62,33.07,35.54
415,1996435,53791,53796,87:56.1,87:56.6,42,56,0.5,2,1,866,left_to_right,Adelaide United,1,False,False,False,finish,2,low_block,8,5.01,-13.87,4,half_space_right,2,middle_third,False,5.14,-14.63,4,half_space_right,2,middle_third,False,58.04,58.21,55.71,55.5,32.61,32.85,35.52,35.49
416,1996435,53796,53798,87:56.6,87:56.8,42,56,0.2,2,1,866,left_to_right,Adelaide United,1,False,False,False,create,1,medium_block,9,5.02,-14.8,4,half_space_right,2,middle_third,False,4.93,-14.99,4,half_space_right,2,middle_third,False,58.26,58.32,55.45,55.39,32.96,33.08,35.51,35.54
417,1996435,53798,53920,87:56.8,88:09.0,42,56,12.2,2,1,866,left_to_right,Adelaide United,3,True,False,False,finish,2,low_block,8,5.14,-15.28,4,half_space_right,2,middle_third,False,21.74,-22.63,5,wide_right,3,attacking_third,False,58.38,41.32,55.33,62.6,33.21,33.63,35.58,29.21
418,1996435,53920,54027,88:09.0,88:19.7,43,9,10.7,2,2,869,right_to_left,Sydney FC,2,True,False,False,transition,4,defending_transition,11,-21.51,22.88,1,wide_left,1,defensive_third,False,40.14,15.28,2,half_space_left,3,attacking_third,True,33.59,33.17,29.35,78.58,41.38,43.3,62.48,61.11
419,1996435,54027,54101,88:19.7,88:27.1,43,19,7.4,2,1,866,left_to_right,Adelaide United,2,False,False,True,build_up,0,high_block,10,-40.58,-15.19,4,half_space_right,1,defensive_third,False,-20.11,0.66,3,center,1,defensive_third,False,43.48,52.74,61.01,49.41,33.17,32.51,78.86,74.23
420,1996435,54101,54249,88:27.1,88:41.9,43,27,14.8,2,1,866,left_to_right,Adelaide United,6,False,False,True,create,1,medium_block,9,-19.82,0.87,3,center,1,defensive_third,False,18.62,1.86,3,center,3,attacking_third,False,52.89,44.78,49.42,60.07,32.61,30.32,74.25,54.7
421,1996435,54249,54305,88:41.9,88:47.5,43,41,5.6,2,1,866,left_to_right,Adelaide United,2,True,False,True,finish,2,low_block,8,18.99,1.65,3,center,3,attacking_third,False,50.21,-2.18,3,center,3,attacking_third,True,44.49,25.87,60.31,73.26,30.25,25.6,54.6,50.01
422,1996435,54721,54763,89:29.1,89:33.3,44,29,4.2,2,2,869,right_to_left,Sydney FC,1,True,False,False,create,1,medium_block,9,-1.92,-17.94,4,half_space_right,2,middle_third,False,-10.34,-17.97,4,half_space_right,2,middle_third,False,28.03,29.92,50.06,49.08,28.39,27.93,48.62,47.35
423,1996435,54763,54853,89:33.3,89:42.3,44,33,9.0,2,1,866,left_to_right,Adelaide United,3,False,False,False,create,1,medium_block,9,10.87,17.64,2,half_space_left,2,middle_third,False,44.67,-5.48,3,center,3,attacking_third,True,28.09,38.3,47.45,72.95,29.93,38.04,49.06,40.49
424,1996435,54985,55028,89:55.5,89:59.8,44,55,4.3,2,1,866,left_to_right,Adelaide United,2,True,False,True,set_play,7,defending_set_play,13,50.38,-32.99,5,wide_right,3,attacking_third,False,39.62,-7.59,3,center,3,attacking_third,True,42.25,35.06,70.07,62.66,26.64,21.64,33.18,31.18
425,1996435,55028,55145,89:59.8,90:11.5,44,59,11.7,2,2,869,right_to_left,Sydney FC,3,False,False,False,build_up,0,high_block,10,-39.4,7.89,3,center,1,defensive_third,False,-20.18,23.95,1,wide_left,1,defensive_third,False,21.42,33.88,31.14,35.36,34.7,33.54,62.93,65.18
426,1996435,55145,55185,90:11.5,90:15.5,45,11,4.0,2,2,869,right_to_left,Sydney FC,2,False,False,False,create,1,medium_block,9,-19.13,23.22,1,wide_left,1,defensive_third,False,-20.17,30.74,1,wide_left,1,defensive_third,False,33.75,34.43,34.87,29.36,33.53,30.83,64.99,60.51
427,1996435,55652,55690,91:02.2,91:06.0,46,2,3.8,2,2,869,right_to_left,Sydney FC,1,False,False,False,direct,6,defending_direct,15,,,2,half_space_left,2,middle_third,False,1.66,-11.21,4,half_space_right,2,middle_third,False,,22.81,,52.35,,32.45,,45.96
428,1996435,55690,55770,91:06.0,91:14.0,46,6,8.0,2,2,869,right_to_left,Sydney FC,3,True,False,False,create,1,medium_block,9,1.24,-11.1,4,half_space_right,2,middle_third,False,18.94,-0.25,3,center,3,attacking_third,False,22.75,29.41,52.3,61.7,32.55,32.55,45.96,45.98
429,1996435,55770,55914,91:14.0,91:28.4,46,14,14.4,2,1,866,left_to_right,Adelaide United,3,True,False,True,transition,4,defending_transition,11,-19.23,-0.14,3,center,1,defensive_third,False,51.26,-3.76,3,center,3,attacking_third,True,32.5,26.72,45.99,73.4,29.37,22.88,61.76,47.25
430,1996435,56056,56091,91:42.6,91:46.1,46,42,3.5,2,2,869,right_to_left,Sydney FC,2,False,False,False,build_up,0,high_block,10,,,2,half_space_left,2,middle_third,False,-20.09,22.37,1,wide_left,1,defensive_third,False,,46.92,,44.21,,31.3,,54.67
431,1996435,56091,56153,91:46.1,91:52.3,46,46,6.2,2,2,869,right_to_left,Sydney FC,1,True,False,False,create,1,medium_block,9,-19.57,23.25,1,wide_left,1,defensive_third,False,30.79,23.31,1,wide_left,3,attacking_third,False,47.03,39.72,44.32,60.01,31.31,41.21,54.24,50.58
432,1996435,56153,56258,91:52.3,92:02.8,46,52,10.5,2,1,866,left_to_right,Adelaide United,4,False,False,False,build_up,0,high_block,10,-31.4,-23.13,5,wide_right,1,defensive_third,False,-20.15,-30.5,5,wide_right,1,defensive_third,False,41.53,58.19,50.57,48.16,39.57,35.92,60.52,66.4
433,1996435,56258,56305,92:02.8,92:07.5,47,2,4.7,2,1,866,left_to_right,Adelaide United,2,False,False,False,create,1,medium_block,9,-19.0,-30.99,5,wide_right,1,defensive_third,False,-8.69,-35.91,5,wide_right,2,middle_third,False,58.13,56.69,48.17,48.74,36.03,37.77,66.27,59.26
434,1996435,56396,56507,92:16.6,92:27.7,47,16,11.1,2,1,866,left_to_right,Adelaide United,5,False,False,True,create,1,medium_block,9,-9.69,-32.69,5,wide_right,2,middle_third,False,20.71,31.58,1,wide_left,3,attacking_third,False,57.22,58.79,51.94,62.43,30.41,35.7,54.97,44.58
435,1996435,56507,56575,92:27.7,92:34.5,47,27,6.8,2,1,866,left_to_right,Adelaide United,2,True,False,True,finish,2,low_block,8,21.26,31.41,1,wide_left,3,attacking_third,False,47.39,8.42,3,center,3,attacking_third,True,58.47,38.2,62.66,78.34,35.63,16.5,44.44,38.41
436,1996435,56813,56884,92:58.3,93:05.4,47,58,7.1,2,2,869,right_to_left,Sydney FC,3,False,False,True,build_up,0,high_block,10,-46.86,-5.31,3,center,1,defensive_third,False,-21.23,-30.56,5,wide_right,1,defensive_third,False,62.19,50.73,47.22,48.16,36.84,36.94,71.18,65.63
437,1996435,56884,56935,93:05.4,93:10.5,48,5,5.1,2,2,869,right_to_left,Sydney FC,1,False,False,True,create,1,medium_block,9,-18.99,-29.89,5,wide_right,1,defensive_third,False,25.76,-16.45,4,half_space_right,3,attacking_third,False,50.43,37.68,48.23,68.16,37.14,38.67,65.67,68.42
438,1996435,56935,56959,93:10.5,93:12.9,48,10,2.4,2,2,869,right_to_left,Sydney FC,1,True,False,False,finish,2,low_block,8,26.12,-16.32,4,half_space_right,3,attacking_third,False,48.01,-1.88,3,center,3,attacking_third,True,37.61,36.61,68.39,68.87,38.76,40.38,68.45,68.26
439,1996435,57104,57266,93:27.4,93:43.6,48,27,16.2,2,1,866,left_to_right,Adelaide United,6,False,False,False,create,1,medium_block,9,,,2,half_space_left,2,middle_third,False,16.57,31.05,1,wide_left,2,middle_third,False,,57.84,,61.8,,35.29,,50.02
440,1996435,57266,57398,93:43.6,93:56.8,48,43,13.2,2,1,866,left_to_right,Adelaide United,2,False,False,False,finish,2,low_block,8,17.7,31.17,1,wide_left,3,attacking_third,False,-41.51,-30.41,5,wide_right,1,defensive_third,False,57.68,39.6,62.0,29.6,35.14,44.79,49.94,67.29
441,1996435,57398,57423,93:56.8,93:59.3,48,56,2.5,2,1,866,left_to_right,Adelaide United,1,False,False,False,chaotic,5,chaotic,5,41.47,30.3,1,wide_left,3,attacking_third,False,47.88,29.34,1,wide_left,3,attacking_third,False,44.74,44.65,67.31,71.66,39.74,39.53,29.64,29.52
