index,match_id,frame_start,frame_end,time_start,time_end,minute_start,second_start,duration,period,attacking_side_id,team_in_possession_id,attacking_side,team_in_possession_shortname,n_player_possessions_in_phase,team_possession_loss_in_phase,team_possession_lead_to_goal,team_possession_lead_to_shot,team_in_possession_phase_type,team_in_possession_phase_type_id,team_out_of_possession_phase_type,team_out_of_possession_phase_type_id,x_start,y_start,channel_id_start,channel_start,third_id_start,third_start,penalty_area_start,x_end,y_end,channel_id_end,channel_end,third_id_end,third_end,penalty_area_end,team_in_possession_width_start,team_in_possession_width_end,team_in_possession_length_start,team_in_possession_length_end,team_out_of_possession_width_start,team_out_of_possession_width_end,team_out_of_possession_length_start,team_out_of_possession_length_end
0,1874553,29,122,00:01.9,00:11.2,0,1,9.3,1,1,1802,left_to_right,Brisbane FC,3,False,False,True,create,1,medium_block,9,0.39,0.65,3,center,2,middle_third,False,26.74,32.58,1,wide_left,3,attacking_third,False,48.81,48.27,40.76,66.28,36.59,39.2,43.13,60.42
1,1874553,122,182,00:11.2,00:17.2,0,11,6.0,1,1,1802,left_to_right,Brisbane FC,2,True,False,True,finish,2,low_block,8,27.56,32.49,1,wide_left,3,attacking_third,False,37.48,2.24,3,center,3,attacking_third,True,47.99,30.85,66.78,74.77,39.12,30.18,60.42,47.14
2,1874553,182,257,00:17.2,00:24.7,0,17,7.5,1,2,866,right_to_left,Adelaide United,1,True,False,False,chaotic,5,chaotic,5,-37.17,-2.2,3,center,1,defensive_third,False,26.09,28.16,1,wide_left,3,attacking_third,False,29.92,33.52,46.88,59.09,30.59,45.9,74.37,59.43
3,1874553,257,305,00:24.7,00:29.5,0,24,4.8,1,1,1802,left_to_right,Brisbane FC,2,True,False,False,chaotic,5,chaotic,5,-26.45,-28.18,5,wide_right,1,defensive_third,False,-24.13,-25.58,5,wide_right,1,defensive_third,False,46.18,53.77,59.41,49.35,33.59,35.67,59.52,59.54
4,1874553,305,387,00:29.5,00:37.7,0,29,8.2,1,2,866,right_to_left,Adelaide United,2,True,False,False,finish,2,low_block,8,23.93,25.99,1,wide_left,3,attacking_third,False,50.75,18.41,2,half_space_left,3,attacking_third,True,35.97,35.48,59.24,81.85,53.75,35.49,49.1,46.53
5,1874553,416,426,00:40.6,00:41.6,0,40,1.0,1,1,1802,left_to_right,Brisbane FC,1,False,False,False,create,1,medium_block,9,-39.43,-29.77,5,wide_right,1,defensive_third,False,-32.52,-32.95,5,wide_right,1,defensive_third,False,37.93,38.17,41.7,39.97,35.75,35.54,73.69,71.5
6,1874553,437,491,00:42.7,00:48.1,0,42,5.4,1,1,1802,left_to_right,Brisbane FC,1,True,False,False,chaotic,5,chaotic,5,-17.36,-34.81,5,wide_right,2,middle_third,False,-18.85,-35.55,5,wide_right,1,defensive_third,False,38.02,32.8,38.94,44.09,35.37,40.28,69.4,67.79
7,1874553,491,531,00:48.1,00:52.1,0,48,4.0,1,2,866,right_to_left,Adelaide United,2,False,False,False,chaotic,5,chaotic,5,20.61,34.96,1,wide_left,3,attacking_third,False,48.03,28.51,1,wide_left,3,attacking_third,False,40.15,36.87,68.06,75.1,32.59,30.03,44.19,46.89
8,1874553,623,791,01:01.3,01:18.1,1,1,16.8,1,2,866,right_to_left,Adelaide United,6,False,False,False,create,1,medium_block,9,-11.39,15.57,2,half_space_left,2,middle_third,False,-19.97,-17.35,4,half_space_right,1,defensive_third,False,51.51,60.35,55.39,53.47,34.81,39.92,43.21,54.2
9,1874553,791,923,01:18.1,01:31.3,1,18,13.2,1,2,866,right_to_left,Adelaide United,6,False,False,False,build_up,0,high_block,10,-20.57,-16.96,4,half_space_right,1,defensive_third,False,-20.02,-26.76,5,wide_right,1,defensive_third,False,60.34,60.3,53.37,49.44,39.89,37.85,54.7,64.44
10,1874553,923,965,01:31.3,01:35.5,1,31,4.2,1,2,866,right_to_left,Adelaide United,1,False,False,False,create,1,medium_block,9,-19.53,-26.78,5,wide_right,1,defensive_third,False,-19.21,-21.1,5,wide_right,1,defensive_third,False,60.4,59.35,49.53,51.2,37.92,38.59,64.19,55.75
11,1874553,965,985,01:35.5,01:37.5,1,35,2.0,1,2,866,right_to_left,Adelaide United,1,False,False,False,build_up,0,high_block,10,-20.2,-20.35,5,wide_right,1,defensive_third,False,-20.35,-25.71,5,wide_right,1,defensive_third,False,59.38,59.78,51.17,51.58,38.52,37.93,55.98,61.38
12,1874553,985,1007,01:37.5,01:39.7,1,37,2.2,1,2,866,right_to_left,Adelaide United,1,False,False,False,create,1,medium_block,9,-19.95,-26.43,5,wide_right,1,defensive_third,False,-19.7,-25.95,5,wide_right,1,defensive_third,False,59.83,60.43,51.62,52.11,37.92,37.0,61.46,60.5
13,1874553,1007,1117,01:39.7,01:50.7,1,39,11.0,1,2,866,right_to_left,Adelaide United,4,False,False,False,build_up,0,high_block,10,-20.04,-25.64,5,wide_right,1,defensive_third,False,-39.76,-30.97,5,wide_right,1,defensive_third,False,60.42,61.05,52.09,48.19,36.93,38.56,60.53,64.61
14,1874553,1259,1286,02:04.9,02:07.6,2,4,2.7,1,2,866,right_to_left,Adelaide United,2,False,False,False,chaotic,5,chaotic,5,-37.48,-31.25,5,wide_right,1,defensive_third,False,-40.45,-30.84,5,wide_right,1,defensive_third,False,53.72,53.11,42.43,43.47,34.14,35.13,62.5,70.35
15,1874553,1286,1323,02:07.6,02:11.3,2,7,3.7,1,2,866,right_to_left,Adelaide United,1,True,False,False,direct,6,defending_direct,15,-40.06,-31.01,5,wide_right,1,defensive_third,False,5.86,-18.57,4,half_space_right,2,middle_third,False,53.03,40.48,43.53,53.67,35.17,34.7,70.37,64.87
16,1874553,1323,1333,02:11.3,02:12.3,2,11,1.0,1,1,1802,left_to_right,Brisbane FC,1,True,False,False,chaotic,5,chaotic,5,-6.07,18.25,2,half_space_left,2,middle_third,False,1.47,24.54,1,wide_left,2,middle_third,False,34.61,33.72,64.59,61.64,40.05,37.02,53.79,53.87
17,1874553,1408,1615,02:19.8,02:40.5,2,19,20.7,1,2,866,right_to_left,Adelaide United,8,False,False,False,build_up,0,high_block,10,-27.24,-32.12,5,wide_right,1,defensive_third,False,-20.42,29.17,1,wide_left,1,defensive_third,False,44.52,59.59,50.49,48.74,31.97,36.14,56.49,67.53
18,1874553,1615,1671,02:40.5,02:46.1,2,40,5.6,1,2,866,right_to_left,Adelaide United,1,False,False,False,create,1,medium_block,9,-19.82,29.32,1,wide_left,1,defensive_third,False,18.58,22.91,1,wide_left,3,attacking_third,False,59.69,52.03,48.96,64.07,36.14,31.31,67.35,61.04
19,1874553,1671,1687,02:46.1,02:47.7,2,46,1.6,1,2,866,right_to_left,Adelaide United,1,True,False,False,finish,2,low_block,8,19.35,22.62,1,wide_left,3,attacking_third,False,30.88,19.34,2,half_space_left,3,attacking_third,False,51.57,45.98,64.58,71.9,31.21,29.52,60.93,60.17
20,1874553,1687,1697,02:47.7,02:48.7,2,47,1.0,1,1,1802,left_to_right,Brisbane FC,1,False,False,False,chaotic,5,chaotic,5,-32.1,-18.13,4,half_space_right,1,defensive_third,False,-43.94,-2.27,3,center,1,defensive_third,False,29.37,28.11,60.05,58.55,45.71,43.12,72.31,75.76
21,1874553,2190,2229,03:38.0,03:41.9,3,38,3.9,1,1,1802,left_to_right,Brisbane FC,1,True,False,False,direct,6,defending_direct,15,,,2,half_space_left,2,middle_third,False,12.52,-5.67,3,center,2,middle_third,False,,21.43,,59.16,,25.78,,46.38
22,1874553,2229,2306,03:41.9,03:49.6,3,41,7.7,1,2,866,right_to_left,Adelaide United,2,False,False,False,create,1,medium_block,9,-12.72,5.23,3,center,2,middle_third,False,19.74,-26.73,5,wide_right,3,attacking_third,False,26.04,44.33,46.41,61.63,21.39,28.87,59.15,49.97
23,1874553,2306,2388,03:49.6,03:57.8,3,49,8.2,1,2,866,right_to_left,Adelaide United,3,True,False,False,finish,2,low_block,8,20.3,-26.54,5,wide_right,3,attacking_third,False,39.46,-31.71,5,wide_right,3,attacking_third,False,43.88,33.87,62.04,63.49,28.5,31.61,49.79,34.2
24,1874553,2569,2638,04:15.9,04:22.8,4,15,6.9,1,1,1802,left_to_right,Brisbane FC,1,True,False,False,chaotic,5,chaotic,5,-33.74,33.67,1,wide_left,1,defensive_third,False,4.81,17.28,2,half_space_left,2,middle_third,False,29.0,25.01,36.13,36.6,23.95,29.21,62.45,53.37
25,1874553,2638,2722,04:22.8,04:31.2,4,22,8.4,1,2,866,right_to_left,Adelaide United,2,False,False,False,create,1,medium_block,9,-5.29,-17.04,4,half_space_right,2,middle_third,False,-19.16,13.22,2,half_space_left,1,defensive_third,False,29.52,56.86,53.24,43.32,25.12,33.31,36.81,51.54
26,1874553,2722,2752,04:31.2,04:34.2,4,31,3.0,1,2,866,right_to_left,Adelaide United,1,False,False,False,build_up,0,high_block,10,-20.46,11.95,2,half_space_left,1,defensive_third,False,-33.15,-2.95,3,center,1,defensive_third,False,56.97,60.74,43.11,39.6,33.45,37.83,51.98,63.89
27,1874553,2752,2783,04:34.2,04:37.3,4,34,3.1,1,2,866,right_to_left,Adelaide United,1,True,False,False,direct,6,defending_direct,15,-33.06,-3.49,3,center,1,defensive_third,False,2.22,-22.48,5,wide_right,2,middle_third,False,60.79,59.57,39.44,47.27,37.95,33.65,64.1,61.7
28,1874553,2783,2799,04:37.3,04:38.9,4,37,1.6,1,1,1802,left_to_right,Brisbane FC,1,True,False,False,chaotic,5,chaotic,5,-2.31,22.39,1,wide_left,2,middle_third,False,13.18,18.21,2,half_space_left,2,middle_third,False,33.35,31.29,61.44,56.51,59.2,56.15,47.46,48.47
29,1874553,2799,2824,04:38.9,04:41.4,4,38,2.5,1,2,866,right_to_left,Adelaide United,1,False,False,False,create,1,medium_block,9,-13.76,-18.27,4,half_space_right,2,middle_third,False,-19.9,-14.96,4,half_space_right,1,defensive_third,False,56.18,58.82,48.48,48.55,31.37,36.84,56.18,51.69
30,1874553,2824,2868,04:41.4,04:45.8,4,41,4.4,1,2,866,right_to_left,Adelaide United,2,False,False,False,build_up,0,high_block,10,-20.39,-13.42,4,half_space_right,1,defensive_third,False,-20.16,21.72,1,wide_left,1,defensive_third,False,58.98,63.68,48.53,48.12,36.92,43.57,51.67,53.79
31,1874553,2868,2873,04:45.8,04:46.3,4,45,0.5,1,2,866,right_to_left,Adelaide United,1,False,False,False,create,1,medium_block,9,-19.99,21.83,1,wide_left,1,defensive_third,False,-19.47,22.34,1,wide_left,1,defensive_third,False,63.68,63.56,48.27,48.98,43.72,44.02,53.74,53.52
32,1874553,2873,2898,04:46.3,04:48.8,4,46,2.5,1,2,866,right_to_left,Adelaide United,1,True,False,False,direct,6,defending_direct,15,-18.99,22.46,1,wide_left,1,defensive_third,False,20.3,24.39,1,wide_left,3,attacking_third,False,63.48,55.79,49.16,59.07,43.99,40.34,53.45,52.8
33,1874553,2898,2955,04:48.8,04:54.5,4,48,5.7,1,1,1802,left_to_right,Brisbane FC,2,False,False,False,build_up,0,high_block,10,-21.54,-24.35,5,wide_right,1,defensive_third,False,-47.15,-2.9,3,center,1,defensive_third,False,40.17,45.23,52.84,48.53,55.45,38.19,59.61,79.91
34,1874553,2955,2982,04:54.5,04:57.2,4,54,2.7,1,1,1802,left_to_right,Brisbane FC,1,True,False,False,direct,6,defending_direct,15,-47.01,-2.49,3,center,1,defensive_third,False,-12.64,19.63,2,half_space_left,2,middle_third,False,45.39,41.36,48.22,44.22,38.05,38.49,79.93,71.55
35,1874553,2982,3018,04:57.2,05:00.8,4,57,3.6,1,2,866,right_to_left,Adelaide United,1,True,False,False,quick_break,3,defending_quick_break,12,12.01,-19.87,4,half_space_right,2,middle_third,False,31.09,-12.44,4,half_space_right,3,attacking_third,False,38.59,28.19,71.2,65.04,40.98,22.96,44.2,45.19
36,1874553,3018,3258,05:00.8,05:24.8,5,0,24.0,1,1,1802,left_to_right,Brisbane FC,4,False,True,True,create,1,medium_block,9,-32.54,12.21,2,half_space_left,1,defensive_third,False,20.24,31.79,1,wide_left,3,attacking_third,False,22.37,45.28,45.32,61.52,28.04,29.74,65.53,48.79
37,1874553,3258,3300,05:24.8,05:29.0,5,24,4.2,1,1,1802,left_to_right,Brisbane FC,3,False,True,True,finish,2,low_block,8,20.94,31.33,1,wide_left,3,attacking_third,False,51.35,-1.64,3,center,3,attacking_third,True,45.2,38.7,61.84,73.7,29.81,26.11,48.6,43.52
38,1874553,4116,4145,06:50.6,06:53.5,6,50,2.9,1,2,866,right_to_left,Adelaide United,2,False,False,False,create,1,medium_block,9,-13.02,-1.17,3,center,2,middle_third,False,-19.6,-7.2,3,center,1,defensive_third,False,55.56,54.84,30.03,38.5,42.33,42.66,43.15,51.94
39,1874553,4145,4179,06:53.5,06:56.9,6,53,3.4,1,2,866,right_to_left,Adelaide United,1,False,False,False,direct,6,defending_direct,15,-19.06,-7.41,3,center,1,defensive_third,False,32.32,-16.08,4,half_space_right,3,attacking_third,False,54.58,35.28,38.81,57.15,42.47,28.11,52.37,53.46
40,1874553,4179,4334,06:56.9,07:12.4,6,56,15.5,1,2,866,right_to_left,Adelaide United,4,True,False,False,finish,2,low_block,8,32.49,-15.97,4,half_space_right,3,attacking_third,False,51.73,-9.67,4,half_space_right,3,attacking_third,True,34.43,33.54,57.71,74.32,27.99,32.78,53.41,32.74
41,1874553,4334,4434,07:12.4,07:22.4,7,12,10.0,1,1,1802,left_to_right,Brisbane FC,1,False,False,False,build_up,0,high_block,10,-52.14,9.73,2,half_space_left,1,defensive_third,False,-21.11,15.84,2,half_space_left,1,defensive_third,False,32.62,61.58,32.96,41.22,33.39,41.78,74.86,63.96
42,1874553,4434,4455,07:22.4,07:24.5,7,22,2.1,1,1,1802,left_to_right,Brisbane FC,1,True,False,False,create,1,medium_block,9,-19.83,16.6,2,half_space_left,1,defensive_third,False,-16.86,22.37,1,wide_left,2,middle_third,False,61.44,57.96,41.65,46.78,41.74,42.31,63.84,61.5
43,1874553,4455,4484,07:24.5,07:27.4,7,24,2.9,1,2,866,right_to_left,Adelaide United,1,False,False,False,finish,2,low_block,8,16.72,-22.87,5,wide_right,2,middle_third,False,9.17,-13.09,4,half_space_right,2,middle_third,False,42.37,45.37,61.42,59.74,57.64,44.21,46.84,43.09
44,1874553,4484,4525,07:27.4,07:31.5,7,27,4.1,1,2,866,right_to_left,Adelaide United,1,False,False,False,create,1,medium_block,9,9.39,-11.8,4,half_space_right,2,middle_third,False,8.05,8.22,3,center,2,middle_third,False,45.45,46.87,59.65,58.71,43.85,36.02,42.74,33.57
45,1874553,4525,4563,07:31.5,07:35.3,7,31,3.8,1,2,866,right_to_left,Adelaide United,1,False,False,False,finish,2,low_block,8,7.87,8.7,3,center,2,middle_third,False,6.55,11.33,2,half_space_left,2,middle_third,False,47.13,55.32,58.84,60.26,36.1,40.52,33.65,34.2
46,1874553,4563,4635,07:35.3,07:42.5,7,35,7.2,1,2,866,right_to_left,Adelaide United,2,False,False,False,create,1,medium_block,9,5.7,10.57,2,half_space_left,2,middle_third,False,4.89,-14.61,4,half_space_right,2,middle_third,False,55.49,59.35,60.25,56.53,40.51,35.15,34.41,38.79
47,1874553,4635,4712,07:42.5,07:50.2,7,42,7.7,1,2,866,right_to_left,Adelaide United,3,False,False,False,finish,2,low_block,8,5.12,-14.84,4,half_space_right,2,middle_third,False,5.78,-21.69,5,wide_right,2,middle_third,False,59.26,52.13,56.55,60.54,35.14,37.89,38.82,37.34
48,1874553,4712,4786,07:50.2,07:57.6,7,50,7.4,1,2,866,right_to_left,Adelaide United,2,True,False,False,create,1,medium_block,9,5.0,-20.27,5,wide_right,2,middle_third,False,18.76,-5.64,3,center,3,attacking_third,False,52.17,56.11,60.49,53.18,37.89,32.47,37.6,42.2
49,1874553,4786,4909,07:57.6,08:09.9,7,57,12.3,1,1,1802,left_to_right,Brisbane FC,4,False,False,False,transition,4,defending_transition,11,-19.79,4.91,3,center,1,defensive_third,False,12.12,-29.91,5,wide_right,2,middle_third,False,32.12,49.69,41.94,61.44,55.87,37.18,53.28,39.45
50,1874553,4909,4936,08:09.9,08:12.6,8,9,2.7,1,1,1802,left_to_right,Brisbane FC,2,False,False,False,finish,2,low_block,8,11.76,-30.14,5,wide_right,2,middle_third,False,5.14,-20.38,5,wide_right,2,middle_third,False,49.84,52.72,61.4,59.35,37.19,35.35,39.31,39.1
51,1874553,4936,4961,08:12.6,08:15.1,8,12,2.5,1,1,1802,left_to_right,Brisbane FC,1,True,False,False,create,1,medium_block,9,4.82,-20.29,5,wide_right,2,middle_third,False,4.68,-18.97,4,half_space_right,2,middle_third,False,52.85,55.88,59.25,55.43,35.26,33.27,39.32,40.96
52,1874553,4961,5010,08:15.1,08:20.0,8,15,4.9,1,2,866,right_to_left,Adelaide United,2,True,False,False,create,1,medium_block,9,-4.68,19.05,2,half_space_left,2,middle_third,False,-4.27,27.02,1,wide_left,2,middle_third,False,33.35,41.15,40.89,50.53,55.84,44.28,55.36,50.32
53,1874553,5010,5083,08:20.0,08:27.3,8,20,7.3,1,1,1802,left_to_right,Brisbane FC,2,False,False,False,create,1,medium_block,9,4.96,-26.68,5,wide_right,2,middle_third,False,21.89,-29.93,5,wide_right,3,attacking_third,False,44.13,37.94,50.13,58.08,41.18,45.06,50.79,49.01
54,1874553,5083,5086,08:27.3,08:27.6,8,27,0.3,1,1,1802,left_to_right,Brisbane FC,1,True,False,False,finish,2,low_block,8,21.86,-29.77,5,wide_right,3,attacking_third,False,21.77,-29.51,5,wide_right,3,attacking_third,False,37.89,37.75,58.42,59.02,44.99,44.83,48.86,48.6
55,1874553,5086,5300,08:27.6,08:49.0,8,27,21.4,1,2,866,right_to_left,Adelaide United,7,True,False,False,create,1,medium_block,9,-21.71,29.37,1,wide_left,1,defensive_third,False,6.64,1.87,3,center,2,middle_third,False,44.75,59.18,48.5,54.69,37.67,35.35,59.27,43.42
56,1874553,5300,5442,08:49.0,09:03.2,8,49,14.2,1,1,1802,left_to_right,Brisbane FC,7,False,False,False,create,1,medium_block,9,-7.15,-1.73,3,center,2,middle_third,False,23.35,-31.8,5,wide_right,3,attacking_third,False,34.93,50.68,43.27,56.7,58.74,34.84,55.04,45.55
57,1874553,5442,5572,09:03.2,09:16.2,9,3,13.0,1,1,1802,left_to_right,Brisbane FC,3,False,False,False,finish,2,low_block,8,24.0,-31.79,5,wide_right,3,attacking_third,False,5.96,-24.92,5,wide_right,2,middle_third,False,50.54,48.63,56.95,58.25,34.78,36.97,45.55,36.96
58,1874553,5572,5702,09:16.2,09:29.2,9,16,13.0,1,1,1802,left_to_right,Brisbane FC,5,False,False,False,create,1,medium_block,9,5.53,-24.34,5,wide_right,2,middle_third,False,18.12,8.67,3,center,3,attacking_third,False,48.75,51.75,58.19,58.94,36.93,31.79,37.26,44.41
59,1874553,5702,5746,09:29.2,09:33.6,9,29,4.4,1,1,1802,left_to_right,Brisbane FC,1,True,False,False,finish,2,low_block,8,18.97,10.32,2,half_space_left,3,attacking_third,False,43.7,1.18,3,center,3,attacking_third,True,51.52,39.43,59.19,72.43,31.98,37.7,44.48,45.32
60,1874553,5746,5793,09:33.6,09:38.3,9,33,4.7,1,2,866,right_to_left,Adelaide United,2,True,False,False,chaotic,5,chaotic,5,-44.1,-0.46,3,center,1,defensive_third,False,-18.96,-12.12,4,half_space_right,1,defensive_third,False,37.51,38.62,45.34,43.84,39.19,32.59,72.49,78.01
61,1874553,5793,5832,09:38.3,09:42.2,9,38,3.9,1,1,1802,left_to_right,Brisbane FC,1,False,False,False,finish,2,low_block,8,18.03,12.17,2,half_space_left,3,attacking_third,False,5.84,7.32,3,center,2,middle_third,False,32.54,42.77,77.81,65.52,38.61,31.36,43.54,37.63
62,1874553,5832,6071,09:42.2,10:06.1,9,42,23.9,1,1,1802,left_to_right,Brisbane FC,8,False,False,False,create,1,medium_block,9,5.25,5.61,3,center,2,middle_third,False,28.75,19.98,2,half_space_left,3,attacking_third,False,43.13,52.56,65.2,60.78,31.36,36.45,37.65,44.34
63,1874553,6227,6252,10:21.7,10:24.2,10,21,2.5,1,1,1802,left_to_right,Brisbane FC,2,True,False,False,chaotic,5,chaotic,5,38.2,31.99,1,wide_left,3,attacking_third,False,50.59,16.52,2,half_space_left,3,attacking_third,True,38.61,35.16,68.59,72.55,29.32,23.61,32.39,33.45
64,1874553,6436,6467,10:42.6,10:45.7,10,42,3.1,1,2,866,right_to_left,Adelaide United,2,False,False,False,build_up,0,high_block,10,,,2,half_space_left,2,middle_third,False,-45.33,-20.93,5,wide_right,1,defensive_third,False,,57.25,,50.33,,38.44,,72.53
65,1874553,6467,6500,10:45.7,10:49.0,10,45,3.3,1,2,866,right_to_left,Adelaide United,2,True,False,False,direct,6,defending_direct,15,-44.79,-21.11,5,wide_right,1,defensive_third,False,-13.22,-13.79,4,half_space_right,2,middle_third,False,57.07,50.37,50.32,49.87,38.32,32.04,72.39,65.04
66,1874553,6500,6510,10:49.0,10:50.0,10,49,1.0,1,1,1802,left_to_right,Brisbane FC,1,False,False,False,chaotic,5,chaotic,5,13.75,14.02,2,half_space_left,2,middle_third,False,21.03,14.86,2,half_space_left,3,attacking_third,False,31.78,29.61,64.75,62.52,50.4,51.1,49.78,48.82
67,1874553,6682,6882,11:07.2,11:27.2,11,7,20.0,1,1,1802,left_to_right,Brisbane FC,8,True,False,False,set_play,7,defending_set_play,13,17.37,16.83,2,half_space_left,2,middle_third,False,-35.87,10.83,2,half_space_left,1,defensive_third,False,35.14,39.68,58.94,43.21,26.84,37.93,27.54,75.15
68,1874553,6882,6903,11:27.2,11:29.3,11,27,2.1,1,2,866,right_to_left,Adelaide United,1,False,False,False,build_up,0,high_block,10,-35.36,11.3,2,half_space_left,1,defensive_third,False,-20.0,21.46,1,wide_left,1,defensive_third,False,40.17,47.54,43.24,41.64,38.07,39.76,74.94,69.51
69,1874553,6903,7124,11:29.3,11:51.4,11,29,22.1,1,2,866,right_to_left,Adelaide United,7,True,False,False,create,1,medium_block,9,-19.28,21.52,1,wide_left,1,defensive_third,False,4.11,-6.63,3,center,2,middle_third,False,48.0,55.33,41.62,53.37,39.89,31.14,69.28,43.44
70,1874553,7124,7163,11:51.4,11:55.3,11,51,3.9,1,1,1802,left_to_right,Brisbane FC,2,True,False,False,chaotic,5,chaotic,5,-3.63,6.93,3,center,2,middle_third,False,17.62,14.44,2,half_space_left,3,attacking_third,False,31.01,31.19,43.93,54.88,55.1,46.6,53.45,52.85
71,1874553,7163,7240,11:55.3,12:03.0,11,55,7.7,1,2,866,right_to_left,Adelaide United,2,False,False,False,create,1,medium_block,9,-18.23,-14.58,4,half_space_right,1,defensive_third,False,25.99,-28.16,5,wide_right,3,attacking_third,False,46.58,42.75,52.79,62.89,31.21,34.46,55.29,50.6
72,1874553,7240,7291,12:03.0,12:08.1,12,3,5.1,1,2,866,right_to_left,Adelaide United,2,True,False,False,finish,2,low_block,8,26.67,-28.14,5,wide_right,3,attacking_third,False,41.94,-14.09,4,half_space_right,3,attacking_third,True,42.5,29.99,63.5,76.8,34.37,25.31,50.58,48.0
73,1874553,7291,7343,12:08.1,12:13.3,12,8,5.2,1,1,1802,left_to_right,Brisbane FC,2,False,False,False,chaotic,5,chaotic,5,-41.76,14.3,2,half_space_left,1,defensive_third,False,-29.96,5.69,3,center,1,defensive_third,False,25.1,24.39,47.91,43.63,29.75,25.24,76.69,68.0
74,1874553,7530,7551,12:32.0,12:34.1,12,32,2.1,1,1,1802,left_to_right,Brisbane FC,1,True,False,False,direct,6,defending_direct,15,-20.85,3.56,3,center,1,defensive_third,False,14.96,-17.04,4,half_space_right,2,middle_third,False,48.19,47.57,41.66,52.58,34.32,36.24,54.25,55.41
75,1874553,7551,7589,12:34.1,12:37.9,12,34,3.8,1,2,866,right_to_left,Adelaide United,1,True,False,False,chaotic,5,chaotic,5,-16.04,17.68,2,half_space_left,2,middle_third,False,-10.82,22.64,1,wide_left,2,middle_third,False,36.34,37.49,55.53,55.1,47.45,42.64,53.46,56.08
76,1874553,7589,7618,12:37.9,12:40.8,12,37,2.9,1,1,1802,left_to_right,Brisbane FC,2,False,False,False,chaotic,5,chaotic,5,10.74,-22.74,5,wide_right,2,middle_third,False,24.93,-32.0,5,wide_right,3,attacking_third,False,42.45,46.04,56.1,57.52,37.52,39.57,55.0,53.47
77,1874553,8310,8320,13:50.0,13:51.0,13,50,1.0,1,1,1802,left_to_right,Brisbane FC,1,True,False,False,set_play,7,defending_set_play,13,20.24,-30.72,5,wide_right,3,attacking_third,False,34.18,-17.72,4,half_space_right,3,attacking_third,False,44.2,42.94,60.39,62.83,35.96,35.82,21.63,20.47
78,1874553,8548,8610,14:13.8,14:20.0,14,13,6.2,1,2,866,right_to_left,Adelaide United,1,False,False,False,direct,6,defending_direct,15,-46.91,-1.66,3,center,1,defensive_third,False,14.11,-23.84,5,wide_right,2,middle_third,False,58.75,46.38,50.59,56.47,41.55,35.39,75.94,66.67
79,1874553,8610,8632,14:20.0,14:22.2,14,20,2.2,1,2,866,right_to_left,Adelaide United,1,False,False,False,create,1,medium_block,9,14.58,-24.04,5,wide_right,2,middle_third,False,26.82,-32.17,5,wide_right,3,attacking_third,False,46.05,43.81,56.89,66.13,35.19,32.99,66.54,62.89
80,1874553,8632,8851,14:22.2,14:44.1,14,22,21.9,1,2,866,right_to_left,Adelaide United,6,True,False,False,finish,2,low_block,8,27.28,-32.33,5,wide_right,3,attacking_third,False,17.11,16.87,2,half_space_left,2,middle_third,False,43.82,51.46,66.46,60.87,33.0,35.12,62.63,30.05
81,1874553,8851,8985,14:44.1,14:57.5,14,44,13.4,1,1,1802,left_to_right,Brisbane FC,2,False,False,True,transition,4,defending_transition,11,-17.37,-17.4,4,half_space_right,2,middle_third,False,44.71,20.66,1,wide_left,3,attacking_third,False,35.03,28.89,30.03,76.58,51.48,22.88,61.04,53.72
82,1874553,9327,9527,15:31.7,15:51.7,15,31,20.0,1,1,1802,left_to_right,Brisbane FC,4,True,False,False,set_play,7,defending_set_play,13,51.08,33.03,1,wide_left,3,attacking_third,False,-34.8,31.34,1,wide_left,1,defensive_third,False,40.84,43.82,73.81,37.9,29.83,40.94,15.8,69.74
83,1874553,9527,9573,15:51.7,15:56.3,15,51,4.6,1,2,866,right_to_left,Adelaide United,1,True,False,False,build_up,0,high_block,10,-34.31,31.59,1,wide_left,1,defensive_third,False,-33.3,20.15,2,half_space_left,1,defensive_third,False,44.08,48.68,38.27,53.55,40.91,36.12,69.64,72.59
84,1874553,9573,9595,15:56.3,15:58.5,15,56,2.2,1,1,1802,left_to_right,Brisbane FC,1,True,False,False,chaotic,5,chaotic,5,33.38,-19.5,4,half_space_right,3,attacking_third,False,47.51,-5.07,3,center,3,attacking_third,True,35.9,32.31,72.71,72.01,48.78,51.61,53.6,52.75
85,1874553,9595,9666,15:58.5,16:05.6,15,58,7.1,1,2,866,right_to_left,Adelaide United,2,False,False,False,transition,4,defending_transition,11,-47.71,4.8,3,center,1,defensive_third,False,3.77,-25.85,5,wide_right,2,middle_third,False,51.74,57.08,52.75,50.67,32.37,40.79,71.9,64.59
86,1874553,9852,9939,16:24.2,16:32.9,16,24,8.7,1,2,866,right_to_left,Adelaide United,4,False,False,False,create,1,medium_block,9,,,2,half_space_left,2,middle_third,False,-19.22,18.02,2,half_space_left,1,defensive_third,False,,54.74,,45.86,,41.69,,53.5
87,1874553,9939,9966,16:32.9,16:35.6,16,32,2.7,1,2,866,right_to_left,Adelaide United,1,False,False,False,build_up,0,high_block,10,-20.53,17.12,2,half_space_left,1,defensive_third,False,-36.7,9.43,2,half_space_left,1,defensive_third,False,54.92,58.42,45.82,45.28,41.81,43.46,53.9,66.14
88,1874553,9966,9994,16:35.6,16:38.4,16,35,2.8,1,2,866,right_to_left,Adelaide United,1,True,False,False,direct,6,defending_direct,15,-36.56,9.91,2,half_space_left,1,defensive_third,False,1.98,28.78,1,wide_left,2,middle_third,False,58.46,56.38,45.02,45.13,43.52,46.16,66.55,65.83
89,1874553,10230,10240,17:02.0,17:03.0,17,2,1.0,1,1,1802,left_to_right,Brisbane FC,1,False,False,False,chaotic,5,chaotic,5,,,2,half_space_left,2,middle_third,False,,,2,half_space_left,2,middle_third,False,,,,,,,,
90,1874553,10246,10266,17:03.6,17:05.6,17,3,2.0,1,1,1802,left_to_right,Brisbane FC,1,True,False,False,chaotic,5,chaotic,5,,,2,half_space_left,2,middle_third,False,29.05,-19.47,4,half_space_right,3,attacking_third,False,,45.91,,68.62,,33.14,,57.0
91,1874553,10266,10326,17:05.6,17:11.6,17,5,6.0,1,2,866,right_to_left,Adelaide United,2,False,False,False,chaotic,5,chaotic,5,-29.72,19.42,2,half_space_left,1,defensive_third,False,-15.44,35.98,1,wide_left,2,middle_third,False,32.84,38.8,57.02,53.24,45.76,37.45,69.15,66.07
92,1874553,10477,10662,17:26.7,17:45.2,17,26,18.5,1,2,866,right_to_left,Adelaide United,6,False,False,False,create,1,medium_block,9,,,2,half_space_left,2,middle_third,False,21.65,-4.29,3,center,3,attacking_third,False,,56.1,,61.03,,29.1,,46.27
93,1874553,10662,10702,17:45.2,17:49.2,17,45,4.0,1,2,866,right_to_left,Adelaide United,1,True,False,False,finish,2,low_block,8,22.15,-4.16,3,center,3,attacking_third,False,48.04,-14.57,4,half_space_right,3,attacking_third,True,55.73,44.16,61.46,70.03,29.04,27.19,46.29,46.27
94,1874553,10702,10884,17:49.2,18:07.4,17,49,18.2,1,1,1802,left_to_right,Brisbane FC,3,False,False,False,build_up,0,high_block,10,-48.33,14.71,2,half_space_left,1,defensive_third,False,-35.16,18.71,2,half_space_left,1,defensive_third,False,27.19,55.17,46.34,47.07,43.97,36.88,69.97,68.73
95,1874553,10884,10923,18:07.4,18:11.3,18,7,3.9,1,1,1802,left_to_right,Brisbane FC,1,True,False,False,direct,6,defending_direct,15,-34.99,18.83,2,half_space_left,1,defensive_third,False,23.83,22.5,1,wide_left,3,attacking_third,False,54.85,39.72,47.27,62.11,36.92,37.41,68.44,59.61
96,1874553,10923,10946,18:11.3,18:13.6,18,11,2.3,1,2,866,right_to_left,Adelaide United,1,False,False,False,chaotic,5,chaotic,5,-24.79,-22.49,5,wide_right,1,defensive_third,False,-26.54,-31.15,5,wide_right,1,defensive_third,False,37.51,40.16,59.51,55.13,39.5,36.46,62.62,69.81
97,1874553,11020,11491,18:21.0,19:08.1,18,21,47.1,1,2,866,right_to_left,Adelaide United,12,True,False,False,create,1,medium_block,9,-20.96,-33.12,5,wide_right,1,defensive_third,False,1.58,22.62,1,wide_left,2,middle_third,False,47.61,64.33,46.1,47.67,35.67,39.5,57.37,52.35
98,1874553,11491,11655,19:08.1,19:24.5,19,8,16.4,1,1,1802,left_to_right,Brisbane FC,6,False,False,False,create,1,medium_block,9,-2.36,-22.39,5,wide_right,2,middle_third,False,22.14,26.53,1,wide_left,3,attacking_third,False,39.4,48.09,52.41,62.83,64.0,33.61,47.92,52.73
99,1874553,11655,11680,19:24.5,19:27.0,19,24,2.5,1,1,1802,left_to_right,Brisbane FC,1,True,False,False,finish,2,low_block,8,23.09,26.64,1,wide_left,3,attacking_third,False,34.72,32.38,1,wide_left,3,attacking_third,False,48.01,48.92,63.03,67.58,33.54,39.79,52.67,51.16
100,1874553,11680,11795,19:27.0,19:38.5,19,27,11.5,1,2,866,right_to_left,Adelaide United,4,False,False,False,build_up,0,high_block,10,-34.81,-32.58,5,wide_right,1,defensive_third,False,-20.18,25.55,1,wide_left,1,defensive_third,False,40.24,57.73,51.02,47.37,49.19,43.24,67.72,56.03
101,1874553,11795,11900,19:38.5,19:49.0,19,38,10.5,1,2,866,right_to_left,Adelaide United,3,True,False,False,create,1,medium_block,9,-19.73,25.83,1,wide_left,1,defensive_third,False,-0.72,-14.4,4,half_space_right,2,middle_third,False,57.93,64.27,47.47,45.11,43.29,39.7,55.77,45.34
102,1874553,11900,11987,19:49.0,19:57.7,19,49,8.7,1,1,1802,left_to_right,Brisbane FC,3,True,False,False,create,1,medium_block,9,-0.97,14.95,2,half_space_left,2,middle_third,False,11.98,29.83,1,wide_left,2,middle_third,False,39.68,47.17,45.37,52.39,64.05,44.03,45.31,55.76
103,1874553,11987,11997,19:57.7,19:58.7,19,57,1.0,1,2,866,right_to_left,Adelaide United,1,False,False,False,create,1,medium_block,9,-13.07,-29.54,5,wide_right,2,middle_third,False,-19.95,-27.5,5,wide_right,1,defensive_third,False,44.12,44.86,55.88,56.66,46.98,45.03,52.97,58.59
104,1874553,11997,12036,19:58.7,20:02.6,19,58,3.9,1,2,866,right_to_left,Adelaide United,2,False,False,False,build_up,0,high_block,10,-20.55,-27.32,5,wide_right,1,defensive_third,False,-20.25,-26.05,5,wide_right,1,defensive_third,False,44.92,47.53,56.7,52.36,44.81,37.35,59.2,64.63
105,1874553,12036,12072,20:02.6,20:06.2,20,2,3.6,1,2,866,right_to_left,Adelaide United,1,True,False,False,create,1,medium_block,9,-19.12,-26.62,5,wide_right,1,defensive_third,False,-22.21,-29.47,5,wide_right,1,defensive_third,False,47.48,45.47,52.19,48.78,37.2,33.66,64.43,59.47
106,1874553,12072,12075,20:06.2,20:06.5,20,6,0.3,1,1,1802,left_to_right,Brisbane FC,1,False,False,False,create,1,medium_block,9,22.68,29.45,1,wide_left,3,attacking_third,False,23.22,29.46,1,wide_left,3,attacking_third,False,33.54,33.26,59.54,59.7,45.46,45.46,48.73,48.65
107,1874553,12075,12200,20:06.5,20:19.0,20,6,12.5,1,1,1802,left_to_right,Brisbane FC,3,False,False,False,finish,2,low_block,8,23.32,29.54,1,wide_left,3,attacking_third,False,6.16,15.43,2,half_space_left,2,middle_third,False,33.23,47.65,59.81,59.71,45.46,28.1,48.62,37.7
108,1874553,12200,12261,20:19.0,20:25.1,20,19,6.1,1,1,1802,left_to_right,Brisbane FC,2,False,False,False,create,1,medium_block,9,4.99,13.88,2,half_space_left,2,middle_third,False,11.96,-26.76,5,wide_right,2,middle_third,False,47.78,49.33,59.54,58.34,27.68,42.89,38.1,46.46
109,1874553,12449,12507,20:43.9,20:49.7,20,43,5.8,1,1,1802,left_to_right,Brisbane FC,1,True,False,False,chaotic,5,chaotic,5,12.66,-34.62,5,wide_right,2,middle_third,False,44.47,-16.59,4,half_space_right,3,attacking_third,True,39.82,29.58,67.63,68.65,31.75,29.98,51.23,47.97
110,1874553,12507,12661,20:49.7,21:05.1,20,49,15.4,1,2,866,right_to_left,Adelaide United,3,True,False,False,create,1,medium_block,9,-44.24,16.65,2,half_space_left,1,defensive_third,False,5.06,9.46,2,half_space_left,2,middle_third,False,30.33,58.41,47.74,47.12,29.54,37.13,68.64,57.79
111,1874553,12661,12716,21:05.1,21:10.6,21,5,5.5,1,1,1802,left_to_right,Brisbane FC,1,True,False,False,chaotic,5,chaotic,5,-5.23,-9.37,4,half_space_right,2,middle_third,False,9.9,-18.94,4,half_space_right,2,middle_third,False,36.72,43.55,57.59,54.71,58.12,50.07,47.28,45.97
112,1874553,12716,12759,21:10.6,21:14.9,21,10,4.3,1,2,866,right_to_left,Adelaide United,2,False,False,False,chaotic,5,chaotic,5,-10.23,18.62,2,half_space_left,2,middle_third,False,3.05,5.84,3,center,2,middle_third,False,50.0,50.49,45.83,50.77,43.77,29.92,54.49,46.88
113,1874553,13188,13316,21:57.8,22:10.6,21,57,12.8,1,2,866,right_to_left,Adelaide United,5,False,False,False,create,1,medium_block,9,1.25,2.4,3,center,2,middle_third,False,4.97,-27.69,5,wide_right,2,middle_third,False,59.21,63.18,57.19,59.58,37.52,38.9,36.6,34.21
114,1874553,13316,13324,22:10.6,22:11.4,22,10,0.8,1,2,866,right_to_left,Adelaide United,1,False,False,False,finish,2,low_block,8,5.05,-27.74,5,wide_right,2,middle_third,False,5.27,-27.92,5,wide_right,2,middle_third,False,63.18,62.82,59.59,59.46,38.96,39.26,34.21,34.05
115,1874553,13324,13466,22:11.4,22:25.6,22,11,14.2,1,2,866,right_to_left,Adelaide United,4,False,False,False,create,1,medium_block,9,5.12,-27.7,5,wide_right,2,middle_third,False,13.5,-23.84,5,wide_right,2,middle_third,False,62.73,61.58,59.41,55.13,39.35,39.93,34.03,39.29
116,1874553,13466,13571,22:25.6,22:36.1,22,25,10.5,1,2,866,right_to_left,Adelaide United,3,False,False,False,finish,2,low_block,8,14.73,-25.06,5,wide_right,2,middle_third,False,5.64,1.35,3,center,2,middle_third,False,61.32,52.92,55.33,54.7,40.19,36.25,39.12,36.73
117,1874553,13571,13660,22:36.1,22:45.0,22,36,8.9,1,2,866,right_to_left,Adelaide United,2,True,False,False,create,1,medium_block,9,4.92,2.21,3,center,2,middle_third,False,16.91,-14.53,4,half_space_right,2,middle_third,False,52.88,57.37,54.73,57.37,36.31,31.26,36.96,42.4
118,1874553,13660,13709,22:45.0,22:49.9,22,45,4.9,1,1,1802,left_to_right,Brisbane FC,1,True,False,False,chaotic,5,chaotic,5,-17.38,14.94,2,half_space_left,2,middle_third,False,17.15,23.42,1,wide_left,2,middle_third,False,31.27,36.26,42.36,54.79,57.21,52.03,57.59,59.12
119,1874553,13709,13937,22:49.9,23:12.7,22,49,22.8,1,2,866,right_to_left,Adelaide United,6,False,False,False,create,1,medium_block,9,-17.61,-23.51,5,wide_right,1,defensive_third,False,-19.69,8.85,3,center,1,defensive_third,False,52.23,65.61,58.95,46.62,36.28,36.45,54.77,52.05
120,1874553,13937,14043,23:12.7,23:23.3,23,12,10.6,1,2,866,right_to_left,Adelaide United,2,False,False,False,build_up,0,high_block,10,-20.53,8.26,3,center,1,defensive_third,False,-21.04,10.79,2,half_space_left,1,defensive_third,False,65.56,62.36,46.47,42.04,36.41,40.06,52.27,54.14
121,1874553,14043,14055,23:23.3,23:24.5,23,23,1.2,1,2,866,right_to_left,Adelaide United,0,True,False,False,create,1,medium_block,9,-19.93,9.6,2,half_space_left,1,defensive_third,False,-5.92,-2.55,3,center,2,middle_third,False,62.26,60.58,42.11,43.46,40.01,39.15,54.08,52.99
122,1874553,14055,14102,23:24.5,23:29.2,23,24,4.7,1,1,1802,left_to_right,Brisbane FC,3,False,False,True,create,1,medium_block,9,5.86,2.56,3,center,2,middle_third,False,14.93,13.71,2,half_space_left,2,middle_third,False,39.03,36.24,52.85,59.33,60.35,41.81,43.71,46.14
123,1874553,14102,14224,23:29.2,23:41.4,23,29,12.2,1,1,1802,left_to_right,Brisbane FC,6,True,False,True,finish,2,low_block,8,15.32,13.81,2,half_space_left,2,middle_third,False,51.18,1.39,3,center,3,attacking_third,True,36.31,32.83,59.62,71.39,41.47,29.15,46.07,18.24
124,1874553,14537,14632,24:12.7,24:22.2,24,12,9.5,1,2,866,right_to_left,Adelaide United,6,False,False,False,build_up,0,high_block,10,-47.8,-1.33,3,center,1,defensive_third,False,-20.06,-29.57,5,wide_right,1,defensive_third,False,61.27,59.64,49.96,49.87,34.52,40.31,67.83,69.41
125,1874553,14632,14649,24:22.2,24:23.9,24,22,1.7,1,2,866,right_to_left,Adelaide United,0,True,False,False,create,1,medium_block,9,-19.34,-28.7,5,wide_right,1,defensive_third,False,-14.09,-20.39,5,wide_right,2,middle_third,False,59.53,56.83,49.74,47.5,40.26,38.44,69.19,65.71
126,1874553,14649,14706,24:23.9,24:29.6,24,23,5.7,1,1,1802,left_to_right,Brisbane FC,3,False,False,False,quick_break,3,defending_quick_break,12,14.19,20.29,1,wide_left,2,middle_third,False,46.57,5.66,3,center,3,attacking_third,True,38.28,30.54,65.48,77.48,56.5,38.51,47.44,43.23
127,1874553,15054,15254,25:04.4,25:24.4,25,4,20.0,1,1,1802,left_to_right,Brisbane FC,6,False,False,False,set_play,7,defending_set_play,13,51.93,32.58,1,wide_left,3,attacking_third,False,18.71,-10.32,4,half_space_right,3,attacking_third,False,41.7,53.26,73.79,64.55,22.01,30.29,13.56,35.81
128,1874553,15254,15352,25:24.4,25:34.2,25,24,9.8,1,1,1802,left_to_right,Brisbane FC,3,True,False,False,finish,2,low_block,8,18.63,-10.46,4,half_space_right,3,attacking_third,False,36.86,-21.23,5,wide_right,3,attacking_third,False,53.26,32.12,64.46,73.36,30.43,26.68,35.85,21.79
129,1874553,15352,15418,25:34.2,25:40.8,25,34,6.6,1,2,866,right_to_left,Adelaide United,1,False,False,False,build_up,0,high_block,10,-37.23,20.88,1,wide_left,1,defensive_third,False,-20.46,30.02,1,wide_left,1,defensive_third,False,26.74,32.97,21.73,26.64,32.13,30.68,73.34,67.96
130,1874553,15418,15587,25:40.8,25:57.7,25,40,16.9,1,2,866,right_to_left,Adelaide United,5,False,False,False,create,1,medium_block,9,-19.5,30.14,1,wide_left,1,defensive_third,False,13.03,-26.92,5,wide_right,2,middle_third,False,33.24,46.98,27.0,60.76,30.84,33.37,67.86,41.26
131,1874553,15587,16042,25:57.7,26:43.2,25,57,45.5,1,2,866,right_to_left,Adelaide United,14,True,False,False,finish,2,low_block,8,13.4,-26.91,5,wide_right,2,middle_third,False,43.01,16.63,2,half_space_left,3,attacking_third,True,46.94,35.96,60.99,65.4,33.34,26.53,41.13,23.36
132,1874553,16042,16105,26:43.2,26:49.5,26,43,6.3,1,1,1802,left_to_right,Brisbane FC,3,True,False,False,chaotic,5,chaotic,5,-43.09,-15.56,4,half_space_right,1,defensive_third,False,-29.87,18.41,2,half_space_left,1,defensive_third,False,26.45,34.66,23.17,25.54,35.75,40.86,65.56,58.31
133,1874553,16145,16723,26:53.5,27:51.3,26,53,57.8,1,2,866,right_to_left,Adelaide United,22,True,False,True,finish,2,low_block,8,28.99,-34.44,5,wide_right,3,attacking_third,False,47.98,-5.55,3,center,3,attacking_third,True,53.88,42.58,58.68,63.84,46.05,27.94,28.92,25.04
134,1874553,16908,16928,28:09.8,28:11.8,28,9,2.0,1,1,1802,left_to_right,Brisbane FC,2,False,False,False,build_up,0,high_block,10,,,2,half_space_left,2,middle_third,False,-20.57,-31.32,5,wide_right,1,defensive_third,False,,60.68,,51.56,,38.75,,65.58
135,1874553,16928,17122,28:11.8,28:31.2,28,11,19.4,1,1,1802,left_to_right,Brisbane FC,7,False,False,False,create,1,medium_block,9,-19.74,-31.88,5,wide_right,1,defensive_third,False,11.6,17.36,2,half_space_left,2,middle_third,False,60.39,45.24,51.58,60.56,38.94,39.02,65.41,43.79
136,1874553,17122,17260,28:31.2,28:45.0,28,31,13.8,1,1,1802,left_to_right,Brisbane FC,5,True,False,False,finish,2,low_block,8,11.27,16.01,2,half_space_left,2,middle_third,False,36.59,-3.55,3,center,3,attacking_third,True,45.26,30.56,60.6,65.57,38.79,20.05,43.57,40.51
137,1874553,17260,17314,28:45.0,28:50.4,28,45,5.4,1,2,866,right_to_left,Adelaide United,1,False,False,False,build_up,0,high_block,10,-37.37,4.1,3,center,1,defensive_third,False,-20.3,27.45,1,wide_left,1,defensive_third,False,19.89,37.26,40.55,46.87,30.52,34.82,65.53,63.08
138,1874553,17314,17430,28:50.4,29:02.0,28,50,11.6,1,2,866,right_to_left,Adelaide United,4,False,False,False,create,1,medium_block,9,-19.86,27.76,1,wide_left,1,defensive_third,False,15.59,-23.42,5,wide_right,2,middle_third,False,37.67,45.8,47.07,60.85,35.07,35.52,63.02,40.36
139,1874553,17430,17464,29:02.0,29:05.4,29,2,3.4,1,2,866,right_to_left,Adelaide United,1,True,False,False,finish,2,low_block,8,16.06,-23.19,5,wide_right,2,middle_third,False,30.8,-16.99,4,half_space_right,3,attacking_third,False,45.33,38.27,60.92,65.1,35.29,27.55,40.14,31.81
140,1874553,17464,17506,29:05.4,29:09.6,29,5,4.2,1,1,1802,left_to_right,Brisbane FC,1,False,False,False,build_up,0,high_block,10,-30.63,17.06,2,half_space_left,1,defensive_third,False,-20.18,18.81,2,half_space_left,1,defensive_third,False,27.28,28.15,31.49,35.86,38.2,29.72,65.29,70.78
141,1874553,17506,17760,29:09.6,29:35.0,29,9,25.4,1,1,1802,left_to_right,Brisbane FC,7,False,False,False,create,1,medium_block,9,-19.96,18.13,2,half_space_left,1,defensive_third,False,22.36,29.17,1,wide_left,3,attacking_third,False,28.16,44.9,36.06,54.4,29.75,38.78,70.67,42.18
142,1874553,17760,17787,29:35.0,29:37.7,29,35,2.7,1,1,1802,left_to_right,Brisbane FC,1,False,False,False,finish,2,low_block,8,22.67,29.33,1,wide_left,3,attacking_third,False,30.05,34.61,1,wide_left,3,attacking_third,False,44.99,45.99,54.52,55.69,38.77,41.3,42.09,39.51
143,1874553,17874,17941,29:46.4,29:53.1,29,46,6.7,1,1,1802,left_to_right,Brisbane FC,2,True,False,False,chaotic,5,chaotic,5,24.42,33.62,1,wide_left,3,attacking_third,False,28.6,29.4,1,wide_left,3,attacking_third,False,39.65,35.01,65.86,61.94,30.75,34.17,33.58,39.74
144,1874553,17941,17973,29:53.1,29:56.3,29,53,3.2,1,2,866,right_to_left,Adelaide United,1,False,False,True,build_up,0,high_block,10,-28.83,-29.36,5,wide_right,1,defensive_third,False,-20.42,-23.23,5,wide_right,1,defensive_third,False,34.27,37.37,39.86,41.56,34.92,35.18,61.91,61.63
145,1874553,17973,18069,29:56.3,30:05.9,29,56,9.6,1,2,866,right_to_left,Adelaide United,3,False,False,True,create,1,medium_block,9,-19.42,-22.75,5,wide_right,1,defensive_third,False,18.03,14.37,2,half_space_left,3,attacking_third,False,37.5,45.4,41.53,59.75,35.23,32.73,61.52,52.61
146,1874553,18069,18103,30:05.9,30:09.3,30,5,3.4,1,2,866,right_to_left,Adelaide United,2,True,False,True,finish,2,low_block,8,18.73,14.17,2,half_space_left,3,attacking_third,False,49.18,6.22,3,center,3,attacking_third,True,44.99,36.31,60.3,78.63,32.67,33.99,52.42,47.11
147,1874553,18103,18159,30:09.3,30:14.9,30,9,5.6,1,1,1802,left_to_right,Brisbane FC,1,False,False,False,chaotic,5,chaotic,5,-49.71,-5.4,3,center,1,defensive_third,False,,,2,half_space_left,2,middle_third,False,34.1,,47.08,,36.18,,79.03,
148,1874553,18534,18748,30:52.4,31:13.8,30,52,21.4,1,1,1802,left_to_right,Brisbane FC,2,True,False,False,create,1,medium_block,9,,,2,half_space_left,2,middle_third,False,17.97,-8.8,3,center,3,attacking_third,False,,24.49,,59.64,,22.8,,52.94
149,1874553,18748,18952,31:13.8,31:34.2,31,13,20.4,1,2,866,right_to_left,Adelaide United,8,True,False,False,create,1,medium_block,9,-17.97,8.56,3,center,1,defensive_third,False,14.69,28.18,1,wide_left,2,middle_third,False,22.74,56.11,52.71,60.74,24.43,36.91,59.97,44.31
150,1874553,18952,19008,31:34.2,31:39.8,31,34,5.6,1,1,1802,left_to_right,Brisbane FC,3,True,False,False,create,1,medium_block,9,-14.54,-28.37,5,wide_right,2,middle_third,False,-8.33,-24.75,5,wide_right,2,middle_third,False,36.83,43.67,44.21,47.96,56.05,46.45,60.82,60.81
151,1874553,19008,19037,31:39.8,31:42.7,31,39,2.9,1,2,866,right_to_left,Adelaide United,2,True,False,False,chaotic,5,chaotic,5,7.98,23.89,1,wide_left,2,middle_third,False,1.61,25.36,1,wide_left,2,middle_third,False,46.33,43.55,60.74,59.05,43.88,38.82,48.14,48.5
152,1874553,19037,19278,31:42.7,32:06.8,31,42,24.1,1,1,1802,left_to_right,Brisbane FC,10,True,False,False,create,1,medium_block,9,-1.44,-25.15,5,wide_right,2,middle_third,False,-11.82,-24.55,5,wide_right,2,middle_third,False,38.69,59.56,48.49,42.82,43.51,42.18,58.97,52.08
153,1874553,19278,19364,32:06.8,32:15.4,32,6,8.6,1,2,866,right_to_left,Adelaide United,3,False,True,True,quick_break,3,defending_quick_break,12,12.43,24.61,1,wide_left,2,middle_third,False,52.61,-1.48,3,center,3,attacking_third,False,42.22,35.63,52.29,81.6,59.5,33.51,42.78,53.17
154,1874553,20024,20157,33:21.4,33:34.7,33,21,13.3,1,1,1802,left_to_right,Brisbane FC,6,True,False,False,create,1,medium_block,9,-0.02,0.18,3,center,2,middle_third,False,13.42,-14.29,4,half_space_right,2,middle_third,False,61.03,50.35,37.62,52.86,36.64,33.06,41.47,59.73
155,1874553,20157,20242,33:34.7,33:43.2,33,34,8.5,1,2,866,right_to_left,Adelaide United,4,False,False,False,create,1,medium_block,9,-13.97,13.81,2,half_space_left,2,middle_third,False,10.9,-27.41,5,wide_right,2,middle_third,False,32.97,50.71,59.7,59.1,50.01,31.71,52.99,40.52
156,1874553,20242,20430,33:43.2,34:02.0,33,43,18.8,1,2,866,right_to_left,Adelaide United,10,True,False,False,finish,2,low_block,8,11.32,-27.59,5,wide_right,2,middle_third,False,41.91,-16.21,4,half_space_right,3,attacking_third,True,50.88,32.39,59.3,67.8,31.75,25.6,40.32,20.85
157,1874553,20430,20440,34:02.0,34:03.0,34,2,1.0,1,1,1802,left_to_right,Brisbane FC,1,True,False,False,chaotic,5,chaotic,5,-41.68,16.69,2,half_space_left,1,defensive_third,False,-28.41,23.68,1,wide_left,1,defensive_third,False,25.59,26.07,20.76,20.36,32.43,32.64,68.29,71.82
158,1874553,20505,20633,34:09.5,34:22.3,34,9,12.8,1,2,866,right_to_left,Adelaide United,5,False,False,False,create,1,medium_block,9,-4.67,-30.74,5,wide_right,2,middle_third,False,13.03,-32.62,5,wide_right,2,middle_third,False,48.13,57.6,66.0,55.22,33.92,34.1,35.99,45.34
159,1874553,20633,20664,34:22.3,34:25.4,34,22,3.1,1,2,866,right_to_left,Adelaide United,1,False,False,False,finish,2,low_block,8,13.22,-32.53,5,wide_right,2,middle_third,False,6.03,-22.76,5,wide_right,2,middle_third,False,57.47,53.3,55.54,60.1,34.15,34.37,45.19,39.44
160,1874553,20664,20905,34:25.4,34:49.5,34,25,24.1,1,2,866,right_to_left,Adelaide United,8,False,False,False,create,1,medium_block,9,5.35,-22.18,5,wide_right,2,middle_third,False,18.35,-27.69,5,wide_right,3,attacking_third,False,53.28,51.12,60.06,57.77,34.38,33.32,39.33,45.32
161,1874553,20905,20950,34:49.5,34:54.0,34,49,4.5,1,2,866,right_to_left,Adelaide United,2,True,False,False,finish,2,low_block,8,19.03,-27.36,5,wide_right,3,attacking_third,False,46.76,-12.62,4,half_space_right,3,attacking_third,True,50.87,38.98,58.09,72.88,32.89,26.51,45.26,38.41
162,1874553,21183,21236,35:17.3,35:22.6,35,17,5.3,1,1,1802,left_to_right,Brisbane FC,3,False,False,False,create,1,medium_block,9,,,2,half_space_left,2,middle_third,False,-9.23,-13.92,4,half_space_right,2,middle_third,False,,38.24,,46.72,,31.69,,52.4
163,1874553,21445,21520,35:43.5,35:51.0,35,43,7.5,1,1,1802,left_to_right,Brisbane FC,3,False,False,False,create,1,medium_block,9,-14.36,-3.58,3,center,2,middle_third,False,17.96,24.08,1,wide_left,3,attacking_third,False,60.69,58.57,53.13,57.35,37.57,36.44,47.53,49.15
164,1874553,21520,21675,35:51.0,36:06.5,35,51,15.5,1,1,1802,left_to_right,Brisbane FC,7,True,False,False,finish,2,low_block,8,19.57,23.57,1,wide_left,3,attacking_third,False,46.14,-7.95,3,center,3,attacking_third,True,58.41,30.4,57.58,69.95,36.39,22.91,49.09,42.29
165,1874553,21675,21775,36:06.5,36:16.5,36,6,10.0,1,2,866,right_to_left,Adelaide United,3,True,False,False,chaotic,5,chaotic,5,-46.99,8.14,3,center,1,defensive_third,False,-16.53,16.86,2,half_space_left,2,middle_third,False,22.64,35.59,42.36,39.68,30.27,34.89,70.41,68.93
166,1874553,21775,21831,36:16.5,36:22.1,36,16,5.6,1,1,1802,left_to_right,Brisbane FC,5,False,False,False,finish,2,low_block,8,16.0,-17.01,4,half_space_right,2,middle_third,False,6.65,-23.76,5,wide_right,2,middle_third,False,34.95,37.14,68.88,59.28,35.53,30.87,39.66,38.36
167,1874553,21831,22015,36:22.1,36:40.5,36,22,18.4,1,1,1802,left_to_right,Brisbane FC,6,True,False,False,create,1,medium_block,9,5.21,-22.84,5,wide_right,2,middle_third,False,33.73,3.84,3,center,3,attacking_third,False,37.13,39.91,59.28,68.23,30.79,28.97,38.56,55.85
168,1874553,22015,22046,36:40.5,36:43.6,36,40,3.1,1,2,866,right_to_left,Adelaide United,1,True,False,False,chaotic,5,chaotic,5,-34.06,-4.4,3,center,1,defensive_third,False,-14.58,-21.66,5,wide_right,2,middle_third,False,29.17,41.62,55.84,53.45,39.79,38.96,68.62,67.59
169,1874553,22046,22136,36:43.6,36:52.6,36,43,9.0,1,1,1802,left_to_right,Brisbane FC,2,True,False,False,finish,2,low_block,8,14.15,22.16,1,wide_left,2,middle_third,False,25.53,-4.19,3,center,3,attacking_third,False,39.05,44.46,67.35,63.83,41.84,38.03,53.2,29.49
170,1874553,22136,22585,36:52.6,37:37.5,36,52,44.9,1,2,866,right_to_left,Adelaide United,14,False,False,False,create,1,medium_block,9,-25.85,5.72,3,center,1,defensive_third,False,-19.28,-22.32,5,wide_right,1,defensive_third,False,37.67,50.38,29.43,50.76,44.26,32.05,63.73,55.87
171,1874553,22585,22667,37:37.5,37:45.7,37,37,8.2,1,2,866,right_to_left,Adelaide United,3,False,False,False,build_up,0,high_block,10,-20.91,-21.35,5,wide_right,1,defensive_third,False,-20.13,-7.01,3,center,1,defensive_third,False,50.37,59.5,50.65,46.4,31.91,41.25,56.08,64.68
172,1874553,22667,22727,37:45.7,37:51.7,37,45,6.0,1,2,866,right_to_left,Adelaide United,2,False,False,False,create,1,medium_block,9,-19.92,-6.7,3,center,1,defensive_third,False,16.5,30.0,1,wide_left,2,middle_third,False,59.5,56.55,46.54,62.53,41.26,38.22,64.49,56.3
173,1874553,22727,22878,37:51.7,38:06.8,37,51,15.1,1,2,866,right_to_left,Adelaide United,3,False,False,False,finish,2,low_block,8,17.41,30.48,1,wide_left,2,middle_third,False,42.88,36.36,1,wide_left,3,attacking_third,False,56.51,45.3,62.92,75.36,37.99,37.56,56.26,30.92
174,1874553,22937,23138,38:12.7,38:32.8,38,12,20.1,1,2,866,right_to_left,Adelaide United,8,False,False,False,finish,2,low_block,8,34.95,32.62,1,wide_left,3,attacking_third,False,45.71,-5.59,3,center,3,attacking_third,True,45.39,41.73,66.65,67.38,31.73,24.53,29.01,32.67
175,1874553,23504,23514,39:09.4,39:10.4,39,9,1.0,1,2,866,right_to_left,Adelaide United,1,True,False,False,set_play,7,defending_set_play,13,51.84,-32.0,5,wide_right,3,attacking_third,False,48.06,-11.7,4,half_space_right,3,attacking_third,True,43.76,41.64,71.64,70.71,28.48,25.32,14.74,14.35
176,1874553,23864,23906,39:45.4,39:49.6,39,45,4.2,1,1,1802,left_to_right,Brisbane FC,1,True,False,False,direct,6,defending_direct,15,-36.26,14.83,2,half_space_left,1,defensive_third,False,14.19,25.62,1,wide_left,2,middle_third,False,25.14,23.5,59.55,58.18,30.67,28.56,41.91,44.85
177,1874553,23906,23916,39:49.6,39:50.6,39,49,1.0,1,2,866,right_to_left,Adelaide United,1,True,False,False,chaotic,5,chaotic,5,-14.63,-25.79,5,wide_right,2,middle_third,False,-16.1,-29.47,5,wide_right,2,middle_third,False,28.62,29.7,44.91,45.33,23.54,24.62,58.26,58.41
178,1874553,24086,24096,40:07.6,40:08.6,40,7,1.0,1,1,1802,left_to_right,Brisbane FC,1,False,False,False,chaotic,5,chaotic,5,26.89,32.11,1,wide_left,3,attacking_third,False,36.1,26.52,1,wide_left,3,attacking_third,False,34.32,33.56,67.17,68.23,28.71,26.29,34.07,34.49
179,1874553,25329,25408,42:11.9,42:19.8,42,11,7.9,1,1,1802,left_to_right,Brisbane FC,3,False,True,True,set_play,7,defending_set_play,13,41.58,-0.4,3,center,3,attacking_third,True,51.24,-3.41,3,center,3,attacking_third,True,24.07,19.73,66.87,73.86,19.48,18.67,22.67,15.5
180,1874553,26067,26116,43:25.7,43:30.6,43,25,4.9,1,2,866,right_to_left,Adelaide United,2,True,False,False,create,1,medium_block,9,-0.73,0.32,3,center,2,middle_third,False,-3.98,-12.42,4,half_space_right,2,middle_third,False,61.64,53.8,32.37,44.13,44.26,35.68,43.27,47.32
181,1874553,26371,26475,43:56.1,44:06.5,43,56,10.4,1,1,1802,left_to_right,Brisbane FC,3,True,False,False,create,1,medium_block,9,-15.14,33.42,1,wide_left,2,middle_third,False,14.23,27.32,1,wide_left,2,middle_third,False,26.83,33.0,42.72,53.3,22.58,29.43,53.7,50.1
182,1874553,26475,26526,44:06.5,44:11.6,44,6,5.1,1,2,866,right_to_left,Adelaide United,1,False,False,False,chaotic,5,chaotic,5,-15.67,-27.01,5,wide_right,2,middle_third,False,-47.0,-5.05,3,center,1,defensive_third,False,29.66,42.88,50.25,49.06,33.19,33.58,53.9,77.3
183,1874553,26526,26558,44:11.6,44:14.8,44,11,3.2,1,2,866,right_to_left,Adelaide United,1,True,False,False,direct,6,defending_direct,15,-46.59,-5.21,3,center,1,defensive_third,False,1.72,-22.36,5,wide_right,2,middle_third,False,43.23,40.72,48.89,52.15,33.58,29.94,77.17,68.92
184,1874553,26558,26571,44:14.8,44:16.1,44,14,1.3,1,1,1802,left_to_right,Brisbane FC,1,True,False,False,chaotic,5,chaotic,5,-2.65,22.51,1,wide_left,2,middle_third,False,0.18,25.55,1,wide_left,2,middle_third,False,29.64,27.08,68.67,65.27,40.53,39.92,52.45,54.21
185,1874553,26571,26595,44:16.1,44:18.5,44,16,2.4,1,2,866,right_to_left,Adelaide United,1,True,False,False,chaotic,5,chaotic,5,-0.26,-26.09,5,wide_right,2,middle_third,False,3.67,-27.53,5,wide_right,2,middle_third,False,40.01,41.77,54.23,50.69,27.09,32.64,65.0,59.3
186,1874553,26595,26605,44:18.5,44:19.5,44,18,1.0,1,1,1802,left_to_right,Brisbane FC,1,True,False,False,chaotic,5,chaotic,5,-3.57,27.39,1,wide_left,2,middle_third,False,7.84,29.6,1,wide_left,2,middle_third,False,32.85,34.08,59.06,57.22,41.64,40.31,50.68,50.5
187,1874553,26676,26898,44:26.6,44:48.8,44,26,22.2,1,2,866,right_to_left,Adelaide United,7,False,False,False,create,1,medium_block,9,-13.24,-29.56,5,wide_right,2,middle_third,False,8.68,-31.9,5,wide_right,2,middle_third,False,52.91,54.52,51.89,59.57,32.93,35.51,45.63,38.42
188,1874553,26898,26899,44:48.8,44:48.9,44,48,0.1,1,2,866,right_to_left,Adelaide United,1,False,False,False,finish,2,low_block,8,8.51,-31.64,5,wide_right,2,middle_third,False,8.51,-31.64,5,wide_right,2,middle_third,False,54.36,54.36,59.64,59.64,35.47,35.47,38.35,38.35
189,1874553,26899,27007,44:48.9,44:59.7,44,48,10.8,1,2,866,right_to_left,Adelaide United,5,False,False,False,create,1,medium_block,9,8.03,-31.16,5,wide_right,2,middle_third,False,17.09,15.02,2,half_space_left,2,middle_third,False,54.2,56.15,59.69,57.07,35.46,33.67,38.32,37.19
190,1874553,27007,27010,44:59.7,45:00.0,44,59,0.3,1,2,866,right_to_left,Adelaide United,1,True,False,False,finish,2,low_block,8,17.06,15.05,2,half_space_left,2,middle_third,False,16.88,15.43,2,half_space_left,2,middle_third,False,55.9,55.36,57.27,57.71,33.38,32.78,37.27,37.39
191,1874553,27010,27068,45:00.0,45:05.8,45,0,5.8,1,1,1802,left_to_right,Brisbane FC,1,False,False,False,chaotic,5,chaotic,5,-16.81,-15.72,4,half_space_right,2,middle_third,False,-2.03,-34.13,5,wide_right,2,middle_third,False,32.47,39.46,37.42,44.61,55.09,52.04,57.91,60.42
192,1874553,27330,27340,45:32.0,45:33.0,45,32,1.0,1,1,1802,left_to_right,Brisbane FC,1,False,False,False,set_play,7,defending_set_play,13,0.24,-33.8,5,wide_right,2,middle_third,False,13.89,-30.54,5,wide_right,2,middle_third,False,34.28,34.08,62.23,64.19,28.39,28.25,46.21,46.39
193,1874553,27902,27912,46:29.2,46:30.2,46,29,1.0,1,1,1802,left_to_right,Brisbane FC,1,True,False,False,set_play,7,defending_set_play,13,34.68,-25.26,5,wide_right,3,attacking_third,False,44.58,-8.3,3,center,3,attacking_third,True,36.73,35.9,63.79,68.15,27.75,25.99,11.54,12.57
194,1874553,28027,28069,46:41.7,46:45.9,46,41,4.2,1,2,866,right_to_left,Adelaide United,2,False,False,False,build_up,0,high_block,10,-42.82,-5.53,3,center,1,defensive_third,False,-21.37,27.12,1,wide_left,1,defensive_third,False,58.89,64.18,37.78,45.55,22.67,33.97,58.21,53.78
195,1874553,28069,28094,46:45.9,46:48.4,46,45,2.5,1,2,866,right_to_left,Adelaide United,1,True,False,False,create,1,medium_block,9,-19.75,27.85,1,wide_left,1,defensive_third,False,5.26,34.16,1,wide_left,2,middle_third,False,64.26,60.37,45.74,51.21,34.41,39.72,53.7,52.45
196,1874553,28331,28352,47:12.1,47:14.2,47,12,2.1,1,1,1802,left_to_right,Brisbane FC,2,True,False,False,chaotic,5,chaotic,5,0.36,-34.82,5,wide_right,2,middle_third,False,14.69,-27.43,5,wide_right,2,middle_third,False,26.84,24.97,55.87,56.63,24.94,22.38,45.85,45.28
197,1874553,28352,28396,47:14.2,47:18.6,47,14,4.4,1,2,866,right_to_left,Adelaide United,3,True,False,False,create,1,medium_block,9,-14.43,27.38,1,wide_left,2,middle_third,False,14.7,23.99,1,wide_left,2,middle_third,False,22.36,24.12,45.24,54.06,24.84,23.11,56.6,55.94
198,1874553,28396,28406,47:18.6,47:19.6,47,18,1.0,1,1,1802,left_to_right,Brisbane FC,1,True,False,False,chaotic,5,chaotic,5,-15.3,-24.04,5,wide_right,2,middle_third,False,-12.48,-28.98,5,wide_right,2,middle_third,False,23.12,23.09,55.9,55.02,24.06,24.61,54.39,55.55
199,1874553,28463,28559,47:25.3,47:34.9,47,25,9.6,1,2,866,right_to_left,Adelaide United,3,False,False,False,create,1,medium_block,9,8.49,34.4,1,wide_left,2,middle_third,False,8.65,-19.22,4,half_space_right,2,middle_third,False,33.94,57.42,58.15,57.05,25.66,36.31,42.2,37.21
200,1874553,28559,28623,47:34.9,47:41.3,47,34,6.4,1,2,866,right_to_left,Adelaide United,1,False,False,False,finish,2,low_block,8,9.62,-20.57,5,wide_right,2,middle_third,False,5.72,-10.4,4,half_space_right,2,middle_third,False,57.3,46.96,57.17,62.58,36.54,23.14,37.07,37.09
201,1874553,28623,28690,47:41.3,47:48.0,47,41,6.7,1,2,866,right_to_left,Adelaide United,1,False,False,False,create,1,medium_block,9,5.03,-10.15,4,half_space_right,2,middle_third,False,15.45,-23.48,5,wide_right,2,middle_third,False,46.89,54.94,62.51,55.22,23.29,33.01,37.33,37.43
202,1874553,28690,28706,47:48.0,47:49.6,47,48,1.6,1,2,866,right_to_left,Adelaide United,1,True,False,False,finish,2,low_block,8,16.09,-24.04,5,wide_right,2,middle_third,False,19.19,-28.38,5,wide_right,3,attacking_third,False,54.88,51.85,55.35,61.09,33.02,34.18,37.36,36.51
203,1874553,28706,28746,47:49.6,47:53.6,47,49,4.0,1,1,1802,left_to_right,Brisbane FC,1,True,False,False,chaotic,5,chaotic,5,-20.17,28.63,1,wide_left,1,defensive_third,False,-49.44,24.91,1,wide_left,1,defensive_third,False,34.27,29.87,36.47,34.47,51.52,38.36,61.61,79.73
204,1874553,28777,28850,47:56.7,48:04.0,47,56,7.3,1,2,866,right_to_left,Adelaide United,3,True,False,True,finish,2,low_block,8,35.83,-34.42,5,wide_right,3,attacking_third,False,53.35,-3.98,3,center,3,attacking_third,False,44.83,29.95,76.87,75.22,27.04,26.72,28.49,21.09
205,1874553,28989,29032,48:17.9,48:22.2,48,17,4.3,1,1,1802,left_to_right,Brisbane FC,1,False,False,False,create,1,medium_block,9,,,2,half_space_left,2,middle_third,False,,,2,half_space_left,2,middle_third,False,,,,,,,,
206,1874553,29032,29064,45:03.2,45:06.4,0,3,3.2,2,1,866,left_to_right,Adelaide United,2,False,False,False,chaotic,5,chaotic,5,,,2,half_space_left,2,middle_third,False,-23.04,-7.1,3,center,1,defensive_third,False,,48.87,,41.15,,33.85,,54.83
207,1874553,29064,29101,45:06.4,45:10.1,0,6,3.7,2,1,866,left_to_right,Adelaide United,1,False,False,False,direct,6,defending_direct,15,-22.65,-7.33,3,center,1,defensive_third,False,25.48,-22.66,5,wide_right,3,attacking_third,False,48.78,34.74,41.25,54.72,33.66,26.49,55.27,49.29
208,1874553,29101,29167,45:10.1,45:16.7,0,10,6.6,2,1,866,left_to_right,Adelaide United,2,True,False,False,chaotic,5,chaotic,5,25.78,-22.93,5,wide_right,3,attacking_third,False,18.89,-16.32,4,half_space_right,3,attacking_third,False,34.21,30.41,55.03,59.57,26.46,25.4,48.89,41.96
209,1874553,29167,29223,45:16.7,45:22.3,0,16,5.6,2,2,1802,right_to_left,Brisbane FC,3,True,False,False,create,1,medium_block,9,-19.04,16.69,2,half_space_left,1,defensive_third,False,-0.69,17.58,2,half_space_left,2,middle_third,False,25.65,38.75,41.93,43.69,30.66,41.37,59.49,58.29
210,1874553,29223,29392,45:22.3,45:39.2,0,22,16.9,2,1,866,left_to_right,Adelaide United,8,False,True,True,quick_break,3,defending_quick_break,12,0.34,-17.08,4,half_space_right,2,middle_third,False,53.19,-7.95,3,center,3,attacking_third,False,41.24,32.4,58.25,74.26,38.92,21.76,43.84,28.5
211,1874553,29911,29959,46:31.1,46:35.9,1,31,4.8,2,2,1802,right_to_left,Brisbane FC,3,False,False,False,create,1,medium_block,9,-0.11,0.27,3,center,2,middle_third,False,-17.85,15.12,2,half_space_left,1,defensive_third,False,61.16,58.59,44.25,54.96,39.76,42.55,41.48,56.19
212,1874553,29959,29983,46:35.9,46:38.3,1,35,2.4,2,2,1802,right_to_left,Brisbane FC,1,True,False,False,direct,6,defending_direct,15,-17.4,15.35,2,half_space_left,2,middle_third,False,17.89,15.19,2,half_space_left,3,attacking_third,False,58.28,45.7,55.26,61.93,42.54,37.64,56.35,54.91
213,1874553,29983,30034,46:38.3,46:43.4,1,38,5.1,2,1,866,left_to_right,Adelaide United,2,True,False,False,chaotic,5,chaotic,5,-18.9,-15.31,4,half_space_right,1,defensive_third,False,-1.55,-17.46,4,half_space_right,2,middle_third,False,37.41,31.21,54.71,41.7,45.16,26.54,62.27,66.18
214,1874553,30034,30081,46:43.4,46:48.1,1,43,4.7,2,2,1802,right_to_left,Brisbane FC,2,True,False,False,chaotic,5,chaotic,5,1.06,17.51,2,half_space_left,2,middle_third,False,24.52,29.14,1,wide_left,3,attacking_third,False,26.45,33.35,66.01,60.38,31.24,37.89,42.1,42.88
215,1874553,30171,30292,46:57.1,47:09.2,1,57,12.1,2,1,866,left_to_right,Adelaide United,5,False,False,False,create,1,medium_block,9,-28.54,1.76,3,center,1,defensive_third,False,18.42,-23.32,5,wide_right,3,attacking_third,False,56.65,49.96,48.19,59.2,36.65,26.46,53.87,40.03
216,1874553,30292,30311,47:09.2,47:11.1,2,9,1.9,2,1,866,left_to_right,Adelaide United,1,True,False,False,finish,2,low_block,8,19.01,-24.59,5,wide_right,3,attacking_third,False,20.3,-36.22,5,wide_right,3,attacking_third,False,50.03,49.74,59.4,61.09,26.68,31.51,39.99,40.01
217,1874553,30437,30465,47:23.7,47:26.5,2,23,2.8,2,2,1802,right_to_left,Brisbane FC,1,True,False,False,chaotic,5,chaotic,5,-13.99,34.43,1,wide_left,2,middle_third,False,5.06,28.12,1,wide_left,2,middle_third,False,33.58,31.28,52.91,50.71,31.3,28.42,55.78,54.71
218,1874553,30465,30491,47:26.5,47:29.1,2,26,2.6,2,1,866,left_to_right,Adelaide United,1,True,False,False,chaotic,5,chaotic,5,-4.54,-27.91,5,wide_right,2,middle_third,False,13.54,-14.83,4,half_space_right,2,middle_third,False,28.2,29.37,54.6,52.76,31.2,32.04,50.57,49.16
219,1874553,30491,30565,47:29.1,47:36.5,2,29,7.4,2,2,1802,right_to_left,Brisbane FC,3,True,False,False,chaotic,5,chaotic,5,-13.74,14.55,2,half_space_left,2,middle_third,False,20.68,19.38,2,half_space_left,3,attacking_third,False,31.95,31.05,49.16,51.01,29.25,26.52,52.8,51.08
220,1874553,30565,30661,47:36.5,47:46.1,2,36,9.6,2,1,866,left_to_right,Adelaide United,3,False,False,True,build_up,0,high_block,10,-21.12,-19.52,4,half_space_right,1,defensive_third,False,-20.18,16.18,2,half_space_left,1,defensive_third,False,26.85,50.46,51.09,47.19,31.13,37.74,51.17,62.41
221,1874553,30661,30724,47:46.1,47:52.4,2,46,6.3,2,1,866,left_to_right,Adelaide United,2,False,False,True,create,1,medium_block,9,-19.71,16.5,2,half_space_left,1,defensive_third,False,20.65,-27.04,5,wide_right,3,attacking_third,False,50.61,53.94,47.31,60.24,37.74,33.94,62.19,50.59
222,1874553,30724,30941,47:52.4,48:14.1,2,52,21.7,2,1,866,left_to_right,Adelaide United,7,False,False,True,finish,2,low_block,8,21.24,-27.23,5,wide_right,3,attacking_third,False,51.57,5.51,3,center,3,attacking_third,True,53.78,26.38,60.44,70.84,33.78,29.6,50.42,24.11
223,1874553,31224,31297,48:42.4,48:49.7,3,42,7.3,2,1,866,left_to_right,Adelaide United,2,False,False,False,set_play,7,defending_set_play,13,51.84,32.25,1,wide_left,3,attacking_third,False,38.3,-34.62,5,wide_right,3,attacking_third,False,38.13,52.18,72.62,58.64,17.76,32.31,13.04,14.57
224,1874553,31335,31689,48:53.5,49:28.9,3,53,35.4,2,1,866,left_to_right,Adelaide United,12,True,False,False,finish,2,low_block,8,28.94,-33.27,5,wide_right,3,attacking_third,False,32.88,-24.52,5,wide_right,3,attacking_third,False,47.77,42.35,59.21,59.5,28.91,30.65,13.59,36.7
225,1874553,31689,31811,49:28.9,49:41.1,4,28,12.2,2,2,1802,right_to_left,Brisbane FC,3,True,False,False,transition,4,defending_transition,11,-32.77,24.84,1,wide_left,1,defensive_third,False,20.83,5.98,3,center,3,attacking_third,False,30.58,30.13,36.79,65.26,42.41,34.41,59.39,53.32
226,1874553,31811,31875,49:41.1,49:47.5,4,41,6.4,2,1,866,left_to_right,Adelaide United,2,False,False,True,create,1,medium_block,9,-21.07,-5.36,3,center,1,defensive_third,False,-19.23,22.89,1,wide_left,1,defensive_third,False,34.44,48.87,53.24,46.66,30.11,34.79,65.45,54.73
227,1874553,31875,31991,49:47.5,49:59.1,4,47,11.6,2,1,866,left_to_right,Adelaide United,3,False,False,True,build_up,0,high_block,10,-20.21,22.1,1,wide_left,1,defensive_third,False,-20.32,-9.0,3,center,1,defensive_third,False,48.87,58.85,46.57,48.19,34.92,35.4,54.6,63.32
228,1874553,31991,32065,49:59.1,50:06.5,4,59,7.4,2,1,866,left_to_right,Adelaide United,2,False,False,True,create,1,medium_block,9,-19.94,-10.55,4,half_space_right,1,defensive_third,False,19.84,2.61,3,center,3,attacking_third,False,58.84,40.08,48.36,61.99,35.32,24.19,63.4,59.46
229,1874553,32065,32113,50:06.5,50:11.3,5,6,4.8,2,1,866,left_to_right,Adelaide United,1,True,False,True,finish,2,low_block,8,21.35,4.23,3,center,3,attacking_third,False,49.64,-5.76,3,center,3,attacking_third,True,40.06,31.55,62.35,76.79,24.04,21.73,59.37,53.35
230,1874553,32341,32392,50:34.1,50:39.2,5,34,5.1,2,2,1802,right_to_left,Brisbane FC,2,False,False,False,build_up,0,high_block,10,-49.04,1.97,3,center,1,defensive_third,False,-21.7,-28.93,5,wide_right,1,defensive_third,False,60.84,58.4,51.87,56.71,37.88,40.33,68.66,68.02
231,1874553,32392,32394,50:39.2,50:39.4,5,39,0.2,2,2,1802,right_to_left,Brisbane FC,0,True,False,False,create,1,medium_block,9,-19.68,-29.29,5,wide_right,1,defensive_third,False,-17.77,-29.58,5,wide_right,1,defensive_third,False,58.15,57.89,56.88,57.09,40.38,40.4,67.82,67.58
232,1874553,32443,32652,50:44.3,51:05.2,5,44,20.9,2,1,866,left_to_right,Adelaide United,6,True,False,False,create,1,medium_block,9,0.93,33.15,1,wide_left,2,middle_third,False,30.03,-12.36,4,half_space_right,3,attacking_third,False,49.46,53.58,62.14,60.94,41.17,34.26,46.94,38.11
233,1874553,32652,32700,51:05.2,51:10.0,6,5,4.8,2,2,1802,right_to_left,Brisbane FC,2,False,False,False,build_up,0,high_block,10,-30.09,12.78,2,half_space_left,1,defensive_third,False,-20.24,30.47,1,wide_left,1,defensive_third,False,34.15,38.49,37.96,38.71,53.22,48.99,61.46,64.08
234,1874553,32700,32735,51:10.0,51:13.5,6,10,3.5,2,2,1802,right_to_left,Brisbane FC,1,True,False,False,create,1,medium_block,9,-19.7,30.2,1,wide_left,1,defensive_third,False,-1.42,21.16,1,wide_left,2,middle_third,False,38.55,35.84,38.75,43.91,48.9,45.42,63.92,59.41
235,1874553,32735,32763,51:13.5,51:16.3,6,13,2.8,2,1,866,left_to_right,Adelaide United,1,True,False,False,chaotic,5,chaotic,5,1.02,-20.92,5,wide_right,2,middle_third,False,-2.09,-12.84,4,half_space_right,2,middle_third,False,45.4,46.72,59.29,57.26,35.7,34.02,43.91,44.9
236,1874553,32763,32787,51:16.3,51:18.7,6,16,2.4,2,2,1802,right_to_left,Brisbane FC,1,True,False,False,chaotic,5,chaotic,5,2.34,12.93,2,half_space_left,2,middle_third,False,6.74,12.1,2,half_space_left,2,middle_third,False,34.1,35.26,45.0,53.44,46.81,47.21,57.2,56.11
237,1874553,32787,33017,51:18.7,51:41.7,6,18,23.0,2,1,866,left_to_right,Adelaide United,5,True,False,False,create,1,medium_block,9,-6.84,-12.06,4,half_space_right,2,middle_third,False,15.45,2.41,3,center,2,middle_third,False,47.13,55.47,56.03,53.67,35.22,31.89,53.99,40.53
238,1874553,33017,33044,51:41.7,51:44.4,6,41,2.7,2,2,1802,right_to_left,Brisbane FC,1,True,False,False,chaotic,5,chaotic,5,-16.19,-2.15,3,center,2,middle_third,False,2.06,15.82,2,half_space_left,2,middle_third,False,31.79,31.03,40.43,40.65,55.42,52.43,53.71,52.58
239,1874553,33044,33071,51:44.4,51:47.1,6,44,2.7,2,1,866,left_to_right,Adelaide United,1,True,False,False,chaotic,5,chaotic,5,-2.24,-16.67,4,half_space_right,2,middle_third,False,22.17,-15.13,4,half_space_right,3,attacking_third,False,52.47,49.77,52.52,56.53,30.97,29.32,40.75,43.89
240,1874553,33071,33150,51:47.1,51:55.0,6,47,7.9,2,2,1802,right_to_left,Brisbane FC,2,False,False,True,create,1,medium_block,9,-22.43,15.29,2,half_space_left,1,defensive_third,False,35.26,25.06,1,wide_left,3,attacking_third,False,29.3,35.34,44.04,70.63,49.41,43.15,56.67,58.81
241,1874553,33150,33438,51:55.0,52:23.8,6,55,28.8,2,2,1802,right_to_left,Brisbane FC,7,True,False,True,finish,2,low_block,8,35.79,25.18,1,wide_left,3,attacking_third,False,38.98,-19.73,4,half_space_right,3,attacking_third,True,35.54,40.96,71.3,66.06,43.29,29.17,58.82,32.21
242,1874553,33438,33486,52:23.8,52:28.6,7,23,4.8,2,1,866,left_to_right,Adelaide United,1,True,False,False,chaotic,5,chaotic,5,-38.9,19.46,2,half_space_left,1,defensive_third,False,-2.19,14.72,2,half_space_left,2,middle_third,False,29.09,37.79,32.31,50.09,40.75,30.38,66.12,64.82
243,1874553,33486,33517,52:28.6,52:31.7,7,28,3.1,2,2,1802,right_to_left,Brisbane FC,1,False,False,False,create,1,medium_block,9,1.44,-14.63,4,half_space_right,2,middle_third,False,-19.84,-4.83,3,center,1,defensive_third,False,30.46,39.73,64.74,61.61,37.87,37.89,50.56,51.31
244,1874553,33517,33546,52:31.7,52:34.6,7,31,2.9,2,2,1802,right_to_left,Brisbane FC,1,False,False,False,build_up,0,high_block,10,-20.72,-4.39,3,center,1,defensive_third,False,-20.89,-10.38,4,half_space_right,1,defensive_third,False,40.19,52.16,61.46,56.04,37.92,38.55,51.77,56.87
245,1874553,33546,33596,52:34.6,52:39.6,7,34,5.0,2,2,1802,right_to_left,Brisbane FC,2,False,False,False,create,1,medium_block,9,-19.86,-11.7,4,half_space_right,1,defensive_third,False,-7.21,-31.76,5,wide_right,2,middle_third,False,52.52,55.74,55.88,53.02,38.6,38.85,56.81,52.77
246,1874553,33596,33641,52:39.6,52:44.1,7,39,4.5,2,2,1802,right_to_left,Brisbane FC,1,True,False,False,direct,6,defending_direct,15,-6.69,-31.87,5,wide_right,2,middle_third,False,39.53,-25.25,5,wide_right,3,attacking_third,False,55.65,49.16,53.06,74.5,39.02,42.67,52.81,56.76
247,1874553,33641,33684,52:44.1,52:48.4,7,44,4.3,2,1,866,left_to_right,Adelaide United,1,False,False,False,chaotic,5,chaotic,5,-39.98,25.58,1,wide_left,1,defensive_third,False,-42.5,27.44,1,wide_left,1,defensive_third,False,42.71,42.18,56.77,57.93,48.97,41.96,74.87,83.49
248,1874553,33915,34082,53:11.5,53:28.2,8,11,16.7,2,1,866,left_to_right,Adelaide United,6,True,False,False,create,1,medium_block,9,,,2,half_space_left,2,middle_third,False,20.66,23.35,1,wide_left,3,attacking_third,False,,57.48,,56.37,,40.95,,49.29
249,1874553,34082,34136,53:28.2,53:33.6,8,28,5.4,2,2,1802,right_to_left,Brisbane FC,1,False,False,False,build_up,0,high_block,10,-21.81,-23.24,5,wide_right,1,defensive_third,False,-51.04,-13.38,4,half_space_right,1,defensive_third,False,40.81,39.21,49.24,49.66,57.08,40.46,56.77,80.34
250,1874553,34136,34166,53:33.6,53:36.6,8,33,3.0,2,2,1802,right_to_left,Brisbane FC,1,False,False,False,direct,6,defending_direct,15,-50.83,-13.47,4,half_space_right,1,defensive_third,False,-11.15,-17.07,4,half_space_right,2,middle_third,False,39.18,32.78,49.49,43.9,40.26,38.59,80.48,73.1
251,1874553,34166,34205,53:36.6,53:40.5,8,36,3.9,2,2,1802,right_to_left,Brisbane FC,1,True,False,False,create,1,medium_block,9,-11.17,-16.84,4,half_space_right,2,middle_third,False,-13.26,-23.04,5,wide_right,2,middle_third,False,32.63,32.3,43.79,43.47,38.52,33.52,72.85,63.4
252,1874553,34205,34255,53:40.5,53:45.5,8,40,5.0,2,1,866,left_to_right,Adelaide United,3,True,False,False,chaotic,5,chaotic,5,12.74,23.0,1,wide_left,2,middle_third,False,20.32,18.14,2,half_space_left,3,attacking_third,False,33.59,35.56,63.2,56.71,32.21,27.75,43.42,38.73
253,1874553,34255,34286,53:45.5,53:48.6,8,45,3.1,2,2,1802,right_to_left,Brisbane FC,1,True,False,False,chaotic,5,chaotic,5,-20.25,-17.67,4,half_space_right,1,defensive_third,False,-18.31,-11.57,4,half_space_right,1,defensive_third,False,27.48,24.15,38.62,39.81,35.58,31.97,56.65,50.71
254,1874553,34286,34298,53:48.6,53:49.8,8,48,1.2,2,1,866,left_to_right,Adelaide United,1,False,False,False,create,1,medium_block,9,18.31,11.33,2,half_space_left,3,attacking_third,False,19.47,11.41,2,half_space_left,3,attacking_third,False,31.85,31.0,50.52,51.62,24.17,23.83,40.0,41.42
255,1874553,34298,34378,53:49.8,53:57.8,8,49,8.0,2,1,866,left_to_right,Adelaide United,3,False,False,False,finish,2,low_block,8,19.59,11.38,2,half_space_left,3,attacking_third,False,5.75,17.61,2,half_space_left,2,middle_third,False,30.99,47.36,51.71,60.53,23.71,34.11,41.49,34.1
256,1874553,34378,34430,53:57.8,54:03.0,8,57,5.2,2,1,866,left_to_right,Adelaide United,2,False,False,False,create,1,medium_block,9,5.24,17.11,2,half_space_left,2,middle_third,False,4.92,-10.08,4,half_space_right,2,middle_third,False,47.82,60.96,60.4,57.51,34.17,34.03,34.02,35.02
257,1874553,34430,34517,54:03.0,54:11.7,9,3,8.7,2,1,866,left_to_right,Adelaide United,3,True,False,False,finish,2,low_block,8,5.19,-10.63,4,half_space_right,2,middle_third,False,45.9,-5.25,3,center,3,attacking_third,True,61.03,43.53,57.54,73.84,34.03,28.12,34.94,31.15
258,1874553,34517,34527,54:11.7,54:12.7,9,11,1.0,2,2,1802,right_to_left,Brisbane FC,1,True,False,False,chaotic,5,chaotic,5,-45.77,4.08,3,center,1,defensive_third,False,-45.97,-5.09,3,center,1,defensive_third,False,28.02,27.6,31.0,30.18,43.4,41.96,74.04,75.38
259,1874553,35042,35135,55:04.2,55:13.5,10,4,9.3,2,1,866,left_to_right,Adelaide United,5,False,False,False,finish,2,low_block,8,32.85,32.87,1,wide_left,3,attacking_third,False,46.55,35.14,1,wide_left,3,attacking_third,False,39.49,41.76,66.94,72.95,32.43,34.9,22.5,23.68
260,1874553,35222,35313,55:22.2,55:31.3,10,22,9.1,2,1,866,left_to_right,Adelaide United,3,False,False,False,finish,2,low_block,8,43.16,33.89,1,wide_left,3,attacking_third,False,5.38,6.98,3,center,2,middle_third,False,44.61,56.35,66.84,53.35,31.06,34.05,19.31,33.66
261,1874553,35313,35328,55:31.3,55:32.8,10,31,1.5,2,1,866,left_to_right,Adelaide United,1,False,False,False,create,1,medium_block,9,5.02,8.31,3,center,2,middle_third,False,4.88,14.67,2,half_space_left,2,middle_third,False,56.46,58.21,53.23,51.4,34.25,36.66,33.82,34.59
262,1874553,35328,35450,55:32.8,55:45.0,10,32,12.2,2,1,866,left_to_right,Adelaide United,3,True,False,False,finish,2,low_block,8,5.01,14.63,2,half_space_left,2,middle_third,False,40.08,11.55,2,half_space_left,3,attacking_third,True,58.33,54.79,51.3,65.24,36.75,35.44,34.55,24.58
263,1874553,35450,35623,55:45.0,56:02.3,10,45,17.3,2,2,1802,right_to_left,Brisbane FC,5,False,False,False,build_up,0,high_block,10,-41.09,-11.52,4,half_space_right,1,defensive_third,False,-20.12,-30.86,5,wide_right,1,defensive_third,False,35.6,54.62,24.54,49.38,54.56,42.25,65.64,65.1
264,1874553,35623,35632,56:02.3,56:03.2,11,2,0.9,2,2,1802,right_to_left,Brisbane FC,0,True,False,False,create,1,medium_block,9,-18.97,-30.65,5,wide_right,1,defensive_third,False,-10.72,-28.15,5,wide_right,2,middle_third,False,54.45,52.27,49.32,48.97,42.11,40.55,64.98,64.15
265,1874553,35632,35675,56:03.2,56:07.5,11,3,4.3,2,1,866,left_to_right,Adelaide United,2,False,False,False,finish,2,low_block,8,10.34,27.64,1,wide_left,2,middle_third,False,8.79,22.99,1,wide_left,2,middle_third,False,40.4,33.39,64.12,57.2,51.99,38.85,48.93,44.68
266,1874553,35675,35876,56:07.5,56:27.6,11,7,20.1,2,1,866,left_to_right,Adelaide United,7,False,False,False,create,1,medium_block,9,8.34,23.47,1,wide_left,2,middle_third,False,27.49,16.28,2,half_space_left,3,attacking_third,False,33.43,57.55,57.0,56.01,38.59,32.03,44.54,40.61
267,1874553,35876,35949,56:27.6,56:34.9,11,27,7.3,2,1,866,left_to_right,Adelaide United,2,True,False,False,finish,2,low_block,8,28.58,16.54,2,half_space_left,3,attacking_third,False,38.41,3.64,3,center,3,attacking_third,True,57.3,35.21,56.68,63.39,31.76,19.43,40.62,25.22
268,1874553,36259,36269,57:05.9,57:06.9,12,5,1.0,2,2,1802,right_to_left,Brisbane FC,1,True,False,False,direct,6,defending_direct,15,-41.41,9.58,2,half_space_left,1,defensive_third,False,-24.43,19.48,2,half_space_left,1,defensive_third,False,30.65,30.97,60.98,60.13,40.03,40.42,44.25,44.08
269,1874553,36352,36470,57:15.2,57:27.0,12,15,11.8,2,1,866,left_to_right,Adelaide United,5,False,False,False,create,1,medium_block,9,3.86,-33.13,5,wide_right,2,middle_third,False,16.37,24.84,1,wide_left,2,middle_third,False,43.62,51.97,56.51,57.73,30.57,37.24,43.03,43.09
270,1874553,36470,36495,57:27.0,57:29.5,12,27,2.5,2,1,866,left_to_right,Adelaide United,2,True,False,False,finish,2,low_block,8,16.88,24.54,1,wide_left,2,middle_third,False,23.7,11.03,2,half_space_left,3,attacking_third,False,51.87,48.83,58.18,67.5,36.78,30.41,42.89,36.1
271,1874553,36495,36505,57:29.5,57:30.5,12,29,1.0,2,2,1802,right_to_left,Brisbane FC,1,False,False,False,chaotic,5,chaotic,5,-23.31,-10.96,4,half_space_right,1,defensive_third,False,-18.26,-10.5,4,half_space_right,1,defensive_third,False,30.1,28.61,35.85,33.86,48.66,47.25,67.63,67.74
272,1874553,36721,36751,57:52.1,57:55.1,12,52,3.0,2,2,1802,right_to_left,Brisbane FC,2,True,False,False,direct,6,defending_direct,15,,,2,half_space_left,2,middle_third,False,25.91,14.14,2,half_space_left,3,attacking_third,False,,56.73,,59.57,,44.35,,47.22
273,1874553,36751,36813,57:55.1,58:01.3,12,55,6.2,2,1,866,left_to_right,Adelaide United,2,False,False,False,build_up,0,high_block,10,-26.52,-13.79,4,half_space_right,1,defensive_third,False,-20.31,-28.0,5,wide_right,1,defensive_third,False,44.27,49.24,47.26,48.03,56.42,40.48,59.64,58.96
274,1874553,36813,36824,58:01.3,58:02.4,13,1,1.1,2,1,866,left_to_right,Adelaide United,1,False,False,False,create,1,medium_block,9,-19.64,-28.42,5,wide_right,1,defensive_third,False,-12.59,-36.44,5,wide_right,2,middle_third,False,49.15,49.31,48.19,49.46,40.51,40.04,58.86,57.71
275,1874553,36878,37008,58:07.8,58:20.8,13,7,13.0,2,1,866,left_to_right,Adelaide United,6,False,False,False,create,1,medium_block,9,-15.28,-33.41,5,wide_right,2,middle_third,False,24.57,-14.64,4,half_space_right,3,attacking_third,False,53.72,44.76,52.62,63.42,32.05,23.53,52.16,43.97
276,1874553,37008,37042,58:20.8,58:24.2,13,20,3.4,2,1,866,left_to_right,Adelaide United,1,True,False,False,finish,2,low_block,8,25.14,-15.78,4,half_space_right,3,attacking_third,False,41.98,-4.95,3,center,3,attacking_third,True,44.17,28.38,63.77,74.8,23.52,23.98,43.89,36.72
277,1874553,37371,37397,58:57.1,58:59.7,13,57,2.6,2,2,1802,right_to_left,Brisbane FC,1,True,False,False,chaotic,5,chaotic,5,-28.16,-33.85,5,wide_right,1,defensive_third,False,-4.43,-24.97,5,wide_right,2,middle_third,False,39.2,35.93,41.1,41.64,21.82,24.01,62.56,58.46
278,1874553,37397,37448,58:59.7,59:04.8,13,59,5.1,2,1,866,left_to_right,Adelaide United,2,False,False,True,create,1,medium_block,9,4.21,24.47,1,wide_left,2,middle_third,False,13.9,0.68,3,center,2,middle_third,False,24.12,36.0,58.31,56.06,35.74,19.72,41.75,39.13
279,1874553,37448,37803,59:04.8,59:40.3,14,4,35.5,2,1,866,left_to_right,Adelaide United,10,False,False,True,finish,2,low_block,8,14.03,-0.22,3,center,2,middle_third,False,5.42,10.03,2,half_space_left,2,middle_third,False,36.35,54.97,56.26,56.89,19.52,36.3,38.98,32.78
280,1874553,37803,37816,59:40.3,59:41.6,14,40,1.3,2,1,866,left_to_right,Adelaide United,1,False,False,True,create,1,medium_block,9,5.15,9.35,2,half_space_left,2,middle_third,False,4.93,3.86,3,center,2,middle_third,False,55.1,56.58,56.8,56.11,36.3,36.17,32.77,32.43
281,1874553,37816,38059,59:41.6,60:05.9,14,41,24.3,2,1,866,left_to_right,Adelaide United,7,True,False,True,finish,2,low_block,8,5.18,3.49,3,center,2,middle_third,False,52.61,-8.86,3,center,3,attacking_third,False,56.68,26.68,56.09,71.12,36.16,23.73,32.39,27.41
282,1874553,38419,38472,60:41.9,60:47.2,15,41,5.3,2,2,1802,right_to_left,Brisbane FC,2,False,False,False,build_up,0,high_block,10,-48.46,6.19,3,center,1,defensive_third,False,-34.84,29.49,1,wide_left,1,defensive_third,False,52.25,39.64,47.87,48.53,38.33,38.12,69.01,73.87
283,1874553,38629,38678,61:02.9,61:07.8,16,2,4.9,2,2,1802,right_to_left,Brisbane FC,4,True,False,False,create,1,medium_block,9,-22.03,35.24,1,wide_left,1,defensive_third,False,12.47,28.5,1,wide_left,2,middle_third,False,41.66,31.05,45.46,52.53,28.61,24.98,56.65,55.79
284,1874553,38678,38890,61:07.8,61:29.0,16,7,21.2,2,1,866,left_to_right,Adelaide United,10,False,True,True,create,1,medium_block,9,-13.08,-28.54,5,wide_right,2,middle_third,False,27.38,-13.89,4,half_space_right,3,attacking_third,False,24.98,62.36,55.83,60.35,31.06,33.91,52.93,44.0
285,1874553,38890,38931,61:29.0,61:33.1,16,29,4.1,2,1,866,left_to_right,Adelaide United,3,False,True,True,finish,2,low_block,8,28.6,-14.42,4,half_space_right,3,attacking_third,False,53.61,1.56,3,center,3,attacking_third,False,62.13,51.37,60.95,85.7,33.77,23.74,43.97,46.17
286,1874553,39532,39677,62:33.2,62:47.7,17,33,14.5,2,2,1802,right_to_left,Brisbane FC,5,False,False,False,create,1,medium_block,9,-0.61,-0.29,3,center,2,middle_third,False,-17.02,18.44,2,half_space_left,2,middle_third,False,64.3,61.1,41.39,50.15,37.71,43.57,41.24,53.3
287,1874553,39677,39703,62:47.7,62:50.3,17,47,2.6,2,2,1802,right_to_left,Brisbane FC,1,True,False,False,direct,6,defending_direct,15,-16.46,18.22,2,half_space_left,2,middle_third,False,20.1,-7.43,3,center,3,attacking_third,False,61.03,55.84,50.33,58.54,43.52,41.32,53.25,53.99
288,1874553,39703,39798,62:50.3,62:59.8,17,50,9.5,2,1,866,left_to_right,Adelaide United,3,False,False,False,build_up,0,high_block,10,-21.08,8.13,3,center,1,defensive_third,False,-20.48,11.11,2,half_space_left,1,defensive_third,False,41.31,50.65,54.07,46.18,55.58,38.37,59.08,62.76
289,1874553,39798,40060,62:59.8,63:26.0,17,59,26.2,2,1,866,left_to_right,Adelaide United,8,False,False,False,create,1,medium_block,9,-19.46,9.95,2,half_space_left,1,defensive_third,False,-7.13,-29.69,5,wide_right,2,middle_third,False,50.58,60.46,46.11,42.06,38.2,41.94,62.35,51.04
290,1874553,40060,40091,63:26.0,63:29.1,18,26,3.1,2,1,866,left_to_right,Adelaide United,1,True,False,False,direct,6,defending_direct,15,-6.96,-29.96,5,wide_right,2,middle_third,False,26.73,-17.34,4,half_space_right,3,attacking_third,False,60.34,54.76,42.02,56.99,42.21,45.14,51.17,54.57
291,1874553,40091,40176,63:29.1,63:37.6,18,29,8.5,2,2,1802,right_to_left,Brisbane FC,3,False,False,False,build_up,0,high_block,10,-27.21,16.72,2,half_space_left,1,defensive_third,False,-20.15,20.76,1,wide_left,1,defensive_third,False,44.92,38.15,54.69,50.19,54.45,30.3,57.39,65.74
292,1874553,40176,40231,63:37.6,63:43.1,18,37,5.5,2,2,1802,right_to_left,Brisbane FC,2,True,False,False,create,1,medium_block,9,-19.44,21.77,1,wide_left,1,defensive_third,False,12.01,18.46,2,half_space_left,2,middle_third,False,38.52,44.45,50.15,54.96,30.45,28.8,65.82,56.73
293,1874553,40231,40243,63:43.1,63:44.3,18,43,1.2,2,1,866,left_to_right,Adelaide United,1,False,False,False,create,1,medium_block,9,-12.65,-18.3,4,half_space_right,2,middle_third,False,-19.83,-14.75,4,half_space_right,1,defensive_third,False,28.69,27.87,56.5,54.61,44.39,42.95,55.11,55.89
294,1874553,40243,40341,63:44.3,63:54.1,18,44,9.8,2,1,866,left_to_right,Adelaide United,3,False,False,False,build_up,0,high_block,10,-20.46,-14.5,4,half_space_right,1,defensive_third,False,-20.01,3.99,3,center,1,defensive_third,False,27.87,46.47,54.46,46.01,42.86,35.12,55.95,56.37
295,1874553,40341,40412,63:54.1,64:01.2,18,54,7.1,2,1,866,left_to_right,Adelaide United,3,False,False,False,create,1,medium_block,9,-19.71,3.81,3,center,1,defensive_third,False,30.93,-22.81,5,wide_right,3,attacking_third,False,46.5,38.42,46.04,65.49,35.1,30.73,56.1,41.96
296,1874553,40412,40436,64:01.2,64:03.6,19,1,2.4,2,1,866,left_to_right,Adelaide United,1,False,False,False,finish,2,low_block,8,31.79,-22.71,5,wide_right,3,attacking_third,False,49.08,-3.3,3,center,3,attacking_third,True,38.32,35.61,66.13,78.46,30.66,26.26,42.2,45.1
297,1874553,40749,40843,64:34.9,64:44.3,19,34,9.4,2,1,866,left_to_right,Adelaide United,1,True,False,False,create,1,medium_block,9,,,2,half_space_left,2,middle_third,False,29.04,-18.6,4,half_space_right,3,attacking_third,False,,30.83,,39.75,,31.84,,61.04
298,1874553,40843,40853,64:44.3,64:45.3,19,44,1.0,2,2,1802,right_to_left,Brisbane FC,1,False,False,False,chaotic,5,chaotic,5,-28.34,18.51,2,half_space_left,1,defensive_third,False,-8.82,21.02,1,wide_left,2,middle_third,False,31.76,30.73,60.92,61.01,30.82,30.88,39.72,40.02
299,1874553,41072,41082,65:07.2,65:08.2,20,7,1.0,2,2,1802,right_to_left,Brisbane FC,1,False,False,False,chaotic,5,chaotic,5,32.38,34.73,1,wide_left,3,attacking_third,False,38.07,29.13,1,wide_left,3,attacking_third,False,37.77,36.46,71.25,73.04,26.62,26.0,25.73,25.88
300,1874553,41139,41247,65:13.9,65:24.7,20,13,10.8,2,2,1802,right_to_left,Brisbane FC,5,True,False,True,finish,2,low_block,8,40.68,33.99,1,wide_left,3,attacking_third,False,41.18,-4.29,3,center,3,attacking_third,True,36.57,46.57,70.88,64.36,25.33,40.8,22.79,30.82
301,1874553,41462,41574,65:46.2,65:57.4,20,46,11.2,2,1,866,left_to_right,Adelaide United,4,False,False,False,build_up,0,high_block,10,-47.28,5.63,3,center,1,defensive_third,False,-20.83,-25.17,5,wide_right,1,defensive_third,False,61.66,62.75,52.89,46.97,39.32,42.53,66.45,63.74
302,1874553,41574,41625,65:57.4,66:02.5,20,57,5.1,2,1,866,left_to_right,Adelaide United,1,False,False,False,create,1,medium_block,9,-18.64,-25.38,5,wide_right,1,defensive_third,False,25.4,-32.75,5,wide_right,3,attacking_third,False,62.64,48.39,46.99,67.42,42.4,38.4,63.44,61.79
303,1874553,41669,41716,66:06.9,66:11.6,21,6,4.7,2,1,866,left_to_right,Adelaide United,2,True,False,False,chaotic,5,chaotic,5,30.57,-33.94,5,wide_right,3,attacking_third,False,45.76,-12.11,4,half_space_right,3,attacking_third,True,47.38,35.43,67.71,76.29,36.97,25.96,57.25,48.06
304,1874553,43182,43232,68:38.2,68:43.2,23,38,5.0,2,2,1802,right_to_left,Brisbane FC,1,True,False,False,chaotic,5,chaotic,5,-17.13,-30.64,5,wide_right,2,middle_third,False,-13.75,-13.93,4,half_space_right,2,middle_third,False,40.67,31.48,45.7,42.5,24.79,25.58,60.2,47.23
305,1874553,43232,43274,68:43.2,68:47.4,23,43,4.2,2,1,866,left_to_right,Adelaide United,3,False,False,False,create,1,medium_block,9,13.92,13.9,2,half_space_left,2,middle_third,False,15.08,-6.98,3,center,2,middle_third,False,25.74,36.21,46.97,54.73,31.26,24.72,42.57,42.32
306,1874553,43274,43366,68:47.4,68:56.6,23,47,9.2,2,1,866,left_to_right,Adelaide United,3,True,False,False,finish,2,low_block,8,15.22,-8.1,3,center,2,middle_third,False,38.3,-36.01,5,wide_right,3,attacking_third,False,36.53,44.62,55.05,62.71,24.76,38.62,42.2,34.22
307,1874553,43419,43541,69:01.9,69:14.1,24,1,12.2,2,2,1802,right_to_left,Brisbane FC,4,True,False,False,create,1,medium_block,9,-25.02,29.85,1,wide_left,1,defensive_third,False,-8.39,-19.48,4,half_space_right,2,middle_third,False,45.14,58.08,42.47,52.21,37.39,40.92,66.16,52.41
308,1874553,43541,43578,69:14.1,69:17.8,24,14,3.7,2,1,866,left_to_right,Adelaide United,2,True,False,False,chaotic,5,chaotic,5,8.01,19.69,2,half_space_left,2,middle_third,False,17.61,3.91,3,center,3,attacking_third,False,40.88,38.95,52.32,55.46,57.94,47.73,52.21,44.54
309,1874553,43578,43669,69:17.8,69:26.9,24,17,9.1,2,2,1802,right_to_left,Brisbane FC,4,False,False,False,create,1,medium_block,9,-17.78,-3.95,3,center,1,defensive_third,False,26.6,28.91,1,wide_left,3,attacking_third,False,47.6,53.83,44.37,66.65,38.92,45.3,55.62,52.43
310,1874553,43669,43727,69:26.9,69:32.7,24,26,5.8,2,2,1802,right_to_left,Brisbane FC,1,False,False,False,finish,2,low_block,8,27.67,28.89,1,wide_left,3,attacking_third,False,45.78,36.58,1,wide_left,3,attacking_third,False,53.95,49.22,67.02,78.9,45.26,45.05,52.48,43.65
311,1874553,43772,43939,69:37.2,69:53.9,24,37,16.7,2,2,1802,right_to_left,Brisbane FC,7,True,False,False,finish,2,low_block,8,36.47,30.77,1,wide_left,3,attacking_third,False,29.93,21.74,1,wide_left,3,attacking_third,False,46.41,51.88,73.14,62.72,36.07,32.47,32.83,30.08
312,1874553,43939,43981,69:53.9,69:58.1,24,53,4.2,2,1,866,left_to_right,Adelaide United,2,True,False,False,chaotic,5,chaotic,5,-30.06,-22.02,5,wide_right,1,defensive_third,False,-13.78,-0.22,3,center,2,middle_third,False,32.6,32.56,30.24,36.06,51.77,41.82,62.55,62.71
313,1874553,43981,43995,69:58.1,69:59.5,24,58,1.4,2,2,1802,right_to_left,Brisbane FC,1,False,False,True,finish,2,low_block,8,13.27,-0.11,3,center,2,middle_third,False,6.4,2.13,3,center,2,middle_third,False,41.93,45.7,62.56,60.75,32.51,32.76,36.14,36.75
314,1874553,43995,44035,69:59.5,70:03.5,24,59,4.0,2,2,1802,right_to_left,Brisbane FC,2,False,False,True,create,1,medium_block,9,5.65,2.35,3,center,2,middle_third,False,10.15,-0.3,3,center,2,middle_third,False,46.09,57.74,60.61,54.88,32.84,31.81,36.78,42.49
315,1874553,44035,44157,70:03.5,70:15.7,25,3,12.2,2,2,1802,right_to_left,Brisbane FC,6,True,False,True,finish,2,low_block,8,10.29,-0.74,3,center,2,middle_third,False,53.96,-2.0,3,center,3,attacking_third,False,57.82,33.9,55.16,76.05,31.75,34.99,42.45,36.6
316,1874553,44465,44482,70:46.5,70:48.2,25,46,1.7,2,1,866,left_to_right,Adelaide United,2,False,False,False,build_up,0,high_block,10,-48.04,2.46,3,center,1,defensive_third,False,-45.79,0.62,3,center,1,defensive_third,False,60.08,60.55,45.31,44.27,40.81,41.26,71.57,76.69
317,1874553,44482,44516,70:48.2,70:51.6,25,48,3.4,2,1,866,left_to_right,Adelaide United,1,True,False,False,direct,6,defending_direct,15,-44.88,0.73,3,center,1,defensive_third,False,6.48,10.45,2,half_space_left,2,middle_third,False,60.44,49.95,44.04,48.97,41.25,45.35,76.72,69.65
318,1874553,44516,44525,70:51.6,70:52.5,25,51,0.9,2,2,1802,right_to_left,Brisbane FC,1,True,False,False,chaotic,5,chaotic,5,-6.85,-10.31,4,half_space_right,2,middle_third,False,1.03,-12.48,4,half_space_right,2,middle_third,False,45.48,45.65,69.32,66.38,49.42,45.67,49.04,48.61
319,1874553,44525,44592,70:52.5,70:59.2,25,52,6.7,2,1,866,left_to_right,Adelaide United,3,False,False,False,create,1,medium_block,9,-1.65,12.68,2,half_space_left,2,middle_third,False,-19.86,10.01,2,half_space_left,1,defensive_third,False,45.33,48.46,48.52,47.56,45.55,38.48,65.98,51.72
320,1874553,44592,44730,70:59.2,71:13.0,25,59,13.8,2,1,866,left_to_right,Adelaide United,5,False,False,False,build_up,0,high_block,10,-20.53,9.74,2,half_space_left,1,defensive_third,False,-21.26,28.88,1,wide_left,1,defensive_third,False,48.66,56.08,47.52,46.26,38.53,42.62,51.99,62.89
321,1874553,44730,44778,71:13.0,71:17.8,26,13,4.8,2,1,866,left_to_right,Adelaide United,2,False,False,False,create,1,medium_block,9,-19.57,29.07,1,wide_left,1,defensive_third,False,28.0,22.47,1,wide_left,3,attacking_third,False,56.12,46.51,46.3,66.23,42.85,33.02,62.85,63.32
322,1874553,44778,44837,71:17.8,71:23.7,26,17,5.9,2,1,866,left_to_right,Adelaide United,1,False,False,False,finish,2,low_block,8,28.66,22.2,1,wide_left,3,attacking_third,False,56.4,16.73,2,half_space_left,3,attacking_third,False,46.34,36.59,66.75,83.56,32.98,25.75,63.37,56.76
323,1874553,45170,45232,71:57.0,72:03.2,26,57,6.2,2,1,866,left_to_right,Adelaide United,2,True,False,True,set_play,7,defending_set_play,13,51.84,32.79,1,wide_left,3,attacking_third,False,51.55,1.99,3,center,3,attacking_third,True,38.89,36.21,75.32,65.89,17.99,12.52,13.59,17.68
324,1874553,45329,45448,72:12.9,72:24.8,27,12,11.9,2,2,1802,right_to_left,Brisbane FC,6,False,False,False,build_up,0,high_block,10,-45.42,14.63,2,half_space_left,1,defensive_third,False,-21.07,-2.69,3,center,1,defensive_third,False,53.61,62.57,44.26,48.23,39.24,39.69,62.68,57.58
325,1874553,45448,45514,72:24.8,72:31.4,27,24,6.6,2,2,1802,right_to_left,Brisbane FC,2,True,False,False,create,1,medium_block,9,-19.75,-2.83,3,center,1,defensive_third,False,5.48,20.75,1,wide_left,2,middle_third,False,62.5,57.68,48.27,49.24,39.69,44.44,57.58,48.71
326,1874553,45514,45527,72:31.4,72:32.7,27,31,1.3,2,1,866,left_to_right,Adelaide United,1,True,False,False,chaotic,5,chaotic,5,-5.55,-20.43,5,wide_right,2,middle_third,False,3.53,-20.72,5,wide_right,2,middle_third,False,44.48,44.64,48.76,47.5,57.54,55.65,48.92,47.75
327,1874553,45527,45605,72:32.7,72:40.5,27,32,7.8,2,2,1802,right_to_left,Brisbane FC,2,True,False,False,chaotic,5,chaotic,5,-3.92,20.88,1,wide_left,2,middle_third,False,38.79,28.5,1,wide_left,3,attacking_third,False,55.49,44.58,47.97,70.43,44.62,42.16,47.86,54.97
328,1874553,45605,45674,72:40.5,72:47.4,27,40,6.9,2,1,866,left_to_right,Adelaide United,3,False,False,False,chaotic,5,chaotic,5,-39.38,-28.66,5,wide_right,1,defensive_third,False,-15.36,-2.18,3,center,2,middle_third,False,42.22,39.9,55.08,47.03,44.22,29.65,71.1,67.82
329,1874553,45878,45959,73:07.8,73:15.9,28,7,8.1,2,1,866,left_to_right,Adelaide United,2,False,False,False,create,1,medium_block,9,-16.81,-1.52,3,center,2,middle_third,False,14.8,24.69,1,wide_left,2,middle_third,False,56.21,52.26,33.08,52.67,35.73,38.96,50.96,40.91
330,1874553,45959,46002,73:15.9,73:20.2,28,15,4.3,2,1,866,left_to_right,Adelaide United,1,False,False,False,finish,2,low_block,8,15.45,24.67,1,wide_left,2,middle_third,False,46.47,24.8,1,wide_left,3,attacking_third,False,51.85,48.4,53.15,69.28,38.73,33.93,40.77,34.74
331,1874553,46316,46379,73:51.6,73:57.9,28,51,6.3,2,1,866,left_to_right,Adelaide United,2,False,False,False,set_play,7,defending_set_play,13,52.07,33.16,1,wide_left,3,attacking_third,False,50.81,7.88,3,center,3,attacking_third,True,37.86,31.94,70.07,64.74,16.78,24.52,13.77,14.18
332,1874553,46608,46683,74:20.8,74:28.3,29,20,7.5,2,1,866,left_to_right,Adelaide United,4,False,False,False,set_play,7,defending_set_play,13,52.19,32.86,1,wide_left,3,attacking_third,False,5.9,21.6,1,wide_left,2,middle_third,False,37.99,27.0,67.46,52.71,17.49,29.85,14.64,31.74
333,1874553,46683,46908,74:28.3,74:50.8,29,28,22.5,2,1,866,left_to_right,Adelaide United,7,True,False,False,create,1,medium_block,9,4.12,20.9,1,wide_left,2,middle_third,False,4.05,30.13,1,wide_left,2,middle_third,False,27.19,48.06,52.64,49.11,30.05,39.6,32.22,49.61
334,1874553,47129,47198,75:12.9,75:19.8,30,12,6.9,2,2,1802,right_to_left,Brisbane FC,1,False,False,False,create,1,medium_block,9,-4.39,-33.39,5,wide_right,2,middle_third,False,-19.83,-6.67,3,center,1,defensive_third,False,48.04,46.07,49.95,50.37,27.16,33.76,48.44,55.69
335,1874553,47198,47263,75:19.8,75:26.3,30,19,6.5,2,2,1802,right_to_left,Brisbane FC,2,False,False,False,build_up,0,high_block,10,-20.36,-6.46,3,center,1,defensive_third,False,-20.51,2.85,3,center,1,defensive_third,False,46.49,60.58,50.48,47.06,33.94,48.88,56.19,74.6
336,1874553,47263,47269,75:26.3,75:26.9,30,26,0.6,2,2,1802,right_to_left,Brisbane FC,1,False,False,False,create,1,medium_block,9,-19.71,2.7,3,center,1,defensive_third,False,-19.76,1.46,3,center,1,defensive_third,False,60.39,59.33,46.86,45.93,48.79,48.12,74.24,72.41
337,1874553,47269,47331,75:26.9,75:33.1,30,26,6.2,2,2,1802,right_to_left,Brisbane FC,1,False,False,False,build_up,0,high_block,10,-20.69,1.21,3,center,1,defensive_third,False,-20.08,-14.11,4,half_space_right,1,defensive_third,False,59.12,60.08,45.74,41.88,47.94,39.13,72.06,55.22
338,1874553,47331,47358,75:33.1,75:35.8,30,33,2.7,2,2,1802,right_to_left,Brisbane FC,1,True,False,False,create,1,medium_block,9,-19.52,-15.3,4,half_space_right,1,defensive_third,False,0.41,-31.93,5,wide_right,2,middle_third,False,60.08,55.87,42.02,49.38,39.14,43.56,55.05,52.84
339,1874553,47358,47545,75:35.8,75:54.5,30,35,18.7,2,1,866,left_to_right,Adelaide United,6,False,False,True,create,1,medium_block,9,-0.69,31.97,1,wide_left,2,middle_third,False,19.37,-14.3,4,half_space_right,3,attacking_third,False,43.56,55.25,52.79,58.37,55.38,31.75,49.68,44.18
340,1874553,47545,47627,75:54.5,76:02.7,30,54,8.2,2,1,866,left_to_right,Adelaide United,3,True,False,True,finish,2,low_block,8,19.84,-14.48,4,half_space_right,3,attacking_third,False,50.25,1.22,3,center,3,attacking_third,True,54.97,33.99,58.72,74.1,31.23,22.5,44.28,40.42
341,1874553,47913,47963,76:31.3,76:36.3,31,31,5.0,2,2,1802,right_to_left,Brisbane FC,2,False,False,False,build_up,0,high_block,10,,,2,half_space_left,2,middle_third,False,-25.98,27.66,1,wide_left,1,defensive_third,False,,61.23,,50.06,,42.53,,57.11
342,1874553,47963,48015,76:36.3,76:41.5,31,36,5.2,2,2,1802,right_to_left,Brisbane FC,1,True,False,False,direct,6,defending_direct,15,-25.31,27.94,1,wide_left,1,defensive_third,False,34.84,25.49,1,wide_left,3,attacking_third,False,61.08,52.99,50.22,72.67,42.37,40.04,57.09,60.75
343,1874553,48015,48025,76:41.5,76:42.5,31,41,1.0,2,1,866,left_to_right,Adelaide United,1,True,False,False,chaotic,5,chaotic,5,-35.49,-25.79,5,wide_right,1,defensive_third,False,-41.62,-33.75,5,wide_right,1,defensive_third,False,40.04,40.05,60.89,60.97,52.77,50.89,73.3,77.97
344,1874553,48200,48226,77:00.0,77:02.6,32,0,2.6,2,2,1802,right_to_left,Brisbane FC,2,True,False,False,chaotic,5,chaotic,5,40.98,34.64,1,wide_left,3,attacking_third,False,48.62,13.24,2,half_space_left,3,attacking_third,True,39.59,40.2,73.77,71.08,29.7,24.78,22.86,23.69
345,1874553,48226,48236,77:02.6,77:03.6,32,2,1.0,2,1,866,left_to_right,Adelaide United,1,False,False,False,chaotic,5,chaotic,5,-48.84,-12.99,4,half_space_right,1,defensive_third,False,-39.89,-15.06,4,half_space_right,1,defensive_third,False,24.5,23.1,23.66,23.56,40.36,39.02,70.93,68.88
346,1874553,48468,48531,77:26.8,77:33.1,32,26,6.3,2,1,866,left_to_right,Adelaide United,2,True,False,False,chaotic,5,chaotic,5,-8.41,-29.42,5,wide_right,2,middle_third,False,-1.92,16.41,2,half_space_left,2,middle_third,False,42.6,49.55,44.78,49.46,33.7,39.03,50.93,50.13
347,1874553,48593,48740,77:39.3,77:54.0,32,39,14.7,2,2,1802,right_to_left,Brisbane FC,7,False,False,False,build_up,0,high_block,10,-22.85,-30.37,5,wide_right,1,defensive_third,False,-22.62,30.96,1,wide_left,1,defensive_third,False,52.34,58.01,52.09,51.05,35.71,39.4,54.68,68.02
348,1874553,48948,49112,78:14.8,78:31.2,33,14,16.4,2,2,1802,right_to_left,Brisbane FC,5,False,False,False,create,1,medium_block,9,-18.19,25.83,1,wide_left,1,defensive_third,False,21.0,-30.31,5,wide_right,3,attacking_third,False,62.08,47.64,51.57,62.82,39.04,34.28,48.85,50.03
349,1874553,49112,49120,78:31.2,78:32.0,33,31,0.8,2,2,1802,right_to_left,Brisbane FC,1,True,False,False,finish,2,low_block,8,21.37,-30.1,5,wide_right,3,attacking_third,False,26.86,-28.19,5,wide_right,3,attacking_third,False,47.44,46.15,62.93,63.96,34.13,33.27,49.94,49.47
350,1874553,49120,49147,78:32.0,78:34.7,33,32,2.7,2,1,866,left_to_right,Adelaide United,2,False,False,False,chaotic,5,chaotic,5,-27.7,28.0,1,wide_left,1,defensive_third,False,-20.72,27.24,1,wide_left,1,defensive_third,False,33.21,32.31,49.44,48.15,45.9,41.88,64.15,65.71
351,1874553,49855,49901,79:45.5,79:50.1,34,45,4.6,2,1,866,left_to_right,Adelaide United,3,False,False,False,create,1,medium_block,9,-20.94,26.83,1,wide_left,1,defensive_third,False,-19.91,24.91,1,wide_left,1,defensive_third,False,54.75,54.69,54.97,46.3,43.87,45.19,54.68,51.82
352,1874553,49901,49958,79:50.1,79:55.8,34,50,5.7,2,1,866,left_to_right,Adelaide United,2,False,False,False,build_up,0,high_block,10,-20.16,23.52,1,wide_left,1,defensive_third,False,-21.84,-28.19,5,wide_right,1,defensive_third,False,54.69,53.94,46.05,46.85,45.1,42.02,51.75,55.12
353,1874553,49958,49983,79:55.8,79:58.3,34,55,2.5,2,1,866,left_to_right,Adelaide United,2,True,False,False,direct,6,defending_direct,15,-21.6,-28.32,5,wide_right,1,defensive_third,False,13.68,-23.58,5,wide_right,2,middle_third,False,53.84,48.71,47.12,55.06,42.21,44.27,55.03,52.59
354,1874553,50119,50156,80:11.9,80:15.6,35,11,3.7,2,2,1802,right_to_left,Brisbane FC,2,False,False,False,build_up,0,high_block,10,-34.27,8.19,3,center,1,defensive_third,False,-20.18,2.29,3,center,1,defensive_third,False,64.54,66.64,49.67,50.16,36.29,33.29,58.26,54.73
355,1874553,50156,50213,80:15.6,80:21.3,35,15,5.7,2,2,1802,right_to_left,Brisbane FC,2,True,False,False,create,1,medium_block,9,-19.93,2.68,3,center,1,defensive_third,False,-0.51,15.15,2,half_space_left,2,middle_third,False,66.69,61.43,50.2,49.64,33.22,37.15,54.55,45.3
356,1874553,50213,50315,80:21.3,80:31.5,35,21,10.2,2,1,866,left_to_right,Adelaide United,8,True,False,True,quick_break,3,defending_quick_break,12,0.64,-15.71,4,half_space_right,2,middle_third,False,46.93,-6.72,3,center,3,attacking_third,True,37.06,32.85,45.35,74.89,61.3,27.51,49.65,53.88
357,1874553,50315,50587,80:31.5,80:58.7,35,31,27.2,2,2,1802,right_to_left,Brisbane FC,6,False,False,False,build_up,0,high_block,10,-47.48,5.83,3,center,1,defensive_third,False,-21.53,-7.76,3,center,1,defensive_third,False,27.57,64.94,53.84,44.23,32.78,39.54,75.08,53.14
358,1874553,50587,50591,80:58.7,80:59.1,35,58,0.4,2,2,1802,right_to_left,Brisbane FC,0,True,False,False,create,1,medium_block,9,-19.72,-9.32,4,half_space_right,1,defensive_third,False,-14.6,-13.78,4,half_space_right,2,middle_third,False,64.85,64.4,44.35,44.7,39.78,40.61,53.13,53.04
359,1874553,51017,51066,81:41.7,81:46.6,36,41,4.9,2,1,866,left_to_right,Adelaide United,2,False,False,False,create,1,medium_block,9,,,2,half_space_left,2,middle_third,False,28.58,32.86,1,wide_left,3,attacking_third,False,,44.43,,65.82,,34.37,,53.81
360,1874553,51066,51125,81:46.6,81:52.5,36,46,5.9,2,1,866,left_to_right,Adelaide United,1,False,False,False,finish,2,low_block,8,29.0,32.87,1,wide_left,3,attacking_third,False,49.86,23.16,1,wide_left,3,attacking_third,False,44.21,27.52,66.01,77.02,34.73,24.24,53.78,45.89
361,1874553,51442,51468,82:24.2,82:26.8,37,24,2.6,2,1,866,left_to_right,Adelaide United,2,True,False,True,set_play,7,defending_set_play,13,51.98,33.34,1,wide_left,3,attacking_third,False,51.77,6.81,3,center,3,attacking_third,True,40.66,36.07,73.76,72.41,15.18,17.38,14.2,16.17
362,1874553,51587,51770,82:38.7,82:57.0,37,38,18.3,2,2,1802,right_to_left,Brisbane FC,7,False,False,False,build_up,0,high_block,10,-43.77,13.11,2,half_space_left,1,defensive_third,False,-20.48,31.92,1,wide_left,1,defensive_third,False,59.63,58.09,44.08,53.42,31.92,46.0,59.9,64.24
363,1874553,51770,51809,82:57.0,83:00.9,37,57,3.9,2,2,1802,right_to_left,Brisbane FC,2,True,False,False,create,1,medium_block,9,-19.9,31.03,1,wide_left,1,defensive_third,False,-11.24,2.67,3,center,2,middle_third,False,58.1,59.23,53.43,52.12,45.96,42.28,63.99,54.22
364,1874553,51809,51830,83:00.9,83:03.0,38,0,2.1,2,1,866,left_to_right,Adelaide United,1,True,False,False,chaotic,5,chaotic,5,11.36,-2.82,3,center,2,middle_third,False,20.62,-11.45,4,half_space_right,3,attacking_third,False,42.11,37.88,54.05,58.01,59.17,58.58,52.03,50.28
365,1874553,51830,51853,83:03.0,83:05.3,38,3,2.3,2,2,1802,right_to_left,Brisbane FC,1,True,False,False,chaotic,5,chaotic,5,-20.45,10.99,2,half_space_left,1,defensive_third,False,-5.51,-12.04,4,half_space_right,2,middle_third,False,58.54,53.89,50.2,48.73,37.66,34.62,58.48,62.07
366,1874553,51853,51936,83:05.3,83:13.6,38,5,8.3,2,1,866,left_to_right,Adelaide United,3,False,False,False,create,1,medium_block,9,4.81,12.77,2,half_space_left,2,middle_third,False,19.4,31.27,1,wide_left,3,attacking_third,False,34.65,51.24,62.02,61.16,53.39,35.96,48.7,45.97
367,1874553,51936,51956,83:13.6,83:15.6,38,13,2.0,2,1,866,left_to_right,Adelaide United,2,True,False,False,finish,2,low_block,8,19.89,31.06,1,wide_left,3,attacking_third,False,28.46,22.18,1,wide_left,3,attacking_third,False,51.28,45.98,61.25,64.11,36.07,35.75,45.99,45.74
368,1874553,51956,52071,83:15.6,83:27.1,38,15,11.5,2,2,1802,right_to_left,Brisbane FC,6,False,False,False,build_up,0,high_block,10,-28.47,-21.95,5,wide_right,1,defensive_third,False,-20.2,10.25,2,half_space_left,1,defensive_third,False,35.66,60.49,45.75,51.61,45.55,40.96,64.58,59.04
369,1874553,52071,52158,83:27.1,83:35.8,38,27,8.7,2,2,1802,right_to_left,Brisbane FC,2,False,False,False,create,1,medium_block,9,-19.35,11.16,2,half_space_left,1,defensive_third,False,6.93,8.76,3,center,2,middle_third,False,60.83,50.97,51.7,60.38,41.22,38.85,58.8,43.21
370,1874553,52158,52230,83:35.8,83:43.0,38,35,7.2,2,2,1802,right_to_left,Brisbane FC,3,False,False,False,finish,2,low_block,8,7.52,6.68,3,center,2,middle_third,False,49.91,-6.96,3,center,3,attacking_third,True,50.87,25.03,60.32,76.01,38.51,22.51,43.16,41.02
371,1874553,52528,52728,84:12.8,84:32.8,39,12,20.0,2,2,1802,right_to_left,Brisbane FC,6,False,False,True,set_play,7,defending_set_play,13,51.42,-33.54,5,wide_right,3,attacking_third,False,41.68,8.46,3,center,3,attacking_third,True,43.72,27.91,69.63,71.54,13.92,21.93,12.19,35.84
372,1874553,52728,52846,84:32.8,84:44.6,39,32,11.8,2,2,1802,right_to_left,Brisbane FC,6,True,False,True,finish,2,low_block,8,41.43,8.4,3,center,3,attacking_third,True,52.32,6.65,3,center,3,attacking_third,True,27.5,30.15,71.48,73.82,21.93,27.87,35.82,35.94
373,1874553,53310,53322,85:31.0,85:32.2,40,31,1.2,2,1,866,left_to_right,Adelaide United,1,True,False,False,direct,6,defending_direct,15,,,2,half_space_left,2,middle_third,False,15.18,-2.6,3,center,2,middle_third,False,,27.69,,55.74,,23.73,,48.55
374,1874553,53322,53372,85:32.2,85:37.2,40,32,5.0,2,2,1802,right_to_left,Brisbane FC,2,True,False,False,chaotic,5,chaotic,5,-15.76,2.4,3,center,2,middle_third,False,-12.1,-25.79,5,wide_right,2,middle_third,False,23.97,41.71,48.44,52.42,27.77,37.05,56.27,58.82
375,1874553,53909,53987,86:30.9,86:38.7,41,30,7.8,2,1,866,left_to_right,Adelaide United,3,False,False,False,create,1,medium_block,9,-1.38,33.05,1,wide_left,2,middle_third,False,-19.08,-0.5,3,center,1,defensive_third,False,30.4,47.36,56.65,47.38,25.83,34.27,47.55,51.72
376,1874553,53987,54017,86:38.7,86:41.7,41,38,3.0,2,1,866,left_to_right,Adelaide United,1,False,False,False,build_up,0,high_block,10,-20.2,-0.59,3,center,1,defensive_third,False,-34.78,-5.53,3,center,1,defensive_third,False,47.46,51.11,47.26,41.12,34.39,38.81,52.03,63.67
377,1874553,54017,54048,86:41.7,86:44.8,41,41,3.1,2,1,866,left_to_right,Adelaide United,1,True,False,False,direct,6,defending_direct,15,-34.49,-5.79,3,center,1,defensive_third,False,12.66,-20.72,5,wide_right,2,middle_third,False,51.14,50.03,40.86,49.19,38.79,36.3,63.93,63.07
378,1874553,54048,54280,86:44.8,87:08.0,41,44,23.2,2,2,1802,right_to_left,Brisbane FC,9,False,False,True,create,1,medium_block,9,-12.98,20.84,1,wide_left,2,middle_third,False,22.27,30.9,1,wide_left,3,attacking_third,False,36.28,54.3,62.92,62.59,50.02,42.65,49.51,47.17
379,1874553,54280,54485,87:08.0,87:28.5,42,8,20.5,2,2,1802,right_to_left,Brisbane FC,6,False,False,True,finish,2,low_block,8,23.71,30.65,1,wide_left,3,attacking_third,False,6.49,2.81,3,center,2,middle_third,False,53.8,25.45,62.95,64.18,42.62,23.93,47.18,27.42
380,1874553,54485,54559,87:28.5,87:35.9,42,28,7.4,2,2,1802,right_to_left,Brisbane FC,2,False,False,False,create,1,medium_block,9,5.34,2.83,3,center,2,middle_third,False,17.03,28.5,1,wide_left,2,middle_third,False,25.64,56.91,64.02,50.15,24.0,35.29,27.7,39.42
381,1874553,54559,54660,87:35.9,87:46.0,42,35,10.1,2,2,1802,right_to_left,Brisbane FC,1,True,False,False,finish,2,low_block,8,18.06,29.29,1,wide_left,3,attacking_third,False,46.2,-3.05,3,center,3,attacking_third,True,57.2,48.17,50.35,63.36,35.61,32.38,39.38,31.78
382,1874553,54660,54901,87:46.0,88:10.1,42,46,24.1,2,1,866,left_to_right,Adelaide United,3,False,False,False,build_up,0,high_block,10,-46.54,3.7,3,center,1,defensive_third,False,-21.5,18.84,2,half_space_left,1,defensive_third,False,32.51,53.32,31.81,48.57,48.12,32.39,63.58,58.1
383,1874553,54901,54987,88:10.1,88:18.7,43,10,8.6,2,1,866,left_to_right,Adelaide United,2,True,False,False,create,1,medium_block,9,-19.63,19.31,2,half_space_left,1,defensive_third,False,35.0,29.24,1,wide_left,3,attacking_third,False,53.23,46.48,48.53,67.8,32.54,34.3,57.7,49.63
384,1874553,54987,54997,88:18.7,88:19.7,43,18,1.0,2,2,1802,right_to_left,Brisbane FC,1,True,False,False,chaotic,5,chaotic,5,-35.09,-29.36,5,wide_right,1,defensive_third,False,-26.96,-34.46,5,wide_right,1,defensive_third,False,34.36,35.04,49.58,48.53,46.29,44.8,67.98,72.01
385,1874553,55174,55217,88:37.4,88:41.7,43,37,4.3,2,1,866,left_to_right,Adelaide United,2,True,False,False,chaotic,5,chaotic,5,25.24,32.62,1,wide_left,3,attacking_third,False,39.75,14.55,2,half_space_left,3,attacking_third,True,33.62,28.36,68.61,73.17,29.29,21.32,35.92,37.37
386,1874553,55217,55295,88:41.7,88:49.5,43,41,7.8,2,2,1802,right_to_left,Brisbane FC,2,True,False,False,transition,4,defending_transition,11,-40.1,-14.32,4,half_space_right,1,defensive_third,False,5.59,-3.64,3,center,2,middle_third,False,21.15,28.14,37.36,50.63,28.36,32.5,73.22,65.35
387,1874553,55295,55481,88:49.5,89:08.1,43,49,18.6,2,1,866,left_to_right,Adelaide United,6,False,False,False,create,1,medium_block,9,-5.93,3.89,3,center,2,middle_third,False,5.59,26.3,1,wide_left,2,middle_third,False,32.79,48.67,65.15,61.01,28.31,36.17,50.51,45.29
388,1874553,55869,55872,89:46.9,89:47.2,44,46,0.3,2,1,866,left_to_right,Adelaide United,1,False,False,False,create,1,medium_block,9,,,2,half_space_left,2,middle_third,False,,,2,half_space_left,2,middle_third,False,,,,,,,,
389,1874553,55872,55982,89:47.2,89:58.2,44,47,11.0,2,1,866,left_to_right,Adelaide United,5,False,False,False,finish,2,low_block,8,20.05,30.26,1,wide_left,3,attacking_third,False,-3.3,-20.76,5,wide_right,2,middle_third,False,50.43,36.62,65.42,35.65,27.23,45.78,41.81,64.77
390,1874553,55982,56079,89:58.2,90:07.9,44,58,9.7,2,1,866,left_to_right,Adelaide United,3,False,False,False,create,1,medium_block,9,2.72,20.44,1,wide_left,2,middle_third,False,-19.28,4.3,3,center,1,defensive_third,False,45.8,55.8,64.68,52.18,36.54,32.62,35.92,53.06
391,1874553,56079,56195,90:07.9,90:19.5,45,7,11.6,2,1,866,left_to_right,Adelaide United,3,False,False,False,build_up,0,high_block,10,-20.0,4.02,3,center,1,defensive_third,False,-37.05,-22.01,5,wide_right,1,defensive_third,False,55.83,55.99,52.07,51.15,32.52,34.52,53.2,66.38
392,1874553,56195,56222,90:19.5,90:22.2,45,19,2.7,2,1,866,left_to_right,Adelaide United,1,False,False,False,direct,6,defending_direct,15,-36.46,-22.19,5,wide_right,1,defensive_third,False,1.33,-24.62,5,wide_right,2,middle_third,False,55.91,51.12,51.27,48.54,34.59,35.49,66.44,62.72
393,1874553,56222,56475,90:22.2,90:47.5,45,22,25.3,2,1,866,left_to_right,Adelaide United,11,False,False,False,create,1,medium_block,9,2.48,-24.64,5,wide_right,2,middle_third,False,19.01,32.01,1,wide_left,3,attacking_third,False,50.95,51.5,48.71,61.32,35.23,43.1,62.57,49.17
394,1874553,56475,56552,90:47.5,90:55.2,45,47,7.7,2,1,866,left_to_right,Adelaide United,1,True,False,False,finish,2,low_block,8,19.74,31.94,1,wide_left,3,attacking_third,False,35.82,11.33,2,half_space_left,3,attacking_third,False,51.22,33.92,61.64,74.94,43.01,26.07,49.15,43.21
395,1874553,58046,58059,93:24.6,93:25.9,48,24,1.3,2,2,1802,right_to_left,Brisbane FC,2,False,False,False,create,1,medium_block,9,-19.88,-14.26,4,half_space_right,1,defensive_third,False,-15.52,-15.05,4,half_space_right,2,middle_third,False,54.62,55.36,54.98,55.88,31.01,33.6,45.06,51.17
396,1874553,58059,58085,93:25.9,93:28.5,48,25,2.6,2,2,1802,right_to_left,Brisbane FC,1,True,False,False,direct,6,defending_direct,15,-13.19,-15.03,4,half_space_right,2,middle_third,False,28.84,-22.42,5,wide_right,3,attacking_third,False,55.41,46.44,56.17,66.4,33.79,32.44,51.59,50.96
397,1874553,58085,58129,93:28.5,93:32.9,48,28,4.4,2,1,866,left_to_right,Adelaide United,3,True,False,False,chaotic,5,chaotic,5,-29.68,22.46,1,wide_left,1,defensive_third,False,-17.45,13.75,2,half_space_left,2,middle_third,False,32.24,28.53,50.89,47.54,45.97,35.87,66.75,64.17
398,1874553,58129,58164,93:32.9,93:36.4,48,32,3.5,2,2,1802,right_to_left,Brisbane FC,1,True,False,False,chaotic,5,chaotic,5,17.83,-13.24,4,half_space_right,3,attacking_third,False,8.98,-13.6,4,half_space_right,2,middle_third,False,36.0,42.3,64.04,60.52,28.57,31.72,47.43,41.11
399,1874553,58164,58217,93:36.4,93:41.7,48,36,5.3,2,1,866,left_to_right,Adelaide United,1,False,False,True,create,1,medium_block,9,-8.99,14.31,2,half_space_left,2,middle_third,False,25.95,12.57,2,half_space_left,3,attacking_third,False,31.8,31.26,41.0,68.94,42.45,32.39,60.45,60.91
400,1874553,58217,58266,93:41.7,93:46.6,48,41,4.9,2,1,866,left_to_right,Adelaide United,3,True,False,True,finish,2,low_block,8,26.59,12.16,2,half_space_left,3,attacking_third,False,54.7,0.31,3,center,3,attacking_third,False,31.2,26.21,69.66,89.84,32.13,28.22,60.82,53.81
401,1874553,58365,58393,93:56.5,93:59.3,48,56,2.8,2,2,1802,right_to_left,Brisbane FC,2,False,False,False,build_up,0,high_block,10,-29.94,12.5,2,half_space_left,1,defensive_third,False,-25.39,21.12,1,wide_left,1,defensive_third,False,39.53,42.98,57.23,55.37,30.89,33.7,67.15,64.39
402,1874553,58393,58425,93:59.3,94:02.5,48,59,3.2,2,2,1802,right_to_left,Brisbane FC,1,True,False,False,direct,6,defending_direct,15,-24.26,21.12,1,wide_left,1,defensive_third,False,16.06,30.09,1,wide_left,2,middle_third,False,43.18,37.01,55.21,61.37,33.81,38.15,64.27,59.87
403,1874553,58425,58435,94:02.5,94:03.5,49,2,1.0,2,1,866,left_to_right,Adelaide United,1,True,False,False,chaotic,5,chaotic,5,-15.7,-30.5,5,wide_right,2,middle_third,False,-4.49,-32.83,5,wide_right,2,middle_third,False,38.25,39.2,59.57,56.88,36.76,36.09,61.33,60.63
404,1874553,58487,58529,94:08.7,94:12.9,49,8,4.2,2,2,1802,right_to_left,Brisbane FC,2,False,False,False,create,1,medium_block,9,0.45,32.43,1,wide_left,2,middle_third,False,-4.45,30.8,1,wide_left,2,middle_third,False,42.43,50.72,56.87,55.54,35.73,36.47,41.55,41.64
405,1874553,58529,58555,94:12.9,94:15.5,49,12,2.6,2,2,1802,right_to_left,Brisbane FC,1,True,False,False,direct,6,defending_direct,15,-3.97,30.71,1,wide_left,2,middle_third,False,27.86,5.23,3,center,3,attacking_third,False,50.73,43.76,55.68,62.87,36.52,35.1,42.02,42.61
406,1874553,58555,58718,94:15.5,94:31.8,49,15,16.3,2,1,866,left_to_right,Adelaide United,4,True,False,True,transition,4,defending_transition,11,-28.18,-4.64,3,center,1,defensive_third,False,49.7,-6.0,3,center,3,attacking_third,True,35.04,26.1,42.4,85.38,43.21,26.89,62.98,47.78
407,1874553,58801,58836,94:40.1,94:43.6,49,40,3.5,2,2,1802,right_to_left,Brisbane FC,2,False,False,False,build_up,0,high_block,10,-37.93,-12.4,4,half_space_right,1,defensive_third,False,-20.11,-23.63,5,wide_right,1,defensive_third,False,44.65,56.8,48.99,52.88,36.36,40.26,71.24,62.03
408,1874553,58836,58840,94:43.6,94:44.0,49,43,0.4,2,2,1802,right_to_left,Brisbane FC,1,False,False,False,create,1,medium_block,9,-19.86,-24.04,5,wide_right,1,defensive_third,False,-19.17,-24.9,5,wide_right,1,defensive_third,False,56.88,57.01,53.1,53.82,40.31,40.43,61.77,61.08
409,1874553,58840,58863,94:44.0,94:46.3,49,44,2.3,2,2,1802,right_to_left,Brisbane FC,1,True,False,False,direct,6,defending_direct,15,-18.87,-25.06,5,wide_right,1,defensive_third,False,20.0,-10.92,4,half_space_right,3,attacking_third,False,57.01,51.21,54.1,62.44,40.44,38.08,60.86,59.29
410,1874553,58863,59018,94:46.3,95:01.8,49,46,15.5,2,1,866,left_to_right,Adelaide United,3,True,False,False,transition,4,defending_transition,11,-20.77,10.25,2,half_space_left,1,defensive_third,False,45.77,10.76,2,half_space_left,3,attacking_third,True,38.06,35.89,59.24,84.45,50.59,25.41,62.74,53.49
411,1874553,59018,59041,95:01.8,95:04.1,50,1,2.3,2,2,1802,right_to_left,Brisbane FC,1,True,False,False,chaotic,5,chaotic,5,-45.02,-10.73,4,half_space_right,1,defensive_third,False,-22.93,-11.81,4,half_space_right,1,defensive_third,False,25.24,22.59,53.32,47.27,35.9,37.22,84.46,78.57
412,1874553,59041,59155,95:04.1,95:15.5,50,4,11.4,2,1,866,left_to_right,Adelaide United,2,False,False,False,finish,2,low_block,8,22.56,12.18,2,half_space_left,3,attacking_third,False,50.61,33.53,1,wide_left,3,attacking_third,False,37.31,38.53,78.19,78.28,22.5,37.64,47.05,38.45
413,1874553,59369,59387,95:36.9,95:38.7,50,36,1.8,2,1,866,left_to_right,Adelaide United,2,False,False,False,chaotic,5,chaotic,5,40.31,33.72,1,wide_left,3,attacking_third,False,38.36,32.31,1,wide_left,3,attacking_third,False,35.44,34.57,78.08,76.34,28.41,30.02,23.03,22.37
414,1874553,59493,59592,95:49.3,95:59.2,50,49,9.9,2,1,866,left_to_right,Adelaide United,2,True,False,False,finish,2,low_block,8,37.42,33.66,1,wide_left,3,attacking_third,False,50.26,5.64,3,center,3,attacking_third,True,35.39,34.63,77.56,77.24,28.82,47.2,25.74,37.66
415,1874553,59607,59678,96:00.7,96:07.8,51,0,7.1,2,2,1802,right_to_left,Brisbane FC,2,False,False,False,build_up,0,high_block,10,-47.94,-3.76,3,center,1,defensive_third,False,-20.07,24.66,1,wide_left,1,defensive_third,False,55.72,59.95,46.05,51.08,37.54,40.28,73.36,59.5
416,1874553,59678,59688,96:07.8,96:08.8,51,7,1.0,2,2,1802,right_to_left,Brisbane FC,1,False,False,False,create,1,medium_block,9,-19.73,24.84,1,wide_left,1,defensive_third,False,-17.0,26.49,1,wide_left,2,middle_third,False,59.81,58.1,51.31,52.58,40.28,40.27,59.31,57.57
417,1874553,59688,59718,96:08.8,96:11.8,51,8,3.0,2,2,1802,right_to_left,Brisbane FC,1,False,False,False,direct,6,defending_direct,15,-16.48,26.68,1,wide_left,2,middle_third,False,21.42,8.74,3,center,3,attacking_third,False,57.82,43.78,52.62,58.11,40.28,35.96,57.37,53.53
418,1874553,59718,59719,96:11.8,96:11.9,51,11,0.1,2,2,1802,right_to_left,Brisbane FC,0,False,False,False,create,1,medium_block,9,21.34,8.38,3,center,3,attacking_third,False,21.34,8.38,3,center,3,attacking_third,False,43.3,43.3,58.05,58.05,35.69,35.69,53.39,53.39
419,1874553,59719,59798,96:11.9,96:19.8,51,11,7.9,2,2,1802,right_to_left,Brisbane FC,2,False,False,False,finish,2,low_block,8,20.73,8.33,3,center,3,attacking_third,False,55.0,24.16,1,wide_left,3,attacking_third,False,42.84,31.2,58.0,76.96,35.41,24.82,53.25,41.13
420,1874553,60011,60021,96:41.1,96:42.1,51,41,1.0,2,2,1802,right_to_left,Brisbane FC,1,False,False,False,set_play,7,defending_set_play,13,50.98,32.16,1,wide_left,3,attacking_third,False,48.12,15.33,2,half_space_left,3,attacking_third,True,46.45,45.65,71.18,68.32,14.84,15.24,13.87,11.5
421,1874553,60105,60150,96:50.5,96:55.0,51,50,4.5,2,2,1802,right_to_left,Brisbane FC,1,True,False,False,chaotic,5,chaotic,5,7.74,28.16,1,wide_left,2,middle_third,False,42.78,3.93,3,center,3,attacking_third,True,45.82,38.03,57.2,65.93,28.4,27.74,26.7,32.37
422,1874553,60150,60232,96:55.0,97:03.2,51,55,8.2,2,1,866,left_to_right,Adelaide United,1,False,False,False,chaotic,5,chaotic,5,-43.39,-3.62,3,center,1,defensive_third,False,-43.64,-0.41,3,center,1,defensive_third,False,27.76,37.85,32.53,43.38,37.61,21.57,66.2,72.36
