index,match_id,frame_start,frame_end,time_start,time_end,minute_start,second_start,duration,period,attacking_side_id,team_in_possession_id,attacking_side,team_in_possession_shortname,n_player_possessions_in_phase,team_possession_loss_in_phase,team_possession_lead_to_goal,team_possession_lead_to_shot,team_in_possession_phase_type,team_in_possession_phase_type_id,team_out_of_possession_phase_type,team_out_of_possession_phase_type_id,x_start,y_start,channel_id_start,channel_start,third_id_start,third_start,penalty_area_start,x_end,y_end,channel_id_end,channel_end,third_id_end,third_end,penalty_area_end,team_in_possession_width_start,team_in_possession_width_end,team_in_possession_length_start,team_in_possession_length_end,team_out_of_possession_width_start,team_out_of_possession_width_end,team_out_of_possession_length_start,team_out_of_possession_length_end
0,2011166,2318,2499,00:01.8,00:19.9,0,1,18.1,1,1,868,left_to_right,Melbourne V FC,6,False,False,True,create,1,medium_block,9,-22.34,-0.8,3,center,1,defensive_third,False,-19.73,23.93,1,wide_left,1,defensive_third,False,37.24,49.67,48.34,53.28,33.72,36.39,45.94,61.14
1,2011166,2499,2520,00:19.9,00:22.0,0,19,2.1,1,1,868,left_to_right,Melbourne V FC,1,False,False,True,build_up,0,high_block,10,-21.27,23.44,1,wide_left,1,defensive_third,False,-30.23,24.28,1,wide_left,1,defensive_third,False,49.49,51.28,53.18,50.84,36.23,36.07,61.44,64.88
2,2011166,2520,2549,00:22.0,00:24.9,0,22,2.9,1,1,868,left_to_right,Melbourne V FC,1,False,False,True,direct,6,defending_direct,15,-29.91,24.58,1,wide_left,1,defensive_third,False,7.18,11.36,2,half_space_left,2,middle_third,False,51.41,43.01,50.73,53.0,36.12,31.36,64.77,62.34
3,2011166,2549,2623,00:24.9,00:32.3,0,24,7.4,1,1,868,left_to_right,Melbourne V FC,5,False,False,True,create,1,medium_block,9,7.5,11.0,2,half_space_left,2,middle_third,False,17.66,-25.53,5,wide_right,3,attacking_third,False,42.56,42.16,52.92,60.69,31.01,31.53,62.35,54.01
4,2011166,2623,2724,00:32.3,00:42.4,0,32,10.1,1,1,868,left_to_right,Melbourne V FC,4,False,False,True,finish,2,low_block,8,18.14,-25.65,5,wide_right,3,attacking_third,False,47.14,-19.19,4,half_space_right,3,attacking_third,True,42.18,28.91,61.09,73.1,31.62,15.47,53.97,44.22
5,2011166,3010,3089,01:11.0,01:18.9,1,11,7.9,1,1,868,left_to_right,Melbourne V FC,2,False,False,False,set_play,7,defending_set_play,13,51.59,-31.1,5,wide_right,3,attacking_third,False,5.83,-11.69,4,half_space_right,2,middle_third,False,18.27,29.87,71.78,60.26,20.67,28.75,9.19,36.91
6,2011166,3089,3312,01:18.9,01:41.2,1,18,22.3,1,1,868,left_to_right,Melbourne V FC,5,True,False,False,create,1,medium_block,9,4.75,-11.36,4,half_space_right,2,middle_third,False,-0.94,-27.53,5,wide_right,2,middle_third,False,30.26,46.53,60.13,52.12,28.82,34.82,37.56,55.42
7,2011166,3312,3365,01:41.2,01:46.5,1,41,5.3,1,2,867,right_to_left,Wellington P FC,2,True,False,False,chaotic,5,chaotic,5,0.07,27.7,1,wide_left,2,middle_third,False,-0.5,31.06,1,wide_left,2,middle_third,False,34.8,40.15,55.2,52.34,45.94,36.73,52.11,52.14
8,2011166,3365,3399,01:46.5,01:49.9,1,46,3.4,1,1,868,left_to_right,Melbourne V FC,1,False,False,False,create,1,medium_block,9,-0.12,-30.68,5,wide_right,2,middle_third,False,-19.73,-33.11,5,wide_right,1,defensive_third,False,36.55,34.92,52.1,52.38,40.28,37.49,52.26,59.52
9,2011166,3399,3493,01:49.9,01:59.3,1,49,9.4,1,1,868,left_to_right,Melbourne V FC,2,True,False,False,build_up,0,high_block,10,-20.14,-33.14,5,wide_right,1,defensive_third,False,-20.86,-17.8,4,half_space_right,1,defensive_third,False,35.22,39.19,52.38,47.05,37.52,26.81,59.95,73.26
10,2011166,3493,3533,01:59.3,02:03.3,1,59,4.0,1,2,867,right_to_left,Wellington P FC,1,False,False,False,finish,2,low_block,8,20.44,17.78,2,half_space_left,3,attacking_third,False,10.4,18.62,2,half_space_left,2,middle_third,False,26.52,24.58,72.97,61.82,38.97,27.95,47.17,47.34
11,2011166,3533,3576,02:03.3,02:07.6,2,3,4.3,1,2,867,right_to_left,Wellington P FC,3,False,False,False,create,1,medium_block,9,10.29,18.96,2,half_space_left,2,middle_third,False,17.05,27.03,1,wide_left,2,middle_third,False,24.74,34.22,61.62,57.9,27.7,28.13,47.3,48.15
12,2011166,3576,3612,02:07.6,02:11.2,2,7,3.6,1,2,867,right_to_left,Wellington P FC,2,True,False,False,finish,2,low_block,8,17.34,27.52,1,wide_left,2,middle_third,False,19.12,33.88,1,wide_left,3,attacking_third,False,34.53,32.84,57.92,59.48,28.14,33.66,48.17,48.23
13,2011166,3712,3817,02:21.2,02:31.7,2,21,10.5,1,1,868,left_to_right,Melbourne V FC,3,True,False,False,create,1,medium_block,9,-15.1,-34.23,5,wide_right,2,middle_third,False,30.33,-12.47,4,half_space_right,3,attacking_third,False,38.87,31.64,51.9,64.52,28.85,27.67,60.15,50.73
14,2011166,3817,3856,02:31.7,02:35.6,2,31,3.9,1,2,867,right_to_left,Wellington P FC,2,False,False,False,build_up,0,high_block,10,-30.68,12.17,2,half_space_left,1,defensive_third,False,-31.73,-13.98,4,half_space_right,1,defensive_third,False,27.69,40.47,50.6,47.66,31.59,34.37,64.85,65.76
15,2011166,3856,3904,02:35.6,02:40.4,2,35,4.8,1,2,867,right_to_left,Wellington P FC,3,True,False,False,direct,6,defending_direct,15,-31.28,-14.39,4,half_space_right,1,defensive_third,False,6.56,-13.96,4,half_space_right,2,middle_third,False,40.77,45.78,47.64,56.24,34.48,30.69,65.79,61.14
16,2011166,3904,4113,02:40.4,03:01.3,2,40,20.9,1,1,868,left_to_right,Melbourne V FC,7,False,True,True,transition,4,defending_transition,11,-6.66,13.79,2,half_space_left,2,middle_third,False,35.51,25.1,1,wide_left,3,attacking_third,False,30.63,41.31,60.98,65.42,45.77,27.76,56.4,31.18
17,2011166,4113,4166,03:01.3,03:06.6,3,1,5.3,1,1,868,left_to_right,Melbourne V FC,3,False,True,True,finish,2,low_block,8,35.14,24.89,1,wide_left,3,attacking_third,False,50.28,4.61,3,center,3,attacking_third,True,41.46,31.97,65.34,71.96,28.03,21.79,31.07,28.43
18,2011166,4790,4890,04:09.0,04:19.0,4,9,10.0,1,2,867,right_to_left,Wellington P FC,4,True,False,False,create,1,medium_block,9,-3.94,-1.21,3,center,2,middle_third,False,-2.24,-22.86,5,wide_right,2,middle_third,False,32.52,46.3,41.33,56.0,27.6,33.13,40.86,56.11
19,2011166,4890,4917,04:19.0,04:21.7,4,19,2.7,1,1,868,left_to_right,Melbourne V FC,1,False,False,False,create,1,medium_block,9,0.98,23.57,1,wide_left,2,middle_third,False,-19.85,31.89,1,wide_left,1,defensive_third,False,33.26,40.66,55.92,55.97,45.9,49.93,55.99,55.75
20,2011166,4917,5057,04:21.7,04:35.7,4,21,14.0,1,1,868,left_to_right,Melbourne V FC,5,False,False,False,build_up,0,high_block,10,-20.35,32.08,1,wide_left,1,defensive_third,False,-20.69,27.72,1,wide_left,1,defensive_third,False,40.95,45.04,56.02,49.01,49.75,35.99,55.9,59.48
21,2011166,5057,5058,04:35.7,04:35.8,4,35,0.1,1,1,868,left_to_right,Melbourne V FC,0,True,False,False,create,1,medium_block,9,-19.96,27.16,1,wide_left,1,defensive_third,False,-19.96,27.16,1,wide_left,1,defensive_third,False,45.09,45.09,49.0,49.0,35.9,35.9,59.46,59.46
22,2011166,5058,5093,04:35.8,04:39.3,4,35,3.5,1,2,867,right_to_left,Wellington P FC,1,True,False,False,quick_break,3,defending_quick_break,12,19.6,-26.76,5,wide_right,3,attacking_third,False,38.79,-19.48,4,half_space_right,3,attacking_third,True,35.8,37.06,59.45,69.74,45.13,29.58,48.99,49.59
23,2011166,5093,5146,04:39.3,04:44.6,4,39,5.3,1,1,868,left_to_right,Melbourne V FC,1,True,False,True,chaotic,5,chaotic,5,-39.59,19.3,2,half_space_left,1,defensive_third,False,-34.5,6.98,3,center,1,defensive_third,False,29.11,22.21,49.61,45.81,37.09,32.32,70.19,77.19
24,2011166,5146,5156,04:44.6,04:45.6,4,44,1.0,1,2,867,right_to_left,Wellington P FC,1,True,False,True,finish,2,low_block,8,33.92,-7.13,3,center,3,attacking_third,False,27.27,-9.09,3,center,3,attacking_third,False,32.07,28.88,77.05,75.6,21.99,19.24,45.73,45.01
25,2011166,5156,5286,04:45.6,04:58.6,4,45,13.0,1,1,868,left_to_right,Melbourne V FC,2,False,False,True,transition,4,defending_transition,11,-26.58,9.49,2,half_space_left,1,defensive_third,False,43.68,-6.53,3,center,3,attacking_third,True,18.86,33.33,44.87,78.67,28.37,16.75,75.42,61.25
26,2011166,5286,5439,04:58.6,05:13.9,4,58,15.3,1,1,868,left_to_right,Melbourne V FC,1,True,False,False,finish,2,low_block,8,42.46,-6.82,3,center,3,attacking_third,True,51.09,2.64,3,center,3,attacking_third,True,33.22,29.71,78.5,71.81,16.69,20.66,61.1,42.06
27,2011166,5768,5818,05:46.8,05:51.8,5,46,5.0,1,2,867,right_to_left,Wellington P FC,1,True,False,False,direct,6,defending_direct,15,-36.68,10.77,2,half_space_left,1,defensive_third,False,0.46,21.09,1,wide_left,2,middle_third,False,23.65,23.84,56.66,53.78,21.95,22.69,42.23,47.56
28,2011166,5818,5878,05:51.8,05:57.8,5,51,6.0,1,1,868,left_to_right,Melbourne V FC,3,True,False,False,chaotic,5,chaotic,5,-0.55,-21.24,5,wide_right,2,middle_third,False,16.01,-23.06,5,wide_right,2,middle_third,False,22.7,26.33,47.68,55.35,23.94,27.71,53.73,51.72
29,2011166,6024,6034,06:12.4,06:13.4,6,12,1.0,1,2,867,right_to_left,Wellington P FC,1,False,False,False,chaotic,5,chaotic,5,-15.3,30.17,1,wide_left,2,middle_third,False,-21.68,30.11,1,wide_left,1,defensive_third,False,26.65,26.94,44.18,43.69,25.58,26.47,58.05,58.09
30,2011166,6214,6302,06:31.4,06:40.2,6,31,8.8,1,2,867,right_to_left,Wellington P FC,3,False,False,False,build_up,0,high_block,10,-39.17,-5.59,3,center,1,defensive_third,False,-20.15,-15.62,4,half_space_right,1,defensive_third,False,61.52,64.98,46.76,49.24,34.89,30.92,63.55,63.16
31,2011166,6302,6307,06:40.2,06:40.7,6,40,0.5,1,2,867,right_to_left,Wellington P FC,1,False,False,False,create,1,medium_block,9,-19.99,-15.67,4,half_space_right,1,defensive_third,False,-19.96,-15.36,4,half_space_right,1,defensive_third,False,64.89,64.37,49.27,49.27,30.83,30.4,63.08,62.72
32,2011166,6307,6452,06:40.7,06:55.2,6,40,14.5,1,2,867,right_to_left,Wellington P FC,4,False,False,False,build_up,0,high_block,10,-20.41,-14.84,4,half_space_right,1,defensive_third,False,-20.41,22.94,1,wide_left,1,defensive_third,False,64.22,57.45,49.24,43.01,30.3,25.03,62.63,71.1
33,2011166,6452,6482,06:55.2,06:58.2,6,55,3.0,1,2,867,right_to_left,Wellington P FC,1,True,False,False,create,1,medium_block,9,-19.16,23.46,1,wide_left,1,defensive_third,False,5.81,30.51,1,wide_left,2,middle_third,False,57.48,53.04,43.27,54.52,24.95,25.18,71.07,69.68
34,2011166,6482,6594,06:58.2,07:09.4,6,58,11.2,1,1,868,left_to_right,Melbourne V FC,3,False,False,False,create,1,medium_block,9,-6.09,-30.59,5,wide_right,2,middle_third,False,25.28,-30.25,5,wide_right,3,attacking_third,False,25.48,33.85,69.61,62.19,52.81,31.3,54.91,52.41
35,2011166,6594,6634,07:09.4,07:13.4,7,9,4.0,1,1,868,left_to_right,Melbourne V FC,1,False,False,False,finish,2,low_block,8,25.83,-30.27,5,wide_right,3,attacking_third,False,40.21,-8.04,3,center,3,attacking_third,True,33.96,31.35,62.6,73.93,30.97,21.54,52.39,46.64
36,2011166,6688,6698,07:18.8,07:19.8,7,18,1.0,1,1,868,left_to_right,Melbourne V FC,1,False,False,False,set_play,7,defending_set_play,13,49.8,1.44,3,center,3,attacking_third,True,40.32,16.99,2,half_space_left,3,attacking_third,True,42.81,44.96,73.15,72.05,19.39,19.64,35.58,34.02
37,2011166,6796,6806,07:29.6,07:30.6,7,29,1.0,1,1,868,left_to_right,Melbourne V FC,1,False,False,False,set_play,7,defending_set_play,13,44.34,10.9,2,half_space_left,3,attacking_third,True,52.53,-2.49,3,center,3,attacking_third,False,37.97,35.15,70.21,72.06,25.35,22.21,23.25,20.03
38,2011166,7008,7043,07:50.8,07:54.3,7,50,3.5,1,1,868,left_to_right,Melbourne V FC,1,True,False,False,set_play,7,defending_set_play,13,53.5,-26.82,5,wide_right,3,attacking_third,False,41.88,-14.53,4,half_space_right,3,attacking_third,True,40.95,34.29,74.65,68.77,19.33,21.56,8.99,10.58
39,2011166,7043,7084,07:54.3,07:58.4,7,54,4.1,1,2,867,right_to_left,Wellington P FC,1,True,False,False,chaotic,5,chaotic,5,-41.24,15.29,2,half_space_left,1,defensive_third,False,-15.14,23.79,1,wide_left,2,middle_third,False,21.79,27.62,10.69,30.23,34.12,22.79,68.36,62.95
40,2011166,7084,7096,07:58.4,07:59.6,7,58,1.2,1,1,868,left_to_right,Melbourne V FC,1,False,False,False,finish,2,low_block,8,14.34,-23.9,5,wide_right,2,middle_third,False,7.12,-25.06,5,wide_right,2,middle_third,False,22.76,22.56,62.97,62.06,27.58,27.81,30.73,35.1
41,2011166,7096,7222,07:59.6,08:12.2,7,59,12.6,1,1,868,left_to_right,Melbourne V FC,5,False,False,False,create,1,medium_block,9,5.94,-24.79,5,wide_right,2,middle_third,False,12.59,-31.83,5,wide_right,2,middle_third,False,22.52,48.28,61.86,57.85,28.02,36.58,35.45,43.55
42,2011166,7222,7255,08:12.2,08:15.5,8,12,3.3,1,1,868,left_to_right,Melbourne V FC,1,False,False,False,finish,2,low_block,8,12.32,-31.26,5,wide_right,2,middle_third,False,6.59,-22.66,5,wide_right,2,middle_third,False,48.11,49.78,58.1,60.28,36.66,35.64,43.52,42.63
43,2011166,7255,7329,08:15.5,08:22.9,8,15,7.4,1,1,868,left_to_right,Melbourne V FC,3,False,False,False,create,1,medium_block,9,5.86,-22.27,5,wide_right,2,middle_third,False,13.57,29.46,1,wide_left,2,middle_third,False,50.01,59.36,60.29,61.29,35.7,36.86,42.59,47.33
44,2011166,7329,7383,08:22.9,08:28.3,8,22,5.4,1,1,868,left_to_right,Melbourne V FC,1,False,False,False,finish,2,low_block,8,14.02,29.65,1,wide_left,2,middle_third,False,6.29,26.31,1,wide_left,2,middle_third,False,59.31,51.14,61.47,63.28,37.06,37.18,47.35,45.31
45,2011166,7383,7464,08:28.3,08:36.4,8,28,8.1,1,1,868,left_to_right,Melbourne V FC,4,False,False,False,create,1,medium_block,9,5.51,25.87,1,wide_left,2,middle_third,False,12.23,-25.1,5,wide_right,2,middle_third,False,51.15,44.13,63.1,60.0,37.09,29.45,45.44,48.28
46,2011166,7464,7624,08:36.4,08:52.4,8,36,16.0,1,1,868,left_to_right,Melbourne V FC,5,False,False,False,finish,2,low_block,8,12.9,-25.39,5,wide_right,2,middle_third,False,5.36,-24.05,5,wide_right,2,middle_third,False,43.94,37.23,60.31,60.33,29.31,34.54,48.33,35.56
47,2011166,7624,7635,08:52.4,08:53.5,8,52,1.1,1,1,868,left_to_right,Melbourne V FC,1,False,False,False,create,1,medium_block,9,5.1,-23.96,5,wide_right,2,middle_third,False,4.96,-23.89,5,wide_right,2,middle_third,False,37.5,39.94,60.15,58.24,34.56,34.93,35.74,37.4
48,2011166,7635,7680,08:53.5,08:58.0,8,53,4.5,1,1,868,left_to_right,Melbourne V FC,3,True,False,False,finish,2,low_block,8,5.41,-23.83,5,wide_right,2,middle_third,False,34.57,-13.43,4,half_space_right,3,attacking_third,False,40.14,36.64,58.04,68.34,34.97,27.01,37.54,42.44
49,2011166,7680,7740,08:58.0,09:04.0,8,58,6.0,1,2,867,right_to_left,Wellington P FC,2,True,False,False,chaotic,5,chaotic,5,-35.39,12.53,2,half_space_left,1,defensive_third,False,-21.04,32.96,1,wide_left,1,defensive_third,False,26.9,40.62,42.51,44.78,36.38,35.28,68.8,66.26
50,2011166,7918,7940,09:21.8,09:24.0,9,21,2.2,1,1,868,left_to_right,Melbourne V FC,2,True,False,False,chaotic,5,chaotic,5,22.6,-34.62,5,wide_right,3,attacking_third,False,27.37,-31.29,5,wide_right,3,attacking_third,False,36.28,34.45,66.67,63.91,30.14,32.01,42.06,41.42
51,2011166,7940,8135,09:24.0,09:43.5,9,24,19.5,1,2,867,right_to_left,Wellington P FC,8,False,True,True,build_up,0,high_block,10,-27.49,31.04,1,wide_left,1,defensive_third,False,-20.07,4.43,3,center,1,defensive_third,False,32.1,57.15,41.39,40.3,34.42,29.83,63.74,66.51
52,2011166,8135,8192,09:43.5,09:49.2,9,43,5.7,1,2,867,right_to_left,Wellington P FC,1,False,True,True,create,1,medium_block,9,-19.12,4.64,3,center,1,defensive_third,False,22.49,18.05,2,half_space_left,3,attacking_third,False,57.15,38.85,40.12,65.09,29.39,28.46,66.34,65.83
53,2011166,8192,8242,09:49.2,09:54.2,9,49,5.0,1,2,867,right_to_left,Wellington P FC,4,False,True,True,finish,2,low_block,8,23.11,17.87,2,half_space_left,3,attacking_third,False,53.81,4.47,3,center,3,attacking_third,False,38.37,21.3,65.5,88.53,28.52,30.66,65.7,55.37
54,2011166,8852,9264,10:55.2,11:36.4,10,55,41.2,1,1,868,left_to_right,Melbourne V FC,8,False,False,False,create,1,medium_block,9,-7.89,-7.59,3,center,2,middle_third,False,14.82,31.75,1,wide_left,2,middle_third,False,47.16,56.28,44.43,62.46,36.0,33.51,43.38,54.35
55,2011166,9264,9281,11:36.4,11:38.1,11,36,1.7,1,1,868,left_to_right,Melbourne V FC,1,False,False,False,finish,2,low_block,8,14.62,31.93,1,wide_left,2,middle_third,False,6.01,31.59,1,wide_left,2,middle_third,False,56.1,51.98,62.6,62.36,33.86,36.86,54.38,54.75
56,2011166,9281,9467,11:38.1,11:56.7,11,38,18.6,1,1,868,left_to_right,Melbourne V FC,5,False,False,False,create,1,medium_block,9,5.25,31.48,1,wide_left,2,middle_third,False,16.14,-8.45,3,center,2,middle_third,False,51.75,50.84,62.18,58.37,36.85,26.69,54.76,49.22
57,2011166,9467,9504,11:56.7,12:00.4,11,56,3.7,1,1,868,left_to_right,Melbourne V FC,1,True,False,False,finish,2,low_block,8,16.61,-8.64,3,center,2,middle_third,False,37.68,-22.21,5,wide_right,3,attacking_third,False,50.44,39.22,58.75,68.8,26.62,25.67,49.3,46.11
58,2011166,9504,9559,12:00.4,12:05.9,12,0,5.5,1,2,867,right_to_left,Wellington P FC,2,False,False,False,build_up,0,high_block,10,-38.19,22.52,1,wide_left,1,defensive_third,False,-20.22,26.19,1,wide_left,1,defensive_third,False,25.95,38.84,45.97,39.86,38.83,34.14,69.02,62.57
59,2011166,9559,9585,12:05.9,12:08.5,12,5,2.6,1,2,867,right_to_left,Wellington P FC,1,True,False,False,create,1,medium_block,9,-19.7,26.17,1,wide_left,1,defensive_third,False,-8.61,18.57,2,half_space_left,2,middle_third,False,38.88,43.9,39.63,47.2,33.86,27.02,62.36,55.11
60,2011166,9585,9595,12:08.5,12:09.5,12,8,1.0,1,1,868,left_to_right,Melbourne V FC,1,True,False,False,chaotic,5,chaotic,5,8.43,-18.17,4,half_space_right,2,middle_third,False,16.2,-16.74,4,half_space_right,2,middle_third,False,26.99,26.35,54.87,53.73,44.0,44.13,47.41,48.75
61,2011166,9784,9807,12:28.4,12:30.7,12,28,2.3,1,2,867,right_to_left,Wellington P FC,2,True,False,False,create,1,medium_block,9,,,2,half_space_left,2,middle_third,False,3.43,16.66,2,half_space_left,2,middle_third,False,,54.5,,42.78,,30.29,,54.12
62,2011166,9994,10016,12:49.4,12:51.6,12,49,2.2,1,1,868,left_to_right,Melbourne V FC,1,True,False,False,chaotic,5,chaotic,5,-3.3,-34.73,5,wide_right,2,middle_third,False,13.63,-29.61,5,wide_right,2,middle_third,False,32.32,30.11,55.68,56.88,29.59,28.83,53.51,53.21
63,2011166,10016,10186,12:51.6,13:08.6,12,51,17.0,1,2,867,right_to_left,Wellington P FC,5,True,False,False,create,1,medium_block,9,-13.89,29.24,1,wide_left,2,middle_third,False,16.37,-25.77,5,wide_right,2,middle_third,False,28.8,60.1,53.18,56.0,29.97,34.97,56.88,47.58
64,2011166,10186,10234,13:08.6,13:13.4,13,8,4.8,1,1,868,left_to_right,Melbourne V FC,3,False,False,True,create,1,medium_block,9,-16.63,25.8,1,wide_left,2,middle_third,False,-19.27,11.74,2,half_space_left,1,defensive_third,False,34.85,46.78,47.52,47.93,59.84,44.22,56.02,54.16
65,2011166,10234,10309,13:13.4,13:20.9,13,13,7.5,1,1,868,left_to_right,Melbourne V FC,3,False,False,True,build_up,0,high_block,10,-20.03,12.63,2,half_space_left,1,defensive_third,False,-20.01,14.1,2,half_space_left,1,defensive_third,False,47.18,58.03,47.96,50.72,44.09,33.39,54.21,52.98
66,2011166,10309,10406,13:20.9,13:30.6,13,20,9.7,1,1,868,left_to_right,Melbourne V FC,5,False,False,True,create,1,medium_block,9,-19.78,14.3,2,half_space_left,1,defensive_third,False,17.04,17.62,2,half_space_left,2,middle_third,False,58.12,50.03,50.73,57.96,33.36,32.76,53.0,53.57
67,2011166,10406,10552,13:30.6,13:45.2,13,30,14.6,1,1,868,left_to_right,Melbourne V FC,4,True,False,True,finish,2,low_block,8,17.33,17.15,2,half_space_left,2,middle_third,False,27.86,1.64,3,center,3,attacking_third,False,49.75,43.87,58.2,62.24,32.58,26.34,53.61,25.12
68,2011166,10552,10583,13:45.2,13:48.3,13,45,3.1,1,2,867,right_to_left,Wellington P FC,2,False,False,False,build_up,0,high_block,10,-27.91,-1.54,3,center,1,defensive_third,False,-20.32,10.0,2,half_space_left,1,defensive_third,False,26.25,30.88,25.21,33.98,43.63,31.58,62.2,58.91
69,2011166,10583,10606,13:48.3,13:50.6,13,48,2.3,1,2,867,right_to_left,Wellington P FC,1,False,False,False,create,1,medium_block,9,-19.94,10.27,2,half_space_left,1,defensive_third,False,-19.8,21.16,1,wide_left,1,defensive_third,False,31.34,40.98,34.35,40.26,31.23,26.82,58.63,53.26
70,2011166,10606,10690,13:50.6,13:59.0,13,50,8.4,1,2,867,right_to_left,Wellington P FC,3,False,False,False,build_up,0,high_block,10,-20.24,21.7,1,wide_left,1,defensive_third,False,-20.65,-21.98,5,wide_right,1,defensive_third,False,41.43,60.02,40.45,46.32,26.86,40.74,53.27,65.57
71,2011166,10690,10715,13:59.0,14:01.5,13,59,2.5,1,2,867,right_to_left,Wellington P FC,1,False,False,False,create,1,medium_block,9,-19.17,-23.07,5,wide_right,1,defensive_third,False,-18.54,-25.75,5,wide_right,1,defensive_third,False,59.87,51.64,46.33,45.19,40.97,39.47,65.36,62.66
72,2011166,10988,11103,14:28.8,14:40.3,14,28,11.5,1,2,867,right_to_left,Wellington P FC,5,False,False,False,build_up,0,high_block,10,,,2,half_space_left,2,middle_third,False,-49.06,35.82,1,wide_left,1,defensive_third,False,,62.59,,42.82,,37.54,,73.7
73,2011166,11275,11338,14:57.5,15:03.8,14,57,6.3,1,2,867,right_to_left,Wellington P FC,4,False,False,False,build_up,0,high_block,10,-43.39,34.7,1,wide_left,1,defensive_third,False,-20.03,29.72,1,wide_left,1,defensive_third,False,42.21,43.26,36.19,35.36,26.1,28.3,72.0,66.58
74,2011166,11338,11348,15:03.8,15:04.8,15,3,1.0,1,2,867,right_to_left,Wellington P FC,1,True,False,False,create,1,medium_block,9,-19.21,29.9,1,wide_left,1,defensive_third,False,-14.13,30.0,1,wide_left,2,middle_third,False,43.26,41.94,35.69,39.39,28.38,28.96,66.49,65.64
75,2011166,11348,11373,15:04.8,15:07.3,15,4,2.5,1,1,868,left_to_right,Melbourne V FC,2,False,False,False,finish,2,low_block,8,14.17,-29.6,5,wide_right,2,middle_third,False,13.85,-17.26,4,half_space_right,2,middle_third,False,29.01,29.61,65.53,60.32,41.61,46.25,39.77,46.47
76,2011166,11373,11397,15:07.3,15:09.7,15,7,2.4,1,1,868,left_to_right,Melbourne V FC,2,True,False,False,create,1,medium_block,9,14.61,-16.81,4,half_space_right,2,middle_third,False,27.41,-17.19,4,half_space_right,3,attacking_third,False,29.64,32.6,60.03,59.37,46.31,44.05,46.64,48.11
77,2011166,11397,11437,15:09.7,15:13.7,15,9,4.0,1,2,867,right_to_left,Wellington P FC,1,False,False,False,chaotic,5,chaotic,5,-28.12,16.81,2,half_space_left,1,defensive_third,False,-49.01,34.15,1,wide_left,1,defensive_third,False,43.89,37.46,48.18,46.88,32.67,31.11,59.62,77.68
78,2011166,11634,11681,15:33.4,15:38.1,15,33,4.7,1,2,867,right_to_left,Wellington P FC,3,True,False,False,chaotic,5,chaotic,5,-36.79,33.22,1,wide_left,1,defensive_third,False,-45.78,33.22,1,wide_left,1,defensive_third,False,40.12,37.5,33.9,32.46,26.46,27.43,67.15,70.32
79,2011166,11681,11776,15:38.1,15:47.6,15,38,9.5,1,1,868,left_to_right,Melbourne V FC,2,True,False,False,finish,2,low_block,8,46.06,-33.28,5,wide_right,3,attacking_third,False,42.61,-34.95,5,wide_right,3,attacking_third,False,27.43,30.69,70.51,63.84,37.34,38.48,32.19,19.14
80,2011166,11890,11906,15:59.0,16:00.6,15,59,1.6,1,2,867,right_to_left,Wellington P FC,1,True,False,False,chaotic,5,chaotic,5,-34.9,34.26,1,wide_left,1,defensive_third,False,-28.89,33.02,1,wide_left,1,defensive_third,False,44.16,43.79,33.91,32.76,25.58,25.58,62.54,61.76
81,2011166,11906,11968,16:00.6,16:06.8,16,0,6.2,1,1,868,left_to_right,Melbourne V FC,3,True,False,False,finish,2,low_block,8,28.56,-32.99,5,wide_right,3,attacking_third,False,33.94,-19.81,4,half_space_right,3,attacking_third,False,25.65,29.73,61.68,62.41,43.73,40.36,32.67,32.13
82,2011166,12310,12337,16:41.0,16:43.7,16,41,2.7,1,2,867,right_to_left,Wellington P FC,1,True,False,False,direct,6,defending_direct,15,,,2,half_space_left,2,middle_third,False,8.41,-2.72,3,center,2,middle_third,False,,24.6,,54.81,,18.48,,45.14
83,2011166,12337,12352,16:43.7,16:45.2,16,43,1.5,1,1,868,left_to_right,Melbourne V FC,1,True,False,False,chaotic,5,chaotic,5,-8.77,2.2,3,center,2,middle_third,False,4.77,-4.53,3,center,2,middle_third,False,18.4,18.63,45.43,49.43,24.56,24.99,54.97,56.06
84,2011166,12352,12359,16:45.2,16:45.9,16,45,0.7,1,2,867,right_to_left,Wellington P FC,1,True,False,False,chaotic,5,chaotic,5,-5.25,5.0,3,center,2,middle_third,False,-5.22,7.22,3,center,2,middle_third,False,25.15,26.26,56.1,56.57,18.97,21.24,49.66,50.98
85,2011166,12359,12391,16:45.9,16:49.1,16,45,3.2,1,1,868,left_to_right,Melbourne V FC,1,False,False,False,create,1,medium_block,9,5.51,-7.71,3,center,2,middle_third,False,18.07,-26.64,5,wide_right,3,attacking_third,False,21.65,35.24,51.19,61.17,26.44,26.18,56.65,58.65
86,2011166,12391,12449,16:49.1,16:54.9,16,49,5.8,1,1,868,left_to_right,Melbourne V FC,1,True,False,False,finish,2,low_block,8,18.41,-26.81,5,wide_right,3,attacking_third,False,43.01,-13.65,4,half_space_right,3,attacking_third,True,35.51,21.68,61.57,74.0,25.94,15.65,58.66,46.29
87,2011166,12449,12498,16:54.9,16:59.8,16,54,4.9,1,2,867,right_to_left,Wellington P FC,2,True,False,False,chaotic,5,chaotic,5,-42.86,13.13,2,half_space_left,1,defensive_third,False,-31.3,15.95,2,half_space_left,1,defensive_third,False,15.31,21.77,46.02,37.05,21.57,23.72,73.96,65.45
88,2011166,12498,12509,16:59.8,17:00.9,16,59,1.1,1,1,868,left_to_right,Melbourne V FC,1,True,False,False,chaotic,5,chaotic,5,31.36,-16.14,4,half_space_right,3,attacking_third,False,35.82,-15.16,4,half_space_right,3,attacking_third,False,23.9,24.78,65.32,65.03,21.75,20.21,36.86,34.88
89,2011166,12509,12561,17:00.9,17:06.1,17,0,5.2,1,2,867,right_to_left,Wellington P FC,2,True,False,False,chaotic,5,chaotic,5,-36.32,14.61,2,half_space_left,1,defensive_third,False,-6.6,4.15,3,center,2,middle_third,False,20.0,23.55,34.73,39.91,24.8,23.77,65.07,62.26
90,2011166,12561,12593,17:06.1,17:09.3,17,6,3.2,1,1,868,left_to_right,Melbourne V FC,2,False,False,False,finish,2,low_block,8,6.45,-3.89,3,center,2,middle_third,False,11.32,12.95,2,half_space_left,2,middle_third,False,23.85,29.66,62.01,58.36,23.67,25.98,40.18,45.16
91,2011166,12593,12629,17:09.3,17:12.9,17,9,3.6,1,1,868,left_to_right,Melbourne V FC,1,False,False,False,create,1,medium_block,9,11.08,13.23,2,half_space_left,2,middle_third,False,13.58,29.72,1,wide_left,2,middle_third,False,30.07,43.17,58.28,59.59,26.12,38.51,45.09,45.08
92,2011166,12629,12650,17:12.9,17:15.0,17,12,2.1,1,1,868,left_to_right,Melbourne V FC,1,False,False,False,finish,2,low_block,8,13.73,30.02,1,wide_left,2,middle_third,False,11.31,29.74,1,wide_left,2,middle_third,False,43.35,44.29,59.72,59.77,38.77,38.44,45.13,45.61
93,2011166,12650,12779,17:15.0,17:27.9,17,15,12.9,1,1,868,left_to_right,Melbourne V FC,6,False,False,False,create,1,medium_block,9,11.07,29.66,1,wide_left,2,middle_third,False,17.34,-29.1,5,wide_right,2,middle_third,False,44.62,44.54,59.61,59.86,38.3,35.24,45.67,53.46
94,2011166,12838,12842,17:33.8,17:34.2,17,33,0.4,1,1,868,left_to_right,Melbourne V FC,1,False,False,False,finish,2,low_block,8,9.87,-27.31,5,wide_right,2,middle_third,False,6.35,-26.47,5,wide_right,2,middle_third,False,40.38,40.55,62.7,62.28,33.93,33.98,49.46,49.26
95,2011166,12842,13020,17:34.2,17:52.0,17,34,17.8,1,1,868,left_to_right,Melbourne V FC,4,True,False,False,create,1,medium_block,9,5.16,-26.05,5,wide_right,2,middle_third,False,37.03,28.74,1,wide_left,3,attacking_third,False,40.67,48.38,62.14,70.41,34.01,34.13,49.14,52.27
96,2011166,13020,13068,17:52.0,17:56.8,17,52,4.8,1,2,867,right_to_left,Wellington P FC,1,True,False,False,chaotic,5,chaotic,5,-37.78,-28.75,5,wide_right,1,defensive_third,False,-14.23,-31.17,5,wide_right,2,middle_third,False,34.11,35.56,52.43,50.45,48.19,43.56,71.01,72.98
97,2011166,13068,13219,17:56.8,18:11.9,17,56,15.1,1,1,868,left_to_right,Melbourne V FC,5,False,False,False,finish,2,low_block,8,13.91,31.13,1,wide_left,2,middle_third,False,6.55,26.87,1,wide_left,2,middle_third,False,43.44,50.01,72.76,61.57,35.82,34.71,50.27,40.19
98,2011166,13219,13318,18:11.9,18:21.8,18,11,9.9,1,1,868,left_to_right,Melbourne V FC,1,False,False,False,create,1,medium_block,9,5.13,26.85,1,wide_left,2,middle_third,False,13.59,26.32,1,wide_left,2,middle_third,False,50.2,58.58,61.46,54.45,34.75,33.01,40.23,39.09
99,2011166,13318,13364,18:21.8,18:26.4,18,21,4.6,1,1,868,left_to_right,Melbourne V FC,2,False,False,False,finish,2,low_block,8,14.25,27.19,1,wide_left,2,middle_third,False,32.25,22.34,1,wide_left,3,attacking_third,False,58.44,42.32,54.58,65.64,32.85,28.86,39.12,39.49
100,2011166,13722,13766,19:02.2,19:06.6,19,2,4.4,1,1,868,left_to_right,Melbourne V FC,2,False,False,False,create,1,medium_block,9,6.47,31.3,1,wide_left,2,middle_third,False,-18.95,20.38,1,wide_left,1,defensive_third,False,40.46,45.37,59.06,54.66,35.84,34.43,51.61,53.4
101,2011166,13766,13835,19:06.6,19:13.5,19,6,6.9,1,1,868,left_to_right,Melbourne V FC,2,False,False,False,build_up,0,high_block,10,-20.22,19.42,2,half_space_left,1,defensive_third,False,-20.65,27.4,1,wide_left,1,defensive_third,False,45.49,61.22,54.56,48.51,34.45,35.89,53.65,61.54
102,2011166,13835,13902,19:13.5,19:20.2,19,13,6.7,1,1,868,left_to_right,Melbourne V FC,3,False,False,False,create,1,medium_block,9,-19.47,27.98,1,wide_left,1,defensive_third,False,-18.57,29.45,1,wide_left,1,defensive_third,False,61.11,52.54,48.61,51.94,35.83,36.89,61.39,59.88
103,2011166,13961,14089,19:26.1,19:38.9,19,26,12.8,1,1,868,left_to_right,Melbourne V FC,4,False,False,False,create,1,medium_block,9,-25.4,14.91,2,half_space_left,1,defensive_third,False,25.51,-29.83,5,wide_right,3,attacking_third,False,54.07,44.35,48.79,57.94,36.81,40.17,57.32,50.33
104,2011166,14089,14137,19:38.9,19:43.7,19,38,4.8,1,1,868,left_to_right,Melbourne V FC,1,True,False,False,finish,2,low_block,8,26.33,-30.17,5,wide_right,3,attacking_third,False,45.01,-30.16,5,wide_right,3,attacking_third,False,44.17,41.87,58.19,74.64,40.33,37.81,50.34,47.57
105,2011166,14308,14369,20:00.8,20:06.9,20,0,6.1,1,2,867,right_to_left,Wellington P FC,3,True,False,False,chaotic,5,chaotic,5,-38.58,34.38,1,wide_left,1,defensive_third,False,11.07,-5.88,3,center,2,middle_third,False,41.61,46.33,40.02,48.42,24.67,29.8,69.62,63.63
106,2011166,14369,14384,20:06.9,20:08.4,20,6,1.5,1,1,868,left_to_right,Melbourne V FC,1,False,False,False,create,1,medium_block,9,-11.71,6.42,3,center,2,middle_third,False,-19.59,13.06,2,half_space_left,1,defensive_third,False,30.24,36.81,63.47,60.52,46.34,46.49,48.88,53.3
107,2011166,14384,14428,20:08.4,20:12.8,20,8,4.4,1,1,868,left_to_right,Melbourne V FC,1,False,False,False,build_up,0,high_block,10,-20.03,13.56,2,half_space_left,1,defensive_third,False,-28.76,15.87,2,half_space_left,1,defensive_third,False,37.35,61.47,60.28,52.09,46.49,43.74,53.5,61.66
108,2011166,14428,14454,20:12.8,20:15.4,20,12,2.6,1,1,868,left_to_right,Melbourne V FC,1,True,False,False,direct,6,defending_direct,15,-27.31,15.36,2,half_space_left,1,defensive_third,False,6.96,0.94,3,center,2,middle_third,False,61.73,60.34,51.85,52.12,43.4,36.46,61.78,60.64
109,2011166,14454,14464,20:15.4,20:16.4,20,15,1.0,1,2,867,right_to_left,Wellington P FC,1,True,False,False,chaotic,5,chaotic,5,-7.33,-0.83,3,center,2,middle_third,False,1.17,-2.36,3,center,2,middle_third,False,36.17,32.62,60.44,57.76,59.97,58.75,52.11,51.99
110,2011166,14603,14692,20:30.3,20:39.2,20,30,8.9,1,1,868,left_to_right,Melbourne V FC,3,False,False,False,create,1,medium_block,9,-7.84,-5.41,3,center,2,middle_third,False,13.53,26.97,1,wide_left,2,middle_third,False,51.86,49.26,49.19,55.8,34.69,30.52,45.31,47.67
111,2011166,14692,14710,20:39.2,20:41.0,20,39,1.8,1,1,868,left_to_right,Melbourne V FC,1,False,False,False,finish,2,low_block,8,13.6,26.66,1,wide_left,2,middle_third,False,7.59,20.89,1,wide_left,2,middle_third,False,48.99,46.16,55.97,56.69,30.36,27.48,47.67,47.15
112,2011166,14710,14756,20:41.0,20:45.6,20,41,4.6,1,1,868,left_to_right,Melbourne V FC,1,False,False,False,create,1,medium_block,9,5.97,20.98,1,wide_left,2,middle_third,False,16.62,27.74,1,wide_left,2,middle_third,False,46.22,54.07,56.6,55.78,27.42,28.78,47.16,38.46
113,2011166,14756,14912,20:45.6,21:01.2,20,45,15.6,1,1,868,left_to_right,Melbourne V FC,2,True,False,False,finish,2,low_block,8,17.22,28.04,1,wide_left,2,middle_third,False,51.38,-12.87,4,half_space_right,3,attacking_third,True,53.83,39.8,56.03,76.76,28.81,30.23,38.55,33.73
114,2011166,14912,14929,21:01.2,21:02.9,21,1,1.7,1,2,867,right_to_left,Wellington P FC,1,True,False,False,chaotic,5,chaotic,5,-51.39,12.58,2,half_space_left,1,defensive_third,False,-52.61,18.99,2,half_space_left,1,defensive_third,False,30.24,29.99,33.53,33.12,39.46,35.33,76.58,72.28
115,2011166,15233,15433,21:33.3,21:53.3,21,33,20.0,1,1,868,left_to_right,Melbourne V FC,6,False,False,False,set_play,7,defending_set_play,13,52.66,-28.61,5,wide_right,3,attacking_third,False,23.31,-4.37,3,center,3,attacking_third,False,39.71,43.17,71.2,57.86,20.58,26.39,11.24,31.38
116,2011166,15433,15457,21:53.3,21:55.7,21,53,2.4,1,1,868,left_to_right,Melbourne V FC,1,False,False,False,finish,2,low_block,8,23.76,-3.88,3,center,3,attacking_third,False,44.33,8.79,3,center,3,attacking_third,True,42.8,31.26,58.4,69.93,26.34,21.83,31.47,31.75
117,2011166,15780,15790,22:28.0,22:29.0,22,28,1.0,1,1,868,left_to_right,Melbourne V FC,1,False,False,False,set_play,7,defending_set_play,13,51.4,31.54,1,wide_left,3,attacking_third,False,48.13,13.53,2,half_space_left,3,attacking_third,True,38.79,38.04,70.29,69.63,16.48,16.91,11.43,10.65
118,2011166,16019,16025,22:51.9,22:52.5,22,51,0.6,1,1,868,left_to_right,Melbourne V FC,1,False,False,False,create,1,medium_block,9,,,2,half_space_left,2,middle_third,False,,,2,half_space_left,2,middle_third,False,,,,,,,,
119,2011166,16025,16056,22:52.5,22:55.6,22,52,3.1,1,1,868,left_to_right,Melbourne V FC,2,True,False,False,finish,2,low_block,8,32.29,-30.91,5,wide_right,3,attacking_third,False,30.08,-29.6,5,wide_right,3,attacking_third,False,37.16,32.94,64.57,63.35,32.15,34.96,37.11,39.12
120,2011166,16056,16112,22:55.6,23:01.2,22,55,5.6,1,2,867,right_to_left,Wellington P FC,4,True,False,False,build_up,0,high_block,10,-30.12,29.81,1,wide_left,1,defensive_third,False,-40.27,35.54,1,wide_left,1,defensive_third,False,35.05,38.49,39.14,38.5,32.8,35.44,63.3,66.25
121,2011166,16148,16182,23:04.8,23:08.2,23,4,3.4,1,1,868,left_to_right,Melbourne V FC,3,True,False,False,chaotic,5,chaotic,5,39.58,-31.92,5,wide_right,3,attacking_third,False,36.51,-24.31,5,wide_right,3,attacking_third,False,36.26,35.93,69.23,67.3,34.32,35.64,36.84,36.45
122,2011166,16182,16192,23:08.2,23:09.2,23,8,1.0,1,2,867,right_to_left,Wellington P FC,1,True,False,False,chaotic,5,chaotic,5,-36.48,24.27,1,wide_left,1,defensive_third,False,-37.64,30.64,1,wide_left,1,defensive_third,False,35.48,34.11,36.44,36.37,36.0,36.49,67.25,67.04
123,2011166,16613,16671,23:51.3,23:57.1,23,51,5.8,1,1,868,left_to_right,Melbourne V FC,2,False,False,True,set_play,7,defending_set_play,13,41.6,-32.36,5,wide_right,3,attacking_third,False,43.82,-7.86,3,center,3,attacking_third,True,37.41,33.69,68.14,69.32,28.49,21.2,18.34,15.62
124,2011166,16915,17035,24:21.5,24:33.5,24,21,12.0,1,1,868,left_to_right,Melbourne V FC,6,True,False,True,set_play,7,defending_set_play,13,,,2,half_space_left,2,middle_third,False,50.58,1.51,3,center,3,attacking_third,True,,33.45,,66.15,,22.68,,19.69
125,2011166,17397,17439,25:09.7,25:13.9,25,9,4.2,1,2,867,right_to_left,Wellington P FC,1,True,False,False,direct,6,defending_direct,15,-28.8,7.21,3,center,1,defensive_third,False,6.31,10.44,2,half_space_left,2,middle_third,False,24.05,22.01,51.92,58.88,21.34,22.22,39.71,45.78
126,2011166,17439,17459,25:13.9,25:15.9,25,13,2.0,1,1,868,left_to_right,Melbourne V FC,1,True,False,False,chaotic,5,chaotic,5,-6.14,-10.46,4,half_space_right,2,middle_third,False,-13.45,-10.03,4,half_space_right,2,middle_third,False,22.28,24.48,45.96,49.02,22.09,23.67,58.99,59.41
127,2011166,17459,17501,25:15.9,25:20.1,25,15,4.2,1,2,867,right_to_left,Wellington P FC,2,True,False,True,quick_break,3,defending_quick_break,12,14.07,10.06,2,half_space_left,2,middle_third,False,50.79,4.7,3,center,3,attacking_third,True,23.77,24.87,59.64,78.84,24.54,27.6,49.15,50.44
128,2011166,17796,17819,25:49.6,25:51.9,25,49,2.3,1,1,868,left_to_right,Melbourne V FC,2,False,False,False,build_up,0,high_block,10,,,2,half_space_left,2,middle_third,False,-20.68,-9.67,4,half_space_right,1,defensive_third,False,,55.9,,49.19,,28.32,,60.11
129,2011166,17819,17858,25:51.9,25:55.8,25,51,3.9,1,1,868,left_to_right,Melbourne V FC,1,False,False,False,create,1,medium_block,9,-18.15,-8.08,3,center,1,defensive_third,False,12.19,24.19,1,wide_left,2,middle_third,False,55.64,48.19,49.39,59.81,28.13,30.69,59.96,57.29
130,2011166,17858,17878,25:55.8,25:57.8,25,55,2.0,1,1,868,left_to_right,Melbourne V FC,1,False,False,False,finish,2,low_block,8,12.11,24.09,1,wide_left,2,middle_third,False,6.8,19.76,2,half_space_left,2,middle_third,False,47.87,44.27,59.92,60.65,30.6,28.36,57.13,53.3
131,2011166,17878,17923,25:57.8,26:02.3,25,57,4.5,1,1,868,left_to_right,Melbourne V FC,1,False,False,False,create,1,medium_block,9,5.45,19.03,2,half_space_left,2,middle_third,False,17.2,-14.86,4,half_space_right,2,middle_third,False,44.44,54.92,60.64,57.89,28.25,35.39,53.09,47.07
132,2011166,17923,17998,26:02.3,26:09.8,26,2,7.5,1,1,868,left_to_right,Melbourne V FC,4,True,False,False,finish,2,low_block,8,17.82,-15.98,4,half_space_right,3,attacking_third,False,38.88,-14.74,4,half_space_right,3,attacking_third,True,54.79,33.57,58.22,70.59,35.86,23.36,47.09,42.96
133,2011166,17998,18041,26:09.8,26:14.1,26,9,4.3,1,2,867,right_to_left,Wellington P FC,3,False,False,False,build_up,0,high_block,10,-38.86,15.14,2,half_space_left,1,defensive_third,False,-20.0,28.99,1,wide_left,1,defensive_third,False,23.32,34.15,42.9,41.1,33.25,29.5,70.68,70.91
134,2011166,18041,18080,26:14.1,26:18.0,26,14,3.9,1,2,867,right_to_left,Wellington P FC,1,True,False,False,create,1,medium_block,9,-19.43,29.3,1,wide_left,1,defensive_third,False,6.52,14.25,2,half_space_left,2,middle_third,False,34.32,46.29,41.02,50.84,29.27,26.33,70.75,67.45
135,2011166,18282,18337,26:38.2,26:43.7,26,38,5.5,1,1,868,left_to_right,Melbourne V FC,3,True,False,False,chaotic,5,chaotic,5,19.7,-34.24,5,wide_right,3,attacking_third,False,19.82,-7.67,3,center,3,attacking_third,False,35.79,34.35,66.8,66.86,31.75,21.74,43.31,42.46
136,2011166,18657,18725,27:15.7,27:22.5,27,15,6.8,1,2,867,right_to_left,Wellington P FC,5,False,False,False,build_up,0,high_block,10,-26.03,2.98,3,center,1,defensive_third,False,-20.41,26.13,1,wide_left,1,defensive_third,False,64.42,57.43,45.66,47.63,32.09,37.19,55.05,64.09
137,2011166,18725,18835,27:22.5,27:33.5,27,22,11.0,1,2,867,right_to_left,Wellington P FC,1,False,False,False,create,1,medium_block,9,-19.78,26.54,1,wide_left,1,defensive_third,False,11.31,35.09,1,wide_left,2,middle_third,False,57.3,50.43,47.56,58.65,37.05,33.19,64.31,51.97
138,2011166,18863,18888,27:36.3,27:38.8,27,36,2.5,1,2,867,right_to_left,Wellington P FC,2,True,False,False,chaotic,5,chaotic,5,11.68,29.66,1,wide_left,2,middle_third,False,11.54,23.39,1,wide_left,2,middle_third,False,50.23,50.18,59.9,59.27,29.68,31.4,50.21,48.69
139,2011166,18888,19004,27:38.8,27:50.4,27,38,11.6,1,1,868,left_to_right,Melbourne V FC,3,True,False,False,create,1,medium_block,9,-11.65,-23.04,5,wide_right,2,middle_third,False,-16.07,-35.1,5,wide_right,2,middle_third,False,31.53,47.42,48.64,51.88,50.12,43.48,59.14,53.41
140,2011166,19209,19239,28:10.9,28:13.9,28,10,3.0,1,2,867,right_to_left,Wellington P FC,2,True,False,False,chaotic,5,chaotic,5,9.35,34.18,1,wide_left,2,middle_third,False,16.08,16.79,2,half_space_left,2,middle_third,False,49.8,46.41,55.75,66.22,27.67,25.28,46.99,46.27
141,2011166,19239,19243,28:13.9,28:14.3,28,13,0.4,1,1,868,left_to_right,Melbourne V FC,1,True,False,False,chaotic,5,chaotic,5,-15.91,-16.49,4,half_space_right,2,middle_third,False,-14.46,-15.6,4,half_space_right,2,middle_third,False,25.36,25.66,46.25,46.18,46.25,45.74,66.25,66.15
142,2011166,19243,19279,28:14.3,28:17.9,28,14,3.6,1,2,867,right_to_left,Wellington P FC,1,True,False,False,chaotic,5,chaotic,5,13.92,15.41,2,half_space_left,2,middle_third,False,3.0,-2.82,3,center,2,middle_third,False,45.56,31.42,66.06,53.64,25.81,29.99,46.15,52.67
143,2011166,19279,19325,28:17.9,28:22.5,28,17,4.6,1,1,868,left_to_right,Melbourne V FC,2,False,False,False,create,1,medium_block,9,-2.81,3.07,3,center,2,middle_third,False,16.41,22.24,1,wide_left,2,middle_third,False,29.99,41.61,53.11,64.16,30.93,36.33,53.93,56.57
144,2011166,19325,19343,28:22.5,28:24.3,28,22,1.8,1,1,868,left_to_right,Melbourne V FC,1,True,False,False,finish,2,low_block,8,16.71,22.77,1,wide_left,2,middle_third,False,17.69,30.95,1,wide_left,3,attacking_third,False,42.13,49.99,64.34,66.27,36.92,45.93,56.54,55.93
145,2011166,19343,19378,28:24.3,28:27.8,28,24,3.5,1,2,867,right_to_left,Wellington P FC,1,True,False,False,chaotic,5,chaotic,5,-17.39,-31.3,5,wide_right,2,middle_third,False,-3.61,-32.54,5,wide_right,2,middle_third,False,46.24,43.15,55.85,55.88,50.14,44.31,66.32,65.56
146,2011166,19552,19628,28:45.2,28:52.8,28,45,7.6,1,1,868,left_to_right,Melbourne V FC,2,False,False,False,create,1,medium_block,9,-1.3,31.79,1,wide_left,2,middle_third,False,7.92,-20.67,5,wide_right,2,middle_third,False,32.58,46.32,52.99,59.62,27.51,34.34,55.77,50.78
147,2011166,19628,19727,28:52.8,29:02.7,28,52,9.9,1,1,868,left_to_right,Melbourne V FC,4,False,False,False,finish,2,low_block,8,8.32,-21.02,5,wide_right,2,middle_third,False,5.68,-6.87,3,center,2,middle_third,False,46.63,43.3,59.83,63.53,34.45,32.3,50.73,40.92
148,2011166,19727,19755,29:02.7,29:05.5,29,2,2.8,1,1,868,left_to_right,Melbourne V FC,1,False,False,False,create,1,medium_block,9,5.2,-5.31,3,center,2,middle_third,False,4.76,16.85,2,half_space_left,2,middle_third,False,43.41,49.14,63.34,59.84,32.22,29.08,40.58,35.92
149,2011166,19755,19885,29:05.5,29:18.5,29,5,13.0,1,1,868,left_to_right,Melbourne V FC,2,False,False,False,finish,2,low_block,8,5.78,17.6,2,half_space_left,2,middle_third,False,7.02,25.43,1,wide_left,2,middle_third,False,49.34,38.27,59.83,65.41,28.89,31.04,35.58,37.39
150,2011166,19885,19909,29:18.5,29:20.9,29,18,2.4,1,1,868,left_to_right,Melbourne V FC,1,False,False,False,create,1,medium_block,9,5.91,25.15,1,wide_left,2,middle_third,False,4.75,24.91,1,wide_left,2,middle_third,False,38.56,47.12,65.22,61.71,31.15,33.37,37.65,41.27
151,2011166,19909,20021,29:20.9,29:32.1,29,20,11.2,1,1,868,left_to_right,Melbourne V FC,2,False,False,False,finish,2,low_block,8,5.22,25.36,1,wide_left,2,middle_third,False,42.04,13.03,2,half_space_left,3,attacking_third,True,47.42,43.09,61.58,69.42,33.6,21.45,41.26,46.37
152,2011166,20329,20339,30:02.9,30:03.9,30,2,1.0,1,1,868,left_to_right,Melbourne V FC,1,False,False,False,set_play,7,defending_set_play,13,51.67,33.16,1,wide_left,3,attacking_third,False,46.85,12.89,2,half_space_left,3,attacking_third,True,39.41,37.74,69.35,68.76,20.67,20.42,11.11,10.86
153,2011166,21143,21169,31:24.3,31:26.9,31,24,2.6,1,1,868,left_to_right,Melbourne V FC,2,True,False,False,chaotic,5,chaotic,5,47.88,-33.61,5,wide_right,3,attacking_third,False,43.93,-29.1,5,wide_right,3,attacking_third,False,38.41,37.22,72.2,71.93,26.8,29.29,19.73,23.18
154,2011166,21169,21181,31:26.9,31:28.1,31,26,1.2,1,2,867,right_to_left,Wellington P FC,1,True,False,False,chaotic,5,chaotic,5,-43.47,28.88,1,wide_left,1,defensive_third,False,-33.98,26.27,1,wide_left,1,defensive_third,False,29.35,29.86,23.43,22.91,37.16,36.4,71.82,71.05
155,2011166,21181,21265,31:28.1,31:36.5,31,28,8.4,1,1,868,left_to_right,Melbourne V FC,4,False,False,False,finish,2,low_block,8,33.53,-26.16,5,wide_right,3,attacking_third,False,-32.71,20.14,2,half_space_left,1,defensive_third,False,36.37,44.84,70.97,25.33,29.87,31.8,22.5,67.31
156,2011166,21265,21297,31:36.5,31:39.7,31,36,3.2,1,1,868,left_to_right,Melbourne V FC,1,True,False,True,quick_break,3,defending_quick_break,12,32.77,-20.4,5,wide_right,3,attacking_third,False,48.23,-5.85,3,center,3,attacking_third,True,31.58,25.29,67.3,72.67,45.06,43.58,25.57,27.93
157,2011166,21297,21642,31:39.7,32:14.2,31,39,34.5,1,2,867,right_to_left,Wellington P FC,6,False,False,False,create,1,medium_block,9,-48.87,5.39,3,center,1,defensive_third,False,22.57,28.6,1,wide_left,3,attacking_third,False,43.33,48.62,27.88,61.48,25.28,33.38,72.87,56.69
158,2011166,21642,21758,32:14.2,32:25.8,32,14,11.6,1,2,867,right_to_left,Wellington P FC,2,False,False,False,finish,2,low_block,8,23.17,28.72,1,wide_left,3,attacking_third,False,33.73,36.02,1,wide_left,3,attacking_third,False,48.64,41.05,62.0,68.3,33.66,34.85,56.69,42.43
159,2011166,21927,21967,32:42.7,32:46.7,32,42,4.0,1,2,867,right_to_left,Wellington P FC,3,True,False,False,chaotic,5,chaotic,5,32.28,33.42,1,wide_left,3,attacking_third,False,19.27,30.67,1,wide_left,3,attacking_third,False,45.74,43.8,71.32,64.92,32.05,33.62,34.86,37.09
160,2011166,21967,22036,32:46.7,32:53.6,32,46,6.9,1,1,868,left_to_right,Melbourne V FC,2,False,False,True,create,1,medium_block,9,-18.52,-30.74,5,wide_right,1,defensive_third,False,26.22,-0.46,3,center,3,attacking_third,False,33.7,28.77,37.23,66.42,43.71,30.71,64.79,62.05
161,2011166,22036,22055,32:53.6,32:55.5,32,53,1.9,1,1,868,left_to_right,Melbourne V FC,1,True,False,True,finish,2,low_block,8,26.65,0.24,3,center,3,attacking_third,False,40.53,6.35,3,center,3,attacking_third,True,28.88,29.62,66.9,74.89,30.36,29.11,61.9,57.83
162,2011166,22055,22065,32:55.5,32:56.5,32,55,1.0,1,2,867,right_to_left,Wellington P FC,1,True,False,False,chaotic,5,chaotic,5,-41.85,-5.61,3,center,1,defensive_third,False,-51.56,5.39,3,center,1,defensive_third,False,29.45,31.51,57.58,54.66,29.58,28.82,75.37,79.81
163,2011166,22430,22482,33:33.0,33:38.2,33,33,5.2,1,1,868,left_to_right,Melbourne V FC,2,False,False,True,set_play,7,defending_set_play,13,52.53,-25.76,5,wide_right,3,attacking_third,False,49.03,2.67,3,center,3,attacking_third,True,43.64,45.22,73.0,65.89,17.03,27.26,10.38,12.76
164,2011166,22635,22641,33:53.5,33:54.1,33,53,0.6,1,1,868,left_to_right,Melbourne V FC,1,False,False,False,create,1,medium_block,9,,,2,half_space_left,2,middle_third,False,,,2,half_space_left,2,middle_third,False,,,,,,,,
165,2011166,22641,22827,33:54.1,34:12.7,33,54,18.6,1,1,868,left_to_right,Melbourne V FC,5,True,False,False,finish,2,low_block,8,19.49,14.25,2,half_space_left,3,attacking_third,False,40.77,-21.09,5,wide_right,3,attacking_third,False,52.27,48.5,57.7,62.65,29.36,27.01,30.47,34.61
166,2011166,22827,22862,34:12.7,34:16.2,34,12,3.5,1,2,867,right_to_left,Wellington P FC,1,False,False,False,chaotic,5,chaotic,5,-41.44,20.82,1,wide_left,1,defensive_third,False,-57.24,14.77,2,half_space_left,1,defensive_third,False,26.67,26.12,34.61,39.08,48.26,40.65,62.92,74.62
167,2011166,23164,23204,34:46.4,34:50.4,34,46,4.0,1,2,867,right_to_left,Wellington P FC,1,False,False,False,direct,6,defending_direct,15,,,2,half_space_left,2,middle_third,False,4.34,10.18,2,half_space_left,2,middle_third,False,,23.98,,56.86,,23.05,,44.92
168,2011166,23204,23259,34:50.4,34:55.9,34,50,5.5,1,2,867,right_to_left,Wellington P FC,2,True,False,False,create,1,medium_block,9,4.05,10.21,2,half_space_left,2,middle_third,False,15.08,-9.18,4,half_space_right,2,middle_third,False,24.03,31.4,56.88,52.7,23.2,28.55,45.06,43.92
169,2011166,23259,23263,34:55.9,34:56.3,34,55,0.4,1,1,868,left_to_right,Melbourne V FC,1,False,False,True,create,1,medium_block,9,-16.3,9.84,2,half_space_left,2,middle_third,False,-19.83,11.75,2,half_space_left,1,defensive_third,False,28.86,29.9,43.96,44.15,31.6,32.1,53.09,54.31
170,2011166,23263,23330,34:56.3,35:03.0,34,56,6.7,1,1,868,left_to_right,Melbourne V FC,1,False,False,True,build_up,0,high_block,10,-20.93,12.33,2,half_space_left,1,defensive_third,False,-29.84,30.6,1,wide_left,1,defensive_third,False,30.26,46.25,44.23,49.44,32.44,43.9,54.74,69.74
171,2011166,23330,23355,35:03.0,35:05.5,35,3,2.5,1,1,868,left_to_right,Melbourne V FC,1,False,False,True,direct,6,defending_direct,15,-28.87,30.76,1,wide_left,1,defensive_third,False,13.98,18.16,2,half_space_left,2,middle_third,False,46.04,43.28,49.55,60.65,43.91,42.54,69.38,69.5
172,2011166,23355,23378,35:05.5,35:07.8,35,5,2.3,1,1,868,left_to_right,Melbourne V FC,1,False,False,True,create,1,medium_block,9,15.12,17.74,2,half_space_left,2,middle_third,False,29.99,6.69,3,center,3,attacking_third,False,43.16,39.82,61.24,72.35,42.34,36.94,69.62,71.27
173,2011166,23378,23463,35:07.8,35:16.3,35,7,8.5,1,1,868,left_to_right,Melbourne V FC,2,False,False,True,finish,2,low_block,8,30.53,6.12,3,center,3,attacking_third,False,54.96,11.47,2,half_space_left,3,attacking_third,False,39.67,29.67,72.71,84.38,36.73,18.36,71.25,56.19
174,2011166,23806,24006,35:50.6,36:10.6,35,50,20.0,1,1,868,left_to_right,Melbourne V FC,6,False,False,True,set_play,7,defending_set_play,13,51.36,32.49,1,wide_left,3,attacking_third,False,25.25,0.71,3,center,3,attacking_third,False,40.06,39.16,72.51,57.36,16.44,22.68,10.58,21.48
175,2011166,24006,24219,36:10.6,36:31.9,36,10,21.3,1,1,868,left_to_right,Melbourne V FC,6,True,False,True,finish,2,low_block,8,25.01,0.59,3,center,3,attacking_third,False,47.83,0.67,3,center,3,attacking_third,True,39.33,39.67,57.4,65.87,22.57,32.16,21.51,26.07
176,2011166,24560,24613,37:06.0,37:11.3,37,6,5.3,1,2,867,right_to_left,Wellington P FC,1,True,False,False,create,1,medium_block,9,-12.9,-12.41,4,half_space_right,2,middle_third,False,14.85,-25.62,5,wide_right,2,middle_third,False,19.49,24.99,50.97,62.86,22.78,27.2,43.55,44.84
177,2011166,24613,24619,37:11.3,37:11.9,37,11,0.6,1,1,868,left_to_right,Melbourne V FC,1,True,False,False,chaotic,5,chaotic,5,-14.67,25.59,1,wide_left,2,middle_third,False,-11.72,25.2,1,wide_left,2,middle_third,False,27.44,28.49,44.89,45.13,25.18,26.03,62.76,62.3
178,2011166,24619,24656,37:11.9,37:15.6,37,11,3.7,1,2,867,right_to_left,Wellington P FC,3,False,False,False,create,1,medium_block,9,11.07,-24.98,5,wide_right,2,middle_third,False,21.53,-12.81,4,half_space_right,3,attacking_third,False,26.19,33.76,62.21,62.84,28.65,28.02,45.17,45.37
179,2011166,24656,24741,37:15.6,37:24.1,37,15,8.5,1,2,867,right_to_left,Wellington P FC,3,True,False,False,finish,2,low_block,8,21.93,-12.24,4,half_space_right,3,attacking_third,False,41.85,-6.67,3,center,3,attacking_third,True,33.91,39.43,62.89,75.21,27.98,28.1,45.3,36.42
180,2011166,24741,24830,37:24.1,37:33.0,37,24,8.9,1,1,868,left_to_right,Melbourne V FC,1,True,False,False,transition,4,defending_transition,11,-41.69,6.16,3,center,1,defensive_third,False,15.19,27.66,1,wide_left,2,middle_third,False,28.13,38.41,36.55,54.36,39.72,41.03,74.95,63.27
181,2011166,24830,24880,37:33.0,37:38.0,37,33,5.0,1,2,867,right_to_left,Wellington P FC,2,False,False,False,chaotic,5,chaotic,5,-15.7,-27.62,5,wide_right,2,middle_third,False,-23.13,-34.23,5,wide_right,1,defensive_third,False,40.89,43.62,63.11,55.4,38.15,39.77,54.5,63.32
182,2011166,24950,24997,37:45.0,37:49.7,37,45,4.7,1,2,867,right_to_left,Wellington P FC,2,True,False,False,chaotic,5,chaotic,5,-19.05,-32.45,5,wide_right,1,defensive_third,False,-0.05,-21.11,5,wide_right,2,middle_third,False,45.7,50.85,50.27,44.47,35.11,30.84,62.75,59.26
183,2011166,24997,25041,37:49.7,37:54.1,37,49,4.4,1,1,868,left_to_right,Melbourne V FC,1,True,False,False,chaotic,5,chaotic,5,-0.3,20.73,1,wide_left,2,middle_third,False,19.42,28.93,1,wide_left,3,attacking_third,False,30.95,34.66,59.17,57.11,50.86,45.19,44.16,42.48
184,2011166,25041,25067,37:54.1,37:56.7,37,54,2.6,1,2,867,right_to_left,Wellington P FC,2,False,False,False,create,1,medium_block,9,-19.72,-28.97,5,wide_right,1,defensive_third,False,-19.72,-27.82,5,wide_right,1,defensive_third,False,45.25,49.09,42.57,46.38,34.62,32.78,57.09,55.34
185,2011166,25067,25187,37:56.7,38:08.7,37,56,12.0,1,2,867,right_to_left,Wellington P FC,3,False,False,False,build_up,0,high_block,10,-21.05,-27.4,5,wide_right,1,defensive_third,False,-20.43,28.57,1,wide_left,1,defensive_third,False,49.29,59.2,46.48,46.37,32.78,45.77,55.37,68.11
186,2011166,25187,25285,38:08.7,38:18.5,38,8,9.8,1,2,867,right_to_left,Wellington P FC,3,False,False,False,create,1,medium_block,9,-19.54,27.98,1,wide_left,1,defensive_third,False,24.72,31.49,1,wide_left,3,attacking_third,False,58.94,47.56,46.15,62.3,45.52,35.33,67.94,63.2
187,2011166,25285,25421,38:18.5,38:32.1,38,18,13.6,1,2,867,right_to_left,Wellington P FC,3,True,False,False,finish,2,low_block,8,25.63,31.52,1,wide_left,3,attacking_third,False,38.51,15.06,2,half_space_left,3,attacking_third,True,47.41,36.3,62.92,74.13,35.26,28.82,63.11,43.79
188,2011166,27095,27137,41:19.5,41:23.7,41,19,4.2,1,1,868,left_to_right,Melbourne V FC,3,False,False,False,build_up,0,high_block,10,-38.0,-3.22,3,center,1,defensive_third,False,-20.23,24.58,1,wide_left,1,defensive_third,False,51.54,54.62,38.63,45.29,42.79,32.61,70.66,65.14
189,2011166,27137,27197,41:23.7,41:29.7,41,23,6.0,1,1,868,left_to_right,Melbourne V FC,3,True,False,False,create,1,medium_block,9,-19.68,24.99,1,wide_left,1,defensive_third,False,-5.17,21.46,1,wide_left,2,middle_third,False,54.7,50.7,45.49,47.46,32.63,35.01,64.91,59.48
190,2011166,27197,27315,41:29.7,41:41.5,41,29,11.8,1,2,867,right_to_left,Wellington P FC,4,False,False,False,quick_break,3,defending_quick_break,12,5.49,-21.02,5,wide_right,2,middle_third,False,46.93,8.96,3,center,3,attacking_third,True,34.85,30.47,59.34,73.34,50.38,23.32,47.47,43.22
191,2011166,27696,27712,42:19.6,42:21.2,42,19,1.6,1,2,867,right_to_left,Wellington P FC,1,True,False,False,set_play,7,defending_set_play,13,47.8,19.36,2,half_space_left,3,attacking_third,True,52.03,-3.9,3,center,3,attacking_third,True,46.83,42.58,72.25,71.19,19.93,16.66,18.74,18.12
192,2011166,27712,27868,42:21.2,42:36.8,42,21,15.6,1,1,868,left_to_right,Melbourne V FC,2,False,False,False,build_up,0,high_block,10,-51.96,4.84,3,center,1,defensive_third,False,-20.43,-11.68,4,half_space_right,1,defensive_third,False,16.34,59.03,18.12,47.28,42.11,36.89,71.17,51.24
193,2011166,27868,27961,42:36.8,42:46.1,42,36,9.3,1,1,868,left_to_right,Melbourne V FC,3,False,False,False,create,1,medium_block,9,-19.73,-11.68,4,half_space_right,1,defensive_third,False,-11.29,-33.48,5,wide_right,2,middle_third,False,59.08,48.88,47.54,50.51,36.92,36.03,51.07,50.36
194,2011166,28085,28114,42:58.5,43:01.4,42,58,2.9,1,1,868,left_to_right,Melbourne V FC,1,True,False,False,chaotic,5,chaotic,5,-3.62,-34.39,5,wide_right,2,middle_third,False,20.07,-29.8,5,wide_right,3,attacking_third,False,34.09,32.29,50.72,54.8,26.58,28.28,54.32,52.52
195,2011166,28114,28191,43:01.4,43:09.1,43,1,7.7,1,2,867,right_to_left,Wellington P FC,2,False,False,False,build_up,0,high_block,10,-20.58,29.68,1,wide_left,1,defensive_third,False,-46.89,-2.51,3,center,1,defensive_third,False,28.49,53.06,52.54,47.45,32.24,36.88,55.2,77.67
196,2011166,28191,28222,43:09.1,43:12.2,43,9,3.1,1,2,867,right_to_left,Wellington P FC,1,False,False,False,direct,6,defending_direct,15,-46.75,-2.55,3,center,1,defensive_third,False,-2.25,-12.32,4,half_space_right,2,middle_third,False,53.34,49.09,47.2,53.2,37.1,34.93,77.67,71.79
197,2011166,28397,28573,43:29.7,43:47.3,43,29,17.6,1,2,867,right_to_left,Wellington P FC,6,True,False,False,create,1,medium_block,9,,,2,half_space_left,2,middle_third,False,-3.7,18.39,2,half_space_left,2,middle_third,False,,59.02,,54.53,,35.8,,53.48
198,2011166,28946,28979,44:24.6,44:27.9,44,24,3.3,1,1,868,left_to_right,Melbourne V FC,1,False,False,False,build_up,0,high_block,10,-21.85,1.58,3,center,1,defensive_third,False,-20.09,27.51,1,wide_left,1,defensive_third,False,35.46,39.77,52.83,55.59,36.34,37.44,55.29,55.26
199,2011166,28979,29066,44:27.9,44:36.6,44,27,8.7,1,1,868,left_to_right,Melbourne V FC,2,True,False,False,create,1,medium_block,9,-19.83,27.96,1,wide_left,1,defensive_third,False,9.16,29.1,1,wide_left,2,middle_third,False,40.3,42.8,55.61,56.5,37.46,35.7,55.03,45.22
200,2011166,29066,29218,44:36.6,44:51.8,44,36,15.2,1,2,867,right_to_left,Wellington P FC,5,False,False,False,transition,4,defending_transition,11,-9.21,-29.12,5,wide_right,2,middle_third,False,38.84,28.52,1,wide_left,3,attacking_third,False,35.64,49.67,45.23,71.64,42.74,44.29,56.46,48.34
201,2011166,29218,29288,44:51.8,44:58.8,44,51,7.0,1,2,867,right_to_left,Wellington P FC,2,True,False,False,finish,2,low_block,8,38.16,27.98,1,wide_left,3,attacking_third,False,32.89,10.72,2,half_space_left,3,attacking_third,False,49.65,37.93,71.54,67.27,44.18,22.51,48.17,41.48
202,2011166,29288,29507,44:58.8,45:20.7,44,58,21.9,1,1,868,left_to_right,Melbourne V FC,4,False,False,False,transition,4,defending_transition,11,-32.45,-10.99,4,half_space_right,1,defensive_third,False,45.97,1.76,3,center,3,attacking_third,True,22.45,29.68,41.48,74.57,37.82,30.77,67.03,45.6
203,2011166,29851,29862,45:55.1,45:56.2,45,55,1.1,1,1,868,left_to_right,Melbourne V FC,2,True,True,True,finish,2,low_block,8,55.37,28.07,1,wide_left,3,attacking_third,False,56.13,23.33,1,wide_left,3,attacking_third,False,35.45,34.14,70.59,69.82,18.91,19.69,11.48,12.36
204,2011166,30532,30598,47:03.2,47:09.8,47,3,6.6,1,2,867,right_to_left,Wellington P FC,3,False,False,False,create,1,medium_block,9,,,2,half_space_left,2,middle_third,False,-7.92,-24.7,5,wide_right,2,middle_third,False,,56.84,,55.24,,34.27,,49.73
205,2011166,30598,30621,47:09.8,47:12.1,47,9,2.3,1,2,867,right_to_left,Wellington P FC,1,True,False,False,direct,6,defending_direct,15,-7.49,-24.9,5,wide_right,2,middle_third,False,24.38,-29.55,5,wide_right,3,attacking_third,False,56.97,53.96,55.06,64.02,34.38,34.18,49.56,48.63
206,2011166,30621,30631,47:12.1,47:13.1,47,12,1.0,1,1,868,left_to_right,Melbourne V FC,1,True,False,False,chaotic,5,chaotic,5,-25.2,29.53,1,wide_left,1,defensive_third,False,-25.8,32.38,1,wide_left,1,defensive_third,False,34.12,33.86,48.66,48.67,53.68,52.46,64.57,69.01
207,2011166,30709,30788,47:20.9,47:28.8,47,20,7.9,1,2,867,right_to_left,Wellington P FC,3,False,False,False,finish,2,low_block,8,24.44,-31.77,5,wide_right,3,attacking_third,False,46.28,-20.42,5,wide_right,3,attacking_third,False,47.88,40.97,61.79,70.82,30.97,25.1,40.43,42.34
208,2011166,31077,31208,47:57.7,48:10.8,47,57,13.1,1,2,867,right_to_left,Wellington P FC,7,False,False,False,set_play,7,defending_set_play,13,42.07,-31.57,5,wide_right,3,attacking_third,False,49.76,-3.97,3,center,3,attacking_third,True,44.1,35.72,60.35,63.51,16.7,19.83,16.72,34.3
209,2011166,41090,41182,45:00.0,45:09.2,0,0,9.2,2,1,867,left_to_right,Wellington P FC,3,False,False,False,create,1,medium_block,9,-8.73,2.3,3,center,2,middle_third,False,-19.87,-2.22,3,center,1,defensive_third,False,42.39,56.6,40.39,51.72,35.44,33.34,41.61,54.02
210,2011166,41182,41423,45:09.2,45:33.3,0,9,24.1,2,1,867,left_to_right,Wellington P FC,7,False,False,False,build_up,0,high_block,10,-20.19,-1.67,3,center,1,defensive_third,False,-20.76,-28.37,5,wide_right,1,defensive_third,False,56.87,56.35,51.72,48.66,33.44,41.7,54.29,69.72
211,2011166,41423,41461,45:33.3,45:37.1,0,33,3.8,2,1,867,left_to_right,Wellington P FC,1,True,False,False,create,1,medium_block,9,-19.24,-27.66,5,wide_right,1,defensive_third,False,3.86,-24.78,5,wide_right,2,middle_third,False,56.15,48.72,48.84,49.0,41.74,38.82,69.52,66.02
212,2011166,41461,41488,45:37.1,45:39.8,0,37,2.7,2,2,868,right_to_left,Melbourne V FC,2,False,False,False,chaotic,5,chaotic,5,-3.8,25.14,1,wide_left,2,middle_third,False,9.9,31.52,1,wide_left,2,middle_third,False,38.86,38.06,65.95,63.46,48.63,47.99,49.13,50.45
213,2011166,41813,41823,46:12.3,46:13.3,1,12,1.0,2,2,868,right_to_left,Melbourne V FC,1,False,False,True,set_play,7,defending_set_play,13,8.62,31.49,1,wide_left,2,middle_third,False,-2.84,27.33,1,wide_left,2,middle_third,False,52.53,53.65,62.17,61.41,28.32,28.68,49.8,51.97
214,2011166,41823,41883,46:13.3,46:19.3,1,13,6.0,2,2,868,right_to_left,Melbourne V FC,3,False,False,True,create,1,medium_block,9,-4.05,26.93,1,wide_left,2,middle_third,False,25.68,28.5,1,wide_left,3,attacking_third,False,53.82,50.24,61.28,60.38,28.76,33.24,52.27,53.31
215,2011166,41883,42015,46:19.3,46:32.5,1,19,13.2,2,2,868,right_to_left,Melbourne V FC,4,False,False,False,finish,2,low_block,8,25.95,28.57,1,wide_left,3,attacking_third,False,-5.12,18.09,2,half_space_left,2,middle_third,False,49.96,23.85,60.5,42.13,32.99,37.81,53.38,64.34
216,2011166,42015,42070,46:32.5,46:38.0,1,32,5.5,2,2,868,right_to_left,Melbourne V FC,2,True,False,False,chaotic,5,chaotic,5,4.81,-18.33,4,half_space_right,2,middle_third,False,26.06,-25.08,5,wide_right,3,attacking_third,False,38.41,44.11,64.09,60.05,24.04,30.81,42.07,39.86
217,2011166,42070,42080,46:38.0,46:39.0,1,38,1.0,2,1,867,left_to_right,Wellington P FC,2,False,False,False,build_up,0,high_block,10,-26.07,25.18,1,wide_left,1,defensive_third,False,-20.12,24.65,1,wide_left,1,defensive_third,False,31.24,35.23,39.89,39.88,43.67,41.4,60.09,59.78
218,2011166,42080,42135,46:39.0,46:44.5,1,39,5.5,2,1,867,left_to_right,Wellington P FC,2,True,False,False,create,1,medium_block,9,-19.82,24.76,1,wide_left,1,defensive_third,False,-8.76,-4.83,3,center,2,middle_third,False,35.67,48.43,39.85,49.06,41.31,33.17,59.7,53.21
219,2011166,42135,42179,46:44.5,46:48.9,1,44,4.4,2,2,868,right_to_left,Melbourne V FC,2,True,False,False,quick_break,3,defending_quick_break,12,8.96,4.61,3,center,2,middle_third,False,35.33,0.93,3,center,3,attacking_third,False,33.17,30.31,53.34,69.08,48.63,44.31,49.19,53.23
220,2011166,42179,42225,46:48.9,46:53.5,1,48,4.6,2,1,867,left_to_right,Wellington P FC,2,True,False,True,chaotic,5,chaotic,5,-35.2,-1.09,3,center,1,defensive_third,False,-14.06,-18.88,4,half_space_right,2,middle_third,False,43.97,36.34,53.18,50.53,30.17,30.26,69.23,68.74
221,2011166,42225,42313,46:53.5,47:02.3,1,53,8.8,2,2,868,right_to_left,Melbourne V FC,2,False,False,True,quick_break,3,defending_quick_break,12,14.5,19.27,2,half_space_left,2,middle_third,False,43.64,4.7,3,center,3,attacking_third,True,30.57,28.55,68.5,78.88,36.68,27.58,50.48,46.71
222,2011166,42313,42473,47:02.3,47:18.3,2,2,16.0,2,2,868,right_to_left,Melbourne V FC,3,False,False,False,finish,2,low_block,8,43.09,4.89,3,center,3,attacking_third,True,7.23,28.37,1,wide_left,2,middle_third,False,28.39,45.19,78.62,59.02,27.67,33.86,46.72,42.25
223,2011166,42473,42588,47:18.3,47:29.8,2,18,11.5,2,2,868,right_to_left,Melbourne V FC,2,True,False,False,create,1,medium_block,9,6.0,28.28,1,wide_left,2,middle_third,False,37.6,15.28,2,half_space_left,3,attacking_third,True,45.34,40.78,59.1,67.7,33.98,30.25,42.58,50.92
224,2011166,42588,42621,47:29.8,47:33.1,2,29,3.3,2,1,867,left_to_right,Wellington P FC,2,True,False,False,chaotic,5,chaotic,5,-38.28,-15.45,4,half_space_right,1,defensive_third,False,-43.68,-17.56,4,half_space_right,1,defensive_third,False,30.15,30.29,50.93,48.96,40.51,37.66,68.42,81.5
225,2011166,42839,42842,47:54.9,47:55.2,2,54,0.3,2,2,868,right_to_left,Melbourne V FC,1,False,False,False,create,1,medium_block,9,,,2,half_space_left,2,middle_third,False,,,2,half_space_left,2,middle_third,False,,,,,,,,
226,2011166,42842,42908,47:55.2,48:01.8,2,55,6.6,2,2,868,right_to_left,Melbourne V FC,1,True,False,False,finish,2,low_block,8,32.11,31.49,1,wide_left,3,attacking_third,False,47.6,36.21,1,wide_left,3,attacking_third,False,35.02,35.65,70.85,72.19,27.1,36.22,34.66,36.0
227,2011166,42980,43008,48:09.0,48:11.8,3,9,2.8,2,1,867,left_to_right,Wellington P FC,1,True,False,False,chaotic,5,chaotic,5,-41.32,-35.44,5,wide_right,1,defensive_third,False,-17.39,-23.57,5,wide_right,2,middle_third,False,36.48,33.74,38.67,32.51,26.78,24.39,70.83,67.71
228,2011166,43008,43076,48:11.8,48:18.6,3,11,6.8,2,2,868,right_to_left,Melbourne V FC,4,True,False,False,chaotic,5,chaotic,5,17.2,23.0,1,wide_left,2,middle_third,False,20.06,3.75,3,center,3,attacking_third,False,24.3,24.86,67.54,61.25,33.68,29.41,32.24,37.63
229,2011166,43076,43240,48:18.6,48:35.0,3,18,16.4,2,1,867,left_to_right,Wellington P FC,4,False,False,False,create,1,medium_block,9,-20.11,-3.92,3,center,1,defensive_third,False,14.66,-18.52,4,half_space_right,2,middle_third,False,29.51,38.26,37.77,53.16,25.01,30.42,61.29,45.13
230,2011166,43240,43268,48:35.0,48:37.8,3,35,2.8,2,1,867,left_to_right,Wellington P FC,1,True,False,False,finish,2,low_block,8,14.62,-19.21,4,half_space_right,2,middle_third,False,36.08,-9.66,4,half_space_right,3,attacking_third,True,38.15,37.08,53.41,64.97,30.46,31.42,45.17,45.82
231,2011166,43375,43415,48:48.5,48:52.5,3,48,4.0,2,2,868,right_to_left,Melbourne V FC,3,True,False,False,build_up,0,high_block,10,-45.45,-7.47,3,center,1,defensive_third,False,-27.42,-29.49,5,wide_right,1,defensive_third,False,56.56,54.54,49.43,52.16,41.25,47.09,65.61,67.06
232,2011166,43415,43540,48:52.5,49:05.0,3,52,12.5,2,1,867,left_to_right,Wellington P FC,3,False,False,False,finish,2,low_block,8,26.81,29.4,1,wide_left,3,attacking_third,False,-51.64,-27.45,5,wide_right,1,defensive_third,False,46.96,30.94,67.02,44.88,54.32,41.3,52.15,74.48
233,2011166,43540,43550,49:05.0,49:06.0,4,5,1.0,2,1,867,left_to_right,Wellington P FC,1,False,False,False,chaotic,5,chaotic,5,51.63,27.79,1,wide_left,3,attacking_third,False,50.55,33.01,1,wide_left,3,attacking_third,False,41.43,42.59,74.54,74.21,31.11,32.74,44.87,44.55
234,2011166,43628,43725,49:13.8,49:23.5,4,13,9.7,2,1,867,left_to_right,Wellington P FC,5,True,False,True,finish,2,low_block,8,46.92,32.71,1,wide_left,3,attacking_third,False,31.53,20.82,1,wide_left,3,attacking_third,False,45.56,43.31,68.4,59.21,30.63,33.31,32.16,18.62
235,2011166,43725,43846,49:23.5,49:35.6,4,23,12.1,2,2,868,right_to_left,Melbourne V FC,2,False,True,True,transition,4,defending_transition,11,-31.27,-20.64,5,wide_right,1,defensive_third,False,51.2,2.09,3,center,3,attacking_third,True,33.2,32.72,18.69,73.35,43.26,30.51,59.22,56.74
236,2011166,44511,44574,50:42.1,50:48.4,5,42,6.3,2,1,867,left_to_right,Wellington P FC,3,False,False,False,create,1,medium_block,9,0.02,-0.27,3,center,2,middle_third,False,-19.62,-10.93,4,half_space_right,1,defensive_third,False,58.64,63.78,41.8,54.66,33.69,31.1,41.55,52.95
237,2011166,44574,44606,50:48.4,50:51.6,5,48,3.2,2,1,867,left_to_right,Wellington P FC,1,False,False,False,build_up,0,high_block,10,-20.65,-9.65,4,half_space_right,1,defensive_third,False,-30.39,-6.81,3,center,1,defensive_third,False,63.89,64.08,54.69,52.58,30.98,32.53,53.47,65.75
238,2011166,44606,44633,50:51.6,50:54.3,5,51,2.7,2,1,867,left_to_right,Wellington P FC,1,False,False,False,direct,6,defending_direct,15,-30.05,-7.14,3,center,1,defensive_third,False,4.81,-23.9,5,wide_right,2,middle_third,False,64.0,57.92,52.41,51.34,32.59,35.29,65.76,61.95
239,2011166,44633,44696,50:54.3,51:00.6,5,54,6.3,2,1,867,left_to_right,Wellington P FC,1,True,False,False,create,1,medium_block,9,5.5,-23.79,5,wide_right,2,middle_third,False,14.9,10.86,2,half_space_left,2,middle_third,False,57.61,51.98,51.67,58.07,35.34,27.9,61.78,51.38
240,2011166,44933,44957,51:24.3,51:26.7,6,24,2.4,2,2,868,right_to_left,Melbourne V FC,2,True,False,False,chaotic,5,chaotic,5,-25.67,-34.47,5,wide_right,1,defensive_third,False,-11.72,-30.57,5,wide_right,2,middle_third,False,36.36,33.59,34.97,36.74,30.63,30.42,67.97,64.67
241,2011166,44957,45005,51:26.7,51:31.5,6,26,4.8,2,1,867,left_to_right,Wellington P FC,4,False,False,False,finish,2,low_block,8,11.91,30.81,1,wide_left,2,middle_third,False,10.61,19.79,2,half_space_left,2,middle_third,False,30.47,36.02,64.59,60.17,33.54,30.47,36.92,41.8
242,2011166,45005,45008,51:31.5,51:31.8,6,31,0.3,2,1,867,left_to_right,Wellington P FC,0,True,False,False,create,1,medium_block,9,10.16,19.88,2,half_space_left,2,middle_third,False,9.37,20.08,2,half_space_left,2,middle_third,False,36.06,36.16,60.07,59.87,30.38,30.33,41.83,41.9
243,2011166,45008,45078,51:31.8,51:38.8,6,31,7.0,2,2,868,right_to_left,Melbourne V FC,2,False,False,False,create,1,medium_block,9,-9.0,-20.15,4,half_space_right,2,middle_third,False,12.9,-33.93,5,wide_right,2,middle_third,False,30.41,40.9,41.94,59.42,36.21,36.93,59.77,53.64
244,2011166,45078,45093,51:38.8,51:40.3,6,38,1.5,2,2,868,right_to_left,Melbourne V FC,1,False,False,False,finish,2,low_block,8,12.8,-33.97,5,wide_right,2,middle_third,False,8.72,-34.77,5,wide_right,2,middle_third,False,41.02,41.97,59.57,59.6,37.19,38.21,53.44,51.44
245,2011166,45093,45094,51:40.3,51:40.4,6,40,0.1,2,2,868,right_to_left,Melbourne V FC,0,False,False,False,create,1,medium_block,9,8.55,-34.82,5,wide_right,2,middle_third,False,8.55,-34.82,5,wide_right,2,middle_third,False,41.99,41.99,59.55,59.55,38.14,38.14,51.37,51.37
246,2011166,45272,45285,51:58.2,51:59.5,6,58,1.3,2,2,868,right_to_left,Melbourne V FC,3,False,False,True,finish,2,low_block,8,10.7,-32.53,5,wide_right,2,middle_third,False,6.51,-32.17,5,wide_right,2,middle_third,False,33.0,32.88,57.79,56.97,24.89,26.58,44.13,43.81
247,2011166,45285,45372,51:59.5,52:08.2,6,59,8.7,2,2,868,right_to_left,Melbourne V FC,2,False,False,True,create,1,medium_block,9,6.14,-32.27,5,wide_right,2,middle_third,False,12.99,24.27,1,wide_left,2,middle_third,False,32.92,51.93,56.84,59.4,26.82,34.55,43.85,43.87
248,2011166,45372,45490,52:08.2,52:20.0,7,8,11.8,2,2,868,right_to_left,Melbourne V FC,2,True,False,True,finish,2,low_block,8,13.6,25.15,1,wide_left,2,middle_third,False,48.71,3.88,3,center,3,attacking_third,True,51.89,41.18,59.54,69.71,34.74,20.54,43.95,42.95
249,2011166,45798,45808,52:50.8,52:51.8,7,50,1.0,2,1,867,left_to_right,Wellington P FC,1,True,False,False,direct,6,defending_direct,15,-32.05,-12.75,4,half_space_right,1,defensive_third,False,-21.34,-21.33,5,wide_right,1,defensive_third,False,22.49,22.97,49.78,51.48,22.69,23.31,40.73,40.58
250,2011166,45958,46143,53:06.8,53:25.3,8,6,18.5,2,2,868,right_to_left,Melbourne V FC,5,False,False,False,create,1,medium_block,9,-0.23,33.61,1,wide_left,2,middle_third,False,-19.24,29.64,1,wide_left,1,defensive_third,False,34.95,58.83,55.65,55.52,28.76,48.04,52.41,57.9
251,2011166,46143,46188,53:25.3,53:29.8,8,25,4.5,2,2,868,right_to_left,Melbourne V FC,1,False,False,False,build_up,0,high_block,10,-20.45,29.13,1,wide_left,1,defensive_third,False,-20.09,23.55,1,wide_left,1,defensive_third,False,59.12,59.81,55.52,51.11,48.26,37.8,58.15,62.3
252,2011166,46188,46189,53:29.8,53:29.9,8,29,0.1,2,2,868,right_to_left,Melbourne V FC,0,False,False,False,create,1,medium_block,9,-18.98,23.72,1,wide_left,1,defensive_third,False,-18.98,23.72,1,wide_left,1,defensive_third,False,59.59,59.59,51.07,51.07,37.67,37.67,62.11,62.11
253,2011166,46262,46285,53:37.2,53:39.5,8,37,2.3,2,2,868,right_to_left,Melbourne V FC,1,True,False,False,chaotic,5,chaotic,5,-6.57,24.6,1,wide_left,2,middle_third,False,-13.13,8.15,3,center,2,middle_third,False,59.41,59.06,51.74,51.04,35.07,35.14,54.18,54.94
254,2011166,46285,46298,53:39.5,53:40.8,8,39,1.3,2,1,867,left_to_right,Wellington P FC,1,True,False,False,chaotic,5,chaotic,5,13.61,-7.65,3,center,2,middle_third,False,22.03,-13.44,4,half_space_right,3,attacking_third,False,35.15,35.75,55.09,58.5,58.95,54.82,51.01,51.74
255,2011166,46298,46354,53:40.8,53:46.4,8,40,5.6,2,2,868,right_to_left,Melbourne V FC,2,False,False,False,build_up,0,high_block,10,-22.66,13.79,2,half_space_left,1,defensive_third,False,-20.36,31.86,1,wide_left,1,defensive_third,False,54.44,42.98,51.84,49.46,35.8,37.13,58.83,60.54
256,2011166,46354,46399,53:46.4,53:50.9,8,46,4.5,2,2,868,right_to_left,Melbourne V FC,2,True,False,False,create,1,medium_block,9,-19.99,31.84,1,wide_left,1,defensive_third,False,-5.17,23.33,1,wide_left,2,middle_third,False,42.96,43.01,49.4,52.67,37.17,32.23,60.35,59.13
257,2011166,46399,46455,53:50.9,53:56.5,8,50,5.6,2,1,867,left_to_right,Wellington P FC,3,True,False,False,create,1,medium_block,9,5.19,-23.38,5,wide_right,2,middle_third,False,21.27,16.26,2,half_space_left,3,attacking_third,False,32.29,43.03,58.92,58.85,42.86,38.56,52.76,48.7
258,2011166,46455,46495,53:56.5,54:00.5,8,56,4.0,2,2,868,right_to_left,Melbourne V FC,1,False,False,False,chaotic,5,chaotic,5,-21.62,-16.88,4,half_space_right,1,defensive_third,False,-46.57,-10.39,4,half_space_right,1,defensive_third,False,38.99,43.37,48.57,44.46,43.09,35.03,59.26,70.39
259,2011166,46495,46528,54:00.5,54:03.8,9,0,3.3,2,2,868,right_to_left,Melbourne V FC,1,True,False,False,direct,6,defending_direct,15,-46.49,-10.24,4,half_space_right,1,defensive_third,False,-0.89,-11.67,4,half_space_right,2,middle_third,False,43.34,36.23,44.34,48.64,34.67,32.07,70.81,69.49
260,2011166,46641,46674,54:15.1,54:18.4,9,15,3.3,2,1,867,left_to_right,Wellington P FC,2,False,False,False,create,1,medium_block,9,-2.7,34.77,1,wide_left,2,middle_third,False,-19.46,30.0,1,wide_left,1,defensive_third,False,44.49,43.67,57.75,56.48,33.81,33.78,57.87,54.47
261,2011166,46674,46883,54:18.4,54:39.3,9,18,20.9,2,1,867,left_to_right,Wellington P FC,4,False,False,False,build_up,0,high_block,10,-20.39,30.06,1,wide_left,1,defensive_third,False,-20.03,-18.2,4,half_space_right,1,defensive_third,False,43.73,62.68,56.44,51.72,33.66,39.39,54.37,69.15
262,2011166,46883,46885,54:39.3,54:39.5,9,39,0.2,2,1,867,left_to_right,Wellington P FC,0,False,False,False,create,1,medium_block,9,-19.27,-18.44,4,half_space_right,1,defensive_third,False,-18.58,-18.84,4,half_space_right,1,defensive_third,False,62.48,62.3,51.7,51.68,39.25,39.08,69.02,68.89
263,2011166,47709,47764,56:01.9,56:07.4,11,1,5.5,2,1,867,left_to_right,Wellington P FC,3,False,False,False,create,1,medium_block,9,-14.06,-33.98,5,wide_right,2,middle_third,False,34.37,-30.08,5,wide_right,3,attacking_third,False,35.73,36.7,49.85,71.12,35.46,29.15,65.23,62.04
264,2011166,47764,47842,56:07.4,56:15.2,11,7,7.8,2,1,867,left_to_right,Wellington P FC,2,True,False,False,finish,2,low_block,8,34.98,-30.08,5,wide_right,3,attacking_third,False,49.37,8.48,3,center,3,attacking_third,True,36.68,35.34,71.71,79.1,29.06,33.15,62.0,48.63
265,2011166,48609,48619,57:31.9,57:32.9,12,31,1.0,2,2,868,right_to_left,Melbourne V FC,1,True,False,False,set_play,7,defending_set_play,13,,,2,half_space_left,2,middle_third,False,,,2,half_space_left,2,middle_third,False,,,,,,,,
266,2011166,48971,49015,58:08.1,58:12.5,13,8,4.4,2,1,867,left_to_right,Wellington P FC,2,True,False,False,set_play,7,defending_set_play,13,19.1,-30.21,5,wide_right,3,attacking_third,False,47.72,-0.96,3,center,3,attacking_third,True,40.89,43.18,56.15,75.42,28.22,31.64,23.82,21.59
267,2011166,49015,49071,58:12.5,58:18.1,13,12,5.6,2,2,868,right_to_left,Melbourne V FC,1,True,False,False,transition,4,defending_transition,11,-47.65,-0.31,3,center,1,defensive_third,False,5.85,15.86,2,half_space_left,2,middle_third,False,31.65,44.53,21.56,48.05,43.3,33.43,75.66,76.02
268,2011166,49071,49182,58:18.1,58:29.2,13,18,11.1,2,1,867,left_to_right,Wellington P FC,4,True,False,False,create,1,medium_block,9,-6.5,-16.57,4,half_space_right,2,middle_third,False,41.95,-6.25,3,center,3,attacking_third,True,33.28,32.66,75.63,66.99,44.48,33.87,48.76,44.25
269,2011166,49182,49330,58:29.2,58:44.0,13,29,14.8,2,2,868,right_to_left,Melbourne V FC,3,True,False,False,create,1,medium_block,9,-42.4,6.07,3,center,1,defensive_third,False,-10.76,26.51,1,wide_left,2,middle_third,False,33.9,59.76,44.25,50.38,32.71,36.78,66.89,59.17
270,2011166,49427,49440,58:53.7,58:55.0,13,53,1.3,2,1,867,left_to_right,Wellington P FC,1,True,False,False,chaotic,5,chaotic,5,-21.17,-28.44,5,wide_right,1,defensive_third,False,-18.82,-20.45,5,wide_right,1,defensive_third,False,49.28,49.59,57.12,56.01,38.34,37.22,61.77,61.8
271,2011166,49440,49815,58:55.0,59:32.5,13,55,37.5,2,2,868,right_to_left,Melbourne V FC,12,True,False,True,finish,2,low_block,8,18.66,20.02,2,half_space_left,3,attacking_third,False,29.5,-22.19,5,wide_right,3,attacking_third,False,37.13,45.12,61.77,65.09,49.6,35.42,55.93,34.17
272,2011166,49815,49905,59:32.5,59:41.5,14,32,9.0,2,1,867,left_to_right,Wellington P FC,4,False,False,False,build_up,0,high_block,10,-29.64,22.25,1,wide_left,1,defensive_third,False,-32.6,31.7,1,wide_left,1,defensive_third,False,35.25,46.32,34.09,45.04,45.15,34.92,65.17,71.91
273,2011166,50035,50053,59:54.5,59:56.3,14,54,1.8,2,1,867,left_to_right,Wellington P FC,1,True,False,False,chaotic,5,chaotic,5,-18.86,32.88,1,wide_left,1,defensive_third,False,-3.49,30.67,1,wide_left,2,middle_third,False,49.31,47.18,48.17,48.61,27.43,25.79,62.08,60.14
274,2011166,50053,50069,59:56.3,59:57.9,14,56,1.6,2,2,868,right_to_left,Melbourne V FC,1,True,False,False,chaotic,5,chaotic,5,3.03,-30.39,5,wide_right,2,middle_third,False,12.74,-25.66,5,wide_right,2,middle_third,False,25.69,24.39,60.07,58.81,47.03,45.19,48.57,47.41
275,2011166,50069,50135,59:57.9,60:04.5,14,57,6.6,2,1,867,left_to_right,Wellington P FC,1,True,False,False,chaotic,5,chaotic,5,-12.98,25.4,1,wide_left,2,middle_third,False,19.29,27.29,1,wide_left,3,attacking_third,False,45.01,46.7,47.43,60.92,24.42,27.49,58.71,55.18
276,2011166,50135,50174,60:04.5,60:08.4,15,4,3.9,2,2,868,right_to_left,Melbourne V FC,1,False,False,False,chaotic,5,chaotic,5,-20.16,-27.18,5,wide_right,1,defensive_third,False,-46.67,-6.89,3,center,1,defensive_third,False,27.4,30.44,55.29,52.92,46.6,42.2,61.31,71.42
277,2011166,50174,50199,60:08.4,60:10.9,15,8,2.5,2,2,868,right_to_left,Melbourne V FC,1,True,False,False,direct,6,defending_direct,15,-46.64,-6.44,3,center,1,defensive_third,False,-8.86,-3.11,3,center,2,middle_third,False,30.83,34.98,52.6,49.72,41.98,37.32,71.77,71.6
278,2011166,50199,50301,60:10.9,60:21.1,15,10,10.2,2,1,867,left_to_right,Wellington P FC,1,False,False,False,quick_break,3,defending_quick_break,12,8.54,2.9,3,center,2,middle_third,False,38.71,-10.9,4,half_space_right,3,attacking_third,True,37.05,41.42,71.3,71.23,34.91,30.34,49.63,41.24
279,2011166,50510,50546,60:42.0,60:45.6,15,42,3.6,2,1,867,left_to_right,Wellington P FC,2,True,False,False,chaotic,5,chaotic,5,-4.22,-33.87,5,wide_right,2,middle_third,False,9.38,-22.42,5,wide_right,2,middle_third,False,46.97,46.63,57.31,51.42,29.89,29.75,52.51,51.25
280,2011166,50546,50563,60:45.6,60:47.3,15,45,1.7,2,2,868,right_to_left,Melbourne V FC,1,False,False,False,create,1,medium_block,9,-9.8,22.3,1,wide_left,2,middle_third,False,-19.82,16.37,2,half_space_left,1,defensive_third,False,29.75,29.91,51.23,51.02,46.51,44.75,51.28,51.72
281,2011166,50563,50664,60:47.3,60:57.4,15,47,10.1,2,2,868,right_to_left,Melbourne V FC,1,True,False,False,build_up,0,high_block,10,-20.46,15.73,2,half_space_left,1,defensive_third,False,-33.16,31.35,1,wide_left,1,defensive_third,False,29.95,36.82,51.04,47.63,44.61,35.35,52.07,71.94
282,2011166,50664,50834,60:57.4,61:14.4,15,57,17.0,2,1,867,left_to_right,Wellington P FC,7,False,False,False,finish,2,low_block,8,31.81,-30.99,5,wide_right,3,attacking_third,False,41.98,-32.15,5,wide_right,3,attacking_third,False,35.11,29.89,71.61,67.43,36.59,30.43,47.48,24.45
283,2011166,51335,51381,62:04.5,62:09.1,17,4,4.6,2,1,867,left_to_right,Wellington P FC,2,True,False,True,set_play,7,defending_set_play,13,41.53,-28.93,5,wide_right,3,attacking_third,False,48.81,8.13,3,center,3,attacking_third,True,37.88,38.82,55.72,58.41,26.14,25.41,11.3,10.96
284,2011166,51577,51588,62:28.7,62:29.8,17,28,1.1,2,2,868,right_to_left,Melbourne V FC,2,False,False,False,create,1,medium_block,9,,,2,half_space_left,2,middle_third,False,-35.59,22.94,1,wide_left,1,defensive_third,False,,60.93,,50.21,,32.93,,64.84
285,2011166,51588,51617,62:29.8,62:32.7,17,29,2.9,2,2,868,right_to_left,Melbourne V FC,1,True,False,False,direct,6,defending_direct,15,-34.12,22.52,1,wide_left,1,defensive_third,False,5.35,18.66,2,half_space_left,2,middle_third,False,60.68,51.93,50.24,52.63,32.66,29.11,64.66,61.54
286,2011166,51617,51684,62:32.7,62:39.4,17,32,6.7,2,1,867,left_to_right,Wellington P FC,3,True,False,False,chaotic,5,chaotic,5,-5.46,-18.54,4,half_space_right,2,middle_third,False,20.53,-13.1,4,half_space_right,3,attacking_third,False,29.15,35.04,61.22,56.52,51.51,26.81,52.58,50.0
287,2011166,51684,51706,62:39.4,62:41.6,17,39,2.2,2,2,868,right_to_left,Melbourne V FC,1,True,False,False,chaotic,5,chaotic,5,-20.92,13.24,2,half_space_left,1,defensive_third,False,-6.99,12.63,2,half_space_left,2,middle_third,False,26.71,25.78,50.0,48.6,35.05,35.47,56.4,55.59
288,2011166,51706,51821,62:41.6,62:53.1,17,41,11.5,2,1,867,left_to_right,Wellington P FC,3,False,False,True,create,1,medium_block,9,6.53,-12.46,4,half_space_right,2,middle_third,False,21.14,24.88,1,wide_left,3,attacking_third,False,35.49,57.18,55.66,59.87,25.75,34.47,48.49,41.22
289,2011166,51821,52025,62:53.1,63:13.5,17,53,20.4,2,1,867,left_to_right,Wellington P FC,6,True,False,True,finish,2,low_block,8,22.5,24.51,1,wide_left,3,attacking_third,False,44.04,-7.93,3,center,3,attacking_third,True,57.37,35.96,60.28,67.81,34.52,33.91,41.33,34.86
290,2011166,53449,53485,65:35.9,65:39.5,20,35,3.6,2,2,868,right_to_left,Melbourne V FC,1,True,False,False,direct,6,defending_direct,15,-45.97,5.53,3,center,1,defensive_third,False,5.41,10.85,2,half_space_left,2,middle_third,False,23.36,20.57,54.33,54.96,23.94,21.8,44.34,45.32
291,2011166,53485,53506,65:39.5,65:41.6,20,39,2.1,2,1,867,left_to_right,Wellington P FC,1,True,False,False,chaotic,5,chaotic,5,-5.54,-10.92,4,half_space_right,2,middle_third,False,12.96,-4.01,3,center,2,middle_third,False,21.8,23.05,45.46,52.01,20.46,18.97,54.99,54.53
292,2011166,53506,53527,65:41.6,65:43.7,20,41,2.1,2,2,868,right_to_left,Melbourne V FC,1,True,False,False,chaotic,5,chaotic,5,-13.43,3.98,3,center,2,middle_third,False,-3.23,10.31,2,half_space_left,2,middle_third,False,18.94,18.59,54.43,48.85,23.2,27.72,52.38,54.07
293,2011166,53527,53549,65:43.7,65:45.9,20,43,2.2,2,1,867,left_to_right,Wellington P FC,2,True,False,False,chaotic,5,chaotic,5,3.48,-10.43,4,half_space_right,2,middle_third,False,4.88,-4.44,3,center,2,middle_third,False,28.12,33.24,53.95,50.15,18.58,20.38,48.37,45.06
294,2011166,53549,53656,65:45.9,65:56.6,20,45,10.7,2,2,868,right_to_left,Melbourne V FC,4,False,False,False,create,1,medium_block,9,-3.96,4.35,3,center,2,middle_third,False,-19.86,-19.75,4,half_space_right,1,defensive_third,False,20.52,44.19,45.1,56.44,33.39,32.52,50.03,58.25
295,2011166,53656,53682,65:56.6,65:59.2,20,56,2.6,2,2,868,right_to_left,Melbourne V FC,1,False,False,False,build_up,0,high_block,10,-20.9,-19.45,4,half_space_right,1,defensive_third,False,-20.61,-26.78,5,wide_right,1,defensive_third,False,44.38,46.42,56.47,56.07,32.51,33.87,58.63,62.24
296,2011166,53682,53739,65:59.2,66:04.9,20,59,5.7,2,2,868,right_to_left,Melbourne V FC,2,True,False,False,create,1,medium_block,9,-18.93,-27.48,5,wide_right,1,defensive_third,False,23.87,-15.03,4,half_space_right,3,attacking_third,False,46.3,38.8,56.0,55.01,34.0,30.26,62.07,57.83
297,2011166,53739,53871,66:04.9,66:18.1,21,4,13.2,2,1,867,left_to_right,Wellington P FC,3,True,False,False,build_up,0,high_block,10,-24.27,14.87,2,half_space_left,1,defensive_third,False,-33.15,20.87,1,wide_left,1,defensive_third,False,30.43,59.53,57.8,46.69,38.71,34.86,55.23,74.47
298,2011166,53871,53900,66:18.1,66:21.0,21,18,2.9,2,2,868,right_to_left,Melbourne V FC,1,True,False,False,chaotic,5,chaotic,5,32.59,-21.22,5,wide_right,3,attacking_third,False,40.96,-15.64,4,half_space_right,3,attacking_third,True,34.79,34.76,74.22,69.52,59.23,51.18,46.6,42.31
299,2011166,53900,53972,66:21.0,66:28.2,21,21,7.2,2,1,867,left_to_right,Wellington P FC,3,False,False,False,build_up,0,high_block,10,-41.34,15.69,2,half_space_left,1,defensive_third,False,-20.95,10.34,2,half_space_left,1,defensive_third,False,51.2,51.4,42.1,40.01,34.8,32.04,69.52,63.95
300,2011166,53972,54060,66:28.2,66:37.0,21,28,8.8,2,1,867,left_to_right,Wellington P FC,4,False,False,False,create,1,medium_block,9,-19.64,9.88,2,half_space_left,1,defensive_third,False,31.62,-25.24,5,wide_right,3,attacking_third,False,51.23,33.86,40.54,66.83,31.8,34.01,63.88,62.67
301,2011166,54060,54067,66:37.0,66:37.7,21,37,0.7,2,1,867,left_to_right,Wellington P FC,1,True,False,False,finish,2,low_block,8,32.28,-25.31,5,wide_right,3,attacking_third,False,36.59,-24.5,5,wide_right,3,attacking_third,False,33.85,33.01,67.45,70.89,33.8,32.37,62.61,61.89
302,2011166,54067,54100,66:37.7,66:41.0,21,37,3.3,2,2,868,right_to_left,Melbourne V FC,1,True,False,False,chaotic,5,chaotic,5,-37.37,24.15,1,wide_left,1,defensive_third,False,-48.36,28.16,1,wide_left,1,defensive_third,False,32.09,25.79,61.74,57.72,32.73,21.87,71.41,79.61
303,2011166,54153,54193,66:46.3,66:50.3,21,46,4.0,2,1,867,left_to_right,Wellington P FC,2,True,False,False,chaotic,5,chaotic,5,44.32,-32.51,5,wide_right,3,attacking_third,False,52.83,-34.59,5,wide_right,3,attacking_third,False,34.75,34.94,69.05,75.56,28.26,34.82,43.59,40.76
304,2011166,54392,54402,67:10.2,67:11.2,22,10,1.0,2,2,868,right_to_left,Melbourne V FC,1,False,False,False,chaotic,5,chaotic,5,-42.87,34.52,1,wide_left,1,defensive_third,False,-34.71,31.69,1,wide_left,1,defensive_third,False,32.61,31.76,26.93,26.33,22.4,22.01,63.12,62.77
305,2011166,54584,54711,67:29.4,67:42.1,22,29,12.7,2,2,868,right_to_left,Melbourne V FC,6,False,False,True,create,1,medium_block,9,-12.13,33.71,1,wide_left,2,middle_third,False,20.62,-13.54,4,half_space_right,3,attacking_third,False,36.99,32.53,51.09,61.36,24.05,29.93,61.76,54.43
306,2011166,54711,54948,67:42.1,68:05.8,22,42,23.7,2,2,868,right_to_left,Melbourne V FC,9,True,False,True,finish,2,low_block,8,21.78,-14.52,4,half_space_right,3,attacking_third,False,49.76,-2.18,3,center,3,attacking_third,True,32.73,27.51,61.66,71.17,29.96,18.27,54.39,18.27
307,2011166,55309,55319,68:41.9,68:42.9,23,41,1.0,2,1,867,left_to_right,Wellington P FC,1,False,False,False,direct,6,defending_direct,15,-45.65,-7.25,3,center,1,defensive_third,False,-24.24,-15.22,4,half_space_right,1,defensive_third,False,19.99,20.14,54.65,55.08,19.64,19.27,39.4,39.41
308,2011166,55443,55454,68:55.3,68:56.4,23,55,1.1,2,1,867,left_to_right,Wellington P FC,1,False,False,False,create,1,medium_block,9,-13.32,-30.53,5,wide_right,2,middle_third,False,-19.92,-26.67,5,wide_right,1,defensive_third,False,36.89,39.99,55.09,54.25,26.48,27.7,47.73,48.09
309,2011166,55454,55565,68:56.4,69:07.5,23,56,11.1,2,1,867,left_to_right,Wellington P FC,2,False,False,False,build_up,0,high_block,10,-20.5,-26.18,5,wide_right,1,defensive_third,False,-20.8,-2.13,3,center,1,defensive_third,False,40.39,55.32,54.18,45.66,27.86,31.28,48.26,49.1
310,2011166,55565,55595,69:07.5,69:10.5,24,7,3.0,2,1,867,left_to_right,Wellington P FC,1,False,False,False,direct,6,defending_direct,15,-20.17,-2.48,3,center,1,defensive_third,False,22.83,-17.19,4,half_space_right,3,attacking_third,False,54.87,47.15,46.1,60.69,31.04,27.06,49.1,53.29
311,2011166,55595,55602,69:10.5,69:11.2,24,10,0.7,2,1,867,left_to_right,Wellington P FC,1,False,False,False,create,1,medium_block,9,23.81,-17.67,4,half_space_right,3,attacking_third,False,28.97,-19.81,4,half_space_right,3,attacking_third,False,47.05,46.65,61.02,63.93,27.08,27.2,53.49,54.38
312,2011166,55602,55669,69:11.2,69:17.9,24,11,6.7,2,1,867,left_to_right,Wellington P FC,2,True,False,False,finish,2,low_block,8,29.72,-20.12,4,half_space_right,3,attacking_third,False,44.85,-7.33,3,center,3,attacking_third,True,46.59,36.81,64.41,80.73,27.2,20.12,54.52,47.48
313,2011166,56104,56125,70:01.4,70:03.5,25,1,2.1,2,2,868,right_to_left,Melbourne V FC,1,True,False,False,direct,6,defending_direct,15,-10.15,11.65,2,half_space_left,2,middle_third,False,23.23,14.63,2,half_space_left,3,attacking_third,False,51.74,47.38,57.43,60.74,33.44,33.39,51.18,51.32
314,2011166,56125,56168,70:03.5,70:07.8,25,3,4.3,2,1,867,left_to_right,Wellington P FC,1,True,False,False,chaotic,5,chaotic,5,-23.67,-14.64,4,half_space_right,1,defensive_third,False,8.03,-6.29,3,center,2,middle_third,False,33.4,28.66,51.29,49.72,46.96,28.65,60.98,54.21
315,2011166,56168,56196,70:07.8,70:10.6,25,7,2.8,2,2,868,right_to_left,Melbourne V FC,2,False,False,False,create,1,medium_block,9,-8.86,6.12,3,center,2,middle_third,False,-19.78,1.03,3,center,1,defensive_third,False,28.42,25.46,54.07,51.2,28.57,28.44,49.51,52.11
316,2011166,56196,56286,70:10.6,70:19.6,25,10,9.0,2,2,868,right_to_left,Melbourne V FC,2,False,False,False,build_up,0,high_block,10,-20.7,1.5,3,center,1,defensive_third,False,-20.47,-23.44,5,wide_right,1,defensive_third,False,25.45,52.74,51.13,46.62,28.48,35.47,52.55,65.59
317,2011166,56286,56341,70:19.6,70:25.1,25,19,5.5,2,2,868,right_to_left,Melbourne V FC,2,False,False,False,create,1,medium_block,9,-19.24,-24.24,5,wide_right,1,defensive_third,False,-19.98,-5.27,3,center,1,defensive_third,False,52.81,47.78,46.77,51.69,35.74,30.26,65.47,59.02
318,2011166,56341,56399,70:25.1,70:30.9,25,25,5.8,2,2,868,right_to_left,Melbourne V FC,2,False,False,False,build_up,0,high_block,10,-20.69,-4.91,3,center,1,defensive_third,False,-20.83,-13.77,4,half_space_right,1,defensive_third,False,47.79,49.98,51.73,50.57,30.25,34.92,59.3,65.45
319,2011166,56399,56455,70:30.9,70:36.5,25,30,5.6,2,2,868,right_to_left,Melbourne V FC,1,False,False,False,create,1,medium_block,9,-19.6,-11.92,4,half_space_right,1,defensive_third,False,19.15,14.65,2,half_space_left,3,attacking_third,False,50.04,45.56,50.62,62.82,35.01,35.94,65.39,65.11
320,2011166,56455,56618,70:36.5,70:52.8,25,36,16.3,2,2,868,right_to_left,Melbourne V FC,6,False,False,False,finish,2,low_block,8,19.63,14.25,2,half_space_left,3,attacking_third,False,26.72,27.49,1,wide_left,3,attacking_third,False,45.56,49.36,63.37,61.32,35.5,36.72,65.03,47.08
321,2011166,56913,57113,71:22.3,71:42.3,26,22,20.0,2,2,868,right_to_left,Melbourne V FC,6,False,False,False,set_play,7,defending_set_play,13,30.2,27.29,1,wide_left,3,attacking_third,False,7.58,-5.07,3,center,2,middle_third,False,33.0,28.68,63.79,67.43,27.14,33.23,17.02,36.73
322,2011166,57113,57116,71:42.3,71:42.6,26,42,0.3,2,2,868,right_to_left,Melbourne V FC,0,False,False,False,finish,2,low_block,8,6.87,-4.65,3,center,2,middle_third,False,5.35,-3.96,3,center,2,middle_third,False,28.78,28.96,67.31,67.06,32.95,32.4,37.27,38.32
323,2011166,57116,57148,71:42.6,71:45.8,26,42,3.2,2,2,868,right_to_left,Melbourne V FC,1,False,False,False,create,1,medium_block,9,4.55,-3.63,3,center,2,middle_third,False,-19.98,1.59,3,center,1,defensive_third,False,29.06,35.69,66.93,58.56,32.48,32.73,38.86,54.45
324,2011166,57148,57166,71:45.8,71:47.6,26,45,1.8,2,2,868,right_to_left,Melbourne V FC,1,False,False,False,build_up,0,high_block,10,-20.8,1.67,3,center,1,defensive_third,False,-28.1,1.35,3,center,1,defensive_third,False,36.16,45.23,58.19,53.54,32.71,31.79,55.02,64.43
325,2011166,57166,57199,71:47.6,71:50.9,26,47,3.3,2,2,868,right_to_left,Melbourne V FC,1,True,False,False,direct,6,defending_direct,15,-26.18,1.24,3,center,1,defensive_third,False,17.02,-6.61,3,center,2,middle_third,False,45.53,42.06,53.33,56.03,31.62,31.19,64.8,64.34
326,2011166,57199,57229,71:50.9,71:53.9,26,50,3.0,2,1,867,left_to_right,Wellington P FC,1,True,False,False,chaotic,5,chaotic,5,-17.46,6.49,3,center,2,middle_third,False,-6.52,6.44,3,center,2,middle_third,False,31.17,31.14,64.21,52.9,41.79,31.62,56.2,57.54
327,2011166,57229,57261,71:53.9,71:57.1,26,53,3.2,2,2,868,right_to_left,Melbourne V FC,1,False,False,True,create,1,medium_block,9,6.24,-7.01,3,center,2,middle_third,False,17.42,-19.47,4,half_space_right,2,middle_third,False,31.5,33.31,57.45,59.29,31.15,28.01,52.35,50.21
328,2011166,57261,57388,71:57.1,72:09.8,26,57,12.7,2,2,868,right_to_left,Melbourne V FC,3,True,False,True,finish,2,low_block,8,17.91,-19.45,4,half_space_right,3,attacking_third,False,41.96,-6.33,3,center,3,attacking_third,True,33.11,40.07,59.47,70.95,27.76,27.89,50.3,41.54
329,2011166,57679,57717,72:38.9,72:42.7,27,38,3.8,2,1,867,left_to_right,Wellington P FC,1,True,False,False,direct,6,defending_direct,15,-42.27,-4.77,3,center,1,defensive_third,False,6.26,-21.14,5,wide_right,2,middle_third,False,27.17,27.49,51.48,54.92,24.95,22.11,42.73,45.67
330,2011166,57717,57782,72:42.7,72:49.2,27,42,6.5,2,2,868,right_to_left,Melbourne V FC,2,True,False,False,create,1,medium_block,9,-6.49,21.17,1,wide_left,2,middle_third,False,13.81,28.01,1,wide_left,2,middle_third,False,22.06,36.52,45.78,58.39,27.55,30.39,54.92,52.48
331,2011166,57782,57839,72:49.2,72:54.9,27,49,5.7,2,1,867,left_to_right,Wellington P FC,4,False,False,False,create,1,medium_block,9,-13.92,-28.16,5,wide_right,2,middle_third,False,-19.87,-13.3,4,half_space_right,1,defensive_third,False,30.19,40.92,52.43,51.66,36.61,26.86,58.27,52.93
332,2011166,57839,57870,72:54.9,72:58.0,27,54,3.1,2,1,867,left_to_right,Wellington P FC,1,False,False,False,build_up,0,high_block,10,-20.82,-12.21,4,half_space_right,1,defensive_third,False,-20.74,11.12,2,half_space_left,1,defensive_third,False,41.28,51.35,51.72,52.6,26.77,30.83,53.18,58.4
333,2011166,57870,57991,72:58.0,73:10.1,27,58,12.1,2,1,867,left_to_right,Wellington P FC,4,True,False,False,create,1,medium_block,9,-19.95,12.69,2,half_space_left,1,defensive_third,False,26.19,30.93,1,wide_left,3,attacking_third,False,51.53,50.86,52.62,61.3,31.2,36.34,58.35,58.15
334,2011166,57991,58047,73:10.1,73:15.7,28,10,5.6,2,2,868,right_to_left,Melbourne V FC,1,True,False,False,chaotic,5,chaotic,5,-26.58,-30.96,5,wide_right,1,defensive_third,False,-31.49,-35.57,5,wide_right,1,defensive_third,False,36.72,36.83,58.36,52.38,50.87,50.32,62.07,77.13
335,2011166,58047,58139,73:15.7,73:24.9,28,15,9.2,2,1,867,left_to_right,Wellington P FC,3,False,False,False,finish,2,low_block,8,31.86,35.52,1,wide_left,3,attacking_third,False,21.29,27.66,1,wide_left,3,attacking_third,False,50.39,52.06,76.96,57.65,36.36,32.43,52.07,35.91
336,2011166,58139,58156,73:24.9,73:26.6,28,24,1.7,2,1,867,left_to_right,Wellington P FC,1,True,False,False,create,1,medium_block,9,21.43,27.53,1,wide_left,3,attacking_third,False,20.37,33.81,1,wide_left,3,attacking_third,False,52.17,53.07,57.48,55.37,32.26,32.83,35.9,36.25
337,2011166,58301,58322,73:41.1,73:43.2,28,41,2.1,2,2,868,right_to_left,Melbourne V FC,2,False,False,False,chaotic,5,chaotic,5,-16.72,-32.91,5,wide_right,2,middle_third,False,-16.15,-32.15,5,wide_right,2,middle_third,False,38.9,35.51,50.06,50.0,31.05,29.84,64.72,63.83
338,2011166,58403,58429,73:51.3,73:53.9,28,51,2.6,2,2,868,right_to_left,Melbourne V FC,2,False,False,False,create,1,medium_block,9,-13.86,-33.26,5,wide_right,2,middle_third,False,-19.93,-22.6,5,wide_right,1,defensive_third,False,38.16,37.21,50.66,49.08,26.65,25.4,64.44,62.0
339,2011166,58429,58464,73:53.9,73:57.4,28,53,3.5,2,2,868,right_to_left,Melbourne V FC,1,False,False,False,build_up,0,high_block,10,-20.58,-21.24,5,wide_right,1,defensive_third,False,-20.12,2.87,3,center,1,defensive_third,False,37.25,45.63,49.06,49.53,25.41,31.23,61.82,54.8
340,2011166,58464,58525,73:57.4,74:03.5,28,57,6.1,2,2,868,right_to_left,Melbourne V FC,3,False,False,False,create,1,medium_block,9,-19.58,3.54,3,center,1,defensive_third,False,16.02,24.07,1,wide_left,2,middle_third,False,45.98,47.36,49.61,61.9,31.62,36.69,54.65,50.61
341,2011166,58525,58532,74:03.5,74:04.2,29,3,0.7,2,2,868,right_to_left,Melbourne V FC,1,True,False,False,finish,2,low_block,8,16.15,23.81,1,wide_left,2,middle_third,False,17.84,23.3,1,wide_left,3,attacking_third,False,47.03,44.67,62.09,63.1,36.36,34.28,50.49,49.7
342,2011166,58532,58675,74:04.2,74:18.5,29,4,14.3,2,1,867,left_to_right,Wellington P FC,5,False,True,True,transition,4,defending_transition,11,-18.26,-23.08,5,wide_right,1,defensive_third,False,51.42,0.8,3,center,3,attacking_third,True,33.92,30.74,49.58,79.81,44.22,18.42,63.24,53.3
343,2011166,59230,59314,75:14.0,75:22.4,30,14,8.4,2,2,868,right_to_left,Melbourne V FC,4,False,False,False,create,1,medium_block,9,-0.77,0.99,3,center,2,middle_third,False,-19.98,26.67,1,wide_left,1,defensive_third,False,51.9,56.01,41.63,54.76,40.06,36.5,42.58,57.88
344,2011166,59314,59366,75:22.4,75:27.6,30,22,5.2,2,2,868,right_to_left,Melbourne V FC,1,False,False,False,build_up,0,high_block,10,-20.0,27.46,1,wide_left,1,defensive_third,False,-20.18,32.39,1,wide_left,1,defensive_third,False,56.11,51.02,54.88,54.78,36.65,36.25,57.82,64.71
345,2011166,59366,59367,75:27.6,75:27.7,30,27,0.1,2,2,868,right_to_left,Melbourne V FC,0,True,False,False,create,1,medium_block,9,-18.29,31.82,1,wide_left,1,defensive_third,False,-18.29,31.82,1,wide_left,1,defensive_third,False,50.99,50.99,54.58,54.58,36.45,36.45,64.66,64.66
346,2011166,59367,59438,75:27.7,75:34.8,30,27,7.1,2,1,867,left_to_right,Wellington P FC,3,True,False,False,create,1,medium_block,9,16.19,-31.25,5,wide_right,2,middle_third,False,16.2,-28.29,5,wide_right,2,middle_third,False,36.61,37.89,64.6,58.1,50.93,30.46,54.36,38.16
347,2011166,59438,59474,75:34.8,75:38.4,30,34,3.6,2,2,868,right_to_left,Melbourne V FC,1,False,False,False,create,1,medium_block,9,-16.39,28.73,1,wide_left,2,middle_third,False,-19.92,30.27,1,wide_left,1,defensive_third,False,30.26,33.1,38.0,37.34,37.8,36.2,58.22,60.64
348,2011166,59474,59587,75:38.4,75:49.7,30,38,11.3,2,2,868,right_to_left,Melbourne V FC,1,False,False,False,build_up,0,high_block,10,-20.19,29.98,1,wide_left,1,defensive_third,False,-36.37,13.64,2,half_space_left,1,defensive_third,False,33.12,52.22,37.39,50.37,36.11,41.2,60.61,69.41
349,2011166,59587,59636,75:49.7,75:54.6,30,49,4.9,2,2,868,right_to_left,Melbourne V FC,1,True,False,False,direct,6,defending_direct,15,-36.13,13.7,2,half_space_left,1,defensive_third,False,21.08,26.22,1,wide_left,3,attacking_third,False,52.33,42.41,50.57,64.07,41.23,38.33,69.39,67.28
350,2011166,59636,59680,75:54.6,75:59.0,30,54,4.4,2,1,867,left_to_right,Wellington P FC,2,False,False,False,chaotic,5,chaotic,5,-21.23,-26.36,5,wide_right,1,defensive_third,False,3.73,-30.94,5,wide_right,2,middle_third,False,38.24,37.36,67.14,58.61,42.17,33.2,63.8,51.12
351,2011166,59956,59996,76:26.6,76:30.6,31,26,4.0,2,1,867,left_to_right,Wellington P FC,2,True,False,False,chaotic,5,chaotic,5,,,2,half_space_left,2,middle_third,False,25.14,18.67,2,half_space_left,3,attacking_third,False,,62.19,,57.13,,39.85,,43.23
352,2011166,59996,60018,76:30.6,76:32.8,31,30,2.2,2,2,868,right_to_left,Melbourne V FC,1,True,False,False,chaotic,5,chaotic,5,-25.45,-19.37,4,half_space_right,1,defensive_third,False,-11.62,-26.61,5,wide_right,2,middle_third,False,39.94,41.02,43.47,46.47,62.01,59.08,57.25,59.41
353,2011166,60018,60047,76:32.8,76:35.7,31,32,2.9,2,1,867,left_to_right,Wellington P FC,1,True,False,False,chaotic,5,chaotic,5,11.25,27.04,1,wide_left,2,middle_third,False,16.45,29.9,1,wide_left,2,middle_third,False,58.98,58.31,59.45,58.54,41.13,46.35,46.56,47.45
354,2011166,60047,60068,76:35.7,76:37.8,31,35,2.1,2,2,868,right_to_left,Melbourne V FC,2,False,False,False,create,1,medium_block,9,-16.77,-29.44,5,wide_right,2,middle_third,False,-19.87,-22.35,5,wide_right,1,defensive_third,False,46.17,42.25,47.54,48.6,58.14,50.75,58.46,58.35
355,2011166,60068,60100,76:37.8,76:41.0,31,37,3.2,2,2,868,right_to_left,Melbourne V FC,1,False,False,False,build_up,0,high_block,10,-20.91,-21.91,5,wide_right,1,defensive_third,False,-20.71,-22.54,5,wide_right,1,defensive_third,False,42.16,42.04,48.64,50.64,50.15,39.69,58.36,59.06
356,2011166,60100,60121,76:41.0,76:43.1,31,41,2.1,2,2,868,right_to_left,Melbourne V FC,1,True,False,False,create,1,medium_block,9,-18.86,-23.38,5,wide_right,1,defensive_third,False,-6.08,-24.29,5,wide_right,2,middle_third,False,42.17,42.47,50.68,51.54,39.46,37.59,59.03,58.59
357,2011166,60121,60241,76:43.1,76:55.1,31,43,12.0,2,1,867,left_to_right,Wellington P FC,2,True,False,False,chaotic,5,chaotic,5,6.03,24.15,1,wide_left,2,middle_third,False,37.01,20.82,1,wide_left,3,attacking_third,False,37.54,41.19,58.54,65.83,42.36,37.92,51.55,46.42
358,2011166,60241,60269,76:55.1,76:57.9,31,55,2.8,2,2,868,right_to_left,Melbourne V FC,1,True,False,False,chaotic,5,chaotic,5,-37.46,-20.86,5,wide_right,1,defensive_third,False,-19.75,-27.22,5,wide_right,1,defensive_third,False,38.11,40.94,46.54,45.83,41.12,36.05,66.25,69.78
359,2011166,60269,60314,76:57.9,77:02.4,31,57,4.5,2,1,867,left_to_right,Wellington P FC,2,False,False,False,finish,2,low_block,8,18.3,26.6,1,wide_left,3,attacking_third,False,7.34,27.53,1,wide_left,2,middle_third,False,35.71,39.2,69.63,58.46,40.72,35.3,45.82,41.84
360,2011166,60314,60415,77:02.4,77:12.5,32,2,10.1,2,1,867,left_to_right,Wellington P FC,3,False,False,False,create,1,medium_block,9,7.43,27.76,1,wide_left,2,middle_third,False,8.94,-13.77,4,half_space_right,2,middle_third,False,39.45,57.66,58.19,53.21,35.27,35.44,41.74,42.14
361,2011166,60415,60532,77:12.5,77:24.2,32,12,11.7,2,1,867,left_to_right,Wellington P FC,4,True,False,False,finish,2,low_block,8,9.78,-14.76,4,half_space_right,2,middle_third,False,32.43,7.14,3,center,3,attacking_third,False,57.6,47.52,53.44,60.19,35.66,33.37,42.25,43.99
362,2011166,60532,60542,77:24.2,77:25.2,32,24,1.0,2,2,868,right_to_left,Melbourne V FC,1,True,False,False,chaotic,5,chaotic,5,-33.5,-7.82,3,center,1,defensive_third,False,-44.32,-9.84,4,half_space_right,1,defensive_third,False,33.39,33.89,44.04,44.07,47.14,44.69,60.85,66.68
363,2011166,62053,62082,79:56.3,79:59.2,34,56,2.9,2,1,867,left_to_right,Wellington P FC,1,True,False,False,set_play,7,defending_set_play,13,52.04,32.97,1,wide_left,3,attacking_third,False,35.08,5.02,3,center,3,attacking_third,False,51.55,41.36,73.47,72.22,16.63,16.82,27.23,31.16
364,2011166,62082,62109,79:59.2,80:01.9,34,59,2.7,2,2,868,right_to_left,Melbourne V FC,1,True,False,False,chaotic,5,chaotic,5,-34.34,-5.21,3,center,1,defensive_third,False,-19.36,-11.48,4,half_space_right,1,defensive_third,False,16.85,18.97,31.3,39.18,41.52,41.25,72.42,69.83
365,2011166,62109,62303,80:01.9,80:21.3,35,1,19.4,2,1,867,left_to_right,Wellington P FC,3,True,False,False,finish,2,low_block,8,18.97,11.9,2,half_space_left,3,attacking_third,False,42.94,7.25,3,center,3,attacking_third,True,41.22,42.09,69.52,71.53,19.23,26.04,39.52,27.06
366,2011166,62303,62313,80:21.3,80:22.3,35,21,1.0,2,2,868,right_to_left,Melbourne V FC,1,True,False,False,chaotic,5,chaotic,5,-43.2,-6.86,3,center,1,defensive_third,False,-41.37,-19.02,4,half_space_right,1,defensive_third,False,25.84,25.7,27.12,27.38,42.2,41.76,71.82,72.83
367,2011166,62629,62672,80:53.9,80:58.2,35,53,4.3,2,1,867,left_to_right,Wellington P FC,2,False,False,False,chaotic,5,chaotic,5,41.53,23.03,1,wide_left,3,attacking_third,False,43.4,11.2,2,half_space_left,3,attacking_third,True,40.5,36.66,61.93,64.11,14.94,19.65,18.16,20.27
368,2011166,62992,63089,81:30.2,81:39.9,36,30,9.7,2,1,867,left_to_right,Wellington P FC,4,True,False,False,set_play,7,defending_set_play,13,51.4,33.58,1,wide_left,3,attacking_third,False,45.3,-5.01,3,center,3,attacking_third,True,44.4,36.72,68.35,59.83,14.61,28.55,15.8,26.98
369,2011166,63432,63483,82:14.2,82:19.3,37,14,5.1,2,2,868,right_to_left,Melbourne V FC,1,True,False,False,direct,6,defending_direct,15,-47.32,7.43,3,center,1,defensive_third,False,13.86,19.15,2,half_space_left,2,middle_third,False,20.38,20.3,58.24,53.73,22.57,22.61,46.32,47.82
370,2011166,63483,63508,82:19.3,82:21.8,37,19,2.5,2,1,867,left_to_right,Wellington P FC,1,True,False,False,chaotic,5,chaotic,5,-14.5,-19.28,4,half_space_right,2,middle_third,False,-1.53,-24.05,5,wide_right,2,middle_third,False,22.75,24.75,47.83,46.67,20.4,22.26,53.86,58.35
371,2011166,63508,63548,82:21.8,82:25.8,37,21,4.0,2,2,868,right_to_left,Melbourne V FC,1,True,False,False,chaotic,5,chaotic,5,0.4,24.13,1,wide_left,2,middle_third,False,19.8,21.94,1,wide_left,3,attacking_third,False,22.21,23.49,58.23,59.88,24.81,28.57,46.82,53.26
372,2011166,63548,63607,82:25.8,82:31.7,37,25,5.9,2,1,867,left_to_right,Wellington P FC,3,False,False,False,chaotic,5,chaotic,5,-20.17,-21.52,5,wide_right,1,defensive_third,False,-12.99,14.17,2,half_space_left,2,middle_third,False,28.5,40.16,53.29,48.68,23.5,28.82,60.17,51.52
373,2011166,63607,63654,82:31.7,82:36.4,37,31,4.7,2,1,867,left_to_right,Wellington P FC,2,True,False,False,direct,6,defending_direct,15,-12.16,13.84,2,half_space_left,2,middle_third,False,29.3,-10.2,4,half_space_right,3,attacking_third,False,40.24,35.96,48.77,65.64,29.24,35.45,51.29,49.89
374,2011166,63654,63683,82:36.4,82:39.3,37,36,2.9,2,2,868,right_to_left,Melbourne V FC,2,True,False,False,chaotic,5,chaotic,5,-29.76,9.92,2,half_space_left,1,defensive_third,False,-19.46,16.31,2,half_space_left,1,defensive_third,False,35.25,29.99,49.87,47.63,35.8,33.35,65.99,65.03
375,2011166,63683,63714,82:39.3,82:42.4,37,39,3.1,2,1,867,left_to_right,Wellington P FC,2,True,False,False,chaotic,5,chaotic,5,19.17,-16.66,4,half_space_right,3,attacking_third,False,23.27,-32.3,5,wide_right,3,attacking_third,False,33.4,40.37,64.83,61.68,30.16,38.24,47.54,45.12
376,2011166,63714,63783,82:42.4,82:49.3,37,42,6.9,2,2,868,right_to_left,Melbourne V FC,1,False,False,False,build_up,0,high_block,10,-23.73,32.43,1,wide_left,1,defensive_third,False,-49.98,32.67,1,wide_left,1,defensive_third,False,38.45,31.92,45.02,41.96,40.52,31.47,61.63,76.53
377,2011166,63783,63826,82:49.3,82:53.6,37,49,4.3,2,2,868,right_to_left,Melbourne V FC,1,True,False,False,direct,6,defending_direct,15,-49.04,32.95,1,wide_left,1,defensive_third,False,7.29,23.07,1,wide_left,2,middle_third,False,32.19,32.19,41.88,41.15,31.74,37.12,76.53,68.65
378,2011166,63826,63909,82:53.6,83:01.9,37,53,8.3,2,1,867,left_to_right,Wellington P FC,2,True,False,False,create,1,medium_block,9,-7.71,-22.94,5,wide_right,2,middle_third,False,-3.32,-30.92,5,wide_right,2,middle_third,False,37.28,51.65,68.45,57.26,32.17,33.26,41.16,47.6
379,2011166,63909,64021,83:01.9,83:13.1,38,1,11.2,2,2,868,right_to_left,Melbourne V FC,2,True,False,False,quick_break,3,defending_quick_break,12,3.35,30.98,1,wide_left,2,middle_third,False,45.23,19.48,2,half_space_left,3,attacking_third,True,33.44,30.42,47.8,77.09,51.7,23.34,57.29,46.49
380,2011166,64021,64089,83:13.1,83:19.9,38,13,6.8,2,1,867,left_to_right,Wellington P FC,2,False,False,False,build_up,0,high_block,10,-45.56,-19.09,4,half_space_right,1,defensive_third,False,-21.16,-31.52,5,wide_right,1,defensive_third,False,23.24,38.1,46.34,46.7,30.25,31.47,77.26,72.03
381,2011166,64089,64103,83:19.9,83:21.3,38,19,1.4,2,1,867,left_to_right,Wellington P FC,0,True,False,False,create,1,medium_block,9,-19.08,-31.13,5,wide_right,1,defensive_third,False,1.95,-27.02,5,wide_right,2,middle_third,False,38.32,39.04,47.04,53.34,31.63,32.66,71.81,69.99
382,2011166,64103,64226,83:21.3,83:33.6,38,21,12.3,2,2,868,right_to_left,Melbourne V FC,6,False,False,False,create,1,medium_block,9,-2.66,26.99,1,wide_left,2,middle_third,False,13.68,32.3,1,wide_left,2,middle_third,False,32.65,33.33,69.8,59.31,38.98,32.64,53.57,50.18
383,2011166,64420,64433,83:53.0,83:54.3,38,53,1.3,2,2,868,right_to_left,Melbourne V FC,1,True,False,False,chaotic,5,chaotic,5,,,2,half_space_left,2,middle_third,False,26.03,30.68,1,wide_left,3,attacking_third,False,,28.04,,65.17,,28.16,,48.36
384,2011166,64433,64478,83:54.3,83:58.8,38,54,4.5,2,1,867,left_to_right,Wellington P FC,2,True,False,False,chaotic,5,chaotic,5,-26.41,-30.53,5,wide_right,1,defensive_third,False,-15.1,-31.11,5,wide_right,2,middle_third,False,28.21,30.13,48.3,45.67,27.77,23.22,64.88,58.52
385,2011166,64478,64532,83:58.8,84:04.2,38,58,5.4,2,2,868,right_to_left,Melbourne V FC,3,False,False,False,finish,2,low_block,8,15.0,31.19,1,wide_left,2,middle_third,False,16.07,32.12,1,wide_left,2,middle_third,False,23.43,26.64,58.46,55.74,30.14,32.41,45.63,43.67
386,2011166,64532,64567,84:04.2,84:07.7,39,4,3.5,2,2,868,right_to_left,Melbourne V FC,3,False,False,False,create,1,medium_block,9,15.67,32.32,1,wide_left,2,middle_third,False,25.55,27.85,1,wide_left,3,attacking_third,False,26.66,28.47,55.84,59.17,32.46,34.66,43.68,44.25
387,2011166,64567,64571,84:07.7,84:08.1,39,7,0.4,2,2,868,right_to_left,Melbourne V FC,1,True,False,False,finish,2,low_block,8,25.69,27.83,1,wide_left,3,attacking_third,False,26.19,27.71,1,wide_left,3,attacking_third,False,28.51,28.63,59.13,59.06,34.55,34.1,44.24,44.21
388,2011166,64571,64617,84:08.1,84:12.7,39,8,4.6,2,1,867,left_to_right,Wellington P FC,1,True,False,False,chaotic,5,chaotic,5,-26.46,-27.76,5,wide_right,1,defensive_third,False,-10.58,-27.22,5,wide_right,2,middle_third,False,33.92,32.65,44.22,45.51,28.66,29.13,59.04,64.07
389,2011166,64617,64659,84:12.7,84:16.9,39,12,4.2,2,2,868,right_to_left,Melbourne V FC,2,True,False,False,chaotic,5,chaotic,5,9.94,26.99,1,wide_left,2,middle_third,False,20.82,20.68,1,wide_left,3,attacking_third,False,28.92,23.23,64.06,59.8,32.62,34.82,45.68,44.76
390,2011166,64659,64725,84:16.9,84:23.5,39,16,6.6,2,1,867,left_to_right,Wellington P FC,1,False,False,False,create,1,medium_block,9,-21.37,-19.81,4,half_space_right,1,defensive_third,False,-20.17,-4.61,3,center,1,defensive_third,False,35.04,48.32,44.78,45.46,23.28,32.62,59.78,60.11
391,2011166,64725,64758,84:23.5,84:26.8,39,23,3.3,2,1,867,left_to_right,Wellington P FC,1,False,False,False,direct,6,defending_direct,15,-19.63,-4.88,3,center,1,defensive_third,False,23.45,-20.37,5,wide_right,3,attacking_third,False,48.39,41.78,45.61,61.39,32.4,26.12,59.91,60.4
392,2011166,64758,64772,84:26.8,84:28.2,39,26,1.4,2,1,867,left_to_right,Wellington P FC,1,False,False,False,create,1,medium_block,9,24.33,-20.49,5,wide_right,3,attacking_third,False,33.21,-22.25,5,wide_right,3,attacking_third,False,41.4,36.34,62.0,69.29,25.87,25.6,60.5,60.84
393,2011166,64772,65017,84:28.2,84:52.7,39,28,24.5,2,1,867,left_to_right,Wellington P FC,5,True,False,False,finish,2,low_block,8,33.72,-22.24,5,wide_right,3,attacking_third,False,35.94,-0.31,3,center,3,attacking_third,False,35.96,39.73,69.76,67.85,25.59,20.51,60.8,38.65
394,2011166,65429,65474,85:33.9,85:38.4,40,33,4.5,2,2,868,right_to_left,Melbourne V FC,1,False,False,True,direct,6,defending_direct,15,,,2,half_space_left,2,middle_third,False,6.57,11.95,2,half_space_left,2,middle_third,False,,21.34,,59.53,,25.34,,44.95
395,2011166,65474,65512,85:38.4,85:42.2,40,38,3.8,2,2,868,right_to_left,Melbourne V FC,3,False,False,True,create,1,medium_block,9,6.45,11.53,2,half_space_left,2,middle_third,False,21.14,21.49,1,wide_left,3,attacking_third,False,21.31,26.41,59.49,58.92,25.45,29.21,44.91,46.71
396,2011166,65512,65643,85:42.2,85:55.3,40,42,13.1,2,2,868,right_to_left,Melbourne V FC,3,True,False,True,finish,2,low_block,8,21.27,22.48,1,wide_left,3,attacking_third,False,46.23,-8.43,3,center,3,attacking_third,True,26.76,33.61,58.93,75.38,29.15,25.18,46.78,42.21
397,2011166,65906,65916,86:21.6,86:22.6,41,21,1.0,2,1,867,left_to_right,Wellington P FC,1,False,False,False,direct,6,defending_direct,15,,,2,half_space_left,2,middle_third,False,-10.61,-20.27,5,wide_right,2,middle_third,False,,25.13,,53.78,,19.44,,45.84
398,2011166,65972,66038,86:28.2,86:34.8,41,28,6.6,2,1,867,left_to_right,Wellington P FC,3,False,False,False,create,1,medium_block,9,-3.12,-34.43,5,wide_right,2,middle_third,False,20.33,-35.82,5,wide_right,3,attacking_third,False,39.29,38.75,55.32,61.24,25.11,31.43,50.32,49.12
399,2011166,66230,66279,86:54.0,86:58.9,41,54,4.9,2,1,867,left_to_right,Wellington P FC,2,False,False,False,finish,2,low_block,8,19.26,-33.68,5,wide_right,3,attacking_third,False,6.27,-17.48,4,half_space_right,2,middle_third,False,48.58,56.84,60.41,56.09,27.89,35.46,34.73,38.08
400,2011166,66279,66299,86:58.9,87:00.9,41,58,2.0,2,1,867,left_to_right,Wellington P FC,1,False,False,False,create,1,medium_block,9,6.16,-18.69,4,half_space_right,2,middle_third,False,10.75,-24.97,5,wide_right,2,middle_third,False,56.93,57.81,55.95,54.94,35.55,32.76,38.16,35.77
401,2011166,66299,66334,87:00.9,87:04.4,42,0,3.5,2,1,867,left_to_right,Wellington P FC,1,True,False,False,finish,2,low_block,8,11.07,-25.08,5,wide_right,2,middle_third,False,40.03,8.42,3,center,3,attacking_third,True,57.78,51.49,55.07,67.74,32.52,32.71,35.48,28.15
402,2011166,66334,66460,87:04.4,87:17.0,42,4,12.6,2,2,868,right_to_left,Melbourne V FC,2,False,False,False,build_up,0,high_block,10,-40.54,-8.99,3,center,1,defensive_third,False,-28.92,-26.83,5,wide_right,1,defensive_third,False,32.98,57.45,28.1,51.55,51.21,37.97,67.98,64.83
403,2011166,66460,66493,87:17.0,87:20.3,42,17,3.3,2,2,868,right_to_left,Melbourne V FC,1,True,False,False,direct,6,defending_direct,15,-28.64,-26.91,5,wide_right,1,defensive_third,False,21.61,-15.23,4,half_space_right,3,attacking_third,False,57.35,46.67,51.75,62.87,38.18,35.05,64.71,63.01
404,2011166,66493,66660,87:20.3,87:37.0,42,20,16.7,2,1,867,left_to_right,Wellington P FC,3,False,False,False,create,1,medium_block,9,-22.51,14.87,2,half_space_left,1,defensive_third,False,28.13,-8.92,3,center,3,attacking_third,False,35.05,42.61,62.93,63.23,46.25,25.33,62.97,53.85
405,2011166,66660,66692,87:37.0,87:40.2,42,37,3.2,2,1,867,left_to_right,Wellington P FC,2,False,False,False,finish,2,low_block,8,28.53,-9.32,4,half_space_right,3,attacking_third,False,46.56,-3.0,3,center,3,attacking_third,True,42.33,36.29,63.73,82.27,25.29,22.93,53.85,49.16
406,2011166,67104,67138,88:21.4,88:24.8,43,21,3.4,2,1,867,left_to_right,Wellington P FC,2,False,False,True,set_play,7,defending_set_play,13,51.25,32.63,1,wide_left,3,attacking_third,False,48.35,-5.91,3,center,3,attacking_third,True,44.39,40.84,71.2,69.86,16.58,11.36,16.12,15.36
407,2011166,67397,67480,88:50.7,88:59.0,43,50,8.3,2,1,867,left_to_right,Wellington P FC,2,True,False,False,set_play,7,defending_set_play,13,50.35,-31.92,5,wide_right,3,attacking_third,False,-5.76,-26.4,5,wide_right,2,middle_third,False,46.24,39.51,72.55,39.9,30.74,50.0,27.97,69.81
408,2011166,67480,67507,88:59.0,89:01.7,43,59,2.7,2,2,868,right_to_left,Melbourne V FC,0,True,False,False,direct,6,defending_direct,15,-4.48,-26.44,5,wide_right,2,middle_third,False,-1.71,-24.58,5,wide_right,2,middle_third,False,39.33,34.63,40.56,48.41,50.11,49.98,69.55,62.23
409,2011166,67507,67676,89:01.7,89:18.6,44,1,16.9,2,1,867,left_to_right,Wellington P FC,3,True,False,True,quick_break,3,defending_quick_break,12,2.23,24.43,1,wide_left,2,middle_third,False,53.55,3.26,3,center,3,attacking_third,False,49.74,37.99,61.89,71.94,34.48,30.61,48.28,22.08
410,2011166,68072,68107,89:58.2,90:01.7,44,58,3.5,2,2,868,right_to_left,Melbourne V FC,1,True,False,False,direct,6,defending_direct,15,-37.05,10.86,2,half_space_left,1,defensive_third,False,4.24,29.73,1,wide_left,2,middle_third,False,25.65,23.3,55.7,55.21,23.02,27.67,45.33,48.94
411,2011166,68107,68133,90:01.7,90:04.3,45,1,2.6,2,1,867,left_to_right,Wellington P FC,1,True,False,False,chaotic,5,chaotic,5,-4.56,-30.01,5,wide_right,2,middle_third,False,11.06,-24.46,5,wide_right,2,middle_third,False,27.8,29.32,49.1,50.5,23.35,23.52,55.11,52.27
412,2011166,68133,68218,90:04.3,90:12.8,45,4,8.5,2,2,868,right_to_left,Melbourne V FC,1,True,False,False,chaotic,5,chaotic,5,-11.31,24.64,1,wide_left,2,middle_third,False,9.25,29.88,1,wide_left,2,middle_third,False,23.54,25.04,52.14,48.98,29.35,32.14,50.36,51.53
413,2011166,68218,68244,90:12.8,90:15.4,45,12,2.6,2,1,867,left_to_right,Wellington P FC,1,True,False,False,chaotic,5,chaotic,5,-9.58,-30.13,5,wide_right,2,middle_third,False,-13.67,-33.28,5,wide_right,2,middle_third,False,32.22,33.45,51.59,52.47,25.1,25.72,49.24,51.94
414,2011166,68468,68486,90:37.8,90:39.6,45,37,1.8,2,2,868,right_to_left,Melbourne V FC,1,True,False,False,chaotic,5,chaotic,5,15.77,34.22,1,wide_left,2,middle_third,False,30.71,29.92,1,wide_left,3,attacking_third,False,28.03,26.47,69.01,69.19,29.62,30.3,43.22,42.98
415,2011166,68486,68566,90:39.6,90:47.6,45,39,8.0,2,1,867,left_to_right,Wellington P FC,4,False,False,False,build_up,0,high_block,10,-31.16,-29.76,5,wide_right,1,defensive_third,False,-20.01,12.5,2,half_space_left,1,defensive_third,False,30.32,42.72,42.98,47.85,26.3,27.91,69.09,56.33
416,2011166,68566,68627,90:47.6,90:53.7,45,47,6.1,2,1,867,left_to_right,Wellington P FC,2,False,False,False,create,1,medium_block,9,-19.28,13.1,2,half_space_left,1,defensive_third,False,23.2,23.83,1,wide_left,3,attacking_third,False,43.15,48.5,48.0,63.14,28.09,40.98,56.05,46.27
417,2011166,68627,68643,90:53.7,90:55.3,45,53,1.6,2,1,867,left_to_right,Wellington P FC,1,True,False,False,finish,2,low_block,8,23.82,23.46,1,wide_left,3,attacking_third,False,39.71,15.36,2,half_space_left,3,attacking_third,True,47.92,40.28,63.41,70.32,40.52,34.5,46.25,44.71
418,2011166,69004,69039,91:31.4,91:34.9,46,31,3.5,2,2,868,right_to_left,Melbourne V FC,1,True,False,False,direct,6,defending_direct,15,,,2,half_space_left,2,middle_third,False,11.08,24.74,1,wide_left,2,middle_third,False,,22.18,,53.55,,25.76,,48.2
419,2011166,69039,69077,91:34.9,91:38.7,46,34,3.8,2,1,867,left_to_right,Wellington P FC,1,True,False,False,chaotic,5,chaotic,5,-11.56,-25.31,5,wide_right,2,middle_third,False,10.77,-18.1,4,half_space_right,2,middle_third,False,25.98,29.83,48.36,51.17,22.25,26.91,53.66,54.34
420,2011166,69077,69102,91:38.7,91:41.2,46,38,2.5,2,2,868,right_to_left,Melbourne V FC,2,True,False,False,chaotic,5,chaotic,5,-11.48,17.52,2,half_space_left,2,middle_third,False,-22.15,24.47,1,wide_left,1,defensive_third,False,26.86,24.88,54.26,51.26,29.85,30.89,50.96,58.37
421,2011166,69224,69247,91:53.4,91:55.7,46,53,2.3,2,1,867,left_to_right,Wellington P FC,2,True,False,False,chaotic,5,chaotic,5,32.27,-34.61,5,wide_right,3,attacking_third,False,34.71,-23.95,5,wide_right,3,attacking_third,False,41.58,40.28,68.91,65.8,29.51,28.15,25.79,27.04
422,2011166,69247,69277,91:55.7,91:58.7,46,55,3.0,2,2,868,right_to_left,Melbourne V FC,1,True,False,False,chaotic,5,chaotic,5,-34.54,23.7,1,wide_left,1,defensive_third,False,-3.87,26.01,1,wide_left,2,middle_third,False,28.03,27.94,27.16,35.82,40.3,43.12,65.58,62.85
423,2011166,69277,69363,91:58.7,92:07.3,46,58,8.6,2,1,867,left_to_right,Wellington P FC,2,False,False,False,create,1,medium_block,9,3.17,-26.14,5,wide_right,2,middle_third,False,-16.0,4.65,3,center,2,middle_third,False,43.3,54.95,62.8,52.72,27.98,36.08,36.39,50.62
424,2011166,69363,69389,92:07.3,92:09.9,47,7,2.6,2,1,867,left_to_right,Wellington P FC,1,True,False,False,direct,6,defending_direct,15,-15.66,4.79,3,center,2,middle_third,False,22.67,7.49,3,center,3,attacking_third,False,55.06,49.56,52.54,62.87,36.2,34.28,50.57,54.19
425,2011166,69389,69392,92:09.9,92:10.2,47,9,0.3,2,2,868,right_to_left,Melbourne V FC,1,True,False,False,chaotic,5,chaotic,5,-23.65,-7.76,3,center,1,defensive_third,False,-24.68,-8.33,3,center,1,defensive_third,False,34.06,33.65,54.27,54.39,49.33,49.01,63.18,63.68
426,2011166,69392,69405,92:10.2,92:11.5,47,10,1.3,2,1,867,left_to_right,Wellington P FC,1,True,False,False,chaotic,5,chaotic,5,24.76,8.62,3,center,3,attacking_third,False,20.58,14.44,2,half_space_left,3,attacking_third,False,48.89,48.69,63.85,62.91,33.46,31.83,54.43,54.09
427,2011166,69405,69449,92:11.5,92:15.9,47,11,4.4,2,2,868,right_to_left,Melbourne V FC,1,False,False,False,chaotic,5,chaotic,5,-20.29,-14.87,4,half_space_right,1,defensive_third,False,-17.8,-31.26,5,wide_right,1,defensive_third,False,31.77,39.75,54.06,54.04,48.64,47.93,62.68,57.45
428,2011166,69669,69679,92:37.9,92:38.9,47,37,1.0,2,2,868,right_to_left,Melbourne V FC,1,True,False,False,direct,6,defending_direct,15,-17.35,-22.11,5,wide_right,2,middle_third,False,2.49,-23.82,5,wide_right,2,middle_third,False,31.33,30.25,60.52,62.94,27.47,27.11,52.28,52.1
429,2011166,69837,69880,92:54.7,92:59.0,47,54,4.3,2,1,867,left_to_right,Wellington P FC,2,False,False,False,build_up,0,high_block,10,-47.57,8.76,3,center,1,defensive_third,False,-36.74,-20.49,5,wide_right,1,defensive_third,False,57.27,63.28,53.06,52.76,34.18,31.79,71.62,63.99
430,2011166,69880,69909,92:59.0,93:01.9,47,59,2.9,2,1,867,left_to_right,Wellington P FC,1,False,False,False,direct,6,defending_direct,15,-35.99,-20.44,5,wide_right,1,defensive_third,False,3.95,-12.69,4,half_space_right,2,middle_third,False,63.3,57.7,52.82,58.55,31.64,24.68,63.93,59.23
431,2011166,69909,69979,93:01.9,93:08.9,48,1,7.0,2,1,867,left_to_right,Wellington P FC,2,True,False,False,create,1,medium_block,9,4.36,-12.8,4,half_space_right,2,middle_third,False,22.97,-28.25,5,wide_right,3,attacking_third,False,57.43,44.91,58.79,60.31,24.54,24.34,59.02,48.72
432,2011166,69979,70001,93:08.9,93:11.1,48,8,2.2,2,2,868,right_to_left,Melbourne V FC,1,False,False,False,chaotic,5,chaotic,5,-23.51,28.59,1,wide_left,1,defensive_third,False,-33.31,32.92,1,wide_left,1,defensive_third,False,24.68,30.94,48.63,45.02,45.0,45.45,60.58,65.12
433,2011166,70542,70552,94:05.2,94:06.2,49,5,1.0,2,2,868,right_to_left,Melbourne V FC,1,True,False,False,direct,6,defending_direct,15,-31.1,31.56,1,wide_left,1,defensive_third,False,-12.1,30.56,1,wide_left,2,middle_third,False,20.0,20.25,59.2,59.96,26.37,26.72,45.77,46.28
434,2011166,70612,70646,94:12.2,94:15.6,49,12,3.4,2,1,867,left_to_right,Wellington P FC,4,False,False,False,create,1,medium_block,9,-8.86,-34.17,5,wide_right,2,middle_third,False,-15.32,-30.9,5,wide_right,2,middle_third,False,39.07,47.12,53.31,53.77,24.15,26.55,54.67,55.14
435,2011166,70724,70746,94:23.4,94:25.6,49,23,2.2,2,1,867,left_to_right,Wellington P FC,1,True,False,False,chaotic,5,chaotic,5,-17.25,-36.85,5,wide_right,2,middle_third,False,0.55,-30.27,5,wide_right,2,middle_third,False,53.1,50.22,53.16,52.9,25.48,23.09,56.75,54.42
436,2011166,70746,70765,94:25.6,94:27.5,49,25,1.9,2,2,868,right_to_left,Melbourne V FC,1,False,False,False,chaotic,5,chaotic,5,-0.26,30.48,1,wide_left,2,middle_third,False,2.26,33.45,1,wide_left,2,middle_third,False,23.09,25.3,54.29,50.77,50.1,49.06,52.9,53.48
437,2011166,70903,70971,94:41.3,94:48.1,49,41,6.8,2,2,868,right_to_left,Melbourne V FC,2,False,False,False,chaotic,5,chaotic,5,6.35,34.86,1,wide_left,2,middle_third,False,21.78,31.28,1,wide_left,3,attacking_third,False,27.84,26.75,62.11,66.59,30.17,32.08,51.78,47.61
438,2011166,71152,71249,95:06.2,95:15.9,50,6,9.7,2,2,868,right_to_left,Melbourne V FC,2,True,False,False,finish,2,low_block,8,24.95,33.71,1,wide_left,3,attacking_third,False,48.99,33.13,1,wide_left,3,attacking_third,False,30.26,28.52,71.13,80.11,31.08,34.61,41.18,34.65
439,2011166,71249,71264,95:15.9,95:17.4,50,15,1.5,2,1,867,left_to_right,Wellington P FC,1,False,False,False,chaotic,5,chaotic,5,-48.48,-33.11,5,wide_right,1,defensive_third,False,-33.99,-30.53,5,wide_right,1,defensive_third,False,34.7,35.2,34.5,32.65,28.44,27.29,80.08,78.02
440,2011166,71334,71348,95:24.4,95:25.8,50,24,1.4,2,1,867,left_to_right,Wellington P FC,1,False,False,False,chaotic,5,chaotic,5,-28.19,-33.9,5,wide_right,1,defensive_third,False,-13.71,-30.93,5,wide_right,2,middle_third,False,44.27,44.52,36.45,41.93,24.65,24.82,65.85,64.21
