index,match_id,frame_start,frame_end,time_start,time_end,minute_start,second_start,duration,period,attacking_side_id,team_in_possession_id,attacking_side,team_in_possession_shortname,n_player_possessions_in_phase,team_possession_loss_in_phase,team_possession_lead_to_goal,team_possession_lead_to_shot,team_in_possession_phase_type,team_in_possession_phase_type_id,team_out_of_possession_phase_type,team_out_of_possession_phase_type_id,x_start,y_start,channel_id_start,channel_start,third_id_start,third_start,penalty_area_start,x_end,y_end,channel_id_end,channel_end,third_id_end,third_end,penalty_area_end,team_in_possession_width_start,team_in_possession_width_end,team_in_possession_length_start,team_in_possession_length_end,team_out_of_possession_width_start,team_out_of_possession_width_end,team_out_of_possession_length_start,team_out_of_possession_length_end
0,1986691,23,156,00:01.3,00:14.6,0,1,13.3,1,2,2902,right_to_left,Western Sydney,6,True,False,False,create,1,medium_block,9,-0.82,0.98,3,center,2,middle_third,False,8.91,19.06,2,half_space_left,2,middle_third,False,49.46,44.34,38.26,50.22,34.45,36.95,41.21,54.14
1,1986691,156,178,00:14.6,00:16.8,0,14,2.2,1,1,4177,left_to_right,Auckland FC,1,True,False,False,chaotic,5,chaotic,5,-8.99,-19.16,4,half_space_right,2,middle_third,False,8.03,-24.82,5,wide_right,2,middle_third,False,36.81,29.67,53.89,51.85,43.83,29.46,50.12,48.17
2,1986691,178,295,00:16.8,00:28.5,0,16,11.7,1,2,2902,right_to_left,Western Sydney,3,True,False,False,create,1,medium_block,9,-8.3,25.27,1,wide_left,2,middle_third,False,-3.88,27.18,1,wide_left,2,middle_third,False,28.68,35.86,48.15,52.87,29.45,28.51,52.01,48.14
3,1986691,295,319,00:28.5,00:30.9,0,28,2.4,1,1,4177,left_to_right,Auckland FC,3,False,False,False,chaotic,5,chaotic,5,3.84,-27.04,5,wide_right,2,middle_third,False,3.69,-28.87,5,wide_right,2,middle_third,False,28.67,32.86,48.12,48.67,35.77,30.85,52.92,52.05
4,1986691,515,525,00:50.5,00:51.5,0,50,1.0,1,1,4177,left_to_right,Auckland FC,1,False,False,False,set_play,7,defending_set_play,13,3.82,-26.69,5,wide_right,2,middle_third,False,-6.79,-20.61,5,wide_right,2,middle_third,False,51.96,52.52,60.19,59.93,37.1,37.77,42.61,42.86
5,1986691,525,580,00:51.5,00:57.0,0,51,5.5,1,1,4177,left_to_right,Auckland FC,2,True,False,False,create,1,medium_block,9,-7.75,-20.05,4,half_space_right,2,middle_third,False,32.5,-20.05,4,half_space_right,3,attacking_third,False,52.6,42.73,59.87,66.15,37.76,34.27,42.89,47.62
6,1986691,580,591,00:57.0,00:58.1,0,57,1.1,1,2,2902,right_to_left,Western Sydney,1,True,False,False,chaotic,5,chaotic,5,-33.23,19.92,2,half_space_left,1,defensive_third,False,-36.38,25.37,1,wide_left,1,defensive_third,False,34.14,32.79,47.54,46.59,42.37,39.32,66.75,71.68
7,1986691,591,697,00:58.1,01:08.7,0,58,10.6,1,1,4177,left_to_right,Auckland FC,5,True,False,True,finish,2,low_block,8,36.46,-25.74,5,wide_right,3,attacking_third,False,44.55,0.7,3,center,3,attacking_third,True,39.1,30.12,72.01,74.21,32.61,18.91,46.5,22.19
8,1986691,697,780,01:08.7,01:17.0,1,8,8.3,1,2,2902,right_to_left,Western Sydney,3,False,False,False,chaotic,5,chaotic,5,-44.18,-1.49,3,center,1,defensive_third,False,-12.71,29.02,1,wide_left,2,middle_third,False,18.8,34.1,22.58,36.06,29.9,41.39,74.28,59.16
9,1986691,979,1045,01:36.9,01:43.5,1,36,6.6,1,2,2902,right_to_left,Western Sydney,3,True,False,False,create,1,medium_block,9,,,2,half_space_left,2,middle_third,False,15.14,13.98,2,half_space_left,2,middle_third,False,,37.87,,53.51,,31.74,,53.6
10,1986691,1045,1059,01:43.5,01:44.9,1,43,1.4,1,1,4177,left_to_right,Auckland FC,1,False,False,False,create,1,medium_block,9,-15.41,-13.59,4,half_space_right,2,middle_third,False,-18.72,-12.04,4,half_space_right,1,defensive_third,False,31.63,33.66,53.5,51.54,37.3,31.77,53.37,53.92
11,1986691,1059,1114,01:44.9,01:50.4,1,44,5.5,1,1,4177,left_to_right,Auckland FC,2,False,False,False,build_up,0,high_block,10,-20.16,-11.46,4,half_space_right,1,defensive_third,False,-20.27,26.22,1,wide_left,1,defensive_third,False,33.93,55.8,51.33,47.64,31.59,38.71,54.24,55.4
12,1986691,1114,1161,01:50.4,01:55.1,1,50,4.7,1,1,4177,left_to_right,Auckland FC,1,True,False,False,create,1,medium_block,9,-19.86,26.58,1,wide_left,1,defensive_third,False,22.23,27.91,1,wide_left,3,attacking_third,False,56.04,53.11,47.82,58.36,38.77,45.39,55.25,49.05
13,1986691,1161,1355,01:55.1,02:14.5,1,55,19.4,1,2,2902,right_to_left,Western Sydney,5,False,False,False,create,1,medium_block,9,-23.21,-27.5,5,wide_right,1,defensive_third,False,31.93,-30.34,5,wide_right,3,attacking_third,False,45.4,45.58,49.05,66.53,52.73,36.03,58.87,57.63
14,1986691,1355,1541,02:14.5,02:33.1,2,14,18.6,1,2,2902,right_to_left,Western Sydney,5,False,False,False,finish,2,low_block,8,32.75,-30.19,5,wide_right,3,attacking_third,False,50.52,-25.27,5,wide_right,3,attacking_third,False,45.46,34.03,67.3,79.48,35.89,27.83,57.67,38.56
15,1986691,1649,1739,02:43.9,02:52.9,2,43,9.0,1,2,2902,right_to_left,Western Sydney,3,False,False,False,set_play,7,defending_set_play,13,47.74,-22.68,5,wide_right,3,attacking_third,False,5.24,-25.99,5,wide_right,2,middle_third,False,38.17,42.42,79.15,63.63,21.16,26.45,16.82,34.64
16,1986691,1739,2136,02:52.9,03:32.6,2,52,39.7,1,2,2902,right_to_left,Western Sydney,13,False,False,False,create,1,medium_block,9,4.26,-25.45,5,wide_right,2,middle_third,False,-19.98,26.69,1,wide_left,1,defensive_third,False,42.71,52.24,63.4,48.3,26.77,41.38,34.67,49.67
17,1986691,2136,2222,03:32.6,03:41.2,3,32,8.6,1,2,2902,right_to_left,Western Sydney,3,False,False,False,build_up,0,high_block,10,-20.65,26.24,1,wide_left,1,defensive_third,False,-20.19,-17.57,4,half_space_right,1,defensive_third,False,52.19,59.49,48.21,41.69,41.03,33.65,49.79,52.4
18,1986691,2222,2224,03:41.2,03:41.4,3,41,0.2,1,2,2902,right_to_left,Western Sydney,1,False,False,False,create,1,medium_block,9,-19.72,-17.26,4,half_space_right,1,defensive_third,False,-19.7,-17.19,4,half_space_right,1,defensive_third,False,59.43,59.38,41.78,41.87,33.77,33.9,52.35,52.3
19,1986691,2224,2329,03:41.4,03:51.9,3,41,10.5,1,2,2902,right_to_left,Western Sydney,3,False,False,False,build_up,0,high_block,10,-20.15,-17.39,4,half_space_right,1,defensive_third,False,-20.58,22.24,1,wide_left,1,defensive_third,False,59.31,64.38,41.95,41.67,34.02,41.28,52.25,53.16
20,1986691,2329,2362,03:51.9,03:55.2,3,51,3.3,1,2,2902,right_to_left,Western Sydney,1,False,False,False,create,1,medium_block,9,-19.89,21.97,1,wide_left,1,defensive_third,False,-18.76,19.38,2,half_space_left,1,defensive_third,False,64.38,56.96,41.67,49.05,41.43,40.21,53.3,56.96
21,1986691,2454,2662,04:04.4,04:25.2,4,4,20.8,1,2,2902,right_to_left,Western Sydney,8,True,False,False,create,1,medium_block,9,-27.42,5.85,3,center,1,defensive_third,False,-19.48,9.87,2,half_space_left,1,defensive_third,False,59.84,45.19,47.53,48.02,35.35,36.26,55.66,58.47
22,1986691,2662,2731,04:25.2,04:32.1,4,25,6.9,1,1,4177,left_to_right,Auckland FC,2,False,False,False,finish,2,low_block,8,19.51,-10.27,4,half_space_right,3,attacking_third,False,6.09,-8.69,3,center,2,middle_third,False,36.44,50.94,58.69,65.0,44.53,31.71,48.07,36.4
23,1986691,2731,2770,04:32.1,04:36.0,4,32,3.9,1,1,4177,left_to_right,Auckland FC,2,False,False,False,create,1,medium_block,9,5.43,-8.96,3,center,2,middle_third,False,4.78,15.06,2,half_space_left,2,middle_third,False,51.1,57.22,64.89,62.17,31.91,34.59,36.25,35.09
24,1986691,2770,2816,04:36.0,04:40.6,4,36,4.6,1,1,4177,left_to_right,Auckland FC,1,False,False,False,finish,2,low_block,8,5.71,16.26,2,half_space_left,2,middle_third,False,6.1,20.01,2,half_space_left,2,middle_third,False,57.33,56.62,62.13,63.3,34.51,38.13,35.07,35.46
25,1986691,2816,2840,04:40.6,04:43.0,4,40,2.4,1,1,4177,left_to_right,Auckland FC,1,False,False,False,create,1,medium_block,9,5.45,19.54,2,half_space_left,2,middle_third,False,4.9,24.84,1,wide_left,2,middle_third,False,56.63,57.37,63.23,60.82,38.03,37.99,35.95,44.13
26,1986691,2840,3023,04:43.0,05:01.3,4,43,18.3,1,1,4177,left_to_right,Auckland FC,4,False,False,False,finish,2,low_block,8,5.21,25.34,1,wide_left,2,middle_third,False,43.81,-10.63,4,half_space_right,3,attacking_third,True,57.37,36.6,60.83,71.33,38.07,39.78,44.13,25.86
27,1986691,3023,3193,05:01.3,05:18.3,5,1,17.0,1,1,4177,left_to_right,Auckland FC,1,False,False,False,create,1,medium_block,9,,,2,half_space_left,2,middle_third,False,-18.83,11.86,2,half_space_left,1,defensive_third,False,,34.16,,56.61,,36.73,,54.54
28,1986691,3193,3257,05:18.3,05:24.7,5,18,6.4,1,1,4177,left_to_right,Auckland FC,2,False,False,False,build_up,0,high_block,10,-20.11,11.49,2,half_space_left,1,defensive_third,False,-20.13,-19.63,4,half_space_right,1,defensive_third,False,34.27,49.16,56.5,51.43,36.68,38.27,55.0,64.41
29,1986691,3257,3332,05:24.7,05:32.2,5,24,7.5,1,1,4177,left_to_right,Auckland FC,3,True,False,False,create,1,medium_block,9,-19.76,-20.02,4,half_space_right,1,defensive_third,False,18.98,-12.33,4,half_space_right,3,attacking_third,False,49.54,44.69,51.5,59.99,38.37,28.27,64.25,56.96
30,1986691,3332,3362,05:32.2,05:35.2,5,32,3.0,1,2,2902,right_to_left,Western Sydney,1,False,False,False,create,1,medium_block,9,-19.19,12.13,2,half_space_left,1,defensive_third,False,-19.91,17.59,2,half_space_left,1,defensive_third,False,27.97,24.63,56.83,52.16,44.5,35.07,60.01,62.11
31,1986691,3362,3422,05:35.2,05:41.2,5,35,6.0,1,2,2902,right_to_left,Western Sydney,2,True,False,False,build_up,0,high_block,10,-20.07,17.92,2,half_space_left,1,defensive_third,False,-21.91,34.85,1,wide_left,1,defensive_third,False,24.74,34.99,51.97,45.82,34.67,39.36,62.13,63.95
32,1986691,3701,3748,06:09.1,06:13.8,6,9,4.7,1,1,4177,left_to_right,Auckland FC,2,False,False,False,chaotic,5,chaotic,5,28.04,-32.24,5,wide_right,3,attacking_third,False,49.05,-34.67,5,wide_right,3,attacking_third,False,33.88,37.5,66.75,75.92,26.38,30.59,32.62,32.5
33,1986691,3976,4018,06:36.6,06:40.8,6,36,4.2,1,1,4177,left_to_right,Auckland FC,3,False,False,False,set_play,7,defending_set_play,13,45.58,-33.06,5,wide_right,3,attacking_third,False,-39.5,-0.03,3,center,1,defensive_third,False,39.74,19.36,70.03,20.91,20.0,34.3,21.19,72.56
34,1986691,4675,4775,07:46.5,07:56.5,7,46,10.0,1,1,4177,left_to_right,Auckland FC,3,True,False,False,set_play,7,defending_set_play,13,51.53,32.69,1,wide_left,3,attacking_third,False,-10.95,6.78,3,center,2,middle_third,False,41.87,28.38,67.93,37.28,31.08,28.56,23.19,56.57
35,1986691,5075,5107,08:26.5,08:29.7,8,26,3.2,1,2,2902,right_to_left,Western Sydney,2,False,False,False,create,1,medium_block,9,,,2,half_space_left,2,middle_third,False,-19.26,13.31,2,half_space_left,1,defensive_third,False,,56.74,,46.97,,32.12,,49.43
36,1986691,5107,5199,08:29.7,08:38.9,8,29,9.2,1,2,2902,right_to_left,Western Sydney,1,False,False,False,build_up,0,high_block,10,-20.13,12.68,2,half_space_left,1,defensive_third,False,-20.08,4.8,3,center,1,defensive_third,False,56.69,64.55,46.82,31.28,32.12,35.76,49.54,51.87
37,1986691,5199,5223,08:38.9,08:41.3,8,38,2.4,1,2,2902,right_to_left,Western Sydney,1,False,False,False,create,1,medium_block,9,-19.93,3.34,3,center,1,defensive_third,False,-19.69,-11.46,4,half_space_right,1,defensive_third,False,64.56,64.25,31.37,37.38,35.76,33.66,52.11,54.43
38,1986691,5223,5373,08:41.3,08:56.3,8,41,15.0,1,2,2902,right_to_left,Western Sydney,3,False,False,False,build_up,0,high_block,10,-20.33,-10.27,4,half_space_right,1,defensive_third,False,-20.0,22.29,1,wide_left,1,defensive_third,False,64.18,61.22,37.61,36.19,33.53,35.24,54.58,59.65
39,1986691,5373,5472,08:56.3,09:06.2,8,56,9.9,1,2,2902,right_to_left,Western Sydney,3,True,False,False,create,1,medium_block,9,-19.36,23.64,1,wide_left,1,defensive_third,False,3.13,-2.22,3,center,2,middle_third,False,61.27,39.33,36.47,58.34,35.45,29.4,59.57,55.84
40,1986691,5472,5562,09:06.2,09:15.2,9,6,9.0,1,1,4177,left_to_right,Auckland FC,3,False,False,False,create,1,medium_block,9,-3.04,2.5,3,center,2,middle_third,False,11.44,-20.46,5,wide_right,2,middle_third,False,29.61,50.58,55.76,60.34,39.29,32.12,58.29,44.94
41,1986691,5562,5692,09:15.2,09:28.2,9,15,13.0,1,1,4177,left_to_right,Auckland FC,5,False,False,False,finish,2,low_block,8,11.93,-20.4,5,wide_right,2,middle_third,False,6.36,-10.22,4,half_space_right,2,middle_third,False,50.58,55.35,60.51,57.74,31.91,36.89,44.74,35.48
42,1986691,5692,5796,09:28.2,09:38.6,9,28,10.4,1,1,4177,left_to_right,Auckland FC,4,False,False,False,create,1,medium_block,9,5.37,-9.55,4,half_space_right,2,middle_third,False,4.85,-24.07,5,wide_right,2,middle_third,False,55.39,63.18,57.71,58.9,36.83,38.67,35.57,35.58
43,1986691,5796,5822,09:38.6,09:41.2,9,38,2.6,1,1,4177,left_to_right,Auckland FC,1,False,False,False,finish,2,low_block,8,5.14,-24.31,5,wide_right,2,middle_third,False,6.57,-21.26,5,wide_right,2,middle_third,False,63.13,60.88,59.01,61.87,38.73,37.61,35.5,33.85
44,1986691,5822,5858,09:41.2,09:44.8,9,41,3.6,1,1,4177,left_to_right,Auckland FC,1,False,False,False,create,1,medium_block,9,5.52,-19.77,4,half_space_right,2,middle_third,False,4.96,-13.85,4,half_space_right,2,middle_third,False,60.88,62.55,61.82,59.22,37.51,37.59,33.9,33.07
45,1986691,5858,5967,09:44.8,09:55.7,9,44,10.9,1,1,4177,left_to_right,Auckland FC,4,False,False,False,finish,2,low_block,8,5.85,-15.12,4,half_space_right,2,middle_third,False,-20.99,30.34,1,wide_left,1,defensive_third,False,62.58,34.76,59.19,34.25,37.62,41.76,32.98,64.32
46,1986691,5967,5991,09:55.7,09:58.1,9,55,2.4,1,1,4177,left_to_right,Auckland FC,1,False,False,False,chaotic,5,chaotic,5,21.03,-30.35,5,wide_right,3,attacking_third,False,26.54,-27.28,5,wide_right,3,attacking_third,False,41.35,39.6,64.32,66.28,34.86,38.42,34.83,40.46
47,1986691,6501,6590,10:49.1,10:58.0,10,49,8.9,1,1,4177,left_to_right,Auckland FC,4,True,False,False,set_play,7,defending_set_play,13,23.24,-26.03,5,wide_right,3,attacking_third,False,48.6,-27.08,5,wide_right,3,attacking_third,False,42.42,31.0,54.3,63.9,32.91,28.87,18.11,17.14
48,1986691,6590,6791,10:58.0,11:18.1,10,58,20.1,1,2,2902,right_to_left,Western Sydney,4,False,False,True,transition,4,defending_transition,11,-48.82,26.95,1,wide_left,1,defensive_third,False,47.29,9.9,2,half_space_left,3,attacking_third,True,29.02,36.36,17.27,82.68,31.15,35.34,64.16,52.85
49,1986691,6791,6825,11:18.1,11:21.5,11,18,3.4,1,2,2902,right_to_left,Western Sydney,1,False,False,False,finish,2,low_block,8,46.7,10.02,2,half_space_left,3,attacking_third,True,43.42,14.31,2,half_space_left,3,attacking_third,True,36.37,33.03,82.48,76.92,35.12,32.21,52.62,43.03
50,1986691,6825,6833,11:21.5,11:22.3,11,21,0.8,1,2,2902,right_to_left,Western Sydney,0,False,False,False,create,1,medium_block,9,,,2,half_space_left,2,middle_third,False,,,2,half_space_left,2,middle_third,False,,,,,,,,
51,1986691,7174,7239,11:56.4,12:02.9,11,56,6.5,1,2,2902,right_to_left,Western Sydney,2,True,False,False,set_play,7,defending_set_play,13,47.5,30.15,1,wide_left,3,attacking_third,False,17.23,-4.4,3,center,2,middle_third,False,44.21,24.75,78.17,69.06,35.47,21.71,27.78,34.4
52,1986691,7239,7364,12:02.9,12:15.4,12,2,12.5,1,1,4177,left_to_right,Auckland FC,3,True,False,True,transition,4,defending_transition,11,-17.03,4.26,3,center,2,middle_third,False,46.23,-4.82,3,center,3,attacking_third,True,21.44,30.38,33.97,75.02,24.8,17.42,68.91,49.55
53,1986691,7664,7716,12:45.4,12:50.6,12,45,5.2,1,2,2902,right_to_left,Western Sydney,1,False,False,False,direct,6,defending_direct,15,-47.38,-6.71,3,center,1,defensive_third,False,0.02,9.48,2,half_space_left,2,middle_third,False,44.38,29.87,57.81,61.24,34.45,32.36,66.07,59.03
54,1986691,7716,7777,12:50.6,12:56.7,12,50,6.1,1,2,2902,right_to_left,Western Sydney,2,True,False,False,create,1,medium_block,9,-0.54,9.69,2,half_space_left,2,middle_third,False,12.99,32.41,1,wide_left,2,middle_third,False,29.78,39.05,61.14,54.66,32.59,39.93,58.83,55.85
55,1986691,7994,8010,13:18.4,13:20.0,13,18,1.6,1,1,4177,left_to_right,Auckland FC,1,True,False,False,chaotic,5,chaotic,5,-7.31,-34.28,5,wide_right,2,middle_third,False,9.57,-27.98,5,wide_right,2,middle_third,False,33.68,31.98,58.15,56.28,25.68,24.55,55.15,54.93
56,1986691,8010,8026,13:20.0,13:21.6,13,20,1.6,1,2,2902,right_to_left,Western Sydney,1,True,False,False,chaotic,5,chaotic,5,-10.07,27.78,1,wide_left,2,middle_third,False,5.33,25.06,1,wide_left,2,middle_third,False,24.45,24.67,54.92,53.69,31.82,29.64,56.08,54.4
57,1986691,8026,8052,13:21.6,13:24.2,13,21,2.6,1,1,4177,left_to_right,Auckland FC,2,True,False,False,chaotic,5,chaotic,5,-5.94,-25.04,5,wide_right,2,middle_third,False,7.14,-27.25,5,wide_right,2,middle_third,False,29.7,30.96,54.3,52.59,24.72,27.73,53.53,51.54
58,1986691,8052,8086,13:24.2,13:27.6,13,24,3.4,1,2,2902,right_to_left,Western Sydney,0,False,False,False,create,1,medium_block,9,-7.89,27.14,1,wide_left,2,middle_third,False,-19.45,14.4,2,half_space_left,1,defensive_third,False,27.65,32.96,51.52,50.83,31.06,27.77,52.57,49.12
59,1986691,8086,8119,13:27.6,13:30.9,13,27,3.3,1,2,2902,right_to_left,Western Sydney,1,False,False,False,build_up,0,high_block,10,-20.37,13.61,2,half_space_left,1,defensive_third,False,-20.36,16.19,2,half_space_left,1,defensive_third,False,33.23,44.28,50.83,48.93,27.73,28.77,49.18,50.96
60,1986691,8119,8125,13:30.9,13:31.5,13,30,0.6,1,2,2902,right_to_left,Western Sydney,1,False,False,False,create,1,medium_block,9,-19.96,16.87,2,half_space_left,1,defensive_third,False,-19.91,17.73,2,half_space_left,1,defensive_third,False,44.65,46.51,48.87,48.58,28.8,28.85,51.04,51.53
61,1986691,8125,8196,13:31.5,13:38.6,13,31,7.1,1,2,2902,right_to_left,Western Sydney,4,False,False,False,build_up,0,high_block,10,-20.19,17.6,2,half_space_left,1,defensive_third,False,-20.25,32.36,1,wide_left,1,defensive_third,False,46.89,52.71,48.52,50.19,28.95,38.05,51.63,61.51
62,1986691,8196,8224,13:38.6,13:41.4,13,38,2.8,1,2,2902,right_to_left,Western Sydney,0,True,False,False,create,1,medium_block,9,-19.39,31.88,1,wide_left,1,defensive_third,False,3.09,13.11,2,half_space_left,2,middle_third,False,52.23,39.57,50.16,50.08,38.28,33.94,61.35,57.78
63,1986691,8224,8280,13:41.4,13:47.0,13,41,5.6,1,1,4177,left_to_right,Auckland FC,2,True,False,False,chaotic,5,chaotic,5,-3.3,-12.98,4,half_space_right,2,middle_third,False,21.52,-5.01,3,center,3,attacking_third,False,33.53,29.69,57.68,55.37,39.39,34.66,50.08,44.21
64,1986691,8280,8309,13:47.0,13:49.9,13,47,2.9,1,2,2902,right_to_left,Western Sydney,2,True,False,False,chaotic,5,chaotic,5,-21.67,4.47,3,center,1,defensive_third,False,-9.15,-12.57,4,half_space_right,2,middle_third,False,34.72,34.93,44.14,45.88,29.81,34.2,55.52,53.28
65,1986691,8309,8340,13:49.9,13:53.0,13,49,3.1,1,1,4177,left_to_right,Auckland FC,1,False,False,False,create,1,medium_block,9,9.14,12.92,2,half_space_left,2,middle_third,False,16.62,11.55,2,half_space_left,2,middle_third,False,34.43,32.83,53.42,58.2,35.2,33.74,46.0,49.28
66,1986691,8340,8441,13:53.0,14:03.1,13,53,10.1,1,1,4177,left_to_right,Auckland FC,3,False,False,False,finish,2,low_block,8,16.84,11.15,2,half_space_left,2,middle_third,False,-28.8,-27.11,5,wide_right,1,defensive_third,False,33.03,35.18,58.47,28.75,33.33,45.38,49.27,67.74
67,1986691,8441,8475,14:03.1,14:06.5,14,3,3.4,1,1,4177,left_to_right,Auckland FC,2,True,False,False,chaotic,5,chaotic,5,28.72,27.37,1,wide_left,3,attacking_third,False,26.21,26.15,1,wide_left,3,attacking_third,False,45.72,45.02,67.56,65.19,35.7,35.39,28.71,27.65
68,1986691,8475,8528,14:06.5,14:11.8,14,6,5.3,1,2,2902,right_to_left,Western Sydney,2,True,False,False,build_up,0,high_block,10,-26.07,-26.39,5,wide_right,1,defensive_third,False,-24.21,-19.94,4,half_space_right,1,defensive_third,False,35.34,41.63,27.73,36.87,44.82,44.06,65.15,64.69
69,1986691,8528,8587,14:11.8,14:17.7,14,11,5.9,1,1,4177,left_to_right,Auckland FC,3,True,False,False,finish,2,low_block,8,24.23,19.57,2,half_space_left,3,attacking_third,False,35.1,-6.97,3,center,3,attacking_third,False,43.95,44.67,64.66,69.88,41.61,35.75,37.02,38.33
70,1986691,8587,8743,14:17.7,14:33.3,14,17,15.6,1,2,2902,right_to_left,Western Sydney,3,True,False,True,transition,4,defending_transition,11,-34.92,7.34,3,center,1,defensive_third,False,48.33,-3.98,3,center,3,attacking_third,True,35.91,30.77,38.27,75.0,44.79,16.58,69.95,51.22
71,1986691,8743,8994,14:33.3,14:58.4,14,33,25.1,1,1,4177,left_to_right,Auckland FC,1,False,False,False,build_up,0,high_block,10,-49.23,3.7,3,center,1,defensive_third,False,,,2,half_space_left,2,middle_third,False,16.41,,51.13,,30.81,,75.41,
72,1986691,8994,9024,14:58.4,15:01.4,14,58,3.0,1,1,4177,left_to_right,Auckland FC,1,False,False,False,direct,6,defending_direct,15,-18.72,1.27,3,center,1,defensive_third,False,15.47,4.31,3,center,2,middle_third,False,47.78,34.0,52.14,61.42,39.03,28.74,60.71,58.39
73,1986691,9024,9070,15:01.4,15:06.0,15,1,4.6,1,1,4177,left_to_right,Auckland FC,1,True,False,False,create,1,medium_block,9,16.5,4.5,3,center,2,middle_third,False,28.05,9.06,3,center,3,attacking_third,False,33.36,24.29,61.85,66.97,28.18,21.69,58.31,53.68
74,1986691,9070,9093,15:06.0,15:08.3,15,6,2.3,1,2,2902,right_to_left,Western Sydney,1,True,False,False,chaotic,5,chaotic,5,-28.48,-9.08,3,center,1,defensive_third,False,-28.48,-22.62,5,wide_right,1,defensive_third,False,21.68,27.57,53.59,51.6,24.16,29.16,67.02,63.91
75,1986691,9093,9118,15:08.3,15:10.8,15,8,2.5,1,1,4177,left_to_right,Auckland FC,1,False,False,False,chaotic,5,chaotic,5,28.67,23.08,1,wide_left,3,attacking_third,False,32.96,32.9,1,wide_left,3,attacking_third,False,29.71,34.98,63.83,65.67,28.11,34.48,51.53,49.76
76,1986691,9476,9500,15:46.6,15:49.0,15,46,2.4,1,1,4177,left_to_right,Auckland FC,1,True,False,False,set_play,7,defending_set_play,13,44.49,29.59,1,wide_left,3,attacking_third,False,50.72,4.44,3,center,3,attacking_third,True,39.48,31.65,75.78,76.03,22.1,22.55,16.69,15.96
77,1986691,9500,9644,15:49.0,16:03.4,15,49,14.4,1,2,2902,right_to_left,Western Sydney,2,False,False,False,build_up,0,high_block,10,-50.68,-3.78,3,center,1,defensive_third,False,-20.34,23.62,1,wide_left,1,defensive_third,False,22.67,53.99,15.86,42.73,31.37,40.73,76.05,58.56
78,1986691,9644,9661,16:03.4,16:05.1,16,3,1.7,1,2,2902,right_to_left,Western Sydney,1,False,False,False,create,1,medium_block,9,-19.23,23.39,1,wide_left,1,defensive_third,False,-15.31,22.35,1,wide_left,2,middle_third,False,53.68,48.28,42.87,44.61,40.75,39.53,58.44,58.12
79,1986691,9818,9869,16:20.8,16:25.9,16,20,5.1,1,2,2902,right_to_left,Western Sydney,2,True,False,False,create,1,medium_block,9,,,2,half_space_left,2,middle_third,False,36.7,-19.74,4,half_space_right,3,attacking_third,True,,41.52,,70.97,,36.2,,47.83
80,1986691,9869,9966,16:25.9,16:35.6,16,25,9.7,1,1,4177,left_to_right,Auckland FC,2,False,False,False,build_up,0,high_block,10,-37.25,19.54,2,half_space_left,1,defensive_third,False,-20.22,24.17,1,wide_left,1,defensive_third,False,36.03,45.42,47.96,51.53,41.16,31.2,71.55,63.61
81,1986691,9966,9987,16:35.6,16:37.7,16,35,2.1,1,1,4177,left_to_right,Auckland FC,1,False,False,False,create,1,medium_block,9,-19.62,23.85,1,wide_left,1,defensive_third,False,-23.53,20.01,2,half_space_left,1,defensive_third,False,45.44,44.7,51.64,53.25,31.14,30.54,63.5,62.5
82,1986691,10400,10458,17:19.0,17:24.8,17,19,5.8,1,1,4177,left_to_right,Auckland FC,1,False,False,True,direct,6,defending_direct,15,-20.8,14.44,2,half_space_left,1,defensive_third,False,20.02,-22.72,5,wide_right,3,attacking_third,False,33.94,34.28,48.74,62.36,28.21,30.27,38.59,38.49
83,1986691,10458,10480,17:24.8,17:27.0,17,24,2.2,1,1,4177,left_to_right,Auckland FC,1,False,False,True,finish,2,low_block,8,19.53,-22.82,5,wide_right,3,attacking_third,False,6.12,-17.13,4,half_space_right,2,middle_third,False,34.6,40.79,62.4,61.65,30.58,34.91,38.47,37.9
84,1986691,10480,10619,17:27.0,17:40.9,17,27,13.9,1,1,4177,left_to_right,Auckland FC,3,False,False,True,create,1,medium_block,9,5.37,-16.26,4,half_space_right,2,middle_third,False,9.53,-20.28,5,wide_right,2,middle_third,False,41.1,60.69,61.54,57.68,34.94,32.77,37.83,39.62
85,1986691,10619,10640,17:40.9,17:43.0,17,40,2.1,1,1,4177,left_to_right,Auckland FC,1,False,False,True,finish,2,low_block,8,9.4,-20.24,5,wide_right,2,middle_third,False,5.24,-16.78,4,half_space_right,2,middle_third,False,60.6,59.58,57.81,58.28,32.76,32.64,39.43,36.94
86,1986691,10640,10720,17:43.0,17:51.0,17,43,8.0,1,1,4177,left_to_right,Auckland FC,3,False,False,True,create,1,medium_block,9,5.07,-16.64,4,half_space_right,2,middle_third,False,4.75,-24.84,5,wide_right,2,middle_third,False,59.6,60.34,58.36,59.12,32.7,38.25,36.95,35.77
87,1986691,10720,10758,17:51.0,17:54.8,17,51,3.8,1,1,4177,left_to_right,Auckland FC,1,False,False,True,finish,2,low_block,8,5.18,-25.46,5,wide_right,2,middle_third,False,6.19,-21.38,5,wide_right,2,middle_third,False,60.54,56.55,59.19,63.44,38.28,36.52,35.75,34.6
88,1986691,10758,10818,17:54.8,18:00.8,17,54,6.0,1,1,4177,left_to_right,Auckland FC,2,False,False,True,create,1,medium_block,9,5.38,-20.71,5,wide_right,2,middle_third,False,3.86,8.54,3,center,2,middle_third,False,56.5,61.43,63.39,58.39,36.52,39.9,34.65,35.32
89,1986691,10818,10984,18:00.8,18:17.4,18,0,16.6,1,1,4177,left_to_right,Auckland FC,6,True,False,True,finish,2,low_block,8,5.63,9.54,2,half_space_left,2,middle_third,False,52.09,2.17,3,center,3,attacking_third,True,61.42,32.94,58.46,68.79,39.77,25.82,35.44,21.21
90,1986691,11197,11270,18:38.7,18:46.0,18,38,7.3,1,2,2902,right_to_left,Western Sydney,2,False,False,False,build_up,0,high_block,10,,,2,half_space_left,2,middle_third,False,-20.85,20.81,1,wide_left,1,defensive_third,False,,63.94,,48.47,,39.72,,64.75
91,1986691,11270,11281,18:46.0,18:47.1,18,46,1.1,1,2,2902,right_to_left,Western Sydney,0,False,False,False,create,1,medium_block,9,-19.18,20.31,1,wide_left,1,defensive_third,False,-5.46,13.99,2,half_space_left,2,middle_third,False,63.81,61.07,48.58,49.05,39.76,40.08,64.62,63.99
92,1986691,11407,11449,18:59.7,19:03.9,18,59,4.2,1,2,2902,right_to_left,Western Sydney,2,False,False,False,set_play,7,defending_set_play,13,-2.48,10.23,2,half_space_left,2,middle_third,False,-35.46,-29.87,5,wide_right,1,defensive_third,False,61.03,40.91,54.64,57.46,32.29,49.88,58.48,71.85
93,1986691,11483,11572,19:07.3,19:16.2,19,7,8.9,1,2,2902,right_to_left,Western Sydney,4,True,False,False,finish,2,low_block,8,37.12,35.78,1,wide_left,3,attacking_third,False,37.55,12.47,2,half_space_left,3,attacking_third,True,50.33,36.98,71.17,68.09,40.01,29.26,51.12,41.36
94,1986691,11572,11730,19:16.2,19:32.0,19,16,15.8,1,1,4177,left_to_right,Auckland FC,4,True,False,True,transition,4,defending_transition,11,-37.76,-11.76,4,half_space_right,1,defensive_third,False,47.87,0.73,3,center,3,attacking_third,True,29.1,28.09,41.4,74.94,36.99,20.66,68.14,50.39
95,1986691,11730,11848,19:32.0,19:43.8,19,32,11.8,1,2,2902,right_to_left,Western Sydney,1,False,False,False,build_up,0,high_block,10,-49.39,0.05,3,center,1,defensive_third,False,-20.15,4.13,3,center,1,defensive_third,False,20.53,45.59,50.24,43.51,27.72,31.29,75.5,62.66
96,1986691,11848,12137,19:43.8,20:12.7,19,43,28.9,1,2,2902,right_to_left,Western Sydney,12,False,False,False,create,1,medium_block,9,-19.93,4.38,3,center,1,defensive_third,False,-18.8,15.5,2,half_space_left,1,defensive_third,False,45.75,45.48,43.46,52.24,31.24,40.11,62.41,50.03
97,1986691,12137,12182,20:12.7,20:17.2,20,12,4.5,1,2,2902,right_to_left,Western Sydney,2,False,False,False,build_up,0,high_block,10,-20.1,14.68,2,half_space_left,1,defensive_third,False,-20.25,-13.03,4,half_space_right,1,defensive_third,False,45.45,52.14,52.0,43.93,39.99,37.56,50.18,47.17
98,1986691,12182,12257,20:17.2,20:24.7,20,17,7.5,1,2,2902,right_to_left,Western Sydney,4,True,False,False,create,1,medium_block,9,-19.97,-13.25,4,half_space_right,1,defensive_third,False,15.1,-31.94,5,wide_right,2,middle_third,False,52.49,55.25,43.9,52.77,37.55,39.51,47.13,48.84
99,1986691,12608,12716,20:59.8,21:10.6,20,59,10.8,1,1,4177,left_to_right,Auckland FC,4,False,False,False,create,1,medium_block,9,4.98,32.72,1,wide_left,2,middle_third,False,4.9,-13.86,4,half_space_right,2,middle_third,False,40.29,58.59,63.76,57.58,29.87,33.01,45.59,40.53
100,1986691,12716,12769,21:10.6,21:15.9,21,10,5.3,1,1,4177,left_to_right,Auckland FC,2,True,False,False,finish,2,low_block,8,5.92,-15.23,4,half_space_right,2,middle_third,False,36.44,-22.5,5,wide_right,3,attacking_third,False,58.59,49.55,57.66,66.13,33.17,38.83,40.52,37.88
101,1986691,12860,12976,21:25.0,21:36.6,21,25,11.6,1,2,2902,right_to_left,Western Sydney,4,False,False,False,build_up,0,high_block,10,-40.66,6.22,3,center,1,defensive_third,False,-20.71,18.81,2,half_space_left,1,defensive_third,False,51.39,59.61,38.08,42.05,34.2,32.96,62.16,53.4
102,1986691,12976,13076,21:36.6,21:46.6,21,36,10.0,1,2,2902,right_to_left,Western Sydney,6,False,False,False,create,1,medium_block,9,-19.82,19.82,2,half_space_left,1,defensive_third,False,24.74,20.95,1,wide_left,3,attacking_third,False,59.48,34.29,42.03,60.98,33.1,34.73,53.39,58.63
103,1986691,13076,13109,21:46.6,21:49.9,21,46,3.3,1,2,2902,right_to_left,Western Sydney,1,False,False,False,finish,2,low_block,8,25.53,21.07,1,wide_left,3,attacking_third,False,51.86,17.45,2,half_space_left,3,attacking_third,True,34.01,28.82,61.49,81.13,34.73,33.11,58.64,54.55
104,1986691,13405,13549,22:19.5,22:33.9,22,19,14.4,1,2,2902,right_to_left,Western Sydney,5,True,False,False,set_play,7,defending_set_play,13,50.01,33.6,1,wide_left,3,attacking_third,False,37.13,20.91,1,wide_left,3,attacking_third,False,40.98,31.92,73.95,63.07,37.08,29.03,31.81,33.97
105,1986691,13549,13582,22:33.9,22:37.2,22,33,3.3,1,1,4177,left_to_right,Auckland FC,1,False,False,False,chaotic,5,chaotic,5,-37.02,-20.56,5,wide_right,1,defensive_third,False,-45.67,-22.39,5,wide_right,1,defensive_third,False,28.58,28.2,33.9,34.33,31.68,30.84,63.0,65.21
106,1986691,13956,14011,23:14.6,23:20.1,23,14,5.5,1,1,4177,left_to_right,Auckland FC,1,True,False,False,direct,6,defending_direct,15,-33.33,-9.82,4,half_space_right,1,defensive_third,False,30.05,-21.02,5,wide_right,3,attacking_third,False,26.87,29.47,64.1,66.68,24.43,31.52,42.68,50.08
107,1986691,14011,14034,23:20.1,23:22.4,23,20,2.3,1,2,2902,right_to_left,Western Sydney,1,True,False,False,chaotic,5,chaotic,5,-30.68,20.38,1,wide_left,1,defensive_third,False,-31.28,24.1,1,wide_left,1,defensive_third,False,31.52,29.8,50.17,49.7,29.46,28.67,67.09,70.88
108,1986691,14034,14134,23:22.4,23:32.4,23,22,10.0,1,1,4177,left_to_right,Auckland FC,4,True,False,False,finish,2,low_block,8,31.01,-24.33,5,wide_right,3,attacking_third,False,37.94,5.07,3,center,3,attacking_third,True,28.66,37.48,70.72,64.66,29.64,20.06,49.56,32.94
109,1986691,14134,14159,23:32.4,23:34.9,23,32,2.5,1,2,2902,right_to_left,Western Sydney,1,False,False,False,build_up,0,high_block,10,-38.28,-5.2,3,center,1,defensive_third,False,-47.43,0.58,3,center,1,defensive_third,False,20.04,22.88,33.06,36.08,36.96,28.94,64.65,72.53
110,1986691,14159,14192,23:34.9,23:38.2,23,34,3.3,1,2,2902,right_to_left,Western Sydney,1,False,False,False,direct,6,defending_direct,15,-47.62,1.03,3,center,1,defensive_third,False,-2.28,9.24,2,half_space_left,2,middle_third,False,23.03,26.8,36.12,44.52,28.72,26.42,73.01,70.92
111,1986691,14192,14263,23:38.2,23:45.3,23,38,7.1,1,2,2902,right_to_left,Western Sydney,1,True,False,False,create,1,medium_block,9,-2.02,9.61,2,half_space_left,2,middle_third,False,37.72,16.45,2,half_space_left,3,attacking_third,True,26.89,38.81,44.78,70.39,26.41,39.02,70.75,56.58
112,1986691,14263,14365,23:45.3,23:55.5,23,45,10.2,1,1,4177,left_to_right,Auckland FC,2,False,False,False,build_up,0,high_block,10,-38.1,-16.2,4,half_space_right,1,defensive_third,False,-20.06,-30.78,5,wide_right,1,defensive_third,False,39.33,51.9,56.25,50.94,38.8,36.52,70.45,61.98
113,1986691,14365,14426,23:55.5,24:01.6,23,55,6.1,1,1,4177,left_to_right,Auckland FC,5,False,False,False,create,1,medium_block,9,-19.73,-30.96,5,wide_right,1,defensive_third,False,-19.06,-27.01,5,wide_right,1,defensive_third,False,51.92,56.61,50.97,50.76,36.54,33.74,61.79,54.58
114,1986691,14426,14479,24:01.6,24:06.9,24,1,5.3,1,1,4177,left_to_right,Auckland FC,2,False,False,False,build_up,0,high_block,10,-20.06,-25.78,5,wide_right,1,defensive_third,False,-20.32,19.19,2,half_space_left,1,defensive_third,False,56.69,63.46,50.78,51.95,33.79,41.12,54.82,59.55
115,1986691,14479,14509,24:06.9,24:09.9,24,6,3.0,1,1,4177,left_to_right,Auckland FC,1,False,False,False,create,1,medium_block,9,-19.0,20.67,1,wide_left,1,defensive_third,False,-19.43,24.62,1,wide_left,1,defensive_third,False,63.48,63.85,52.0,51.77,41.45,45.88,59.35,53.68
116,1986691,14509,14598,24:09.9,24:18.8,24,9,8.9,1,1,4177,left_to_right,Auckland FC,4,False,False,False,build_up,0,high_block,10,-20.37,24.04,1,wide_left,1,defensive_third,False,-20.66,23.99,1,wide_left,1,defensive_third,False,63.71,62.17,51.65,49.25,45.8,39.14,53.52,62.37
117,1986691,14598,14621,24:18.8,24:21.1,24,18,2.3,1,1,4177,left_to_right,Auckland FC,2,False,False,False,create,1,medium_block,9,-19.18,23.66,1,wide_left,1,defensive_third,False,-19.64,33.66,1,wide_left,1,defensive_third,False,61.9,57.15,49.25,49.16,39.13,39.71,62.46,60.68
118,1986691,14709,14925,24:29.9,24:51.5,24,29,21.6,1,1,4177,left_to_right,Auckland FC,5,False,False,False,create,1,medium_block,9,-31.97,24.66,1,wide_left,1,defensive_third,False,6.26,16.99,2,half_space_left,2,middle_third,False,54.0,59.9,53.75,61.31,35.16,39.18,56.38,41.37
119,1986691,14925,15025,24:51.5,25:01.5,24,51,10.0,1,1,4177,left_to_right,Auckland FC,3,True,False,False,finish,2,low_block,8,7.04,17.24,2,half_space_left,2,middle_third,False,41.15,7.64,3,center,3,attacking_third,True,59.73,43.82,61.33,68.78,39.25,30.08,41.27,33.66
120,1986691,15025,15047,25:01.5,25:03.7,25,1,2.2,1,2,2902,right_to_left,Western Sydney,1,True,False,False,chaotic,5,chaotic,5,-41.12,-6.78,3,center,1,defensive_third,False,-27.93,-15.25,4,half_space_right,1,defensive_third,False,29.72,28.73,33.52,31.8,43.78,40.78,68.69,66.81
121,1986691,15107,15207,25:09.7,25:19.7,25,9,10.0,1,1,4177,left_to_right,Auckland FC,2,False,False,False,create,1,medium_block,9,-15.26,31.91,1,wide_left,2,middle_third,False,-9.71,19.48,2,half_space_left,2,middle_third,False,45.87,57.82,62.09,55.96,38.28,44.0,39.69,45.47
122,1986691,15207,15245,25:19.7,25:23.5,25,19,3.8,1,1,4177,left_to_right,Auckland FC,1,True,False,False,direct,6,defending_direct,15,-9.48,19.38,2,half_space_left,2,middle_third,False,35.32,-11.11,4,half_space_right,3,attacking_third,False,57.88,48.93,56.1,69.25,43.83,39.39,45.36,48.4
123,1986691,15245,15277,25:23.5,25:26.7,25,23,3.2,1,2,2902,right_to_left,Western Sydney,2,True,False,False,chaotic,5,chaotic,5,-36.09,11.78,2,half_space_left,1,defensive_third,False,-39.6,21.16,1,wide_left,1,defensive_third,False,39.14,35.95,48.5,46.98,48.54,42.01,69.55,71.24
124,1986691,15277,15289,25:26.7,25:27.9,25,26,1.2,1,1,4177,left_to_right,Auckland FC,1,True,False,False,chaotic,5,chaotic,5,40.08,-21.49,5,wide_right,3,attacking_third,False,43.5,-20.72,5,wide_right,3,attacking_third,False,41.99,40.91,71.4,73.5,35.91,34.74,46.92,46.45
125,1986691,15289,15385,25:27.9,25:37.5,25,27,9.6,1,2,2902,right_to_left,Western Sydney,2,False,False,False,build_up,0,high_block,10,-43.66,19.7,2,half_space_left,1,defensive_third,False,-47.28,1.63,3,center,1,defensive_third,False,34.64,28.93,46.39,39.06,40.88,31.46,73.56,63.7
126,1986691,15410,15439,25:40.0,25:42.9,25,40,2.9,1,2,2902,right_to_left,Western Sydney,1,True,False,False,create,1,medium_block,9,-48.13,-3.16,3,center,1,defensive_third,False,-18.49,-23.56,5,wide_right,1,defensive_third,False,36.34,39.4,40.02,42.59,33.65,42.88,70.59,73.66
127,1986691,15439,15700,25:42.9,26:09.0,25,42,26.1,1,1,4177,left_to_right,Auckland FC,9,True,False,True,finish,2,low_block,8,17.75,24.17,1,wide_left,3,attacking_third,False,39.93,-6.48,3,center,3,attacking_third,True,43.31,49.42,73.59,67.5,39.37,33.41,42.65,29.68
128,1986691,15700,15760,26:09.0,26:15.0,26,9,6.0,1,2,2902,right_to_left,Western Sydney,1,False,False,False,chaotic,5,chaotic,5,-40.57,5.46,3,center,1,defensive_third,False,-22.23,22.62,1,wide_left,1,defensive_third,False,33.1,30.4,29.6,30.67,48.95,36.8,67.75,66.48
129,1986691,15910,16095,26:30.0,26:48.5,26,30,18.5,1,2,2902,right_to_left,Western Sydney,9,True,False,False,create,1,medium_block,9,,,2,half_space_left,2,middle_third,False,-13.7,-17.15,4,half_space_right,2,middle_third,False,,62.15,,44.3,,39.1,,54.9
130,1986691,16095,16120,26:48.5,26:51.0,26,48,2.5,1,1,4177,left_to_right,Auckland FC,1,True,False,False,chaotic,5,chaotic,5,13.23,17.45,2,half_space_left,2,middle_third,False,24.93,10.26,2,half_space_left,3,attacking_third,False,39.1,37.38,54.98,62.5,61.91,50.59,44.44,47.17
131,1986691,16120,16170,26:51.0,26:56.0,26,51,5.0,1,2,2902,right_to_left,Western Sydney,3,False,False,False,build_up,0,high_block,10,-25.78,-9.86,4,half_space_right,1,defensive_third,False,-20.5,-4.76,3,center,1,defensive_third,False,49.95,39.55,47.21,40.92,37.21,31.63,63.04,69.21
132,1986691,16170,16321,26:56.0,27:11.1,26,56,15.1,1,2,2902,right_to_left,Western Sydney,7,False,False,False,create,1,medium_block,9,-19.49,-4.94,3,center,1,defensive_third,False,25.38,18.84,2,half_space_left,3,attacking_third,False,39.84,33.15,40.86,63.5,31.66,32.76,69.13,61.71
133,1986691,16321,16442,27:11.1,27:23.2,27,11,12.1,1,2,2902,right_to_left,Western Sydney,3,False,False,False,finish,2,low_block,8,25.82,19.14,2,half_space_left,3,attacking_third,False,22.77,9.63,2,half_space_left,3,attacking_third,False,33.09,39.88,63.73,64.92,32.72,30.16,61.76,32.61
134,1986691,16935,16990,28:12.5,28:18.0,28,12,5.5,1,2,2902,right_to_left,Western Sydney,2,True,False,True,set_play,7,defending_set_play,13,26.07,16.49,2,half_space_left,3,attacking_third,False,50.54,2.99,3,center,3,attacking_third,True,31.53,19.43,62.17,79.7,24.42,10.97,16.37,22.25
135,1986691,17398,17464,28:58.8,29:05.4,28,58,6.6,1,1,4177,left_to_right,Auckland FC,2,False,False,False,create,1,medium_block,9,-26.97,12.12,2,half_space_left,1,defensive_third,False,-19.07,2.7,3,center,1,defensive_third,False,33.36,27.53,63.15,56.22,29.31,27.85,40.69,52.45
136,1986691,17464,17497,29:05.4,29:08.7,29,5,3.3,1,1,4177,left_to_right,Auckland FC,1,False,False,False,build_up,0,high_block,10,-20.21,3.04,3,center,1,defensive_third,False,-32.8,10.41,2,half_space_left,1,defensive_third,False,27.92,43.18,56.03,48.33,27.99,35.99,52.88,66.38
137,1986691,17497,17531,29:08.7,29:12.1,29,8,3.4,1,1,4177,left_to_right,Auckland FC,2,True,False,False,direct,6,defending_direct,15,-32.33,10.64,2,half_space_left,1,defensive_third,False,12.26,26.65,1,wide_left,2,middle_third,False,43.5,41.77,47.89,49.67,36.21,37.41,66.43,58.23
138,1986691,17531,17542,29:12.1,29:13.2,29,12,1.1,1,2,2902,right_to_left,Western Sydney,1,False,False,False,create,1,medium_block,9,-12.88,-26.8,5,wide_right,2,middle_third,False,-19.21,-26.12,5,wide_right,1,defensive_third,False,37.48,40.21,58.09,57.13,41.65,42.02,49.78,53.15
139,1986691,17542,17754,29:13.2,29:34.4,29,13,21.2,1,2,2902,right_to_left,Western Sydney,4,False,False,False,build_up,0,high_block,10,-20.6,-25.17,5,wide_right,1,defensive_third,False,-20.24,25.01,1,wide_left,1,defensive_third,False,40.42,65.65,57.02,43.8,42.05,38.43,53.48,59.18
140,1986691,17754,17780,29:34.4,29:37.0,29,34,2.6,1,2,2902,right_to_left,Western Sydney,1,False,False,False,create,1,medium_block,9,-19.33,25.97,1,wide_left,1,defensive_third,False,-2.16,32.75,1,wide_left,2,middle_third,False,65.44,59.95,43.95,48.67,38.77,39.7,59.46,62.46
141,1986691,17913,17922,29:50.3,29:51.2,29,50,0.9,1,2,2902,right_to_left,Western Sydney,1,True,False,False,chaotic,5,chaotic,5,3.7,31.86,1,wide_left,2,middle_third,False,8.46,27.2,1,wide_left,2,middle_third,False,57.79,57.11,55.79,55.61,30.73,29.74,54.69,54.34
142,1986691,17922,17937,29:51.2,29:52.7,29,51,1.5,1,1,4177,left_to_right,Auckland FC,1,False,False,False,chaotic,5,chaotic,5,-8.5,-26.56,5,wide_right,2,middle_third,False,-6.1,-28.93,5,wide_right,2,middle_third,False,29.59,29.5,54.21,53.37,57.07,56.46,55.5,54.63
143,1986691,18033,18082,30:02.3,30:07.2,30,2,4.9,1,1,4177,left_to_right,Auckland FC,2,False,False,False,chaotic,5,chaotic,5,-9.31,-32.54,5,wide_right,2,middle_third,False,1.17,-28.35,5,wide_right,2,middle_third,False,40.4,43.82,54.71,56.14,33.57,34.54,55.34,54.06
144,1986691,18237,18247,30:22.7,30:23.7,30,22,1.0,1,1,4177,left_to_right,Auckland FC,1,False,False,False,set_play,7,defending_set_play,13,4.11,-15.45,4,half_space_right,2,middle_third,False,2.61,-22.84,5,wide_right,2,middle_third,False,53.2,53.84,57.97,57.81,38.59,39.09,42.05,42.74
145,1986691,18247,18259,30:23.7,30:24.9,30,23,1.2,1,1,4177,left_to_right,Auckland FC,1,False,False,False,create,1,medium_block,9,2.36,-23.53,5,wide_right,2,middle_third,False,3.89,-26.35,5,wide_right,2,middle_third,False,53.9,54.53,57.77,58.02,39.16,38.79,42.91,44.67
146,1986691,18259,18282,30:24.9,30:27.2,30,24,2.3,1,1,4177,left_to_right,Auckland FC,1,True,False,False,finish,2,low_block,8,5.46,-26.18,5,wide_right,2,middle_third,False,19.59,-23.09,5,wide_right,3,attacking_third,False,54.59,51.94,58.11,60.99,38.62,30.78,44.8,45.63
147,1986691,18282,18337,30:27.2,30:32.7,30,27,5.5,1,2,2902,right_to_left,Western Sydney,1,True,False,False,chaotic,5,chaotic,5,-19.76,23.21,1,wide_left,1,defensive_third,False,-15.93,17.91,2,half_space_left,2,middle_third,False,30.46,21.54,45.6,40.88,51.73,38.32,60.97,58.72
148,1986691,18337,18399,30:32.7,30:38.9,30,32,6.2,1,1,4177,left_to_right,Auckland FC,2,True,False,False,chaotic,5,chaotic,5,15.87,-17.78,4,half_space_right,2,middle_third,False,35.7,-15.11,4,half_space_right,3,attacking_third,False,38.19,30.6,58.6,63.4,21.51,27.67,40.79,40.24
149,1986691,18399,18414,30:38.9,30:40.4,30,38,1.5,1,2,2902,right_to_left,Western Sydney,1,True,False,False,chaotic,5,chaotic,5,-35.45,15.12,2,half_space_left,1,defensive_third,False,-15.71,23.15,1,wide_left,2,middle_third,False,28.12,32.1,40.4,42.55,30.63,32.5,63.39,62.48
150,1986691,18414,18436,30:40.4,30:42.6,30,40,2.2,1,1,4177,left_to_right,Auckland FC,1,False,False,False,finish,2,low_block,8,14.65,-23.78,5,wide_right,2,middle_third,False,6.18,-29.98,5,wide_right,2,middle_third,False,32.75,39.49,62.43,61.7,32.24,34.56,42.7,40.59
151,1986691,18436,18524,30:42.6,30:51.4,30,42,8.8,1,1,4177,left_to_right,Auckland FC,3,False,False,False,create,1,medium_block,9,5.64,-30.04,5,wide_right,2,middle_third,False,4.78,26.81,1,wide_left,2,middle_third,False,39.74,56.66,61.65,58.67,34.63,38.57,40.48,41.0
152,1986691,18524,18597,30:51.4,30:58.7,30,51,7.3,1,1,4177,left_to_right,Auckland FC,2,True,False,False,finish,2,low_block,8,5.29,27.24,1,wide_left,2,middle_third,False,38.55,18.76,2,half_space_left,3,attacking_third,True,56.63,49.6,58.81,67.11,38.66,32.02,40.94,30.71
153,1986691,18597,18753,30:58.7,31:14.3,30,58,15.6,1,2,2902,right_to_left,Western Sydney,8,False,False,False,build_up,0,high_block,10,-38.82,-18.25,4,half_space_right,1,defensive_third,False,-20.38,14.07,2,half_space_left,1,defensive_third,False,31.75,41.87,30.52,38.04,49.25,27.72,67.12,64.2
154,1986691,18753,18762,31:14.3,31:15.2,31,14,0.9,1,2,2902,right_to_left,Western Sydney,0,True,False,False,create,1,medium_block,9,-19.24,13.99,2,half_space_left,1,defensive_third,False,-11.16,13.18,2,half_space_left,2,middle_third,False,41.7,40.3,38.04,38.29,27.58,26.57,64.08,63.33
155,1986691,18762,18828,31:15.2,31:21.8,31,15,6.6,1,1,4177,left_to_right,Auckland FC,2,True,False,True,quick_break,3,defending_quick_break,12,10.86,-13.1,4,half_space_right,2,middle_third,False,46.39,-2.66,3,center,3,attacking_third,True,26.46,34.0,63.24,70.76,40.1,22.01,38.31,45.32
156,1986691,18828,19048,31:21.8,31:43.8,31,21,22.0,1,2,2902,right_to_left,Western Sydney,4,False,False,False,create,1,medium_block,9,-47.31,2.5,3,center,1,defensive_third,False,23.81,31.01,1,wide_left,3,attacking_third,False,22.24,45.39,45.35,64.33,33.89,38.04,70.79,60.49
157,1986691,19048,19099,31:43.8,31:48.9,31,43,5.1,1,2,2902,right_to_left,Western Sydney,2,True,False,False,finish,2,low_block,8,24.28,30.79,1,wide_left,3,attacking_third,False,25.48,-0.3,3,center,3,attacking_third,False,44.92,37.62,64.56,67.9,37.97,20.41,60.33,46.77
158,1986691,19099,19203,31:48.9,31:59.3,31,48,10.4,1,1,4177,left_to_right,Auckland FC,1,True,False,False,transition,4,defending_transition,11,-25.08,0.64,3,center,1,defensive_third,False,27.19,12.75,2,half_space_left,3,attacking_third,False,20.26,35.31,46.51,67.62,37.64,27.99,67.7,60.38
159,1986691,19203,19297,31:59.3,32:08.7,31,59,9.4,1,2,2902,right_to_left,Western Sydney,1,True,False,False,create,1,medium_block,9,-27.07,-12.77,4,half_space_right,1,defensive_third,False,38.92,-28.93,5,wide_right,3,attacking_third,False,27.85,35.48,60.15,77.76,35.26,44.91,67.94,70.97
160,1986691,19297,19317,32:08.7,32:10.7,32,8,2.0,1,1,4177,left_to_right,Auckland FC,1,False,False,False,chaotic,5,chaotic,5,-39.33,29.21,1,wide_left,1,defensive_third,False,-42.07,34.98,1,wide_left,1,defensive_third,False,45.01,47.95,70.91,68.55,35.97,41.7,78.15,81.84
161,1986691,19676,19707,32:46.6,32:49.7,32,46,3.1,1,1,4177,left_to_right,Auckland FC,1,True,False,False,chaotic,5,chaotic,5,-41.0,33.1,1,wide_left,1,defensive_third,False,-12.23,27.6,1,wide_left,2,middle_third,False,36.44,32.78,27.43,33.19,23.96,23.81,68.19,64.68
162,1986691,19707,19717,32:49.7,32:50.7,32,49,1.0,1,2,2902,right_to_left,Western Sydney,1,False,False,False,chaotic,5,chaotic,5,12.35,-27.46,5,wide_right,2,middle_third,False,21.07,-24.4,5,wide_right,3,attacking_third,False,23.76,24.48,64.59,63.89,32.72,32.3,33.36,34.47
163,1986691,19861,19983,33:05.1,33:17.3,33,5,12.2,1,2,2902,right_to_left,Western Sydney,4,True,False,False,finish,2,low_block,8,18.17,-17.47,4,half_space_right,3,attacking_third,False,46.24,2.56,3,center,3,attacking_third,True,35.97,48.65,60.49,70.68,29.32,26.3,23.53,19.51
164,1986691,19983,20187,33:17.3,33:37.7,33,17,20.4,1,1,4177,left_to_right,Auckland FC,3,False,False,False,build_up,0,high_block,10,-47.11,-2.26,3,center,1,defensive_third,False,-20.32,6.46,3,center,1,defensive_third,False,26.19,53.42,19.44,52.55,48.58,33.9,70.94,68.84
165,1986691,20187,20291,33:37.7,33:48.1,33,37,10.4,1,1,4177,left_to_right,Auckland FC,5,False,False,False,create,1,medium_block,9,-19.93,6.57,3,center,1,defensive_third,False,7.75,20.66,1,wide_left,2,middle_third,False,53.56,56.42,52.57,56.8,33.92,35.71,68.54,43.33
166,1986691,20291,20352,33:48.1,33:54.2,33,48,6.1,1,1,4177,left_to_right,Auckland FC,3,False,False,False,finish,2,low_block,8,7.66,20.52,1,wide_left,2,middle_third,False,6.25,27.26,1,wide_left,2,middle_third,False,56.51,59.9,56.78,56.43,35.7,38.57,43.13,36.69
167,1986691,20352,20427,33:54.2,34:01.7,33,54,7.5,1,1,4177,left_to_right,Auckland FC,3,False,False,False,create,1,medium_block,9,5.98,27.27,1,wide_left,2,middle_third,False,4.51,-22.9,5,wide_right,2,middle_third,False,60.0,60.97,56.43,57.12,38.58,38.25,36.87,37.51
168,1986691,20427,20456,34:01.7,34:04.6,34,1,2.9,1,1,4177,left_to_right,Auckland FC,1,False,False,False,finish,2,low_block,8,5.85,-23.46,5,wide_right,2,middle_third,False,29.28,-31.68,5,wide_right,3,attacking_third,False,60.96,57.64,57.34,64.25,38.43,41.76,37.42,35.61
169,1986691,20681,20715,34:27.1,34:30.5,34,27,3.4,1,1,4177,left_to_right,Auckland FC,1,True,False,False,set_play,7,defending_set_play,13,31.85,-35.59,5,wide_right,3,attacking_third,False,50.57,-7.02,3,center,3,attacking_third,True,37.68,30.72,70.62,70.48,15.63,15.48,25.03,24.21
170,1986691,20715,20780,34:30.5,34:37.0,34,30,6.5,1,2,2902,right_to_left,Western Sydney,2,False,False,False,build_up,0,high_block,10,-50.64,6.92,3,center,1,defensive_third,False,-20.18,-18.56,4,half_space_right,1,defensive_third,False,15.82,41.44,24.24,40.17,30.53,30.72,70.69,62.13
171,1986691,20780,20931,34:37.0,34:52.1,34,37,15.1,1,2,2902,right_to_left,Western Sydney,5,False,False,False,create,1,medium_block,9,-19.72,-18.7,4,half_space_right,1,defensive_third,False,-19.69,-31.96,5,wide_right,1,defensive_third,False,41.38,53.58,40.58,51.81,30.72,37.82,61.95,50.68
172,1986691,20931,21013,34:52.1,35:00.3,34,52,8.2,1,2,2902,right_to_left,Western Sydney,3,False,False,False,build_up,0,high_block,10,-20.01,-32.12,5,wide_right,1,defensive_third,False,-20.15,22.13,1,wide_left,1,defensive_third,False,53.68,60.59,51.71,44.81,37.89,41.52,50.85,50.54
173,1986691,21013,21026,35:00.3,35:01.6,35,0,1.3,1,2,2902,right_to_left,Western Sydney,1,False,False,False,create,1,medium_block,9,-19.99,22.17,1,wide_left,1,defensive_third,False,-19.59,21.92,1,wide_left,1,defensive_third,False,60.58,60.42,44.85,44.54,41.42,40.34,50.65,51.48
174,1986691,21026,21069,35:01.6,35:05.9,35,1,4.3,1,2,2902,right_to_left,Western Sydney,2,False,False,False,build_up,0,high_block,10,-20.03,21.13,1,wide_left,1,defensive_third,False,-20.22,-14.68,4,half_space_right,1,defensive_third,False,60.42,61.84,44.43,38.42,40.23,36.36,51.49,49.38
175,1986691,21069,21195,35:05.9,35:18.5,35,5,12.6,1,2,2902,right_to_left,Western Sydney,5,True,False,False,create,1,medium_block,9,-19.95,-15.0,4,half_space_right,1,defensive_third,False,44.28,-7.97,3,center,3,attacking_third,True,61.83,37.57,38.43,80.43,36.35,32.93,49.35,47.89
176,1986691,21602,21679,35:59.2,36:06.9,35,59,7.7,1,1,4177,left_to_right,Auckland FC,4,False,False,False,create,1,medium_block,9,-14.28,11.04,2,half_space_left,2,middle_third,False,21.29,15.86,2,half_space_left,3,attacking_third,False,25.88,19.83,54.0,63.42,27.97,16.98,43.13,44.47
177,1986691,21679,21722,36:06.9,36:11.2,36,6,4.3,1,1,4177,left_to_right,Auckland FC,2,True,False,False,finish,2,low_block,8,21.75,16.2,2,half_space_left,3,attacking_third,False,38.3,17.48,2,half_space_left,3,attacking_third,True,20.11,26.4,63.75,77.4,17.12,20.42,44.52,45.85
178,1986691,21779,21883,36:16.9,36:27.3,36,16,10.4,1,2,2902,right_to_left,Western Sydney,4,True,False,False,create,1,medium_block,9,-28.74,-1.55,3,center,1,defensive_third,False,6.16,26.57,1,wide_left,2,middle_third,False,36.14,38.81,41.27,55.45,30.6,39.76,67.67,51.0
179,1986691,21883,22000,36:27.3,36:39.0,36,27,11.7,1,1,4177,left_to_right,Auckland FC,6,False,False,True,create,1,medium_block,9,-6.23,-26.28,5,wide_right,2,middle_third,False,16.99,7.34,3,center,2,middle_third,False,39.47,45.77,50.93,62.03,38.25,28.19,55.58,54.34
180,1986691,22000,22050,36:39.0,36:44.0,36,39,5.0,1,1,4177,left_to_right,Auckland FC,1,False,False,False,finish,2,low_block,8,17.37,7.85,3,center,2,middle_third,False,44.55,21.49,1,wide_left,3,attacking_third,False,45.84,41.5,62.27,74.49,28.3,29.13,54.3,49.86
181,1986691,22434,22606,37:22.4,37:39.6,37,22,17.2,1,1,4177,left_to_right,Auckland FC,3,True,False,False,set_play,7,defending_set_play,13,51.23,32.1,1,wide_left,3,attacking_third,False,-31.78,34.19,1,wide_left,1,defensive_third,False,38.69,51.29,75.02,23.34,21.18,47.47,15.22,64.76
182,1986691,22885,22906,38:07.5,38:09.6,38,7,2.1,1,2,2902,right_to_left,Western Sydney,2,True,False,False,chaotic,5,chaotic,5,-19.19,30.89,1,wide_left,1,defensive_third,False,-12.03,18.66,2,half_space_left,2,middle_third,False,31.51,29.42,43.98,43.02,25.11,22.4,63.01,61.07
183,1986691,22906,23003,38:09.6,38:19.3,38,9,9.7,1,1,4177,left_to_right,Auckland FC,3,True,False,False,finish,2,low_block,8,12.21,-18.08,4,half_space_right,2,middle_third,False,44.89,5.01,3,center,3,attacking_third,True,22.26,31.68,61.0,73.05,29.39,22.85,43.11,32.53
184,1986691,23003,23059,38:19.3,38:24.9,38,19,5.6,1,2,2902,right_to_left,Western Sydney,4,False,False,False,build_up,0,high_block,10,-45.01,-4.65,3,center,1,defensive_third,False,-20.3,-3.27,3,center,1,defensive_third,False,22.87,28.51,32.44,34.45,31.59,31.13,73.29,66.1
185,1986691,23059,23070,38:24.9,38:26.0,38,24,1.1,1,2,2902,right_to_left,Western Sydney,0,True,False,False,create,1,medium_block,9,-19.41,-3.04,3,center,1,defensive_third,False,-12.86,-1.04,3,center,2,middle_third,False,28.68,31.01,34.69,37.5,30.97,29.98,65.93,65.01
186,1986691,23070,23145,38:26.0,38:33.5,38,26,7.5,1,1,4177,left_to_right,Auckland FC,3,False,False,False,quick_break,3,defending_quick_break,12,12.58,0.78,3,center,2,middle_third,False,35.44,17.8,2,half_space_left,3,attacking_third,False,30.01,46.51,64.94,64.79,31.29,28.21,37.79,39.48
187,1986691,23862,23872,39:45.2,39:46.2,39,45,1.0,1,1,4177,left_to_right,Auckland FC,1,True,False,False,set_play,7,defending_set_play,13,51.09,32.31,1,wide_left,3,attacking_third,False,47.86,12.63,2,half_space_left,3,attacking_third,True,38.96,38.11,71.71,71.04,23.34,22.26,15.28,14.56
188,1986691,24119,24145,40:10.9,40:13.5,40,10,2.6,1,2,2902,right_to_left,Western Sydney,1,False,False,True,build_up,0,high_block,10,,,2,half_space_left,2,middle_third,False,-20.84,-16.33,4,half_space_right,1,defensive_third,False,,60.74,,53.55,,41.68,,71.7
189,1986691,24145,24258,40:13.5,40:24.8,40,13,11.3,1,2,2902,right_to_left,Western Sydney,5,False,False,True,create,1,medium_block,9,-19.8,-17.12,4,half_space_right,1,defensive_third,False,18.94,10.01,2,half_space_left,3,attacking_third,False,60.47,41.8,53.72,64.22,41.96,32.27,71.54,63.01
190,1986691,24258,24411,40:24.8,40:40.1,40,24,15.3,1,2,2902,right_to_left,Western Sydney,6,True,False,True,finish,2,low_block,8,19.58,10.94,2,half_space_left,3,attacking_third,False,36.15,14.58,2,half_space_left,3,attacking_third,True,41.73,34.7,64.51,72.34,32.27,20.56,63.03,47.21
191,1986691,24411,24506,40:40.1,40:49.6,40,40,9.5,1,1,4177,left_to_right,Auckland FC,2,False,False,False,transition,4,defending_transition,11,-36.12,-14.56,4,half_space_right,1,defensive_third,False,16.52,-9.54,4,half_space_right,2,middle_third,False,20.47,32.91,47.12,64.09,34.66,18.73,72.26,71.21
192,1986691,25541,25602,42:33.1,42:39.2,42,33,6.1,1,1,4177,left_to_right,Auckland FC,2,True,False,True,set_play,7,defending_set_play,13,15.31,-8.61,3,center,2,middle_third,False,40.34,6.99,3,center,3,attacking_third,True,35.39,29.38,56.51,66.61,25.12,24.68,22.93,13.84
193,1986691,25602,25695,42:39.2,42:48.5,42,39,9.3,1,2,2902,right_to_left,Western Sydney,2,True,False,False,build_up,0,high_block,10,-40.36,-6.69,3,center,1,defensive_third,False,-36.19,-31.26,5,wide_right,1,defensive_third,False,24.69,41.91,13.9,39.01,29.41,32.11,66.61,70.31
194,1986691,25695,25721,42:48.5,42:51.1,42,48,2.6,1,1,4177,left_to_right,Auckland FC,1,True,False,False,chaotic,5,chaotic,5,36.21,31.11,1,wide_left,3,attacking_third,False,41.04,25.64,1,wide_left,3,attacking_third,False,32.1,26.31,70.29,67.86,42.01,40.3,39.22,40.63
195,1986691,25721,25881,42:51.1,43:07.1,42,51,16.0,1,2,2902,right_to_left,Western Sydney,4,False,False,False,build_up,0,high_block,10,-41.94,-25.14,5,wide_right,1,defensive_third,False,-38.86,30.58,1,wide_left,1,defensive_third,False,40.05,49.1,40.57,44.96,26.2,42.7,67.8,68.24
196,1986691,26112,26161,43:30.2,43:35.1,43,30,4.9,1,2,2902,right_to_left,Western Sydney,2,True,False,False,chaotic,5,chaotic,5,-28.33,32.55,1,wide_left,1,defensive_third,False,3.66,20.92,1,wide_left,2,middle_third,False,32.8,29.57,45.44,45.7,23.58,23.7,62.59,59.19
197,1986691,26161,26346,43:35.1,43:53.6,43,35,18.5,1,1,4177,left_to_right,Auckland FC,0,False,False,False,create,1,medium_block,9,-3.95,-20.6,5,wide_right,2,middle_third,False,9.92,-13.29,4,half_space_right,2,middle_third,False,23.71,36.18,59.06,57.64,29.44,27.54,45.86,49.34
198,1986691,26346,26471,43:53.6,44:06.1,43,53,12.5,1,1,4177,left_to_right,Auckland FC,4,False,False,False,finish,2,low_block,8,10.87,-13.27,4,half_space_right,2,middle_third,False,-15.25,12.16,2,half_space_left,2,middle_third,False,35.64,22.74,57.95,39.85,27.06,33.75,49.14,64.78
199,1986691,26471,26806,44:06.1,44:39.6,44,6,33.5,1,1,4177,left_to_right,Auckland FC,9,False,False,False,create,1,medium_block,9,14.29,-11.19,4,half_space_right,2,middle_third,False,4.94,-24.22,5,wide_right,2,middle_third,False,33.62,62.86,64.78,57.46,22.82,39.47,40.21,40.28
200,1986691,26806,26913,44:39.6,44:50.3,44,39,10.7,1,1,4177,left_to_right,Auckland FC,3,False,False,False,finish,2,low_block,8,6.12,-25.06,5,wide_right,2,middle_third,False,-16.27,13.26,2,half_space_left,2,middle_third,False,62.7,29.24,57.58,36.91,39.43,40.08,40.12,63.88
201,1986691,26913,26985,44:50.3,44:57.5,44,50,7.2,1,1,4177,left_to_right,Auckland FC,3,False,False,False,create,1,medium_block,9,15.55,-12.94,4,half_space_right,2,middle_third,False,7.65,-26.8,5,wide_right,2,middle_third,False,39.74,44.96,63.8,60.55,29.0,35.86,37.0,44.68
202,1986691,26985,27006,44:57.5,44:59.6,44,57,2.1,1,1,4177,left_to_right,Auckland FC,1,False,False,False,finish,2,low_block,8,7.72,-26.98,5,wide_right,2,middle_third,False,5.45,-25.91,5,wide_right,2,middle_third,False,45.08,47.48,60.58,60.42,35.74,35.48,44.42,39.16
203,1986691,27006,27186,44:59.6,45:17.6,44,59,18.0,1,1,4177,left_to_right,Auckland FC,7,True,False,False,create,1,medium_block,9,4.21,-25.54,5,wide_right,2,middle_third,False,11.39,-28.37,5,wide_right,2,middle_third,False,47.6,47.95,60.34,60.9,35.57,33.31,39.04,52.06
204,1986691,27639,27648,46:02.9,46:03.8,46,2,0.9,1,2,2902,right_to_left,Western Sydney,1,False,False,False,create,1,medium_block,9,-12.38,27.69,1,wide_left,2,middle_third,False,-19.48,23.72,1,wide_left,1,defensive_third,False,39.28,39.27,51.87,50.81,33.44,33.27,48.62,48.68
205,1986691,27648,27717,46:03.8,46:10.7,46,3,6.9,1,2,2902,right_to_left,Western Sydney,3,False,False,False,build_up,0,high_block,10,-20.2,23.27,1,wide_left,1,defensive_third,False,-20.07,-15.15,4,half_space_right,1,defensive_third,False,39.32,59.7,50.68,42.68,33.26,35.03,48.65,49.93
206,1986691,27717,27855,46:10.7,46:24.5,46,10,13.8,1,2,2902,right_to_left,Western Sydney,1,False,False,False,create,1,medium_block,9,-19.96,-15.2,4,half_space_right,1,defensive_third,False,4.9,-0.28,3,center,2,middle_third,False,59.81,41.74,42.67,44.23,35.06,56.35,50.13,40.63
207,1986691,27855,27888,45:06.5,45:09.8,0,6,3.3,2,2,4177,right_to_left,Auckland FC,3,True,False,False,create,1,medium_block,9,-5.2,0.3,3,center,2,middle_third,False,12.85,5.45,3,center,2,middle_third,False,56.55,52.13,40.87,50.44,41.78,39.75,44.42,39.9
208,1986691,27888,27915,45:09.8,45:12.5,0,9,2.7,2,1,2902,left_to_right,Western Sydney,1,True,False,False,chaotic,5,chaotic,5,-13.61,-5.0,3,center,2,middle_third,False,-11.19,-16.69,4,half_space_right,2,middle_third,False,39.52,31.67,39.71,38.43,51.8,42.41,50.71,57.69
209,1986691,28001,28037,45:21.1,45:24.7,0,21,3.6,2,2,4177,right_to_left,Auckland FC,3,True,False,False,chaotic,5,chaotic,5,9.21,34.73,1,wide_left,2,middle_third,False,29.08,22.84,1,wide_left,3,attacking_third,False,46.45,38.4,61.46,66.83,33.55,26.96,48.62,49.16
210,1986691,28037,28073,45:24.7,45:28.3,0,24,3.6,2,1,2902,left_to_right,Western Sydney,1,False,False,False,chaotic,5,chaotic,5,-28.97,-22.98,5,wide_right,1,defensive_third,False,-33.19,-35.18,5,wide_right,1,defensive_third,False,26.74,32.92,49.14,48.72,38.13,31.25,67.08,64.86
211,1986691,28205,28268,45:41.5,45:47.8,0,41,6.3,2,1,2902,left_to_right,Western Sydney,3,False,False,False,create,1,medium_block,9,-22.22,-34.33,5,wide_right,1,defensive_third,False,24.14,-31.34,5,wide_right,3,attacking_third,False,37.31,37.51,54.05,63.25,21.35,24.8,63.17,59.03
212,1986691,28268,28296,45:47.8,45:50.6,0,47,2.8,2,1,2902,left_to_right,Western Sydney,1,False,False,False,finish,2,low_block,8,24.59,-31.41,5,wide_right,3,attacking_third,False,35.86,-35.22,5,wide_right,3,attacking_third,False,37.63,36.25,63.52,70.36,25.03,27.5,58.94,55.07
213,1986691,28450,28505,46:06.0,46:11.5,1,6,5.5,2,1,2902,left_to_right,Western Sydney,4,True,False,True,finish,2,low_block,8,34.66,-31.29,5,wide_right,3,attacking_third,False,54.8,-7.81,3,center,3,attacking_third,False,42.07,33.85,72.56,75.26,31.81,28.71,32.89,36.02
214,1986691,28825,28886,46:43.5,46:49.6,1,43,6.1,2,2,4177,right_to_left,Auckland FC,2,True,False,False,direct,6,defending_direct,15,-43.57,8.84,3,center,1,defensive_third,False,15.57,4.97,3,center,2,middle_third,False,27.98,19.44,59.52,60.24,27.61,17.18,42.08,46.7
215,1986691,28886,28992,46:49.6,47:00.2,1,49,10.6,2,1,2902,left_to_right,Western Sydney,5,False,False,False,create,1,medium_block,9,-16.17,-4.88,3,center,2,middle_third,False,-19.19,27.07,1,wide_left,1,defensive_third,False,17.2,45.72,46.71,49.68,19.54,36.2,60.41,61.97
216,1986691,28992,29157,47:00.2,47:16.7,2,0,16.5,2,1,2902,left_to_right,Western Sydney,7,False,False,False,build_up,0,high_block,10,-20.23,27.04,1,wide_left,1,defensive_third,False,-21.07,-33.11,5,wide_right,1,defensive_third,False,45.98,50.93,49.69,50.77,36.2,43.21,62.23,64.33
217,1986691,29157,29169,47:16.7,47:17.9,2,16,1.2,2,1,2902,left_to_right,Western Sydney,0,True,False,False,create,1,medium_block,9,-19.49,-32.92,5,wide_right,1,defensive_third,False,-5.29,-29.38,5,wide_right,2,middle_third,False,50.71,47.21,50.78,50.99,43.32,43.35,64.16,63.42
218,1986691,29169,29184,47:17.9,47:19.4,2,17,1.5,2,2,4177,right_to_left,Auckland FC,1,True,False,False,chaotic,5,chaotic,5,5.04,29.11,1,wide_left,2,middle_third,False,23.31,23.91,1,wide_left,3,attacking_third,False,43.19,40.73,63.31,62.25,46.86,41.73,50.98,50.14
219,1986691,29184,29253,47:19.4,47:26.3,2,19,6.9,2,1,2902,left_to_right,Western Sydney,2,True,False,False,chaotic,5,chaotic,5,-24.56,-23.56,5,wide_right,1,defensive_third,False,-37.39,-32.06,5,wide_right,1,defensive_third,False,41.33,29.3,50.07,46.12,40.44,30.97,62.36,76.91
220,1986691,29438,29638,47:44.8,48:04.8,2,44,20.0,2,2,4177,right_to_left,Auckland FC,7,False,False,False,set_play,7,defending_set_play,13,37.51,34.85,1,wide_left,3,attacking_third,False,23.36,-4.88,3,center,3,attacking_third,False,40.9,20.96,75.11,67.54,20.16,17.51,27.55,31.8
221,1986691,29638,29642,48:04.8,48:05.2,3,4,0.4,2,2,4177,right_to_left,Auckland FC,0,True,False,False,chaotic,5,chaotic,5,23.5,-4.57,3,center,3,attacking_third,False,23.94,-3.7,3,center,3,attacking_third,False,21.03,21.18,67.29,66.59,17.45,17.33,32.05,32.77
222,1986691,29642,29727,48:05.2,48:13.7,3,5,8.5,2,1,2902,left_to_right,Western Sydney,3,True,False,False,chaotic,5,chaotic,5,-23.96,3.42,3,center,1,defensive_third,False,-11.55,28.03,1,wide_left,2,middle_third,False,17.34,43.24,32.99,45.16,21.21,40.47,66.39,67.02
223,1986691,29727,29769,48:13.7,48:17.9,3,13,4.2,2,2,4177,right_to_left,Auckland FC,1,False,False,False,chaotic,5,chaotic,5,11.97,-27.65,5,wide_right,2,middle_third,False,11.08,-31.69,5,wide_right,2,middle_third,False,40.6,43.22,67.02,62.9,42.97,31.85,45.03,43.82
224,1986691,29782,29926,48:19.2,48:33.6,3,19,14.4,2,2,4177,right_to_left,Auckland FC,5,False,False,False,create,1,medium_block,9,6.59,-31.43,5,wide_right,2,middle_third,False,-1.78,23.07,1,wide_left,2,middle_third,False,44.67,55.26,62.03,59.01,31.7,40.08,45.63,39.04
225,1986691,29926,29956,48:33.6,48:36.6,3,33,3.0,2,2,4177,right_to_left,Auckland FC,1,True,False,False,direct,6,defending_direct,15,-1.49,23.33,1,wide_left,2,middle_third,False,43.37,12.5,2,half_space_left,3,attacking_third,True,55.25,46.0,59.09,66.81,40.06,36.64,38.98,37.99
226,1986691,29956,30166,48:36.6,48:57.6,3,36,21.0,2,1,2902,left_to_right,Western Sydney,6,False,False,False,build_up,0,high_block,10,-43.89,-12.22,4,half_space_right,1,defensive_third,False,-20.32,11.83,2,half_space_left,1,defensive_third,False,36.74,56.7,37.74,38.66,45.76,36.24,66.78,56.86
227,1986691,30166,30233,48:57.6,49:04.3,3,57,6.7,2,1,2902,left_to_right,Western Sydney,2,False,False,False,create,1,medium_block,9,-19.63,11.04,2,half_space_left,1,defensive_third,False,28.06,27.75,1,wide_left,3,attacking_third,False,56.41,34.36,38.72,62.74,36.2,34.84,56.92,58.78
228,1986691,30233,30285,49:04.3,49:09.5,4,4,5.2,2,1,2902,left_to_right,Western Sydney,2,True,False,False,finish,2,low_block,8,28.28,27.79,1,wide_left,3,attacking_third,False,37.13,13.86,2,half_space_left,3,attacking_third,True,34.21,31.28,62.87,65.1,34.78,32.04,58.73,47.53
229,1986691,30285,30345,49:09.5,49:15.5,4,9,6.0,2,2,4177,right_to_left,Auckland FC,1,True,False,False,chaotic,5,chaotic,5,-37.6,-13.72,4,half_space_right,1,defensive_third,False,-6.75,11.47,2,half_space_left,2,middle_third,False,32.27,48.34,47.24,47.56,31.36,41.99,64.95,65.06
230,1986691,30345,30436,49:15.5,49:24.6,4,15,9.1,2,1,2902,left_to_right,Western Sydney,3,True,False,True,quick_break,3,defending_quick_break,12,6.28,-12.17,4,half_space_right,2,middle_third,False,45.49,-3.59,3,center,3,attacking_third,True,42.21,34.7,64.98,75.3,48.48,32.74,47.54,44.95
231,1986691,30436,30465,49:24.6,49:27.5,4,24,2.9,2,2,4177,right_to_left,Auckland FC,1,True,False,False,chaotic,5,chaotic,5,-45.28,3.32,3,center,1,defensive_third,False,-16.38,-24.79,5,wide_right,2,middle_third,False,32.79,30.5,44.94,43.99,34.62,37.31,75.33,72.96
232,1986691,30465,30602,49:27.5,49:41.2,4,27,13.7,2,1,2902,left_to_right,Western Sydney,6,True,False,True,finish,2,low_block,8,16.2,25.09,1,wide_left,2,middle_third,False,49.14,-3.68,3,center,3,attacking_third,True,37.42,40.16,72.87,67.07,30.31,25.93,43.94,39.06
233,1986691,30934,30973,50:14.4,50:18.3,5,14,3.9,2,2,4177,right_to_left,Auckland FC,1,True,False,False,direct,6,defending_direct,15,,,2,half_space_left,2,middle_third,False,-4.46,11.59,2,half_space_left,2,middle_third,False,,20.74,,59.4,,20.42,,49.36
234,1986691,30973,30992,50:18.3,50:20.2,5,18,1.9,2,1,2902,left_to_right,Western Sydney,1,True,False,False,chaotic,5,chaotic,5,5.41,-11.76,4,half_space_right,2,middle_third,False,9.6,-7.1,3,center,2,middle_third,False,20.37,21.71,49.58,53.27,20.72,19.46,59.44,58.99
235,1986691,30992,31124,50:20.2,50:33.4,5,20,13.2,2,2,4177,right_to_left,Auckland FC,9,False,False,False,create,1,medium_block,9,-9.65,7.12,3,center,2,middle_third,False,11.13,-6.44,3,center,2,middle_third,False,19.47,50.36,58.96,61.74,21.72,30.06,53.4,43.83
236,1986691,31124,31189,50:33.4,50:39.9,5,33,6.5,2,2,4177,right_to_left,Auckland FC,1,False,False,False,finish,2,low_block,8,11.61,-8.12,3,center,2,middle_third,False,41.79,-9.21,4,half_space_right,3,attacking_third,True,50.58,49.79,62.02,70.33,29.93,29.44,43.67,28.32
237,1986691,31601,31659,51:21.1,51:26.9,6,21,5.8,2,2,4177,right_to_left,Auckland FC,3,True,False,True,set_play,7,defending_set_play,13,46.66,-25.85,5,wide_right,3,attacking_third,False,49.95,4.02,3,center,3,attacking_third,True,37.46,27.07,71.78,67.22,15.64,10.09,18.65,21.73
238,1986691,31773,31827,51:38.3,51:43.7,6,38,5.4,2,1,2902,left_to_right,Western Sydney,2,True,False,False,create,1,medium_block,9,,,2,half_space_left,2,middle_third,False,-14.45,-19.95,4,half_space_right,2,middle_third,False,,48.3,,52.6,,35.33,,52.33
239,1986691,31827,31903,51:43.7,51:51.3,6,43,7.6,2,2,4177,right_to_left,Auckland FC,2,False,False,False,quick_break,3,defending_quick_break,12,14.28,19.7,2,half_space_left,2,middle_third,False,38.39,12.63,2,half_space_left,3,attacking_third,True,35.17,35.77,52.27,72.46,48.03,25.49,52.61,47.71
240,1986691,32628,32828,53:03.8,53:23.8,8,3,20.0,2,2,4177,right_to_left,Auckland FC,2,False,False,False,set_play,7,defending_set_play,13,35.67,16.4,2,half_space_left,3,attacking_third,False,16.81,22.64,1,wide_left,2,middle_third,False,20.37,37.79,66.51,61.69,15.07,33.6,13.63,42.58
241,1986691,32828,33114,53:23.8,53:52.4,8,23,28.6,2,2,4177,right_to_left,Auckland FC,12,False,False,False,finish,2,low_block,8,16.79,23.24,1,wide_left,2,middle_third,False,5.78,-10.17,4,half_space_right,2,middle_third,False,37.9,53.84,61.54,58.05,33.13,31.08,42.36,35.38
242,1986691,33114,33149,53:52.4,53:55.9,8,52,3.5,2,2,4177,right_to_left,Auckland FC,1,False,False,False,create,1,medium_block,9,5.04,-9.26,4,half_space_right,2,middle_third,False,4.79,16.31,2,half_space_left,2,middle_third,False,53.89,52.61,57.92,54.55,31.09,35.82,35.62,39.02
243,1986691,33149,33187,53:55.9,53:59.7,8,55,3.8,2,2,4177,right_to_left,Auckland FC,1,False,False,False,finish,2,low_block,8,5.14,17.57,2,half_space_left,2,middle_third,False,5.41,29.74,1,wide_left,2,middle_third,False,52.49,55.95,54.51,59.28,36.05,41.13,39.07,43.6
244,1986691,33187,33252,53:59.7,54:06.2,8,59,6.5,2,2,4177,right_to_left,Auckland FC,2,False,False,False,create,1,medium_block,9,4.3,28.91,1,wide_left,2,middle_third,False,9.54,23.6,1,wide_left,2,middle_third,False,56.09,52.3,59.33,55.87,41.03,32.74,43.73,50.06
245,1986691,33429,33497,54:23.9,54:30.7,9,23,6.8,2,2,4177,right_to_left,Auckland FC,2,False,False,True,finish,2,low_block,8,5.9,22.27,1,wide_left,2,middle_third,False,5.29,11.1,2,half_space_left,2,middle_third,False,55.55,55.9,60.8,58.33,34.31,35.89,34.55,33.52
246,1986691,33497,33504,54:30.7,54:31.4,9,30,0.7,2,2,4177,right_to_left,Auckland FC,1,False,False,True,create,1,medium_block,9,5.04,10.52,2,half_space_left,2,middle_third,False,4.82,8.51,3,center,2,middle_third,False,55.82,55.34,58.22,57.54,35.89,35.76,33.51,33.41
247,1986691,33504,33859,54:31.4,55:06.9,9,31,35.5,2,2,4177,right_to_left,Auckland FC,11,False,False,True,finish,2,low_block,8,5.21,7.1,3,center,2,middle_third,False,5.12,12.9,2,half_space_left,2,middle_third,False,55.28,51.92,57.44,61.28,35.7,36.85,33.39,36.82
248,1986691,33859,33901,55:06.9,55:11.1,10,6,4.2,2,2,4177,right_to_left,Auckland FC,2,False,False,True,create,1,medium_block,9,5.03,12.34,2,half_space_left,2,middle_third,False,4.36,-18.31,4,half_space_right,2,middle_third,False,52.22,62.67,61.21,58.15,36.91,35.92,37.24,42.61
249,1986691,33901,34002,55:11.1,55:21.2,10,11,10.1,2,2,4177,right_to_left,Auckland FC,2,True,False,True,finish,2,low_block,8,5.76,-19.29,4,half_space_right,2,middle_third,False,42.78,0.35,3,center,3,attacking_third,True,62.69,32.36,58.24,65.14,35.77,26.13,42.64,38.22
250,1986691,34002,34204,55:21.2,55:41.4,10,21,20.2,2,1,2902,left_to_right,Western Sydney,1,True,False,False,create,1,medium_block,9,-44.31,-1.12,3,center,1,defensive_third,False,-17.33,17.79,2,half_space_left,2,middle_third,False,26.27,34.22,38.16,55.19,32.19,33.76,65.21,55.94
251,1986691,34204,34305,55:41.4,55:51.5,10,41,10.1,2,2,4177,right_to_left,Auckland FC,4,True,False,False,quick_break,3,defending_quick_break,12,17.54,-17.78,4,half_space_right,3,attacking_third,False,42.98,-6.62,3,center,3,attacking_third,True,34.03,33.71,55.77,75.44,33.72,18.66,55.19,32.19
252,1986691,34305,34452,55:51.5,56:06.2,10,51,14.7,2,1,2902,left_to_right,Western Sydney,6,True,False,True,transition,4,defending_transition,11,-42.73,5.83,3,center,1,defensive_third,False,42.8,-2.44,3,center,3,attacking_third,True,18.47,28.22,31.97,85.11,33.5,32.7,75.87,67.27
253,1986691,34452,34711,56:06.2,56:32.1,11,6,25.9,2,2,4177,right_to_left,Auckland FC,5,False,False,True,create,1,medium_block,9,-42.8,2.64,3,center,1,defensive_third,False,14.03,18.93,2,half_space_left,2,middle_third,False,32.83,60.47,67.53,59.32,28.26,36.91,85.62,39.99
254,1986691,34711,35041,56:32.1,57:05.1,11,32,33.0,2,2,4177,right_to_left,Auckland FC,10,True,False,True,finish,2,low_block,8,15.04,20.18,1,wide_left,2,middle_third,False,53.44,-1.98,3,center,3,attacking_third,False,60.33,40.46,59.44,75.9,37.03,30.52,39.93,31.59
255,1986691,35313,35319,57:32.3,57:32.9,12,32,0.6,2,1,2902,left_to_right,Western Sydney,1,False,False,False,create,1,medium_block,9,-14.83,7.24,3,center,2,middle_third,False,-19.82,9.24,2,half_space_left,1,defensive_third,False,36.56,36.33,48.38,47.93,26.7,26.47,61.3,60.78
256,1986691,35319,35351,57:32.9,57:36.1,12,32,3.2,2,1,2902,left_to_right,Western Sydney,1,False,False,False,build_up,0,high_block,10,-20.2,9.64,2,half_space_left,1,defensive_third,False,-20.05,12.75,2,half_space_left,1,defensive_third,False,36.23,37.77,47.86,42.63,26.4,31.76,60.67,61.95
257,1986691,35351,35359,57:36.1,57:36.9,12,36,0.8,2,1,2902,left_to_right,Western Sydney,0,True,False,False,create,1,medium_block,9,-19.09,12.63,2,half_space_left,1,defensive_third,False,-12.76,12.16,2,half_space_left,2,middle_third,False,37.66,36.68,42.44,40.93,32.07,33.91,61.75,60.01
258,1986691,35359,35374,57:36.9,57:38.4,12,36,1.5,2,2,4177,right_to_left,Auckland FC,1,True,False,False,chaotic,5,chaotic,5,12.44,-11.97,4,half_space_right,2,middle_third,False,20.48,-14.06,4,half_space_right,3,attacking_third,False,34.13,36.16,59.74,57.28,36.52,34.81,40.69,38.68
259,1986691,35374,35391,57:38.4,57:40.1,12,38,1.7,2,1,2902,left_to_right,Western Sydney,1,False,False,False,create,1,medium_block,9,-20.38,14.42,2,half_space_left,1,defensive_third,False,-19.61,19.65,2,half_space_left,1,defensive_third,False,34.77,35.51,38.67,40.04,36.23,35.1,57.23,57.2
260,1986691,35391,35494,57:40.1,57:50.4,12,40,10.3,2,1,2902,left_to_right,Western Sydney,4,False,False,False,build_up,0,high_block,10,-20.35,19.92,2,half_space_left,1,defensive_third,False,-47.05,24.62,1,wide_left,1,defensive_third,False,35.62,38.4,40.17,45.93,34.92,31.96,57.28,78.04
261,1986691,35618,35628,58:02.8,58:03.8,13,2,1.0,2,1,2902,left_to_right,Western Sydney,1,False,False,False,create,1,medium_block,9,,,2,half_space_left,2,middle_third,False,-9.92,32.72,1,wide_left,2,middle_third,False,,37.4,,51.2,,29.92,,68.36
262,1986691,35705,35816,58:11.5,58:22.6,13,11,11.1,2,1,2902,left_to_right,Western Sydney,3,False,False,True,build_up,0,high_block,10,-20.94,31.25,1,wide_left,1,defensive_third,False,-20.04,-4.89,3,center,1,defensive_third,False,37.25,51.53,51.7,46.6,30.46,33.69,64.03,53.62
263,1986691,35816,35891,58:22.6,58:30.1,13,22,7.5,2,1,2902,left_to_right,Western Sydney,3,False,False,True,create,1,medium_block,9,-19.84,-5.2,3,center,1,defensive_third,False,19.78,-22.73,5,wide_right,3,attacking_third,False,51.77,47.78,46.69,58.1,33.67,29.76,53.43,54.4
264,1986691,35891,35931,58:30.1,58:34.1,13,30,4.0,2,1,2902,left_to_right,Western Sydney,2,True,False,True,finish,2,low_block,8,20.34,-22.66,5,wide_right,3,attacking_third,False,51.38,4.01,3,center,3,attacking_third,True,47.6,35.35,58.48,75.82,29.71,21.05,54.53,52.06
265,1986691,36371,36404,59:18.1,59:21.4,14,18,3.3,2,2,4177,right_to_left,Auckland FC,1,True,False,False,create,1,medium_block,9,-8.25,-16.18,4,half_space_right,2,middle_third,False,16.62,-22.74,5,wide_right,2,middle_third,False,31.02,24.98,54.35,62.75,28.7,22.99,43.95,45.43
266,1986691,36404,36414,59:21.4,59:22.4,14,21,1.0,2,1,2902,left_to_right,Western Sydney,1,True,False,False,chaotic,5,chaotic,5,-17.41,22.52,1,wide_left,2,middle_third,False,-22.88,20.69,1,wide_left,1,defensive_third,False,22.81,21.42,45.46,45.83,24.79,22.81,63.13,65.24
267,1986691,36414,36424,59:22.4,59:23.4,14,22,1.0,2,2,4177,right_to_left,Auckland FC,1,False,False,False,chaotic,5,chaotic,5,23.23,-20.64,5,wide_right,3,attacking_third,False,23.39,-22.42,5,wide_right,3,attacking_third,False,22.93,24.12,65.2,63.76,21.31,21.49,45.88,46.08
268,1986691,36692,36707,59:50.2,59:51.7,14,50,1.5,2,2,4177,right_to_left,Auckland FC,1,True,False,False,set_play,7,defending_set_play,13,20.98,-19.54,4,half_space_right,3,attacking_third,False,47.24,-3.62,3,center,3,attacking_third,True,34.4,34.34,60.8,62.23,27.64,27.46,19.0,19.86
269,1986691,36707,36900,59:51.7,60:11.0,14,51,19.3,2,1,2902,left_to_right,Western Sydney,1,True,False,False,create,1,medium_block,9,-48.22,3.25,3,center,1,defensive_third,False,-24.95,20.77,1,wide_left,1,defensive_third,False,27.43,46.9,20.11,50.77,33.81,31.28,62.38,64.76
270,1986691,36900,36942,60:11.0,60:15.2,15,11,4.2,2,2,4177,right_to_left,Auckland FC,2,True,False,True,finish,2,low_block,8,24.8,-20.91,5,wide_right,3,attacking_third,False,34.67,-1.86,3,center,3,attacking_third,False,31.15,31.51,64.85,71.49,46.06,25.17,50.81,47.45
271,1986691,36942,37076,60:15.2,60:28.6,15,15,13.4,2,1,2902,left_to_right,Western Sydney,3,True,False,False,transition,4,defending_transition,11,-35.19,1.63,3,center,1,defensive_third,False,39.69,8.28,3,center,3,attacking_third,True,25.01,27.8,47.32,77.97,31.38,30.36,71.64,63.99
272,1986691,37076,37096,60:28.6,60:30.6,15,28,2.0,2,2,4177,right_to_left,Auckland FC,1,False,False,False,chaotic,5,chaotic,5,-39.93,-7.41,3,center,1,defensive_third,False,-38.86,-23.32,5,wide_right,1,defensive_third,False,30.32,28.88,63.76,60.54,27.71,27.2,78.12,77.92
273,1986691,37455,37546,61:06.5,61:15.6,16,6,9.1,2,2,4177,right_to_left,Auckland FC,4,False,False,False,build_up,0,high_block,10,-23.48,-32.91,5,wide_right,1,defensive_third,False,-20.01,27.9,1,wide_left,1,defensive_third,False,45.22,59.56,45.68,46.27,29.15,42.5,59.86,61.66
274,1986691,37546,37547,61:15.6,61:15.7,16,15,0.1,2,2,4177,right_to_left,Auckland FC,1,False,False,False,create,1,medium_block,9,-19.97,28.13,1,wide_left,1,defensive_third,False,-19.97,28.13,1,wide_left,1,defensive_third,False,60.02,60.02,46.35,46.35,42.63,42.63,61.5,61.5
275,1986691,37547,37576,61:15.7,61:18.6,16,15,2.9,2,2,4177,right_to_left,Auckland FC,1,False,False,False,build_up,0,high_block,10,-20.02,28.29,1,wide_left,1,defensive_third,False,-26.46,32.62,1,wide_left,1,defensive_third,False,60.49,62.2,46.43,47.94,42.73,43.07,61.34,63.35
276,1986691,37736,37763,61:34.6,61:37.3,16,34,2.7,2,2,4177,right_to_left,Auckland FC,1,True,False,False,chaotic,5,chaotic,5,-14.27,33.33,1,wide_left,2,middle_third,False,8.55,30.05,1,wide_left,2,middle_third,False,43.33,38.0,50.58,51.01,29.38,31.24,61.29,59.4
277,1986691,37763,37779,61:37.3,61:38.9,16,37,1.6,2,1,2902,left_to_right,Western Sydney,1,True,False,False,chaotic,5,chaotic,5,-8.79,-29.98,5,wide_right,2,middle_third,False,2.01,-21.71,5,wide_right,2,middle_third,False,31.22,30.08,59.26,56.89,37.74,33.85,51.11,51.07
278,1986691,37779,37852,61:38.9,61:46.2,16,38,7.3,2,2,4177,right_to_left,Auckland FC,1,False,False,False,create,1,medium_block,9,-2.55,21.3,1,wide_left,2,middle_third,False,16.41,28.66,1,wide_left,2,middle_third,False,33.63,39.61,51.05,63.37,29.99,29.71,56.75,50.73
279,1986691,37852,37967,61:46.2,61:57.7,16,46,11.5,2,2,4177,right_to_left,Auckland FC,3,True,False,False,finish,2,low_block,8,16.14,28.12,1,wide_left,2,middle_third,False,48.5,-2.39,3,center,3,attacking_third,True,39.96,43.26,63.47,72.75,29.96,30.0,50.62,33.83
280,1986691,37967,38038,61:57.7,62:04.8,16,57,7.1,2,1,2902,left_to_right,Western Sydney,2,True,False,False,build_up,0,high_block,10,-49.08,1.42,3,center,1,defensive_third,False,-21.76,-6.19,3,center,1,defensive_third,False,29.95,31.33,33.84,42.17,42.92,30.41,73.24,69.99
281,1986691,38038,38138,62:04.8,62:14.8,17,4,10.0,2,2,4177,right_to_left,Auckland FC,4,True,False,True,quick_break,3,defending_quick_break,12,21.51,5.38,3,center,3,attacking_third,False,42.51,1.63,3,center,3,attacking_third,True,30.15,30.34,69.64,77.82,31.42,35.62,42.38,45.85
282,1986691,38138,38148,62:14.8,62:15.8,17,14,1.0,2,1,2902,left_to_right,Western Sydney,1,True,False,False,chaotic,5,chaotic,5,-42.23,-2.1,3,center,1,defensive_third,False,-28.92,-14.66,4,half_space_right,1,defensive_third,False,35.81,37.74,45.59,43.31,30.42,31.49,77.81,76.41
283,1986691,38330,38338,62:34.0,62:34.8,17,34,0.8,2,2,4177,right_to_left,Auckland FC,1,False,False,False,create,1,medium_block,9,,,2,half_space_left,2,middle_third,False,,,2,half_space_left,2,middle_third,False,,,,,,,,
284,1986691,38338,38374,62:34.8,62:38.4,17,34,3.6,2,2,4177,right_to_left,Auckland FC,3,False,False,False,finish,2,low_block,8,11.7,32.11,1,wide_left,2,middle_third,False,16.2,35.14,1,wide_left,2,middle_third,False,37.61,37.41,62.83,61.51,31.94,34.33,46.38,48.01
285,1986691,38484,38497,62:49.4,62:50.7,17,49,1.3,2,2,4177,right_to_left,Auckland FC,1,True,False,False,chaotic,5,chaotic,5,18.85,34.29,1,wide_left,3,attacking_third,False,18.06,28.69,1,wide_left,3,attacking_third,False,39.63,39.66,67.46,67.04,26.09,26.95,46.58,46.4
286,1986691,38497,38507,62:50.7,62:51.7,17,50,1.0,2,1,2902,left_to_right,Western Sydney,1,True,False,False,chaotic,5,chaotic,5,-17.58,-29.12,5,wide_right,1,defensive_third,False,-9.04,-32.44,5,wide_right,2,middle_third,False,27.08,28.57,46.37,45.79,39.64,39.59,66.97,66.14
287,1986691,38624,38657,63:03.4,63:06.7,18,3,3.3,2,2,4177,right_to_left,Auckland FC,1,True,False,False,chaotic,5,chaotic,5,13.45,33.09,1,wide_left,2,middle_third,False,38.28,28.54,1,wide_left,3,attacking_third,False,43.1,39.07,62.62,68.31,27.15,27.94,48.93,46.97
288,1986691,38657,38678,63:06.7,63:08.8,18,6,2.1,2,1,2902,left_to_right,Western Sydney,1,True,False,False,chaotic,5,chaotic,5,-38.3,-28.6,5,wide_right,1,defensive_third,False,-9.18,-20.46,5,wide_right,2,middle_third,False,28.0,28.43,46.9,46.64,38.98,37.24,68.63,69.89
289,1986691,38678,38719,63:08.8,63:12.9,18,8,4.1,2,2,4177,right_to_left,Auckland FC,1,False,False,False,create,1,medium_block,9,8.4,20.3,1,wide_left,2,middle_third,False,4.96,31.51,1,wide_left,2,middle_third,False,37.17,42.8,69.78,64.3,28.41,32.91,46.75,42.47
290,1986691,38719,38720,63:12.9,63:13.0,18,12,0.1,2,2,4177,right_to_left,Auckland FC,1,False,False,False,finish,2,low_block,8,5.07,31.61,1,wide_left,2,middle_third,False,5.07,31.61,1,wide_left,2,middle_third,False,42.99,42.99,64.12,64.12,33.24,33.24,42.16,42.16
291,1986691,38720,38815,63:13.0,63:22.5,18,13,9.5,2,2,4177,right_to_left,Auckland FC,4,False,False,False,create,1,medium_block,9,5.12,31.68,1,wide_left,2,middle_third,False,5.74,-28.7,5,wide_right,2,middle_third,False,43.16,57.85,63.93,59.69,33.56,35.79,41.86,38.56
292,1986691,38815,38837,63:22.5,63:24.7,18,22,2.2,2,2,4177,right_to_left,Auckland FC,1,False,False,False,finish,2,low_block,8,5.91,-28.63,5,wide_right,2,middle_third,False,6.1,-25.51,5,wide_right,2,middle_third,False,57.61,53.43,59.74,63.33,35.79,34.85,38.45,36.21
293,1986691,38837,38997,63:24.7,63:40.7,18,24,16.0,2,2,4177,right_to_left,Auckland FC,3,False,False,False,create,1,medium_block,9,5.18,-24.53,5,wide_right,2,middle_third,False,4.71,-19.9,4,half_space_right,2,middle_third,False,53.3,62.86,63.2,61.27,34.82,33.05,36.13,41.41
294,1986691,38997,39081,63:40.7,63:49.1,18,40,8.4,2,2,4177,right_to_left,Auckland FC,4,False,False,False,finish,2,low_block,8,5.24,-21.21,5,wide_right,2,middle_third,False,5.73,-19.81,4,half_space_right,2,middle_third,False,62.88,48.82,61.33,62.2,33.03,31.98,41.51,32.73
295,1986691,39081,39129,63:49.1,63:53.9,18,49,4.8,2,2,4177,right_to_left,Auckland FC,2,False,False,False,create,1,medium_block,9,5.2,-19.13,4,half_space_right,2,middle_third,False,4.7,16.9,2,half_space_left,2,middle_third,False,48.65,51.67,62.15,56.64,31.81,35.35,32.92,37.0
296,1986691,39129,39169,63:53.9,63:57.9,18,53,4.0,2,2,4177,right_to_left,Auckland FC,2,False,False,False,finish,2,low_block,8,5.13,18.2,2,half_space_left,2,middle_third,False,7.93,19.89,2,half_space_left,2,middle_third,False,51.77,56.91,56.6,58.5,35.46,35.82,36.92,37.41
297,1986691,39169,39283,63:57.9,64:09.3,18,57,11.4,2,2,4177,right_to_left,Auckland FC,4,False,False,False,create,1,medium_block,9,6.41,19.58,2,half_space_left,2,middle_third,False,9.6,24.14,1,wide_left,2,middle_third,False,57.12,62.83,58.42,57.69,35.77,42.56,37.43,45.53
298,1986691,39283,39352,64:09.3,64:16.2,19,9,6.9,2,2,4177,right_to_left,Auckland FC,3,True,False,False,finish,2,low_block,8,9.87,24.59,1,wide_left,2,middle_third,False,32.81,31.54,1,wide_left,3,attacking_third,False,62.67,53.29,57.83,63.78,42.64,41.21,45.49,42.59
299,1986691,39352,39404,64:16.2,64:21.4,19,16,5.2,2,1,2902,left_to_right,Western Sydney,2,True,False,False,chaotic,5,chaotic,5,-33.05,-31.39,5,wide_right,1,defensive_third,False,-14.19,-13.2,4,half_space_right,2,middle_third,False,41.21,41.4,42.57,42.37,52.99,31.46,63.92,66.89
300,1986691,39404,39572,64:21.4,64:38.2,19,21,16.8,2,2,4177,right_to_left,Auckland FC,7,True,False,True,finish,2,low_block,8,13.5,12.87,2,half_space_left,2,middle_third,False,39.71,-14.47,4,half_space_right,3,attacking_third,True,31.24,43.27,66.74,67.06,41.42,25.86,42.33,26.35
301,1986691,39572,39629,64:38.2,64:43.9,19,38,5.7,2,1,2902,left_to_right,Western Sydney,1,True,False,False,direct,6,defending_direct,15,-39.1,14.08,2,half_space_left,1,defensive_third,False,-5.4,-3.36,3,center,2,middle_third,False,25.76,32.5,26.38,37.33,42.9,50.77,67.07,63.34
302,1986691,39629,39745,64:43.9,64:55.5,19,43,11.6,2,2,4177,right_to_left,Auckland FC,3,False,False,False,quick_break,3,defending_quick_break,12,5.52,3.0,3,center,2,middle_third,False,51.27,8.41,3,center,3,attacking_third,True,51.12,41.01,63.22,75.51,32.59,30.49,37.4,22.77
303,1986691,40079,40133,65:28.9,65:34.3,20,28,5.4,2,2,4177,right_to_left,Auckland FC,5,False,False,False,set_play,7,defending_set_play,13,50.84,31.87,1,wide_left,3,attacking_third,False,5.72,-3.06,3,center,2,middle_third,False,40.06,35.06,68.28,62.08,19.38,21.58,20.04,23.23
304,1986691,40133,40198,65:34.3,65:40.8,20,34,6.5,2,2,4177,right_to_left,Auckland FC,1,False,False,False,create,1,medium_block,9,4.58,-3.21,3,center,2,middle_third,False,-8.73,0.87,3,center,2,middle_third,False,34.99,55.82,61.89,54.14,21.75,27.64,23.57,47.24
305,1986691,40198,40223,65:40.8,65:43.3,20,40,2.5,2,2,4177,right_to_left,Auckland FC,1,False,False,False,direct,6,defending_direct,15,-8.55,1.2,3,center,2,middle_third,False,31.23,29.57,1,wide_left,3,attacking_third,False,56.0,56.2,54.09,59.01,27.84,35.08,47.45,48.44
306,1986691,40223,40278,65:43.3,65:48.8,20,43,5.5,2,2,4177,right_to_left,Auckland FC,2,True,False,False,finish,2,low_block,8,32.1,30.15,1,wide_left,3,attacking_third,False,39.43,5.17,3,center,3,attacking_third,True,56.02,43.16,59.52,69.58,35.32,32.09,48.44,39.89
307,1986691,40278,40320,65:48.8,65:53.0,20,48,4.2,2,1,2902,left_to_right,Western Sydney,1,True,False,False,chaotic,5,chaotic,5,-39.88,-4.18,3,center,1,defensive_third,False,-32.28,19.34,2,half_space_left,1,defensive_third,False,31.93,33.06,39.89,37.57,42.94,45.14,69.47,67.52
308,1986691,40320,40485,65:53.0,66:09.5,20,53,16.5,2,2,4177,right_to_left,Auckland FC,7,False,False,False,finish,2,low_block,8,32.08,-19.63,4,half_space_right,3,attacking_third,False,51.07,-13.57,4,half_space_right,3,attacking_third,True,45.24,34.75,67.53,72.89,33.29,23.71,37.52,29.62
309,1986691,41025,41054,67:03.5,67:06.4,22,3,2.9,2,2,4177,right_to_left,Auckland FC,2,True,False,True,set_play,7,defending_set_play,13,51.47,-31.39,5,wide_right,3,attacking_third,False,52.26,13.93,2,half_space_left,3,attacking_third,True,36.62,38.61,68.96,70.72,15.6,14.26,24.53,21.98
310,1986691,41696,41730,68:10.6,68:14.0,23,10,3.4,2,1,2902,left_to_right,Western Sydney,1,True,False,False,direct,6,defending_direct,15,-46.43,-0.04,3,center,1,defensive_third,False,7.97,11.07,2,half_space_left,2,middle_third,False,62.25,46.49,57.74,61.64,43.25,35.93,71.03,61.57
311,1986691,41730,41915,68:14.0,68:32.5,23,14,18.5,2,2,4177,right_to_left,Auckland FC,7,False,False,False,create,1,medium_block,9,-8.47,-11.24,4,half_space_right,2,middle_third,False,11.08,22.61,1,wide_left,2,middle_third,False,35.7,54.92,61.28,60.34,45.86,38.49,61.74,44.88
312,1986691,41915,41940,68:32.5,68:35.0,23,32,2.5,2,2,4177,right_to_left,Auckland FC,1,False,False,False,finish,2,low_block,8,11.47,21.74,1,wide_left,2,middle_third,False,6.8,21.36,1,wide_left,2,middle_third,False,54.89,56.07,60.35,59.17,38.21,33.38,44.78,45.85
313,1986691,41940,42334,68:35.0,69:14.4,23,35,39.4,2,2,4177,right_to_left,Auckland FC,12,False,False,False,create,1,medium_block,9,5.63,20.98,1,wide_left,2,middle_third,False,17.73,-30.46,5,wide_right,3,attacking_third,False,56.07,55.66,59.03,57.91,33.25,38.18,45.98,40.26
314,1986691,42334,42370,69:14.4,69:18.0,24,14,3.6,2,2,4177,right_to_left,Auckland FC,2,True,False,False,finish,2,low_block,8,18.83,-30.7,5,wide_right,3,attacking_third,False,31.58,-19.95,4,half_space_right,3,attacking_third,False,55.58,48.39,58.16,65.21,38.26,37.27,40.16,36.73
315,1986691,42370,42443,69:18.0,69:25.3,24,18,7.3,2,1,2902,left_to_right,Western Sydney,4,True,False,False,build_up,0,high_block,10,-31.73,19.78,2,half_space_left,1,defensive_third,False,-32.38,26.13,1,wide_left,1,defensive_third,False,37.01,36.04,36.68,38.45,48.05,31.1,65.31,73.81
316,1986691,42443,42493,69:25.3,69:30.3,24,25,5.0,2,2,4177,right_to_left,Auckland FC,1,True,False,False,chaotic,5,chaotic,5,31.22,-26.14,5,wide_right,3,attacking_third,False,37.62,-16.39,4,half_space_right,3,attacking_third,True,31.16,32.89,73.54,67.29,35.91,25.84,38.34,34.3
317,1986691,42493,42578,69:30.3,69:38.8,24,30,8.5,2,1,2902,left_to_right,Western Sydney,1,True,False,False,chaotic,5,chaotic,5,-38.21,16.15,2,half_space_left,1,defensive_third,False,-14.48,12.39,2,half_space_left,2,middle_third,False,25.68,24.14,34.28,36.95,32.9,31.02,67.52,61.94
318,1986691,42578,42651,69:38.8,69:46.1,24,38,7.3,2,2,4177,right_to_left,Auckland FC,2,True,False,False,chaotic,5,chaotic,5,14.61,-12.46,4,half_space_right,2,middle_third,False,45.95,-24.43,5,wide_right,3,attacking_third,False,31.09,33.34,61.85,72.53,24.21,27.64,37.08,41.15
319,1986691,42651,42676,69:46.1,69:48.6,24,46,2.5,2,1,2902,left_to_right,Western Sydney,1,False,False,False,chaotic,5,chaotic,5,-46.33,24.63,1,wide_left,1,defensive_third,False,-53.07,29.49,1,wide_left,1,defensive_third,False,28.06,32.45,41.13,41.76,33.62,35.07,72.95,79.24
320,1986691,42808,42849,70:01.8,70:05.9,25,1,4.1,2,1,2902,left_to_right,Western Sydney,2,False,False,False,build_up,0,high_block,10,,,2,half_space_left,2,middle_third,False,-23.66,-25.77,5,wide_right,1,defensive_third,False,,57.55,,53.58,,43.57,,60.14
321,1986691,42849,42872,70:05.9,70:08.2,25,5,2.3,2,1,2902,left_to_right,Western Sydney,1,True,False,False,direct,6,defending_direct,15,-22.75,-25.53,5,wide_right,1,defensive_third,False,16.64,-11.74,4,half_space_right,2,middle_third,False,57.41,52.72,53.74,60.23,43.63,44.33,59.93,56.91
322,1986691,42872,43039,70:08.2,70:24.9,25,8,16.7,2,2,4177,right_to_left,Auckland FC,8,False,False,False,create,1,medium_block,9,-17.73,11.46,2,half_space_left,1,defensive_third,False,19.4,-4.82,3,center,3,attacking_third,False,44.36,55.46,56.94,59.82,52.4,37.14,60.53,42.35
323,1986691,43039,43161,70:24.9,70:37.1,25,24,12.2,2,2,4177,right_to_left,Auckland FC,1,False,False,False,finish,2,low_block,8,19.96,-6.17,3,center,3,attacking_third,False,41.81,-8.61,3,center,3,attacking_third,True,55.16,33.01,59.98,71.96,37.19,24.19,42.16,31.89
324,1986691,43472,43542,71:08.2,71:15.2,26,8,7.0,2,2,4177,right_to_left,Auckland FC,2,False,False,False,chaotic,5,chaotic,5,41.89,-33.65,5,wide_right,3,attacking_third,False,45.78,-28.97,5,wide_right,3,attacking_third,False,38.51,31.7,70.34,68.82,18.76,30.23,18.08,16.79
325,1986691,43598,43622,71:20.8,71:23.2,26,20,2.4,2,2,4177,right_to_left,Auckland FC,2,True,False,False,set_play,7,defending_set_play,13,41.55,-31.17,5,wide_right,3,attacking_third,False,45.72,-7.39,3,center,3,attacking_third,True,39.18,37.05,68.07,67.0,29.46,25.62,21.77,22.58
326,1986691,43622,43734,71:23.2,71:34.4,26,23,11.2,2,1,2902,left_to_right,Western Sydney,4,True,False,False,transition,4,defending_transition,11,-45.59,7.23,3,center,1,defensive_third,False,34.19,-1.61,3,center,3,attacking_third,False,25.45,31.13,22.6,72.48,36.87,36.83,66.92,67.85
327,1986691,43734,43799,71:34.4,71:40.9,26,34,6.5,2,2,4177,right_to_left,Auckland FC,3,True,False,True,chaotic,5,chaotic,5,-35.36,2.19,3,center,1,defensive_third,False,-23.7,25.8,1,wide_left,1,defensive_third,False,37.02,54.0,67.72,50.99,31.19,38.2,73.12,65.57
328,1986691,43799,43834,71:40.9,71:44.4,26,40,3.5,2,1,2902,left_to_right,Western Sydney,1,True,False,True,quick_break,3,defending_quick_break,12,23.64,-25.56,5,wide_right,3,attacking_third,False,44.29,-7.62,3,center,3,attacking_third,True,37.91,32.23,65.35,65.82,53.58,53.78,50.89,53.35
329,1986691,44074,44175,72:08.4,72:18.5,27,8,10.1,2,2,4177,right_to_left,Auckland FC,3,True,False,False,create,1,medium_block,9,,,2,half_space_left,2,middle_third,False,15.1,27.92,1,wide_left,2,middle_third,False,,56.04,,51.83,,44.73,,46.75
330,1986691,44175,44185,72:18.5,72:19.5,27,18,1.0,2,1,2902,left_to_right,Western Sydney,1,True,False,False,chaotic,5,chaotic,5,-15.81,-28.66,5,wide_right,2,middle_third,False,-20.23,-33.86,5,wide_right,1,defensive_third,False,45.15,48.41,46.74,46.52,55.79,54.06,52.32,55.96
331,1986691,44273,44320,72:28.3,72:33.0,27,28,4.7,2,2,4177,right_to_left,Auckland FC,2,True,False,False,finish,2,low_block,8,22.22,30.65,1,wide_left,3,attacking_third,False,35.91,26.27,1,wide_left,3,attacking_third,False,47.48,37.71,62.35,64.72,36.06,32.56,37.12,34.37
332,1986691,44320,44362,72:33.0,72:37.2,27,33,4.2,2,1,2902,left_to_right,Western Sydney,2,True,False,False,chaotic,5,chaotic,5,-36.25,-25.82,5,wide_right,1,defensive_third,False,-27.74,-15.7,4,half_space_right,1,defensive_third,False,32.29,31.88,34.28,33.61,37.51,32.46,64.93,63.94
333,1986691,44362,44547,72:37.2,72:55.7,27,37,18.5,2,2,4177,right_to_left,Auckland FC,7,True,False,True,finish,2,low_block,8,28.13,14.81,2,half_space_left,3,attacking_third,False,50.48,-1.58,3,center,3,attacking_third,True,32.62,32.53,63.71,69.76,32.23,23.35,33.68,23.93
334,1986691,44547,44722,72:55.7,73:13.2,27,55,17.5,2,1,2902,left_to_right,Western Sydney,3,False,False,False,create,1,medium_block,9,-50.81,0.65,3,center,1,defensive_third,False,-19.62,33.0,1,wide_left,1,defensive_third,False,23.26,46.44,24.03,46.81,32.4,43.19,69.94,65.75
335,1986691,44722,44865,73:13.2,73:27.5,28,13,14.3,2,1,2902,left_to_right,Western Sydney,5,True,False,False,build_up,0,high_block,10,-21.16,32.85,1,wide_left,1,defensive_third,False,-20.33,-31.95,5,wide_right,1,defensive_third,False,46.14,57.68,46.73,48.55,43.06,44.3,65.67,66.75
336,1986691,44865,44903,73:27.5,73:31.3,28,27,3.8,2,2,4177,right_to_left,Auckland FC,1,True,False,False,chaotic,5,chaotic,5,19.75,31.85,1,wide_left,3,attacking_third,False,15.21,27.55,1,wide_left,2,middle_third,False,44.4,42.92,66.68,62.91,57.34,49.63,48.54,48.14
337,1986691,45127,45179,73:53.7,73:58.9,28,53,5.2,2,1,2902,left_to_right,Western Sydney,3,False,False,False,create,1,medium_block,9,-11.0,-26.73,5,wide_right,2,middle_third,False,-19.84,-18.66,4,half_space_right,1,defensive_third,False,53.49,58.79,48.15,45.33,41.76,41.69,50.96,46.93
338,1986691,45179,45263,73:58.9,74:07.3,28,58,8.4,2,1,2902,left_to_right,Western Sydney,1,False,False,False,build_up,0,high_block,10,-20.59,-18.05,4,half_space_right,1,defensive_third,False,-21.01,-16.57,4,half_space_right,1,defensive_third,False,58.95,64.43,45.29,38.67,41.67,45.56,46.96,55.63
339,1986691,45263,45330,74:07.3,74:14.0,29,7,6.7,2,1,2902,left_to_right,Western Sydney,2,False,False,False,create,1,medium_block,9,-19.94,-17.92,4,half_space_right,1,defensive_third,False,12.65,-27.6,5,wide_right,2,middle_third,False,64.36,55.82,38.77,53.43,45.61,42.43,55.65,47.41
340,1986691,45330,45403,74:14.0,74:21.3,29,14,7.3,2,1,2902,left_to_right,Western Sydney,3,True,False,False,finish,2,low_block,8,11.87,-27.34,5,wide_right,2,middle_third,False,36.47,10.95,2,half_space_left,3,attacking_third,True,55.79,43.78,53.53,61.79,42.47,34.64,47.17,46.04
341,1986691,45403,45472,74:21.3,74:28.2,29,21,6.9,2,2,4177,right_to_left,Auckland FC,2,False,False,False,build_up,0,high_block,10,-37.3,-11.49,4,half_space_right,1,defensive_third,False,-20.6,-24.12,5,wide_right,1,defensive_third,False,34.51,50.57,46.1,45.07,43.1,39.91,62.35,63.13
342,1986691,45472,45518,74:28.2,74:32.8,29,28,4.6,2,2,4177,right_to_left,Auckland FC,1,True,False,False,create,1,medium_block,9,-19.9,-23.79,5,wide_right,1,defensive_third,False,2.29,-29.71,5,wide_right,2,middle_third,False,50.89,51.72,45.05,48.65,39.88,37.52,62.99,57.51
343,1986691,45518,45767,74:32.8,74:57.7,29,32,24.9,2,1,2902,left_to_right,Western Sydney,8,False,False,False,create,1,medium_block,9,-2.49,29.66,1,wide_left,2,middle_third,False,20.52,14.17,2,half_space_left,3,attacking_third,False,37.6,44.1,57.31,59.3,51.68,34.0,48.69,39.81
344,1986691,45767,45916,74:57.7,75:12.6,29,57,14.9,2,1,2902,left_to_right,Western Sydney,3,False,False,False,finish,2,low_block,8,21.94,13.91,2,half_space_left,3,attacking_third,False,27.54,31.82,1,wide_left,3,attacking_third,False,43.81,36.22,60.01,63.63,33.73,35.48,39.66,37.57
345,1986691,45968,46007,75:17.8,75:21.7,30,17,3.9,2,1,2902,left_to_right,Western Sydney,2,True,False,False,chaotic,5,chaotic,5,9.42,32.4,1,wide_left,2,middle_third,False,20.79,14.26,2,half_space_left,3,attacking_third,False,38.4,34.96,61.89,57.39,35.69,37.0,39.79,49.86
346,1986691,46007,46340,75:21.7,75:55.0,30,21,33.3,2,2,4177,right_to_left,Auckland FC,11,False,False,False,create,1,medium_block,9,-21.24,-14.09,4,half_space_right,1,defensive_third,False,25.31,30.9,1,wide_left,3,attacking_third,False,37.08,50.39,49.86,59.19,34.86,38.96,57.1,49.04
347,1986691,46340,46364,75:55.0,75:57.4,30,55,2.4,2,2,4177,right_to_left,Auckland FC,1,True,False,False,finish,2,low_block,8,25.8,30.65,1,wide_left,3,attacking_third,False,37.29,22.09,1,wide_left,3,attacking_third,False,49.91,38.63,59.55,67.46,38.91,32.19,48.95,45.13
348,1986691,46364,46454,75:57.4,76:06.4,30,57,9.0,2,1,2902,left_to_right,Western Sydney,5,False,False,False,build_up,0,high_block,10,-37.89,-21.57,5,wide_right,1,defensive_third,False,-20.68,-33.27,5,wide_right,1,defensive_third,False,31.77,37.29,44.9,46.81,38.14,35.17,67.73,65.7
349,1986691,46454,46457,76:06.4,76:06.7,31,6,0.3,2,1,2902,left_to_right,Western Sydney,0,True,False,False,create,1,medium_block,9,-18.89,-33.4,5,wide_right,1,defensive_third,False,-15.57,-33.54,5,wide_right,2,middle_third,False,37.39,37.54,47.2,48.04,35.48,36.12,65.71,65.73
350,1986691,48147,48177,78:55.7,78:58.7,33,55,3.0,2,2,4177,right_to_left,Auckland FC,3,True,False,False,create,1,medium_block,9,5.54,32.04,1,wide_left,2,middle_third,False,15.33,30.0,1,wide_left,2,middle_third,False,44.86,43.43,59.54,60.32,46.04,43.06,50.13,49.12
351,1986691,48252,48463,79:06.2,79:27.3,34,6,21.1,2,1,2902,left_to_right,Western Sydney,6,False,False,False,build_up,0,high_block,10,-49.73,-5.12,3,center,1,defensive_third,False,-20.23,-12.44,4,half_space_right,1,defensive_third,False,57.33,59.49,50.24,47.39,37.35,41.28,59.5,59.9
352,1986691,48463,48703,79:27.3,79:51.3,34,27,24.0,2,1,2902,left_to_right,Western Sydney,7,True,False,False,create,1,medium_block,9,-19.51,-11.38,4,half_space_right,1,defensive_third,False,32.97,-9.64,4,half_space_right,3,attacking_third,False,59.44,45.98,47.36,67.55,41.2,35.1,59.58,50.54
353,1986691,48703,48745,79:51.3,79:55.5,34,51,4.2,2,2,4177,right_to_left,Auckland FC,2,False,False,False,chaotic,5,chaotic,5,-33.78,9.08,3,center,1,defensive_third,False,-27.69,14.47,2,half_space_left,1,defensive_third,False,35.05,31.25,50.55,45.61,45.7,32.88,67.9,67.37
354,1986691,49000,49045,80:21.0,80:25.5,35,21,4.5,2,2,4177,right_to_left,Auckland FC,2,False,False,False,create,1,medium_block,9,-20.88,-12.68,4,half_space_right,1,defensive_third,False,-19.55,-17.24,4,half_space_right,1,defensive_third,False,56.02,56.11,46.91,48.68,34.29,37.84,47.94,51.15
355,1986691,49045,49143,80:25.5,80:35.3,35,25,9.8,2,2,4177,right_to_left,Auckland FC,3,True,False,False,build_up,0,high_block,10,-20.2,-16.39,4,half_space_right,1,defensive_third,False,-21.41,35.27,1,wide_left,1,defensive_third,False,56.04,56.03,48.65,48.35,37.89,42.94,51.54,63.22
356,1986691,49246,49339,80:45.6,80:54.9,35,45,9.3,2,1,2902,left_to_right,Western Sydney,2,False,False,False,finish,2,low_block,8,18.21,-31.76,5,wide_right,3,attacking_third,False,46.5,-7.02,3,center,3,attacking_third,True,38.08,31.25,65.02,75.02,31.5,19.04,40.39,37.27
357,1986691,49611,49712,81:22.1,81:32.2,36,22,10.1,2,1,2902,left_to_right,Western Sydney,2,True,False,False,chaotic,5,chaotic,5,37.09,-34.32,5,wide_right,3,attacking_third,False,49.18,30.55,1,wide_left,3,attacking_third,False,35.33,40.82,66.74,66.7,23.88,36.56,26.47,32.47
358,1986691,50057,50082,82:06.7,82:09.2,37,6,2.5,2,2,4177,right_to_left,Auckland FC,1,True,False,False,direct,6,defending_direct,15,,,2,half_space_left,2,middle_third,False,11.01,28.91,1,wide_left,2,middle_third,False,,33.65,,54.78,,34.39,,45.02
359,1986691,50082,50092,82:09.2,82:10.2,37,9,1.0,2,1,2902,left_to_right,Western Sydney,1,True,False,False,chaotic,5,chaotic,5,-11.13,-29.44,5,wide_right,2,middle_third,False,-4.67,-32.71,5,wide_right,2,middle_third,False,34.56,35.18,45.05,44.85,33.63,33.13,54.92,54.92
360,1986691,50187,50290,82:19.7,82:30.0,37,19,10.3,2,2,4177,right_to_left,Auckland FC,2,True,False,False,chaotic,5,chaotic,5,5.68,34.44,1,wide_left,2,middle_third,False,10.59,34.52,1,wide_left,2,middle_third,False,38.36,29.87,58.37,55.46,36.62,39.23,45.92,54.98
361,1986691,50290,50298,82:30.0,82:30.8,37,30,0.8,2,1,2902,left_to_right,Western Sydney,1,False,False,True,create,1,medium_block,9,-11.0,-34.18,5,wide_right,2,middle_third,False,-19.07,-29.19,5,wide_right,1,defensive_third,False,39.27,39.56,55.06,55.33,29.82,29.86,55.44,55.93
362,1986691,50298,50375,82:30.8,82:38.5,37,30,7.7,2,1,2902,left_to_right,Western Sydney,3,False,False,True,build_up,0,high_block,10,-20.18,-28.44,5,wide_right,1,defensive_third,False,-20.01,27.44,1,wide_left,1,defensive_third,False,39.63,50.97,55.36,53.68,29.91,44.51,56.09,62.01
363,1986691,50375,50484,82:38.5,82:49.4,37,38,10.9,2,1,2902,left_to_right,Western Sydney,5,False,False,True,create,1,medium_block,9,-19.89,27.46,1,wide_left,1,defensive_third,False,14.94,21.86,1,wide_left,2,middle_third,False,51.01,43.9,53.77,61.07,44.82,34.82,62.1,46.28
364,1986691,50484,50549,82:49.4,82:55.9,37,49,6.5,2,1,2902,left_to_right,Western Sydney,1,False,False,True,finish,2,low_block,8,16.12,20.93,1,wide_left,2,middle_third,False,50.07,1.37,3,center,3,attacking_third,True,43.92,39.12,61.53,74.26,34.78,22.98,45.96,37.19
365,1986691,51537,51547,84:34.7,84:35.7,39,34,1.0,2,1,2902,left_to_right,Western Sydney,1,True,False,False,set_play,7,defending_set_play,13,49.54,-29.57,5,wide_right,3,attacking_third,False,50.37,-17.6,4,half_space_right,3,attacking_third,True,35.53,35.32,70.2,69.01,28.47,25.93,15.5,14.14
366,1986691,51866,51925,85:07.6,85:13.5,40,7,5.9,2,2,4177,right_to_left,Auckland FC,1,True,False,False,direct,6,defending_direct,15,,,2,half_space_left,2,middle_third,False,41.27,-21.06,5,wide_right,3,attacking_third,False,,25.78,,76.7,,23.56,,40.91
367,1986691,51925,51935,85:13.5,85:14.5,40,13,1.0,2,1,2902,left_to_right,Western Sydney,1,True,False,False,chaotic,5,chaotic,5,-41.79,21.31,1,wide_left,1,defensive_third,False,-38.72,26.92,1,wide_left,1,defensive_third,False,23.79,25.95,40.89,40.31,25.92,27.0,77.35,81.88
368,1986691,52520,52549,86:13.0,86:15.9,41,13,2.9,2,2,4177,right_to_left,Auckland FC,1,True,False,False,set_play,7,defending_set_play,13,41.46,-31.12,5,wide_right,3,attacking_third,False,49.38,-1.61,3,center,3,attacking_third,True,40.92,34.24,71.02,73.35,24.3,16.11,19.2,15.58
369,1986691,52549,52732,86:15.9,86:34.2,41,15,18.3,2,1,2902,left_to_right,Western Sydney,4,False,False,False,build_up,0,high_block,10,-49.6,1.28,3,center,1,defensive_third,False,-33.37,25.9,1,wide_left,1,defensive_third,False,15.8,52.08,15.46,49.17,33.95,42.85,73.61,65.22
370,1986691,52732,52769,86:34.2,86:37.9,41,34,3.7,2,1,2902,left_to_right,Western Sydney,1,True,False,False,direct,6,defending_direct,15,-33.68,25.67,1,wide_left,1,defensive_third,False,1.31,30.96,1,wide_left,2,middle_third,False,52.08,40.5,49.2,52.8,42.7,40.54,65.41,61.54
371,1986691,52769,52848,86:37.9,86:45.8,41,37,7.9,2,2,4177,right_to_left,Auckland FC,4,False,False,False,create,1,medium_block,9,-1.52,-30.98,5,wide_right,2,middle_third,False,17.23,-27.8,5,wide_right,2,middle_third,False,40.51,37.03,61.41,58.42,40.19,29.57,52.82,50.46
372,1986691,52848,52878,86:45.8,86:48.8,41,45,3.0,2,2,4177,right_to_left,Auckland FC,3,False,False,False,finish,2,low_block,8,17.28,-28.08,5,wide_right,2,middle_third,False,6.68,-18.32,4,half_space_right,2,middle_third,False,37.11,42.49,58.6,61.54,29.78,33.46,50.35,44.32
373,1986691,52878,53049,86:48.8,87:05.9,41,48,17.1,2,2,4177,right_to_left,Auckland FC,5,True,False,False,create,1,medium_block,9,5.9,-18.32,4,half_space_right,2,middle_third,False,24.39,-7.47,3,center,3,attacking_third,False,42.63,56.15,61.49,62.45,33.36,31.35,44.04,41.53
374,1986691,53049,53114,87:05.9,87:12.4,42,5,6.5,2,1,2902,left_to_right,Western Sydney,4,False,False,False,build_up,0,high_block,10,-24.55,7.66,3,center,1,defensive_third,False,-20.13,25.35,1,wide_left,1,defensive_third,False,30.98,41.4,41.43,47.23,55.89,40.44,62.68,59.34
375,1986691,53114,53126,87:12.4,87:13.6,42,12,1.2,2,1,2902,left_to_right,Western Sydney,1,False,False,False,create,1,medium_block,9,-19.46,24.35,1,wide_left,1,defensive_third,False,-19.2,22.05,1,wide_left,1,defensive_third,False,41.49,42.72,47.34,47.9,40.51,41.19,59.14,56.69
376,1986691,53126,53193,87:13.6,87:20.3,42,13,6.7,2,1,2902,left_to_right,Western Sydney,3,False,False,False,build_up,0,high_block,10,-20.11,22.47,1,wide_left,1,defensive_third,False,-20.04,-9.73,4,half_space_right,1,defensive_third,False,42.85,55.88,47.92,48.89,41.19,38.61,56.56,57.45
377,1986691,53193,53295,87:20.3,87:30.5,42,20,10.2,2,1,2902,left_to_right,Western Sydney,4,True,False,False,create,1,medium_block,9,-19.74,-10.01,4,half_space_right,1,defensive_third,False,23.69,-19.26,4,half_space_right,3,attacking_third,False,55.97,50.33,48.85,57.16,38.5,28.98,57.09,43.36
378,1986691,53295,53352,87:30.5,87:36.2,42,30,5.7,2,2,4177,right_to_left,Auckland FC,1,True,False,False,chaotic,5,chaotic,5,-23.87,19.3,2,half_space_left,1,defensive_third,False,-21.68,32.79,1,wide_left,1,defensive_third,False,29.14,35.28,43.41,44.25,50.14,39.86,57.33,69.23
379,1986691,53496,53512,87:50.6,87:52.2,42,50,1.6,2,1,2902,left_to_right,Western Sydney,1,False,False,False,create,1,medium_block,9,,,2,half_space_left,2,middle_third,False,,,2,half_space_left,2,middle_third,False,,,,,,,,
380,1986691,53512,53546,87:52.2,87:55.6,42,52,3.4,2,1,2902,left_to_right,Western Sydney,2,False,False,False,finish,2,low_block,8,7.51,1.89,3,center,2,middle_third,False,5.51,-19.37,4,half_space_right,2,middle_third,False,47.13,56.63,61.0,58.73,37.72,39.45,36.75,39.13
381,1986691,53546,53607,87:55.6,88:01.7,42,55,6.1,2,1,2902,left_to_right,Western Sydney,3,False,False,False,create,1,medium_block,9,4.49,-18.9,4,half_space_right,2,middle_third,False,-19.5,-13.97,4,half_space_right,1,defensive_third,False,56.79,62.75,58.72,55.31,39.59,41.5,39.03,50.09
382,1986691,53607,53767,88:01.7,88:17.7,43,1,16.0,2,1,2902,left_to_right,Western Sydney,4,False,False,False,build_up,0,high_block,10,-20.29,-13.41,4,half_space_right,1,defensive_third,False,-20.11,2.52,3,center,1,defensive_third,False,62.72,64.65,55.2,40.84,41.44,41.66,50.29,56.83
383,1986691,53767,53770,88:17.7,88:18.0,43,17,0.3,2,1,2902,left_to_right,Western Sydney,1,False,False,False,create,1,medium_block,9,-19.78,2.5,3,center,1,defensive_third,False,-19.65,2.51,3,center,1,defensive_third,False,64.52,64.25,41.02,41.44,41.64,41.58,56.76,56.63
384,1986691,53770,53818,88:18.0,88:22.8,43,18,4.8,2,1,2902,left_to_right,Western Sydney,3,False,False,False,build_up,0,high_block,10,-20.05,2.58,3,center,1,defensive_third,False,-20.82,26.12,1,wide_left,1,defensive_third,False,64.11,53.73,41.64,48.98,41.56,43.12,56.57,64.85
385,1986691,53818,53826,88:22.8,88:23.6,43,22,0.8,2,1,2902,left_to_right,Western Sydney,0,True,False,False,create,1,medium_block,9,-19.13,25.7,1,wide_left,1,defensive_third,False,-9.87,23.22,1,wide_left,2,middle_third,False,53.15,48.7,49.17,49.85,42.98,41.19,64.32,60.93
386,1986691,53826,53862,88:23.6,88:27.2,43,23,3.6,2,2,4177,right_to_left,Auckland FC,2,True,False,False,chaotic,5,chaotic,5,9.68,-23.14,5,wide_right,2,middle_third,False,25.41,-12.56,4,half_space_right,3,attacking_third,False,40.82,29.75,60.78,62.31,47.98,31.89,49.87,48.73
387,1986691,53862,53886,88:27.2,88:29.6,43,27,2.4,2,1,2902,left_to_right,Western Sydney,1,True,False,False,chaotic,5,chaotic,5,-25.47,12.01,2,half_space_left,1,defensive_third,False,5.66,8.36,3,center,2,middle_third,False,31.94,29.27,48.73,52.35,29.74,28.88,62.23,60.14
388,1986691,54083,54117,88:49.3,88:52.7,43,49,3.4,2,2,4177,right_to_left,Auckland FC,3,False,False,False,create,1,medium_block,9,,,2,half_space_left,2,middle_third,False,12.55,-29.42,5,wide_right,2,middle_third,False,,54.98,,59.3,,34.13,,39.01
389,1986691,54117,54148,88:52.7,88:55.8,43,52,3.1,2,2,4177,right_to_left,Auckland FC,2,True,False,False,finish,2,low_block,8,12.81,-29.73,5,wide_right,2,middle_third,False,18.35,-17.67,4,half_space_right,3,attacking_third,False,54.8,51.65,59.43,61.63,34.09,32.96,38.9,34.88
390,1986691,54148,54199,88:55.8,89:00.9,43,55,5.1,2,1,2902,left_to_right,Western Sydney,2,False,False,False,create,1,medium_block,9,-18.15,17.74,2,half_space_left,1,defensive_third,False,-19.87,26.64,1,wide_left,1,defensive_third,False,32.94,42.85,34.82,49.36,51.57,47.75,61.61,54.46
391,1986691,54199,54277,89:00.9,89:08.7,44,0,7.8,2,1,2902,left_to_right,Western Sydney,2,False,False,False,build_up,0,high_block,10,-20.78,26.15,1,wide_left,1,defensive_third,False,-20.15,1.79,3,center,1,defensive_third,False,42.99,58.12,49.55,46.76,47.38,40.68,54.48,56.79
392,1986691,54277,54301,89:08.7,89:11.1,44,8,2.4,2,1,2902,left_to_right,Western Sydney,1,False,False,False,create,1,medium_block,9,-19.73,1.5,3,center,1,defensive_third,False,-19.99,-13.31,4,half_space_right,1,defensive_third,False,58.14,58.74,46.8,46.46,40.44,38.0,56.42,51.07
393,1986691,54301,54391,89:11.1,89:20.1,44,11,9.0,2,1,2902,left_to_right,Western Sydney,4,False,False,False,build_up,0,high_block,10,-20.19,-13.89,4,half_space_right,1,defensive_third,False,-20.03,29.3,1,wide_left,1,defensive_third,False,58.83,54.51,46.42,54.47,38.11,46.89,51.18,59.36
394,1986691,54391,54457,89:20.1,89:26.7,44,20,6.6,2,1,2902,left_to_right,Western Sydney,3,True,False,False,create,1,medium_block,9,-19.95,28.95,1,wide_left,1,defensive_third,False,9.01,33.98,1,wide_left,2,middle_third,False,54.12,40.15,54.64,57.58,46.86,42.28,59.43,53.17
395,1986691,54856,55035,90:06.6,90:24.5,45,6,17.9,2,2,4177,right_to_left,Auckland FC,7,False,False,False,create,1,medium_block,9,,,2,half_space_left,2,middle_third,False,16.56,23.11,1,wide_left,2,middle_third,False,,55.31,,58.39,,43.57,,47.46
396,1986691,55392,55444,91:00.2,91:05.4,46,0,5.2,2,2,4177,right_to_left,Auckland FC,2,True,False,True,set_play,7,defending_set_play,13,16.03,27.8,1,wide_left,2,middle_third,False,52.96,2.0,3,center,3,attacking_third,False,38.67,31.78,59.72,72.39,27.16,24.47,25.2,23.24
397,1986691,55647,55667,91:25.7,91:27.7,46,25,2.0,2,1,2902,left_to_right,Western Sydney,1,True,False,False,create,1,medium_block,9,,,2,half_space_left,2,middle_third,False,-4.48,-15.92,4,half_space_right,2,middle_third,False,,44.48,,49.21,,45.56,,59.02
398,1986691,55667,55701,91:27.7,91:31.1,46,27,3.4,2,2,4177,right_to_left,Auckland FC,1,True,False,False,chaotic,5,chaotic,5,4.54,15.63,2,half_space_left,2,middle_third,False,12.7,10.48,2,half_space_left,2,middle_third,False,45.73,47.93,58.81,59.95,43.79,30.01,49.13,47.14
399,1986691,55701,55764,91:31.1,91:37.4,46,31,6.3,2,1,2902,left_to_right,Western Sydney,1,False,False,False,create,1,medium_block,9,-12.92,-10.45,4,half_space_right,2,middle_third,False,18.77,-4.01,3,center,3,attacking_third,False,29.69,25.69,47.13,66.67,47.93,36.0,60.15,57.5
400,1986691,56700,56714,93:11.0,93:12.4,48,11,1.4,2,1,2902,left_to_right,Western Sydney,1,True,False,False,set_play,7,defending_set_play,13,21.38,-7.42,3,center,3,attacking_third,False,47.48,-1.67,3,center,3,attacking_third,True,34.2,26.86,61.32,68.19,27.22,26.55,21.57,21.46
401,1986691,56714,56830,93:12.4,93:24.0,48,12,11.6,2,2,4177,right_to_left,Auckland FC,1,False,False,False,build_up,0,high_block,10,-48.5,1.46,3,center,1,defensive_third,False,-33.75,-6.75,3,center,1,defensive_third,False,26.52,31.57,21.41,48.01,26.14,25.37,68.52,66.58
402,1986691,56830,56867,93:24.0,93:27.7,48,24,3.7,2,2,4177,right_to_left,Auckland FC,1,False,False,False,direct,6,defending_direct,15,-32.69,-7.04,3,center,1,defensive_third,False,24.97,-2.17,3,center,3,attacking_third,False,31.58,27.24,47.77,64.25,25.28,23.47,66.94,68.95
403,1986691,56867,56943,93:27.7,93:35.3,48,27,7.6,2,2,4177,right_to_left,Auckland FC,4,False,False,False,finish,2,low_block,8,25.07,-2.03,3,center,3,attacking_third,False,-13.65,2.17,3,center,2,middle_third,False,26.91,20.43,64.63,49.31,23.38,32.3,68.82,62.22
404,1986691,56943,56966,93:35.3,93:37.6,48,35,2.3,2,2,4177,right_to_left,Auckland FC,2,False,False,False,create,1,medium_block,9,13.61,-2.56,3,center,2,middle_third,False,4.94,-13.27,4,half_space_right,2,middle_third,False,32.33,38.26,62.03,58.22,20.46,24.67,49.13,45.06
405,1986691,56966,56992,93:37.6,93:40.2,48,37,2.6,2,2,4177,right_to_left,Auckland FC,2,True,False,False,finish,2,low_block,8,5.15,-13.3,4,half_space_right,2,middle_third,False,23.32,-28.21,5,wide_right,3,attacking_third,False,38.89,46.57,57.99,64.41,25.27,39.39,44.96,43.01
406,1986691,57178,57202,93:58.8,94:01.2,48,58,2.4,2,1,2902,left_to_right,Western Sydney,1,True,False,False,chaotic,5,chaotic,5,-26.39,32.73,1,wide_left,1,defensive_third,False,-15.14,26.19,1,wide_left,2,middle_third,False,42.36,39.55,44.07,46.24,38.71,29.2,59.25,57.86
407,1986691,57202,57221,94:01.2,94:03.1,49,1,1.9,2,2,4177,right_to_left,Auckland FC,2,False,False,False,finish,2,low_block,8,15.22,-26.06,5,wide_right,2,middle_third,False,7.34,-24.8,5,wide_right,2,middle_third,False,29.16,30.77,57.87,58.41,39.4,35.26,46.34,45.95
408,1986691,57221,57256,94:03.1,94:06.6,49,3,3.5,2,2,4177,right_to_left,Auckland FC,2,False,False,False,create,1,medium_block,9,7.07,-24.88,5,wide_right,2,middle_third,False,-19.31,-22.27,5,wide_right,1,defensive_third,False,30.95,38.46,58.37,56.38,35.03,33.37,45.92,55.89
409,1986691,57256,57307,94:06.6,94:11.7,49,6,5.1,2,2,4177,right_to_left,Auckland FC,1,False,False,False,build_up,0,high_block,10,-20.63,-21.14,5,wide_right,1,defensive_third,False,-20.8,14.25,2,half_space_left,1,defensive_third,False,38.74,56.26,56.28,46.58,33.35,40.42,56.52,71.25
410,1986691,57307,57352,94:11.7,94:16.2,49,11,4.5,2,2,4177,right_to_left,Auckland FC,1,False,False,False,create,1,medium_block,9,-19.45,15.47,2,half_space_left,1,defensive_third,False,-11.36,29.08,1,wide_left,2,middle_third,False,56.63,55.87,46.65,49.48,40.64,45.76,71.07,63.87
411,1986691,57352,57387,94:16.2,94:19.7,49,16,3.5,2,2,4177,right_to_left,Auckland FC,1,True,False,False,direct,6,defending_direct,15,-10.91,29.02,1,wide_left,2,middle_third,False,26.51,12.63,2,half_space_left,3,attacking_third,False,55.79,47.3,49.63,64.98,45.47,34.78,63.68,62.13
412,1986691,57387,57464,94:19.7,94:27.4,49,19,7.7,2,1,2902,left_to_right,Western Sydney,2,True,False,False,chaotic,5,chaotic,5,-26.78,-12.24,4,half_space_right,1,defensive_third,False,-18.01,5.32,3,center,1,defensive_third,False,34.53,24.23,62.08,49.88,46.89,38.48,65.34,59.37
413,1986691,57464,57537,94:27.4,94:34.7,49,27,7.3,2,2,4177,right_to_left,Auckland FC,5,False,True,True,finish,2,low_block,8,18.09,-5.35,3,center,3,attacking_third,False,52.28,-1.86,3,center,3,attacking_third,True,38.46,29.82,59.39,80.42,24.18,19.59,49.73,46.2
414,1986691,58304,58497,95:51.4,96:10.7,50,51,19.3,2,1,2902,left_to_right,Western Sydney,1,False,False,False,create,1,medium_block,9,0.16,1.59,3,center,2,middle_third,False,-5.38,-2.39,3,center,2,middle_third,False,45.57,48.3,45.4,48.43,33.98,42.32,45.73,49.96
415,1986691,58497,58522,96:10.7,96:13.2,51,10,2.5,2,1,2902,left_to_right,Western Sydney,1,True,False,False,direct,6,defending_direct,15,-4.4,-2.97,3,center,2,middle_third,False,28.5,-12.44,4,half_space_right,3,attacking_third,False,48.19,41.75,48.55,61.4,42.29,36.41,50.05,49.31
416,1986691,58522,58535,96:13.2,96:14.5,51,13,1.3,2,2,4177,right_to_left,Auckland FC,1,True,False,False,chaotic,5,chaotic,5,-28.87,12.56,2,half_space_left,1,defensive_third,False,-18.16,11.41,2,half_space_left,1,defensive_third,False,36.02,30.2,49.05,46.82,41.44,38.37,61.95,65.56
417,1986691,58535,58597,96:14.5,96:20.7,51,14,6.2,2,1,2902,left_to_right,Western Sydney,3,True,False,False,finish,2,low_block,8,17.84,-11.59,4,half_space_right,3,attacking_third,False,38.54,-33.71,5,wide_right,3,attacking_third,False,38.18,41.73,65.61,69.65,29.82,36.86,46.62,31.59
418,1986691,58597,58776,96:20.7,96:38.6,51,20,17.9,2,2,4177,right_to_left,Auckland FC,3,False,False,False,transition,4,defending_transition,11,-38.89,33.6,1,wide_left,1,defensive_third,False,33.6,28.78,1,wide_left,3,attacking_third,False,37.03,37.15,31.7,73.45,41.72,26.84,69.64,47.6
419,1986691,58776,58944,96:38.6,96:55.4,51,38,16.8,2,2,4177,right_to_left,Auckland FC,8,False,False,False,finish,2,low_block,8,33.35,28.85,1,wide_left,3,attacking_third,False,39.62,31.72,1,wide_left,3,attacking_third,False,37.28,37.4,73.18,70.68,27.07,32.46,47.44,34.24
