index,match_id,frame_start,frame_end,time_start,time_end,minute_start,second_start,duration,period,attacking_side_id,team_in_possession_id,attacking_side,team_in_possession_shortname,n_player_possessions_in_phase,team_possession_loss_in_phase,team_possession_lead_to_goal,team_possession_lead_to_shot,team_in_possession_phase_type,team_in_possession_phase_type_id,team_out_of_possession_phase_type,team_out_of_possession_phase_type_id,x_start,y_start,channel_id_start,channel_start,third_id_start,third_start,penalty_area_start,x_end,y_end,channel_id_end,channel_end,third_id_end,third_end,penalty_area_end,team_in_possession_width_start,team_in_possession_width_end,team_in_possession_length_start,team_in_possession_length_end,team_out_of_possession_width_start,team_out_of_possession_width_end,team_out_of_possession_length_start,team_out_of_possession_length_end
0,2017461,2511,2539,00:00.1,00:02.9,0,0,2.8,1,1,868,left_to_right,Melbourne V FC,2,False,False,False,create,1,medium_block,9,-1.41,0.01,3,center,2,middle_third,False,-18.32,-2.08,3,center,1,defensive_third,False,40.59,42.09,42.74,52.59,34.63,31.77,41.37,54.43
1,2017461,2539,2571,00:02.9,00:06.1,0,2,3.2,1,1,868,left_to_right,Melbourne V FC,2,True,False,False,direct,6,defending_direct,15,-17.75,-1.97,3,center,1,defensive_third,False,30.0,11.36,2,half_space_left,3,attacking_third,False,42.03,35.72,53.0,64.59,31.78,27.74,54.72,56.57
2,2017461,2571,2590,00:06.1,00:08.0,0,6,1.9,1,2,4177,right_to_left,Auckland FC,1,True,False,False,chaotic,5,chaotic,5,-30.61,-11.52,4,half_space_right,1,defensive_third,False,-14.48,-17.8,4,half_space_right,2,middle_third,False,27.6,23.9,56.54,53.97,35.39,32.69,64.68,62.64
3,2017461,2590,2679,00:08.0,00:16.9,0,8,8.9,1,1,868,left_to_right,Melbourne V FC,3,False,False,True,finish,2,low_block,8,14.25,18.02,2,half_space_left,2,middle_third,False,54.72,13.19,2,half_space_left,3,attacking_third,False,32.63,29.0,62.34,82.6,23.97,22.42,53.7,24.08
4,2017461,2855,2901,00:34.5,00:39.1,0,34,4.6,1,1,868,left_to_right,Melbourne V FC,2,False,False,False,set_play,7,defending_set_play,13,37.91,23.43,1,wide_left,3,attacking_third,False,5.53,29.62,1,wide_left,2,middle_third,False,52.17,42.25,72.37,66.13,39.17,36.9,36.67,43.9
5,2017461,2901,2943,00:39.1,00:43.3,0,39,4.2,1,1,868,left_to_right,Melbourne V FC,1,False,False,False,create,1,medium_block,9,4.94,29.76,1,wide_left,2,middle_third,False,-19.31,22.39,1,wide_left,1,defensive_third,False,42.09,40.33,66.03,58.25,36.82,33.39,43.98,50.85
6,2017461,2943,2985,00:43.3,00:47.5,0,43,4.2,1,1,868,left_to_right,Melbourne V FC,1,False,False,False,build_up,0,high_block,10,-20.23,21.58,1,wide_left,1,defensive_third,False,-32.46,6.79,3,center,1,defensive_third,False,40.56,47.47,58.04,49.56,33.41,27.56,51.34,59.7
7,2017461,2985,3013,00:47.5,00:50.3,0,47,2.8,1,1,868,left_to_right,Melbourne V FC,1,True,False,False,direct,6,defending_direct,15,-30.97,6.73,3,center,1,defensive_third,False,6.77,5.66,3,center,2,middle_third,False,47.35,40.94,49.56,50.97,27.25,24.33,60.02,60.32
8,2017461,3013,3061,00:50.3,00:55.1,0,50,4.8,1,2,4177,right_to_left,Auckland FC,1,True,False,False,chaotic,5,chaotic,5,-7.89,-5.69,3,center,2,middle_third,False,5.26,-20.32,5,wide_right,2,middle_third,False,23.94,27.64,60.14,49.74,40.7,37.05,50.94,59.19
9,2017461,3061,3139,00:55.1,01:02.9,0,55,7.8,1,1,868,left_to_right,Melbourne V FC,3,False,False,False,create,1,medium_block,9,-5.76,20.57,1,wide_left,2,middle_third,False,-20.03,-6.57,3,center,1,defensive_third,False,37.33,56.49,59.12,48.48,27.65,30.58,49.44,48.48
10,2017461,3139,3183,01:02.9,01:07.3,1,2,4.4,1,1,868,left_to_right,Melbourne V FC,1,True,False,False,direct,6,defending_direct,15,-19.41,-6.1,3,center,1,defensive_third,False,13.82,18.89,2,half_space_left,2,middle_third,False,56.35,37.17,48.74,55.94,30.47,33.66,48.41,50.3
11,2017461,3183,3204,01:07.3,01:09.4,1,7,2.1,1,2,4177,right_to_left,Auckland FC,1,True,False,False,chaotic,5,chaotic,5,-13.46,-18.87,4,half_space_right,2,middle_third,False,-7.66,-12.1,4,half_space_right,2,middle_third,False,33.76,33.3,50.19,47.89,36.51,28.99,55.98,55.84
12,2017461,3204,3230,01:09.4,01:12.0,1,9,2.6,1,1,868,left_to_right,Melbourne V FC,2,False,False,False,create,1,medium_block,9,7.52,12.37,2,half_space_left,2,middle_third,False,16.66,24.52,1,wide_left,2,middle_third,False,29.25,32.66,55.78,56.26,33.05,29.37,47.73,40.37
13,2017461,3230,3268,01:12.0,01:15.8,1,12,3.8,1,1,868,left_to_right,Melbourne V FC,1,True,False,False,finish,2,low_block,8,17.23,24.65,1,wide_left,2,middle_third,False,31.57,12.41,2,half_space_left,3,attacking_third,False,32.5,27.63,56.42,66.3,29.41,21.79,40.09,32.03
14,2017461,3268,3420,01:15.8,01:31.0,1,15,15.2,1,2,4177,right_to_left,Auckland FC,4,True,False,False,transition,4,defending_transition,11,-31.61,-12.08,4,half_space_right,1,defensive_third,False,46.3,2.6,3,center,3,attacking_third,True,21.61,31.87,31.89,80.39,27.67,37.47,66.29,46.57
15,2017461,3420,3510,01:31.0,01:40.0,1,31,9.0,1,1,868,left_to_right,Melbourne V FC,1,False,False,False,build_up,0,high_block,10,-46.26,-1.0,3,center,1,defensive_third,False,-20.12,32.57,1,wide_left,1,defensive_third,False,36.98,48.6,46.33,39.49,31.72,35.36,80.55,67.34
16,2017461,3510,3653,01:40.0,01:54.3,1,40,14.3,1,1,868,left_to_right,Melbourne V FC,6,False,False,False,create,1,medium_block,9,-19.79,32.55,1,wide_left,1,defensive_third,False,-20.69,26.18,1,wide_left,1,defensive_third,False,48.56,58.11,39.69,48.46,35.47,36.77,67.19,57.16
17,2017461,3785,3823,02:07.5,02:11.3,2,7,3.8,1,1,868,left_to_right,Melbourne V FC,2,False,False,False,create,1,medium_block,9,,,2,half_space_left,2,middle_third,False,-19.93,-25.77,5,wide_right,1,defensive_third,False,,53.53,,46.34,,34.82,,54.14
18,2017461,3823,3869,02:11.3,02:15.9,2,11,4.6,1,1,868,left_to_right,Melbourne V FC,2,False,False,False,build_up,0,high_block,10,-20.11,-25.69,5,wide_right,1,defensive_third,False,-46.39,-6.61,3,center,1,defensive_third,False,53.58,59.43,46.43,48.28,34.73,39.9,54.3,75.34
19,2017461,3869,3905,02:15.9,02:19.5,2,15,3.6,1,1,868,left_to_right,Melbourne V FC,1,True,False,False,direct,6,defending_direct,15,-46.39,-6.41,3,center,1,defensive_third,False,1.88,3.43,3,center,2,middle_third,False,59.25,48.31,47.97,50.5,39.9,31.68,75.59,71.21
20,2017461,3905,4080,02:19.5,02:37.0,2,19,17.5,1,2,4177,right_to_left,Auckland FC,5,True,False,False,create,1,medium_block,9,-2.22,-3.46,3,center,2,middle_third,False,0.35,17.35,2,half_space_left,2,middle_third,False,31.43,62.42,70.96,54.92,47.96,33.2,50.41,47.11
21,2017461,4261,4274,02:55.1,02:56.4,2,55,1.3,1,1,868,left_to_right,Melbourne V FC,1,True,False,False,chaotic,5,chaotic,5,-38.77,-34.2,5,wide_right,1,defensive_third,False,-26.51,-28.96,5,wide_right,1,defensive_third,False,38.53,35.84,33.52,33.12,24.9,23.97,67.78,65.43
22,2017461,4274,4287,02:56.4,02:57.7,2,56,1.3,1,2,4177,right_to_left,Auckland FC,1,True,False,False,chaotic,5,chaotic,5,25.85,28.37,1,wide_left,3,attacking_third,False,32.69,22.19,1,wide_left,3,attacking_third,False,23.84,22.69,65.21,62.64,35.51,33.63,33.07,33.36
23,2017461,4287,4304,02:57.7,02:59.4,2,57,1.7,1,1,868,left_to_right,Melbourne V FC,1,True,False,False,chaotic,5,chaotic,5,-32.68,-21.97,5,wide_right,1,defensive_third,False,-18.3,-25.89,5,wide_right,1,defensive_third,False,33.63,33.5,33.51,33.19,22.59,22.22,62.46,62.26
24,2017461,4304,4362,02:59.4,03:05.2,2,59,5.8,1,2,4177,right_to_left,Auckland FC,3,True,False,False,chaotic,5,chaotic,5,18.41,26.09,1,wide_left,3,attacking_third,False,11.71,21.78,1,wide_left,2,middle_third,False,22.22,23.73,62.16,55.96,33.45,29.78,32.97,40.12
25,2017461,4362,4424,03:05.2,03:11.4,3,5,6.2,1,1,868,left_to_right,Melbourne V FC,1,True,False,False,chaotic,5,chaotic,5,-11.63,-22.02,5,wide_right,2,middle_third,False,-16.83,-35.06,5,wide_right,2,middle_third,False,29.66,36.8,40.2,45.12,23.62,24.41,55.98,55.13
26,2017461,4573,4590,03:26.3,03:28.0,3,26,1.7,1,2,4177,right_to_left,Auckland FC,2,True,False,False,chaotic,5,chaotic,5,24.85,32.49,1,wide_left,3,attacking_third,False,33.7,29.2,1,wide_left,3,attacking_third,False,27.98,27.75,62.47,63.51,29.49,28.88,38.46,36.21
27,2017461,4590,4638,03:28.0,03:32.8,3,28,4.8,1,1,868,left_to_right,Melbourne V FC,1,True,False,False,transition,4,defending_transition,11,-33.34,-29.11,5,wide_right,1,defensive_third,False,13.25,-33.16,5,wide_right,2,middle_third,False,28.9,32.97,36.23,46.21,27.78,32.77,63.48,57.97
28,2017461,4638,4826,03:32.8,03:51.6,3,32,18.8,1,2,4177,right_to_left,Auckland FC,4,False,False,False,create,1,medium_block,9,-13.74,33.13,1,wide_left,2,middle_third,False,-22.59,-9.84,4,half_space_right,1,defensive_third,False,33.02,59.81,58.12,47.79,33.07,36.16,46.76,50.57
29,2017461,4826,4855,03:51.6,03:54.5,3,51,2.9,1,2,4177,right_to_left,Auckland FC,1,True,False,False,direct,6,defending_direct,15,-22.32,-9.9,4,half_space_right,1,defensive_third,False,16.21,-22.12,5,wide_right,2,middle_third,False,59.51,49.94,47.89,57.21,36.14,37.69,50.65,53.22
30,2017461,4855,4936,03:54.5,04:02.6,3,54,8.1,1,1,868,left_to_right,Melbourne V FC,3,False,False,False,create,1,medium_block,9,-16.79,22.3,1,wide_left,2,middle_third,False,8.58,-2.5,3,center,2,middle_third,False,37.94,35.77,53.31,55.68,49.81,26.75,57.51,51.58
31,2017461,5320,5358,04:41.0,04:44.8,4,41,3.8,1,1,868,left_to_right,Melbourne V FC,3,False,False,False,create,1,medium_block,9,-0.41,10.44,2,half_space_left,2,middle_third,False,14.35,32.89,1,wide_left,2,middle_third,False,51.15,50.13,57.66,58.67,31.37,34.87,38.12,34.74
32,2017461,5358,5379,04:44.8,04:46.9,4,44,2.1,1,1,868,left_to_right,Melbourne V FC,1,False,False,False,finish,2,low_block,8,14.54,32.89,1,wide_left,2,middle_third,False,16.36,34.97,1,wide_left,2,middle_third,False,49.93,45.46,58.68,59.53,34.68,34.01,34.56,34.89
33,2017461,5416,5540,04:50.6,05:03.0,4,50,12.4,1,1,868,left_to_right,Melbourne V FC,4,True,False,False,create,1,medium_block,9,9.2,31.27,1,wide_left,2,middle_third,False,10.2,-21.61,5,wide_right,2,middle_third,False,38.92,47.74,60.91,55.63,32.76,35.39,35.91,51.43
34,2017461,5540,5549,05:03.0,05:03.9,5,3,0.9,1,2,4177,right_to_left,Auckland FC,0,False,False,False,create,1,medium_block,9,-11.42,21.16,1,wide_left,2,middle_third,False,-19.37,18.8,2,half_space_left,1,defensive_third,False,35.29,34.4,51.5,52.09,47.43,45.33,55.67,57.83
35,2017461,5549,5604,05:03.9,05:09.4,5,3,5.5,1,2,4177,right_to_left,Auckland FC,2,False,False,False,build_up,0,high_block,10,-20.23,18.61,2,half_space_left,1,defensive_third,False,-45.0,-6.9,3,center,1,defensive_third,False,34.28,44.69,52.18,49.33,45.08,36.51,58.08,73.31
36,2017461,5604,5622,05:09.4,05:11.2,5,9,1.8,1,2,4177,right_to_left,Auckland FC,1,True,False,False,direct,6,defending_direct,15,-44.67,-7.29,3,center,1,defensive_third,False,-10.33,-10.3,4,half_space_right,2,middle_third,False,44.96,45.66,49.2,49.51,36.38,33.54,73.33,70.58
37,2017461,5622,5707,05:11.2,05:19.7,5,11,8.5,1,1,868,left_to_right,Melbourne V FC,3,True,False,False,create,1,medium_block,9,8.41,10.01,2,half_space_left,2,middle_third,False,14.02,13.21,2,half_space_left,2,middle_third,False,33.54,46.5,70.33,55.9,45.47,32.19,49.66,35.72
38,2017461,5707,5737,05:19.7,05:22.7,5,19,3.0,1,2,4177,right_to_left,Auckland FC,1,True,False,False,chaotic,5,chaotic,5,-14.14,-13.05,4,half_space_right,2,middle_third,False,-2.07,-18.84,4,half_space_right,2,middle_third,False,32.26,35.95,35.66,43.95,46.2,41.46,55.88,53.2
39,2017461,5870,6070,05:36.0,05:56.0,5,36,20.0,1,1,868,left_to_right,Melbourne V FC,8,False,False,True,set_play,7,defending_set_play,13,,,2,half_space_left,2,middle_third,False,35.89,28.64,1,wide_left,3,attacking_third,False,,35.17,,64.16,,28.14,,32.07
40,2017461,6070,6197,05:56.0,06:08.7,5,56,12.7,1,1,868,left_to_right,Melbourne V FC,5,False,False,False,finish,2,low_block,8,36.04,28.73,1,wide_left,3,attacking_third,False,32.82,24.86,1,wide_left,3,attacking_third,False,34.96,34.33,64.33,62.97,28.36,28.87,31.92,24.31
41,2017461,6274,6465,06:16.4,06:35.5,6,16,19.1,1,1,868,left_to_right,Melbourne V FC,4,False,False,False,finish,2,low_block,8,28.92,31.49,1,wide_left,3,attacking_third,False,-25.32,-33.61,5,wide_right,1,defensive_third,False,32.01,38.51,61.21,29.78,26.42,37.55,26.19,67.18
42,2017461,6465,6489,06:35.5,06:37.9,6,35,2.4,1,1,868,left_to_right,Melbourne V FC,1,False,False,False,chaotic,5,chaotic,5,24.84,33.12,1,wide_left,3,attacking_third,False,25.13,33.37,1,wide_left,3,attacking_third,False,37.81,39.18,67.07,64.4,38.73,38.95,30.09,32.21
43,2017461,6507,6799,06:39.7,07:08.9,6,39,29.2,1,1,868,left_to_right,Melbourne V FC,13,True,False,True,finish,2,low_block,8,28.78,31.19,1,wide_left,3,attacking_third,False,31.14,19.35,2,half_space_left,3,attacking_third,False,37.42,43.39,63.63,60.13,34.09,24.73,30.16,34.6
44,2017461,6799,6823,07:08.9,07:11.3,7,8,2.4,1,2,4177,right_to_left,Auckland FC,1,True,False,False,chaotic,5,chaotic,5,-31.18,-19.44,4,half_space_right,1,defensive_third,False,-6.88,-16.26,4,half_space_right,2,middle_third,False,24.68,26.89,34.68,37.4,43.28,40.08,60.31,61.26
45,2017461,6823,6862,07:11.3,07:15.2,7,11,3.9,1,1,868,left_to_right,Melbourne V FC,2,False,False,True,create,1,medium_block,9,6.41,16.01,2,half_space_left,2,middle_third,False,17.93,21.19,1,wide_left,3,attacking_third,False,39.99,35.8,61.16,56.6,27.06,30.22,37.26,32.09
46,2017461,6862,7079,07:15.2,07:36.9,7,15,21.7,1,1,868,left_to_right,Melbourne V FC,6,False,False,True,finish,2,low_block,8,18.46,21.79,1,wide_left,3,attacking_third,False,45.05,0.41,3,center,3,attacking_third,True,35.78,25.77,56.57,70.29,30.34,25.67,32.06,20.62
47,2017461,7384,7441,08:07.4,08:13.1,8,7,5.7,1,1,868,left_to_right,Melbourne V FC,3,True,False,False,set_play,7,defending_set_play,13,51.04,-30.63,5,wide_right,3,attacking_third,False,44.34,-18.04,4,half_space_right,3,attacking_third,True,36.37,33.25,72.0,68.33,17.17,21.64,21.27,33.56
48,2017461,7441,7531,08:13.1,08:22.1,8,13,9.0,1,2,4177,right_to_left,Auckland FC,2,True,False,False,transition,4,defending_transition,11,-44.73,17.88,2,half_space_left,1,defensive_third,False,4.03,18.74,2,half_space_left,2,middle_third,False,21.66,28.29,33.65,54.5,33.17,27.42,68.32,64.86
49,2017461,7531,7674,08:22.1,08:36.4,8,22,14.3,1,1,868,left_to_right,Melbourne V FC,5,True,False,False,create,1,medium_block,9,-4.74,-18.72,4,half_space_right,2,middle_third,False,2.87,-8.86,3,center,2,middle_third,False,27.47,45.42,64.75,55.63,28.33,29.81,55.14,45.73
50,2017461,7674,7777,08:36.4,08:46.7,8,36,10.3,1,2,4177,right_to_left,Auckland FC,2,False,False,False,transition,4,defending_transition,11,-3.12,8.5,3,center,2,middle_third,False,54.76,26.15,1,wide_left,3,attacking_third,False,29.85,30.2,45.91,84.58,45.7,36.75,55.65,54.02
51,2017461,8116,8126,09:20.6,09:21.6,9,20,1.0,1,2,4177,right_to_left,Auckland FC,1,True,False,False,set_play,7,defending_set_play,13,50.13,30.9,1,wide_left,3,attacking_third,False,48.06,11.26,2,half_space_left,3,attacking_third,True,36.37,37.36,72.12,69.77,21.93,21.86,11.57,13.05
52,2017461,8546,8547,10:03.6,10:03.7,10,3,0.1,1,1,868,left_to_right,Melbourne V FC,1,False,False,False,direct,6,defending_direct,15,-24.26,-8.12,3,center,1,defensive_third,False,-24.26,-8.12,3,center,1,defensive_third,False,27.28,27.28,53.79,53.79,20.79,20.79,44.4,44.4
53,2017461,8547,8613,10:03.7,10:10.3,10,3,6.6,1,1,868,left_to_right,Melbourne V FC,0,True,False,False,create,1,medium_block,9,-22.81,-8.99,3,center,1,defensive_third,False,2.13,-26.13,5,wide_right,2,middle_third,False,27.23,24.14,54.14,51.14,20.66,23.2,44.35,49.69
54,2017461,8613,8693,10:10.3,10:18.3,10,10,8.0,1,2,4177,right_to_left,Auckland FC,3,False,False,False,create,1,medium_block,9,-2.11,26.71,1,wide_left,2,middle_third,False,-19.77,12.97,2,half_space_left,1,defensive_third,False,23.63,31.7,49.78,46.73,24.35,32.06,51.13,54.47
55,2017461,8693,8739,10:18.3,10:22.9,10,18,4.6,1,2,4177,right_to_left,Auckland FC,2,True,False,False,build_up,0,high_block,10,-20.3,12.62,2,half_space_left,1,defensive_third,False,-27.67,-24.2,5,wide_right,1,defensive_third,False,31.88,52.14,46.57,43.79,32.02,36.41,55.03,63.05
56,2017461,8882,8948,10:37.2,10:43.8,10,37,6.6,1,1,868,left_to_right,Melbourne V FC,2,False,False,False,create,1,medium_block,9,16.15,33.51,1,wide_left,2,middle_third,False,-19.74,14.4,2,half_space_left,1,defensive_third,False,46.84,55.9,58.48,52.4,35.23,42.09,31.8,55.48
57,2017461,8948,8977,10:43.8,10:46.7,10,43,2.9,1,1,868,left_to_right,Melbourne V FC,1,False,False,False,build_up,0,high_block,10,-20.48,13.8,2,half_space_left,1,defensive_third,False,-20.11,12.04,2,half_space_left,1,defensive_third,False,56.05,58.0,52.15,44.64,42.15,42.41,55.96,65.33
58,2017461,8977,8979,10:46.7,10:46.9,10,46,0.2,1,1,868,left_to_right,Melbourne V FC,0,True,False,False,create,1,medium_block,9,-18.24,12.98,2,half_space_left,1,defensive_third,False,-16.63,13.95,2,half_space_left,2,middle_third,False,57.83,57.65,44.62,44.63,42.38,42.52,65.19,65.05
59,2017461,9165,9268,11:05.5,11:15.8,11,5,10.3,1,2,4177,right_to_left,Auckland FC,6,False,False,True,create,1,medium_block,9,-1.76,-34.03,5,wide_right,2,middle_third,False,20.38,28.27,1,wide_left,3,attacking_third,False,42.83,51.84,58.5,61.05,32.65,41.19,48.97,49.31
60,2017461,9268,9344,11:15.8,11:23.4,11,15,7.6,1,2,4177,right_to_left,Auckland FC,1,True,False,False,finish,2,low_block,8,20.96,28.62,1,wide_left,3,attacking_third,False,41.05,1.14,3,center,3,attacking_third,True,51.8,39.81,61.3,69.71,41.17,32.73,49.27,43.34
61,2017461,9703,9733,11:59.3,12:02.3,11,59,3.0,1,1,868,left_to_right,Melbourne V FC,1,True,False,False,direct,6,defending_direct,15,-45.26,-6.61,3,center,1,defensive_third,False,2.39,-5.29,3,center,2,middle_third,False,26.12,23.5,56.94,57.23,18.72,18.28,47.89,47.83
62,2017461,9733,9827,12:02.3,12:11.7,12,2,9.4,1,2,4177,right_to_left,Auckland FC,2,False,False,False,create,1,medium_block,9,-2.56,4.8,3,center,2,middle_third,False,16.81,21.99,1,wide_left,2,middle_third,False,18.27,38.29,47.96,59.51,23.46,30.96,57.15,48.45
63,2017461,9827,9851,12:11.7,12:14.1,12,11,2.4,1,2,4177,right_to_left,Auckland FC,1,True,False,False,finish,2,low_block,8,17.54,21.99,1,wide_left,3,attacking_third,False,30.81,25.45,1,wide_left,3,attacking_third,False,38.4,38.63,59.76,67.24,31.04,32.54,48.41,47.49
64,2017461,9851,9994,12:14.1,12:28.4,12,14,14.3,1,1,868,left_to_right,Melbourne V FC,4,False,False,False,build_up,0,high_block,10,-31.23,-25.64,5,wide_right,1,defensive_third,False,-21.11,22.11,1,wide_left,1,defensive_third,False,32.67,53.4,47.41,48.82,38.44,35.41,67.5,62.68
65,2017461,9994,10293,12:28.4,12:58.3,12,28,29.9,1,1,868,left_to_right,Melbourne V FC,11,False,False,False,create,1,medium_block,9,-19.99,23.01,1,wide_left,1,defensive_third,False,-19.5,25.73,1,wide_left,1,defensive_third,False,53.49,49.53,48.93,49.71,35.65,37.33,62.49,47.27
66,2017461,10293,10341,12:58.3,13:03.1,12,58,4.8,1,1,868,left_to_right,Melbourne V FC,2,False,False,False,build_up,0,high_block,10,-20.38,25.33,1,wide_left,1,defensive_third,False,-21.66,-5.73,3,center,1,defensive_third,False,49.48,55.39,49.62,45.12,37.23,34.36,47.27,47.72
67,2017461,10341,10348,13:03.1,13:03.8,13,3,0.7,1,1,868,left_to_right,Melbourne V FC,0,True,False,False,create,1,medium_block,9,-18.98,-6.6,3,center,1,defensive_third,False,-4.93,-11.22,4,half_space_right,2,middle_third,False,55.46,55.34,45.22,46.78,34.35,34.48,47.67,47.41
68,2017461,10587,10726,13:27.7,13:41.6,13,27,13.9,1,2,4177,right_to_left,Auckland FC,3,False,False,False,create,1,medium_block,9,-37.29,34.76,1,wide_left,1,defensive_third,False,19.68,-30.03,5,wide_right,3,attacking_third,False,35.41,46.6,41.76,60.77,24.93,46.39,66.53,54.25
69,2017461,10726,10757,13:41.6,13:44.7,13,41,3.1,1,2,4177,right_to_left,Auckland FC,2,True,False,False,finish,2,low_block,8,19.78,-30.0,5,wide_right,3,attacking_third,False,23.19,-22.38,5,wide_right,3,attacking_third,False,46.88,45.86,61.08,65.99,46.51,40.93,53.94,44.6
70,2017461,10757,10877,13:44.7,13:56.7,13,44,12.0,1,1,868,left_to_right,Melbourne V FC,3,False,False,True,create,1,medium_block,9,-23.54,22.74,1,wide_left,1,defensive_third,False,25.17,20.6,1,wide_left,3,attacking_third,False,40.61,39.35,44.32,60.15,45.64,36.27,66.01,53.58
71,2017461,10877,11093,13:56.7,14:18.3,13,56,21.6,1,1,868,left_to_right,Melbourne V FC,7,False,False,False,finish,2,low_block,8,25.8,20.41,1,wide_left,3,attacking_third,False,5.28,17.44,2,half_space_left,2,middle_third,False,38.95,48.63,60.57,56.91,36.2,27.77,53.52,31.71
72,2017461,11093,11102,14:18.3,14:19.2,14,18,0.9,1,1,868,left_to_right,Melbourne V FC,1,False,False,False,create,1,medium_block,9,5.11,17.24,2,half_space_left,2,middle_third,False,4.97,17.57,2,half_space_left,2,middle_third,False,48.87,50.57,56.77,55.75,27.92,29.44,31.99,33.91
73,2017461,11102,11104,14:19.2,14:19.4,14,19,0.2,1,1,868,left_to_right,Melbourne V FC,1,False,False,False,finish,2,low_block,8,5.01,17.64,2,half_space_left,2,middle_third,False,5.15,17.7,2,half_space_left,2,middle_third,False,50.76,50.95,55.65,55.56,29.63,29.82,34.1,34.32
74,2017461,11104,11184,14:19.4,14:27.4,14,19,8.0,1,1,868,left_to_right,Melbourne V FC,4,False,False,False,create,1,medium_block,9,5.23,17.72,2,half_space_left,2,middle_third,False,12.93,-29.02,5,wide_right,2,middle_third,False,51.14,52.98,55.47,54.87,30.01,32.53,34.55,44.6
75,2017461,11184,11214,14:27.4,14:30.4,14,27,3.0,1,1,868,left_to_right,Melbourne V FC,2,False,False,False,finish,2,low_block,8,13.06,-29.19,5,wide_right,2,middle_third,False,9.84,-24.62,5,wide_right,2,middle_third,False,52.91,52.78,55.04,57.15,32.83,34.57,44.57,42.03
76,2017461,11214,11281,14:30.4,14:37.1,14,30,6.7,1,1,868,left_to_right,Melbourne V FC,2,False,False,False,create,1,medium_block,9,10.36,-24.01,5,wide_right,2,middle_third,False,20.11,-21.8,5,wide_right,3,attacking_third,False,52.72,48.1,57.04,55.68,34.52,30.02,41.97,38.12
77,2017461,11281,11315,14:37.1,14:40.5,14,37,3.4,1,1,868,left_to_right,Melbourne V FC,1,True,False,False,finish,2,low_block,8,20.87,-21.14,5,wide_right,3,attacking_third,False,32.49,-28.2,5,wide_right,3,attacking_third,False,48.11,41.89,55.8,61.53,29.99,27.23,37.95,36.94
78,2017461,11315,11369,14:40.5,14:45.9,14,40,5.4,1,2,4177,right_to_left,Auckland FC,1,True,False,False,chaotic,5,chaotic,5,-32.67,28.46,1,wide_left,1,defensive_third,False,24.51,11.56,2,half_space_left,3,attacking_third,False,27.39,32.2,36.91,43.52,41.61,43.55,61.73,61.6
79,2017461,11369,11575,14:45.9,15:06.5,14,45,20.6,1,1,868,left_to_right,Melbourne V FC,5,True,False,False,create,1,medium_block,9,-25.1,-11.08,4,half_space_right,1,defensive_third,False,28.66,-20.54,5,wide_right,3,attacking_third,False,43.81,53.91,61.46,60.25,32.27,38.39,43.65,41.02
80,2017461,11575,11593,15:06.5,15:08.3,15,6,1.8,1,2,4177,right_to_left,Auckland FC,1,True,False,False,chaotic,5,chaotic,5,-28.65,21.16,1,wide_left,1,defensive_third,False,-17.33,29.12,1,wide_left,2,middle_third,False,38.17,40.23,41.15,42.2,53.32,50.1,60.22,60.27
81,2017461,11593,11611,15:08.3,15:10.1,15,8,1.8,1,1,868,left_to_right,Melbourne V FC,1,False,False,False,finish,2,low_block,8,16.85,-29.36,5,wide_right,2,middle_third,False,8.96,-32.28,5,wide_right,2,middle_third,False,50.3,51.76,60.28,59.68,40.58,43.82,42.22,44.54
82,2017461,11611,11772,15:10.1,15:26.2,15,10,16.1,1,1,868,left_to_right,Melbourne V FC,4,True,False,False,create,1,medium_block,9,8.45,-32.49,5,wide_right,2,middle_third,False,2.93,5.84,3,center,2,middle_third,False,51.75,56.96,59.58,47.01,43.79,35.06,44.77,44.94
83,2017461,11772,11814,15:26.2,15:30.4,15,26,4.2,1,2,4177,right_to_left,Auckland FC,2,True,False,False,chaotic,5,chaotic,5,-3.69,-5.82,3,center,2,middle_third,False,5.53,-29.28,5,wide_right,2,middle_third,False,34.86,42.0,44.78,46.97,56.76,45.6,47.0,47.51
84,2017461,11814,12080,15:30.4,15:57.0,15,30,26.6,1,1,868,left_to_right,Melbourne V FC,9,False,False,False,create,1,medium_block,9,-6.3,29.53,1,wide_left,2,middle_third,False,19.82,30.02,1,wide_left,3,attacking_third,False,45.92,47.58,47.52,59.58,42.42,26.22,47.12,48.32
85,2017461,12080,12171,15:57.0,16:06.1,15,57,9.1,1,1,868,left_to_right,Melbourne V FC,3,False,False,False,finish,2,low_block,8,20.29,30.0,1,wide_left,3,attacking_third,False,6.29,11.07,2,half_space_left,2,middle_third,False,47.4,48.83,59.84,58.06,26.43,33.68,48.11,33.86
86,2017461,12171,12394,16:06.1,16:28.4,16,6,22.3,1,1,868,left_to_right,Melbourne V FC,6,False,False,False,create,1,medium_block,9,5.44,9.75,2,half_space_left,2,middle_third,False,21.41,19.86,2,half_space_left,3,attacking_third,False,48.94,43.55,57.93,60.24,33.83,33.05,34.07,58.83
87,2017461,12394,12422,16:28.4,16:31.2,16,28,2.8,1,1,868,left_to_right,Melbourne V FC,1,False,False,False,finish,2,low_block,8,22.56,20.37,1,wide_left,3,attacking_third,False,38.99,12.18,2,half_space_left,3,attacking_third,True,43.22,35.31,60.65,71.3,32.76,24.81,58.77,53.04
88,2017461,12752,12952,17:04.2,17:24.2,17,4,20.0,1,1,868,left_to_right,Melbourne V FC,6,True,False,True,set_play,7,defending_set_play,13,48.93,29.9,1,wide_left,3,attacking_third,False,-27.41,15.94,2,half_space_left,1,defensive_third,False,38.49,23.68,75.27,29.25,21.15,26.25,39.33,65.47
89,2017461,12952,13095,17:24.2,17:38.5,17,24,14.3,1,2,4177,right_to_left,Auckland FC,3,True,False,True,transition,4,defending_transition,11,-27.01,16.39,2,half_space_left,1,defensive_third,False,49.51,-2.45,3,center,3,attacking_third,True,24.16,26.72,29.48,76.33,26.26,19.52,65.42,45.15
90,2017461,13095,13111,17:38.5,17:40.1,17,38,1.6,1,1,868,left_to_right,Melbourne V FC,1,False,False,False,chaotic,5,chaotic,5,-50.11,2.48,3,center,1,defensive_third,False,-48.88,9.18,2,half_space_left,1,defensive_third,False,19.71,21.87,45.12,43.47,26.76,27.49,76.48,77.31
91,2017461,13605,13647,18:29.5,18:33.7,18,29,4.2,1,1,868,left_to_right,Melbourne V FC,1,True,False,False,direct,6,defending_direct,15,-23.17,11.49,2,half_space_left,1,defensive_third,False,21.87,20.4,1,wide_left,3,attacking_third,False,38.27,38.71,52.77,55.51,29.87,25.61,43.63,46.24
92,2017461,13647,13657,18:33.7,18:34.7,18,33,1.0,1,2,4177,right_to_left,Auckland FC,1,True,False,False,chaotic,5,chaotic,5,-22.29,-19.94,4,half_space_right,1,defensive_third,False,-19.67,-24.83,5,wide_right,1,defensive_third,False,25.49,26.37,46.38,48.05,38.64,38.21,55.74,56.92
93,2017461,13725,13817,18:41.5,18:50.7,18,41,9.2,1,1,868,left_to_right,Melbourne V FC,3,True,False,False,create,1,medium_block,9,5.82,33.1,1,wide_left,2,middle_third,False,21.73,-8.92,3,center,3,attacking_third,False,41.41,49.17,64.28,55.56,29.99,34.63,42.3,40.19
94,2017461,13817,13850,18:50.7,18:54.0,18,50,3.3,1,2,4177,right_to_left,Auckland FC,2,True,False,False,chaotic,5,chaotic,5,-21.88,9.39,2,half_space_left,1,defensive_third,False,-13.34,10.69,2,half_space_left,2,middle_third,False,34.74,40.67,40.33,51.29,48.41,46.1,55.64,57.61
95,2017461,13850,13884,18:54.0,18:57.4,18,54,3.4,1,1,868,left_to_right,Melbourne V FC,1,False,False,True,create,1,medium_block,9,13.02,-11.19,4,half_space_right,2,middle_third,False,16.76,-22.63,5,wide_right,2,middle_third,False,46.23,46.01,57.61,61.0,40.85,38.12,52.0,62.89
96,2017461,13884,13937,18:57.4,19:02.7,18,57,5.3,1,1,868,left_to_right,Melbourne V FC,2,True,False,True,finish,2,low_block,8,17.26,-22.65,5,wide_right,2,middle_third,False,44.18,-1.64,3,center,3,attacking_third,True,45.83,40.52,61.3,69.18,37.95,22.17,62.99,55.23
97,2017461,14381,14433,19:47.1,19:52.3,19,47,5.2,1,2,4177,right_to_left,Auckland FC,1,False,False,False,direct,6,defending_direct,15,-46.37,-9.3,4,half_space_right,1,defensive_third,False,-7.75,-14.69,4,half_space_right,2,middle_third,False,31.67,24.19,66.94,59.31,25.82,26.05,38.97,42.54
98,2017461,14433,14456,19:52.3,19:54.6,19,52,2.3,1,2,4177,right_to_left,Auckland FC,1,False,False,False,create,1,medium_block,9,-8.71,-14.03,4,half_space_right,2,middle_third,False,-19.73,-5.82,3,center,1,defensive_third,False,24.37,29.67,59.12,55.67,26.15,28.48,42.71,50.21
99,2017461,14456,14481,19:54.6,19:57.1,19,54,2.5,1,2,4177,right_to_left,Auckland FC,1,False,False,False,build_up,0,high_block,10,-20.07,-5.17,3,center,1,defensive_third,False,-27.72,6.99,3,center,1,defensive_third,False,30.03,40.61,55.54,51.28,28.61,33.81,50.61,57.89
100,2017461,14481,14532,19:57.1,20:02.2,19,57,5.1,1,2,4177,right_to_left,Auckland FC,1,True,False,False,direct,6,defending_direct,15,-27.25,7.74,3,center,1,defensive_third,False,36.6,23.37,1,wide_left,3,attacking_third,False,41.05,39.11,50.97,71.34,34.09,35.92,58.16,63.03
101,2017461,14532,14561,20:02.2,20:05.1,20,2,2.9,1,1,868,left_to_right,Melbourne V FC,1,True,False,False,chaotic,5,chaotic,5,-37.29,-23.34,5,wide_right,1,defensive_third,False,-49.09,-36.31,5,wide_right,1,defensive_third,False,35.92,38.33,62.95,61.76,38.87,39.23,71.98,82.94
102,2017461,14886,14917,20:37.6,20:40.7,20,37,3.1,1,2,4177,right_to_left,Auckland FC,1,True,False,False,set_play,7,defending_set_play,13,47.53,34.29,1,wide_left,3,attacking_third,False,50.88,5.17,3,center,3,attacking_third,True,40.01,29.03,71.22,74.46,23.22,21.23,14.38,14.58
103,2017461,14917,15114,20:40.7,21:00.4,20,40,19.7,1,1,868,left_to_right,Melbourne V FC,4,False,False,False,build_up,0,high_block,10,-50.72,-4.59,3,center,1,defensive_third,False,-47.14,-0.14,3,center,1,defensive_third,False,21.42,56.8,14.48,47.03,28.84,42.21,74.38,76.57
104,2017461,15114,15142,21:00.4,21:03.2,21,0,2.8,1,1,868,left_to_right,Melbourne V FC,1,True,False,False,direct,6,defending_direct,15,-46.84,-0.5,3,center,1,defensive_third,False,-2.66,-12.29,4,half_space_right,2,middle_third,False,56.74,49.15,46.94,50.46,42.33,41.81,76.77,73.72
105,2017461,15142,15164,21:03.2,21:05.4,21,3,2.2,1,2,4177,right_to_left,Auckland FC,1,True,False,False,chaotic,5,chaotic,5,2.13,12.45,2,half_space_left,2,middle_third,False,19.69,0.35,3,center,3,attacking_third,False,41.64,34.85,73.49,66.17,48.7,36.98,50.56,50.42
106,2017461,15164,15251,21:05.4,21:14.1,21,5,8.7,1,1,868,left_to_right,Melbourne V FC,3,False,False,True,build_up,0,high_block,10,-20.5,0.1,3,center,1,defensive_third,False,-36.25,24.46,1,wide_left,1,defensive_third,False,36.48,45.63,50.41,48.54,34.56,35.32,65.75,67.3
107,2017461,15251,15276,21:14.1,21:16.6,21,14,2.5,1,1,868,left_to_right,Melbourne V FC,1,False,False,True,direct,6,defending_direct,15,-36.02,24.57,1,wide_left,1,defensive_third,False,-2.87,23.37,1,wide_left,2,middle_third,False,45.81,42.99,48.46,47.76,35.48,38.4,67.37,65.16
108,2017461,15276,15327,21:16.6,21:21.7,21,16,5.1,1,1,868,left_to_right,Melbourne V FC,2,False,False,True,create,1,medium_block,9,-2.17,23.02,1,wide_left,2,middle_third,False,28.14,17.6,2,half_space_left,3,attacking_third,False,42.72,35.54,47.76,66.25,38.44,36.76,65.07,63.97
109,2017461,15327,15399,21:21.7,21:28.9,21,21,7.2,1,1,868,left_to_right,Melbourne V FC,2,True,False,True,finish,2,low_block,8,28.73,17.36,2,half_space_left,3,attacking_third,False,40.06,16.26,2,half_space_left,3,attacking_third,True,35.37,27.65,66.74,70.71,36.65,22.14,63.81,44.42
110,2017461,15399,15466,21:28.9,21:35.6,21,28,6.7,1,2,4177,right_to_left,Auckland FC,2,False,False,True,build_up,0,high_block,10,-39.92,-16.27,4,half_space_right,1,defensive_third,False,-20.06,-1.98,3,center,1,defensive_third,False,22.09,24.82,44.19,35.04,27.83,21.06,70.63,66.23
111,2017461,15466,15535,21:35.6,21:42.5,21,35,6.9,1,2,4177,right_to_left,Auckland FC,1,False,False,True,create,1,medium_block,9,-19.67,-0.98,3,center,1,defensive_third,False,31.77,16.7,2,half_space_left,3,attacking_third,False,24.97,33.98,35.36,66.64,21.18,32.64,66.16,63.75
112,2017461,15535,15574,21:42.5,21:46.4,21,42,3.9,1,2,4177,right_to_left,Auckland FC,1,True,False,True,finish,2,low_block,8,32.52,16.72,2,half_space_left,3,attacking_third,False,50.9,7.66,3,center,3,attacking_third,True,33.99,32.66,67.2,80.53,32.7,35.35,63.69,56.01
113,2017461,15574,15802,21:46.4,22:09.2,21,46,22.8,1,1,868,left_to_right,Melbourne V FC,2,False,False,False,create,1,medium_block,9,-50.97,-7.71,3,center,1,defensive_third,False,31.57,11.15,2,half_space_left,3,attacking_third,False,35.44,38.78,55.8,70.63,32.61,30.55,80.48,57.83
114,2017461,15802,15836,22:09.2,22:12.6,22,9,3.4,1,1,868,left_to_right,Melbourne V FC,1,True,False,False,finish,2,low_block,8,32.19,11.28,2,half_space_left,3,attacking_third,False,48.25,10.07,2,half_space_left,3,attacking_third,True,38.58,32.07,71.06,81.83,30.55,30.52,57.93,57.23
115,2017461,16504,16563,23:19.4,23:25.3,23,19,5.9,1,2,4177,right_to_left,Auckland FC,1,False,False,False,direct,6,defending_direct,15,-29.58,-10.04,4,half_space_right,1,defensive_third,False,16.34,-18.23,4,half_space_right,2,middle_third,False,36.1,30.2,53.1,60.89,26.86,29.81,40.02,45.0
116,2017461,16563,16603,23:25.3,23:29.3,23,25,4.0,1,2,4177,right_to_left,Auckland FC,2,False,False,False,create,1,medium_block,9,16.57,-18.59,4,half_space_right,2,middle_third,False,15.13,-28.62,5,wide_right,2,middle_third,False,30.32,39.01,60.79,58.52,29.91,32.49,45.09,44.61
117,2017461,16849,16860,23:53.9,23:55.0,23,53,1.1,1,2,4177,right_to_left,Auckland FC,1,False,False,False,create,1,medium_block,9,,,2,half_space_left,2,middle_third,False,-19.23,-18.96,4,half_space_right,1,defensive_third,False,,38.58,,53.01,,25.15,,45.86
118,2017461,16860,17092,23:55.0,24:18.2,23,55,23.2,1,2,4177,right_to_left,Auckland FC,3,False,False,False,build_up,0,high_block,10,-20.66,-18.77,4,half_space_right,1,defensive_third,False,-20.04,-4.99,3,center,1,defensive_third,False,38.72,60.41,52.91,48.13,25.11,35.02,46.16,49.2
119,2017461,17092,17158,24:18.2,24:24.8,24,18,6.6,1,2,4177,right_to_left,Auckland FC,1,False,False,False,create,1,medium_block,9,-19.93,-5.93,3,center,1,defensive_third,False,24.4,27.02,1,wide_left,3,attacking_third,False,60.32,58.36,48.12,59.72,35.08,42.05,49.09,44.81
120,2017461,17158,17184,24:24.8,24:27.4,24,24,2.6,1,2,4177,right_to_left,Auckland FC,1,False,False,False,finish,2,low_block,8,24.8,27.71,1,wide_left,3,attacking_third,False,47.17,28.11,1,wide_left,3,attacking_third,False,58.34,56.28,60.09,71.12,42.34,49.37,44.9,44.8
121,2017461,17519,17549,25:00.9,25:03.9,25,0,3.0,1,2,4177,right_to_left,Auckland FC,2,True,False,True,set_play,7,defending_set_play,13,50.69,32.41,1,wide_left,3,attacking_third,False,41.85,-1.0,3,center,3,attacking_third,True,36.99,33.15,69.14,68.25,25.6,20.28,25.5,32.21
122,2017461,17549,17593,25:03.9,25:08.3,25,3,4.4,1,1,868,left_to_right,Melbourne V FC,2,False,False,False,chaotic,5,chaotic,5,-41.71,1.22,3,center,1,defensive_third,False,-16.8,-6.12,3,center,2,middle_third,False,20.03,20.95,32.38,36.81,33.18,24.36,68.33,63.57
123,2017461,17768,17778,25:25.8,25:26.8,25,25,1.0,1,1,868,left_to_right,Melbourne V FC,1,False,False,False,set_play,7,defending_set_play,13,5.33,7.11,3,center,2,middle_third,False,-5.15,5.29,3,center,2,middle_third,False,50.17,50.51,62.24,62.15,34.01,33.02,50.6,49.98
124,2017461,17778,17899,25:26.8,25:38.9,25,26,12.1,1,1,868,left_to_right,Melbourne V FC,0,False,False,False,create,1,medium_block,9,-6.33,5.06,3,center,2,middle_third,False,-19.66,16.67,2,half_space_left,1,defensive_third,False,50.52,32.89,62.13,55.41,33.11,30.66,49.97,60.29
125,2017461,17899,17919,25:38.9,25:40.9,25,38,2.0,1,1,868,left_to_right,Melbourne V FC,1,False,False,False,build_up,0,high_block,10,-20.2,15.86,2,half_space_left,1,defensive_third,False,-21.03,5.65,3,center,1,defensive_third,False,32.27,24.52,55.23,51.07,30.17,29.37,60.43,62.17
126,2017461,17919,17936,25:40.9,25:42.6,25,40,1.7,1,1,868,left_to_right,Melbourne V FC,1,True,False,False,create,1,medium_block,9,-19.38,5.45,3,center,1,defensive_third,False,-0.44,6.3,3,center,2,middle_third,False,24.18,21.87,50.82,48.78,29.36,27.92,62.11,60.14
127,2017461,17936,17981,25:42.6,25:47.1,25,42,4.5,1,2,4177,right_to_left,Auckland FC,1,True,False,False,chaotic,5,chaotic,5,0.27,-7.21,3,center,2,middle_third,False,11.81,-32.09,5,wide_right,2,middle_third,False,27.73,42.26,60.02,58.6,21.87,36.17,48.84,49.51
128,2017461,18055,18162,25:54.5,26:05.2,25,54,10.7,1,1,868,left_to_right,Melbourne V FC,4,False,False,False,create,1,medium_block,9,-15.0,31.41,1,wide_left,2,middle_third,False,-24.16,-25.96,5,wide_right,1,defensive_third,False,39.24,52.23,51.01,49.0,34.14,34.01,55.08,56.01
129,2017461,18162,18202,26:05.2,26:09.2,26,5,4.0,1,1,868,left_to_right,Melbourne V FC,2,True,False,False,direct,6,defending_direct,15,-23.56,-26.04,5,wide_right,1,defensive_third,False,13.57,-30.74,5,wide_right,2,middle_third,False,52.21,54.74,49.0,57.01,34.08,37.22,56.27,61.09
130,2017461,18202,18273,26:09.2,26:16.3,26,9,7.1,1,2,4177,right_to_left,Auckland FC,3,False,False,False,create,1,medium_block,9,-13.74,30.91,1,wide_left,2,middle_third,False,-6.72,-0.27,3,center,2,middle_third,False,37.34,44.14,60.95,54.26,54.69,32.45,56.98,47.93
131,2017461,18525,18627,26:41.5,26:51.7,26,41,10.2,1,2,4177,right_to_left,Auckland FC,5,False,False,False,create,1,medium_block,9,,,2,half_space_left,2,middle_third,False,-11.76,-30.82,5,wide_right,2,middle_third,False,,57.02,,50.92,,43.58,,48.89
132,2017461,18787,18970,27:07.7,27:26.0,27,7,18.3,1,2,4177,right_to_left,Auckland FC,6,False,False,False,create,1,medium_block,9,-17.71,-32.65,5,wide_right,1,defensive_third,False,18.54,-32.39,5,wide_right,3,attacking_third,False,44.08,52.11,52.3,57.33,29.54,43.12,51.11,39.04
133,2017461,18970,18996,27:26.0,27:28.6,27,26,2.6,1,2,4177,right_to_left,Auckland FC,1,False,False,False,finish,2,low_block,8,18.87,-32.68,5,wide_right,3,attacking_third,False,5.62,-26.42,5,wide_right,2,middle_third,False,51.73,49.64,57.65,60.33,43.4,40.23,38.88,35.81
134,2017461,18996,19070,27:28.6,27:36.0,27,28,7.4,1,2,4177,right_to_left,Auckland FC,3,False,False,False,create,1,medium_block,9,5.27,-26.3,5,wide_right,2,middle_third,False,7.78,17.16,2,half_space_left,2,middle_third,False,49.75,60.82,60.21,55.86,39.86,39.64,35.86,37.73
135,2017461,19070,19206,27:36.0,27:49.6,27,36,13.6,1,2,4177,right_to_left,Auckland FC,7,True,False,False,finish,2,low_block,8,8.05,17.58,2,half_space_left,2,middle_third,False,49.11,17.74,2,half_space_left,3,attacking_third,True,60.81,29.32,56.01,67.33,39.72,23.37,37.75,34.77
136,2017461,19556,19625,28:24.6,28:31.5,28,24,6.9,1,1,868,left_to_right,Melbourne V FC,1,True,False,False,direct,6,defending_direct,15,-46.55,-6.82,3,center,1,defensive_third,False,9.3,-30.11,5,wide_right,2,middle_third,False,26.22,32.32,55.7,55.15,18.83,25.55,43.15,50.12
137,2017461,19625,19652,28:31.5,28:34.2,28,31,2.7,1,2,4177,right_to_left,Auckland FC,1,False,False,False,chaotic,5,chaotic,5,-9.18,30.43,1,wide_left,2,middle_third,False,16.5,30.89,1,wide_left,2,middle_third,False,25.57,23.97,50.21,54.78,32.54,32.91,55.1,51.02
138,2017461,20008,20051,29:09.8,29:14.1,29,9,4.3,1,2,4177,right_to_left,Auckland FC,2,True,False,False,set_play,7,defending_set_play,13,7.48,20.2,1,wide_left,2,middle_third,False,47.44,-0.38,3,center,3,attacking_third,True,34.87,27.81,58.1,70.79,18.81,15.47,39.66,38.38
139,2017461,20051,20180,29:14.1,29:27.0,29,14,12.9,1,1,868,left_to_right,Melbourne V FC,1,False,False,False,build_up,0,high_block,10,-47.65,-0.05,3,center,1,defensive_third,False,,,2,half_space_left,2,middle_third,False,15.76,,38.04,,27.59,,70.92,
140,2017461,20180,20201,29:27.0,29:29.1,29,27,2.1,1,1,868,left_to_right,Melbourne V FC,1,True,False,False,create,1,medium_block,9,-8.91,27.25,1,wide_left,2,middle_third,False,-6.43,17.94,2,half_space_left,2,middle_third,False,48.13,48.66,55.91,58.86,36.1,31.8,57.76,50.74
141,2017461,20201,20374,29:29.1,29:46.4,29,29,17.3,1,2,4177,right_to_left,Auckland FC,5,True,False,True,quick_break,3,defending_quick_break,12,7.06,-17.33,4,half_space_right,2,middle_third,False,47.79,3.9,3,center,3,attacking_third,True,31.78,39.08,50.48,78.42,48.6,32.95,58.88,44.16
142,2017461,20812,20822,30:30.2,30:31.2,30,30,1.0,1,1,868,left_to_right,Melbourne V FC,1,False,False,False,direct,6,defending_direct,15,-17.75,-18.63,4,half_space_right,1,defensive_third,False,-11.42,-26.48,5,wide_right,2,middle_third,False,25.81,26.88,51.35,51.85,20.45,23.45,47.6,47.62
143,2017461,21113,21118,31:00.3,31:00.8,31,0,0.5,1,1,868,left_to_right,Melbourne V FC,1,False,False,False,create,1,medium_block,9,,,2,half_space_left,2,middle_third,False,4.23,-30.06,5,wide_right,2,middle_third,False,,50.87,,58.16,,30.75,,46.07
144,2017461,21118,21197,31:00.8,31:08.7,31,0,7.9,1,1,868,left_to_right,Melbourne V FC,1,False,False,False,finish,2,low_block,8,5.1,-29.52,5,wide_right,2,middle_third,False,6.36,-13.32,4,half_space_right,2,middle_third,False,50.7,39.7,58.47,58.45,30.75,26.49,45.91,41.27
145,2017461,21197,21269,31:08.7,31:15.9,31,8,7.2,1,1,868,left_to_right,Melbourne V FC,2,False,False,False,create,1,medium_block,9,5.63,-13.2,4,half_space_right,2,middle_third,False,21.36,-18.9,4,half_space_right,3,attacking_third,False,39.8,32.9,58.38,55.7,26.62,22.83,41.5,52.47
146,2017461,21269,21380,31:15.9,31:27.0,31,15,11.1,1,1,868,left_to_right,Melbourne V FC,6,False,False,False,finish,2,low_block,8,21.58,-19.18,4,half_space_right,3,attacking_third,False,5.35,-7.81,3,center,2,middle_third,False,33.07,53.16,56.18,59.3,22.84,32.24,52.36,35.8
147,2017461,21380,21413,31:27.0,31:30.3,31,27,3.3,1,1,868,left_to_right,Melbourne V FC,1,False,False,False,create,1,medium_block,9,5.13,-6.01,3,center,2,middle_third,False,4.27,20.13,2,half_space_left,2,middle_third,False,53.27,52.85,59.19,57.83,32.37,39.07,35.99,40.15
148,2017461,21413,21436,31:30.3,31:32.6,31,30,2.3,1,1,868,left_to_right,Melbourne V FC,1,False,False,False,finish,2,low_block,8,5.11,21.37,1,wide_left,2,middle_third,False,5.35,29.66,1,wide_left,2,middle_third,False,52.65,46.01,57.88,58.2,39.35,39.61,40.18,40.94
149,2017461,21436,21572,31:32.6,31:46.2,31,32,13.6,1,1,868,left_to_right,Melbourne V FC,4,True,False,False,create,1,medium_block,9,3.85,29.15,1,wide_left,2,middle_third,False,3.22,-37.23,5,wide_right,2,middle_third,False,45.72,52.29,58.13,53.86,39.37,41.1,41.05,58.78
150,2017461,21729,21767,32:01.9,32:05.7,32,1,3.8,1,2,4177,right_to_left,Auckland FC,1,True,False,False,chaotic,5,chaotic,5,7.97,33.84,1,wide_left,2,middle_third,False,18.04,32.33,1,wide_left,3,attacking_third,False,31.94,30.44,62.44,60.52,26.47,28.88,50.29,47.4
151,2017461,21767,21784,32:05.7,32:07.4,32,5,1.7,1,1,868,left_to_right,Melbourne V FC,1,True,False,False,chaotic,5,chaotic,5,-18.45,-32.33,5,wide_right,1,defensive_third,False,-7.0,-34.2,5,wide_right,2,middle_third,False,28.91,29.44,47.4,48.92,30.43,30.66,60.4,58.6
152,2017461,21894,21925,32:18.4,32:21.5,32,18,3.1,1,2,4177,right_to_left,Auckland FC,1,True,False,False,chaotic,5,chaotic,5,-1.57,34.83,1,wide_left,2,middle_third,False,7.4,17.79,2,half_space_left,2,middle_third,False,37.8,33.08,60.78,56.23,26.53,26.98,53.99,50.92
153,2017461,21925,22043,32:21.5,32:33.3,32,21,11.8,1,1,868,left_to_right,Melbourne V FC,2,True,False,False,create,1,medium_block,9,-7.13,-17.44,4,half_space_right,2,middle_third,False,39.01,-9.52,4,half_space_right,3,attacking_third,True,27.02,44.19,50.85,71.96,32.9,29.53,56.11,42.79
154,2017461,22043,22145,32:33.3,32:43.5,32,33,10.2,1,2,4177,right_to_left,Auckland FC,4,False,False,False,build_up,0,high_block,10,-39.38,9.8,2,half_space_left,1,defensive_third,False,-20.23,-32.48,5,wide_right,1,defensive_third,False,29.3,44.26,42.87,49.03,44.03,42.26,72.05,62.12
155,2017461,22145,22204,32:43.5,32:49.4,32,43,5.9,1,2,4177,right_to_left,Auckland FC,2,False,False,False,create,1,medium_block,9,-19.73,-32.51,5,wide_right,1,defensive_third,False,-6.27,-29.23,5,wide_right,2,middle_third,False,44.33,47.86,49.13,55.71,42.16,39.68,61.97,56.29
156,2017461,22518,22552,33:20.8,33:24.2,33,20,3.4,1,2,4177,right_to_left,Auckland FC,3,False,False,True,create,1,medium_block,9,-5.56,-24.45,5,wide_right,2,middle_third,False,18.33,-33.04,5,wide_right,3,attacking_third,False,53.2,53.3,52.82,61.2,34.33,41.84,49.48,46.48
157,2017461,22552,22572,33:24.2,33:26.2,33,24,2.0,1,2,4177,right_to_left,Auckland FC,1,False,False,True,finish,2,low_block,8,18.0,-32.87,5,wide_right,3,attacking_third,False,6.5,-27.55,5,wide_right,2,middle_third,False,53.19,48.68,61.39,62.51,41.79,40.13,46.25,41.42
158,2017461,22572,22792,33:26.2,33:48.2,33,26,22.0,1,2,4177,right_to_left,Auckland FC,9,False,False,True,create,1,medium_block,9,5.12,-27.05,5,wide_right,2,middle_third,False,-11.71,10.78,2,half_space_left,2,middle_third,False,48.86,57.85,62.4,52.72,40.0,37.71,41.25,46.68
159,2017461,22792,22825,33:48.2,33:51.5,33,48,3.3,1,2,4177,right_to_left,Auckland FC,1,False,False,True,direct,6,defending_direct,15,-11.3,10.54,2,half_space_left,2,middle_third,False,27.06,-21.51,5,wide_right,3,attacking_third,False,57.69,52.59,52.83,62.67,37.74,37.38,46.68,46.25
160,2017461,22825,22953,33:51.5,34:04.3,33,51,12.8,1,2,4177,right_to_left,Auckland FC,4,True,False,True,finish,2,low_block,8,27.75,-21.81,5,wide_right,3,attacking_third,False,41.59,-31.19,5,wide_right,3,attacking_third,False,52.36,40.37,63.13,66.85,37.41,38.78,46.13,28.58
161,2017461,23344,23396,34:43.4,34:48.6,34,43,5.2,1,1,868,left_to_right,Melbourne V FC,2,True,False,False,direct,6,defending_direct,15,,,2,half_space_left,2,middle_third,False,24.44,26.06,1,wide_left,3,attacking_third,False,,25.2,,63.67,,25.28,,46.63
162,2017461,23396,23420,34:48.6,34:51.0,34,48,2.4,1,2,4177,right_to_left,Auckland FC,1,True,False,False,chaotic,5,chaotic,5,-24.68,-26.42,5,wide_right,1,defensive_third,False,12.48,-30.68,5,wide_right,2,middle_third,False,25.79,32.71,46.68,47.81,25.41,29.78,63.67,63.46
163,2017461,23420,23429,34:51.0,34:51.9,34,51,0.9,1,1,868,left_to_right,Melbourne V FC,1,False,False,False,create,1,medium_block,9,-13.52,30.56,1,wide_left,2,middle_third,False,-19.74,29.74,1,wide_left,1,defensive_third,False,29.95,31.59,63.45,63.48,32.8,33.51,48.2,51.74
164,2017461,23429,23563,34:51.9,35:05.3,34,51,13.4,1,1,868,left_to_right,Melbourne V FC,3,False,False,False,build_up,0,high_block,10,-20.37,29.58,1,wide_left,1,defensive_third,False,-20.33,-23.66,5,wide_right,1,defensive_third,False,31.8,59.3,63.48,51.63,33.58,36.4,52.2,54.21
165,2017461,23563,23672,35:05.3,35:16.2,35,5,10.9,1,1,868,left_to_right,Melbourne V FC,4,True,False,False,create,1,medium_block,9,-19.59,-24.59,5,wide_right,1,defensive_third,False,17.04,-27.29,5,wide_right,2,middle_third,False,59.21,53.76,51.57,62.06,36.65,43.19,54.28,49.37
166,2017461,23843,23873,35:33.3,35:36.3,35,33,3.0,1,2,4177,right_to_left,Auckland FC,1,True,False,False,chaotic,5,chaotic,5,,,2,half_space_left,2,middle_third,False,7.48,27.02,1,wide_left,2,middle_third,False,,32.73,,52.38,,25.77,,53.77
167,2017461,23873,23891,35:36.3,35:38.1,35,36,1.8,1,1,868,left_to_right,Melbourne V FC,1,False,False,False,chaotic,5,chaotic,5,-7.09,-26.77,5,wide_right,2,middle_third,False,6.74,-19.01,4,half_space_right,2,middle_third,False,25.8,26.54,53.57,48.75,32.6,30.95,52.38,52.91
168,2017461,23993,24030,35:48.3,35:52.0,35,48,3.7,1,1,868,left_to_right,Melbourne V FC,4,True,False,False,create,1,medium_block,9,8.39,-32.15,5,wide_right,2,middle_third,False,8.76,-17.83,4,half_space_right,2,middle_third,False,47.67,41.46,53.61,52.83,33.92,25.32,52.83,52.63
169,2017461,24030,24088,35:52.0,35:57.8,35,52,5.8,1,2,4177,right_to_left,Auckland FC,1,True,False,False,chaotic,5,chaotic,5,-8.52,17.67,2,half_space_left,2,middle_third,False,14.54,9.51,2,half_space_left,2,middle_third,False,25.39,31.92,52.63,56.02,41.21,26.35,52.71,52.17
170,2017461,24088,24168,35:57.8,36:05.8,35,57,8.0,1,1,868,left_to_right,Melbourne V FC,4,True,False,False,create,1,medium_block,9,-14.43,-9.34,4,half_space_right,2,middle_third,False,21.29,-21.78,5,wide_right,3,attacking_third,False,26.46,43.97,52.14,61.03,31.76,33.27,56.1,53.94
171,2017461,24168,24338,36:05.8,36:22.8,36,5,17.0,1,2,4177,right_to_left,Auckland FC,5,True,False,True,transition,4,defending_transition,11,-21.67,20.98,1,wide_left,1,defensive_third,False,45.93,6.44,3,center,3,attacking_third,True,33.24,27.81,53.86,68.57,43.73,30.48,61.13,45.78
172,2017461,24784,24802,37:07.4,37:09.2,37,7,1.8,1,1,868,left_to_right,Melbourne V FC,1,True,False,False,direct,6,defending_direct,15,,,2,half_space_left,2,middle_third,False,6.73,12.73,2,half_space_left,2,middle_third,False,,51.1,,57.45,,22.53,,47.28
173,2017461,24802,24834,37:09.2,37:12.4,37,9,3.2,1,2,4177,right_to_left,Auckland FC,1,True,False,False,chaotic,5,chaotic,5,-7.29,-12.5,4,half_space_right,2,middle_third,False,19.14,8.22,3,center,3,attacking_third,False,22.35,26.43,47.59,57.22,50.99,50.43,57.72,58.64
174,2017461,24834,24892,37:12.4,37:18.2,37,12,5.8,1,1,868,left_to_right,Melbourne V FC,1,True,False,False,chaotic,5,chaotic,5,-19.51,-8.61,3,center,1,defensive_third,False,7.37,-29.23,5,wide_right,2,middle_third,False,50.53,46.35,58.54,54.27,26.73,41.23,57.47,61.09
175,2017461,24892,25116,37:18.2,37:40.6,37,18,22.4,1,2,4177,right_to_left,Auckland FC,9,False,False,False,create,1,medium_block,9,-7.04,29.45,1,wide_left,2,middle_third,False,18.68,33.01,1,wide_left,3,attacking_third,False,41.5,60.28,60.99,56.66,46.76,43.44,54.32,41.7
176,2017461,25116,25149,37:40.6,37:43.9,37,40,3.3,1,2,4177,right_to_left,Auckland FC,2,False,False,False,finish,2,low_block,8,18.9,33.26,1,wide_left,3,attacking_third,False,12.33,27.27,1,wide_left,2,middle_third,False,60.09,51.92,56.82,59.3,43.73,38.71,41.77,41.3
177,2017461,25149,25204,37:43.9,37:49.4,37,43,5.5,1,2,4177,right_to_left,Auckland FC,3,False,False,False,create,1,medium_block,9,12.18,27.16,1,wide_left,2,middle_third,False,4.81,-10.06,4,half_space_right,2,middle_third,False,51.56,54.68,59.21,56.38,38.4,38.17,41.34,37.39
178,2017461,25204,25253,37:49.4,37:54.3,37,49,4.9,1,2,4177,right_to_left,Auckland FC,1,False,False,False,finish,2,low_block,8,5.81,-11.71,4,half_space_right,2,middle_third,False,5.82,-20.58,5,wide_right,2,middle_third,False,54.87,52.02,56.37,61.9,38.48,43.85,37.32,34.52
179,2017461,25253,25313,37:54.3,38:00.3,37,54,6.0,1,2,4177,right_to_left,Auckland FC,2,True,False,False,create,1,medium_block,9,5.31,-20.27,5,wide_right,2,middle_third,False,33.51,-1.44,3,center,3,attacking_third,False,52.14,55.7,61.81,63.41,43.67,37.42,34.51,35.96
180,2017461,25313,25413,38:00.3,38:10.3,38,0,10.0,1,1,868,left_to_right,Melbourne V FC,3,True,False,False,build_up,0,high_block,10,-34.22,1.51,3,center,1,defensive_third,False,-39.8,35.22,1,wide_left,1,defensive_third,False,37.27,39.57,35.89,36.65,55.29,42.68,64.01,68.98
181,2017461,25670,25755,38:36.0,38:44.5,38,36,8.5,1,2,4177,right_to_left,Auckland FC,3,True,False,False,finish,2,low_block,8,42.03,-34.59,5,wide_right,3,attacking_third,False,38.04,-19.9,4,half_space_right,3,attacking_third,True,36.78,38.21,68.67,63.82,19.05,33.95,13.73,23.23
182,2017461,25755,25772,38:44.5,38:46.2,38,44,1.7,1,1,868,left_to_right,Melbourne V FC,1,True,False,False,chaotic,5,chaotic,5,-38.32,17.88,2,half_space_left,1,defensive_third,False,-34.82,20.38,1,wide_left,1,defensive_third,False,34.08,34.03,23.35,24.64,38.08,35.93,64.15,66.25
183,2017461,26033,26051,39:12.3,39:14.1,39,12,1.8,1,2,4177,right_to_left,Auckland FC,2,False,False,False,finish,2,low_block,8,16.8,-31.19,5,wide_right,2,middle_third,False,5.52,-17.01,4,half_space_right,2,middle_third,False,46.43,47.62,64.51,61.05,25.11,27.17,20.91,26.43
184,2017461,26051,26074,39:14.1,39:16.4,39,14,2.3,1,2,4177,right_to_left,Auckland FC,1,False,False,False,create,1,medium_block,9,5.22,-16.61,4,half_space_right,2,middle_third,False,4.86,-15.86,4,half_space_right,2,middle_third,False,47.74,47.56,61.01,59.23,27.35,31.13,26.7,30.33
185,2017461,26074,26101,39:16.4,39:19.1,39,16,2.7,1,2,4177,right_to_left,Auckland FC,1,False,False,False,finish,2,low_block,8,5.33,-17.06,4,half_space_right,2,middle_third,False,5.28,-22.51,5,wide_right,2,middle_third,False,47.33,47.0,59.14,59.19,31.36,35.38,30.42,35.24
186,2017461,26101,26186,39:19.1,39:27.6,39,19,8.5,1,2,4177,right_to_left,Auckland FC,3,False,False,False,create,1,medium_block,9,5.06,-22.08,5,wide_right,2,middle_third,False,10.56,-28.28,5,wide_right,2,middle_third,False,47.2,55.08,59.19,62.07,35.41,37.73,35.44,42.38
187,2017461,26186,26221,39:27.6,39:31.1,39,27,3.5,1,2,4177,right_to_left,Auckland FC,2,True,False,False,finish,2,low_block,8,10.92,-28.25,5,wide_right,2,middle_third,False,22.82,-35.89,5,wide_right,3,attacking_third,False,55.0,53.39,62.17,64.87,37.82,42.49,42.3,39.99
188,2017461,26270,26323,39:36.0,39:41.3,39,36,5.3,1,1,868,left_to_right,Melbourne V FC,2,True,False,False,chaotic,5,chaotic,5,-10.81,34.24,1,wide_left,2,middle_third,False,-1.67,25.06,1,wide_left,2,middle_third,False,42.97,38.4,45.22,50.87,44.41,30.31,63.84,53.77
189,2017461,26323,26347,39:41.3,39:43.7,39,41,2.4,1,2,4177,right_to_left,Auckland FC,1,True,False,False,chaotic,5,chaotic,5,1.34,-24.94,5,wide_right,2,middle_third,False,1.31,-17.06,4,half_space_right,2,middle_third,False,29.83,29.31,53.58,51.56,38.4,35.59,50.93,51.32
190,2017461,26347,26389,39:43.7,39:47.9,39,43,4.2,1,1,868,left_to_right,Melbourne V FC,2,False,False,False,chaotic,5,chaotic,5,-1.31,16.74,2,half_space_left,2,middle_third,False,2.32,4.14,3,center,2,middle_third,False,35.35,37.7,51.33,55.05,29.44,26.7,51.62,54.01
191,2017461,26906,26947,40:39.6,40:43.7,40,39,4.1,1,1,868,left_to_right,Melbourne V FC,1,True,False,False,direct,6,defending_direct,15,-2.76,17.59,2,half_space_left,2,middle_third,False,31.41,8.37,3,center,3,attacking_third,False,26.31,26.56,60.26,67.35,24.09,17.05,36.44,35.1
192,2017461,26947,26963,40:43.7,40:45.3,40,43,1.6,1,2,4177,right_to_left,Auckland FC,1,True,False,False,chaotic,5,chaotic,5,-31.39,-8.09,3,center,1,defensive_third,False,-16.54,-14.0,4,half_space_right,2,middle_third,False,17.08,17.46,35.08,35.04,26.78,28.9,67.08,63.14
193,2017461,26963,27042,40:45.3,40:53.2,40,45,7.9,1,1,868,left_to_right,Melbourne V FC,2,True,False,False,finish,2,low_block,8,16.01,14.44,2,half_space_left,2,middle_third,False,36.47,35.67,1,wide_left,3,attacking_third,False,29.01,36.1,62.95,68.67,17.67,34.12,34.95,33.24
194,2017461,27224,27235,41:11.4,41:12.5,41,11,1.1,1,2,4177,right_to_left,Auckland FC,2,False,False,False,create,1,medium_block,9,-23.84,-33.81,5,wide_right,1,defensive_third,False,-19.94,-31.32,5,wide_right,1,defensive_third,False,37.39,37.52,45.34,45.8,28.23,28.76,62.22,62.43
195,2017461,27235,27289,41:12.5,41:17.9,41,12,5.4,1,2,4177,right_to_left,Auckland FC,2,False,False,False,build_up,0,high_block,10,-20.31,-31.12,5,wide_right,1,defensive_third,False,-20.36,-31.73,5,wide_right,1,defensive_third,False,37.63,45.57,45.85,45.43,28.82,34.49,62.45,67.58
196,2017461,27289,27292,41:17.9,41:18.2,41,17,0.3,1,2,4177,right_to_left,Auckland FC,0,True,False,False,create,1,medium_block,9,-19.72,-31.94,5,wide_right,1,defensive_third,False,-18.25,-32.25,5,wide_right,1,defensive_third,False,45.5,45.38,45.3,44.97,34.85,35.5,67.34,66.86
197,2017461,27292,27355,41:18.2,41:24.5,41,18,6.3,1,1,868,left_to_right,Melbourne V FC,2,False,False,False,finish,2,low_block,8,17.63,32.34,1,wide_left,3,attacking_third,False,6.35,-0.01,3,center,2,middle_third,False,35.79,45.54,66.61,59.58,45.34,38.03,44.8,37.33
198,2017461,27355,27509,41:24.5,41:39.9,41,24,15.4,1,1,868,left_to_right,Melbourne V FC,5,True,False,False,create,1,medium_block,9,5.46,-0.77,3,center,2,middle_third,False,18.71,-29.47,5,wide_right,3,attacking_third,False,45.93,46.56,59.49,60.81,38.17,36.51,37.03,46.63
199,2017461,27509,27529,41:39.9,41:41.9,41,39,2.0,1,2,4177,right_to_left,Auckland FC,1,False,False,False,chaotic,5,chaotic,5,-19.21,29.16,1,wide_left,1,defensive_third,False,-27.99,30.3,1,wide_left,1,defensive_third,False,36.52,34.85,46.68,45.68,46.51,42.49,61.05,65.1
200,2017461,28035,28089,42:32.5,42:37.9,42,32,5.4,1,2,4177,right_to_left,Auckland FC,1,True,False,False,direct,6,defending_direct,15,-29.02,24.39,1,wide_left,1,defensive_third,False,20.45,30.98,1,wide_left,3,attacking_third,False,22.51,19.79,54.95,63.2,19.81,24.43,36.93,40.14
201,2017461,28089,28099,42:37.9,42:38.9,42,37,1.0,1,1,868,left_to_right,Melbourne V FC,1,False,False,False,chaotic,5,chaotic,5,-20.59,-31.6,5,wide_right,1,defensive_third,False,-22.0,-35.74,5,wide_right,1,defensive_third,False,24.74,26.8,40.19,40.75,19.85,21.59,63.19,63.49
202,2017461,28203,28210,42:49.3,42:50.0,42,49,0.7,1,1,868,left_to_right,Melbourne V FC,1,True,False,False,chaotic,5,chaotic,5,-9.98,-33.41,5,wide_right,2,middle_third,False,-3.4,-30.74,5,wide_right,2,middle_third,False,37.31,36.21,50.02,49.99,21.05,20.69,61.19,60.47
203,2017461,28210,28221,42:50.0,42:51.1,42,50,1.1,1,2,4177,right_to_left,Auckland FC,1,True,False,False,chaotic,5,chaotic,5,2.81,30.13,1,wide_left,2,middle_third,False,7.82,28.38,1,wide_left,2,middle_third,False,20.71,21.3,60.3,57.72,36.0,34.76,49.96,49.15
204,2017461,28221,28253,42:51.1,42:54.3,42,51,3.2,1,1,868,left_to_right,Melbourne V FC,1,True,False,False,chaotic,5,chaotic,5,-8.01,-28.24,5,wide_right,2,middle_third,False,-3.25,-28.55,5,wide_right,2,middle_third,False,34.77,39.57,49.13,49.5,21.41,25.2,57.38,48.18
205,2017461,28253,28286,42:54.3,42:57.6,42,54,3.3,1,2,4177,right_to_left,Auckland FC,1,False,False,False,chaotic,5,chaotic,5,3.15,28.55,1,wide_left,2,middle_third,False,11.09,33.02,1,wide_left,2,middle_third,False,25.27,24.91,48.15,53.68,39.86,40.7,49.5,49.15
206,2017461,28305,28313,42:59.5,43:00.3,42,59,0.8,1,2,4177,right_to_left,Auckland FC,1,False,False,True,create,1,medium_block,9,11.75,34.33,1,wide_left,2,middle_third,False,20.71,31.74,1,wide_left,3,attacking_third,False,27.52,27.89,59.89,62.84,36.31,34.42,48.42,48.73
207,2017461,28313,28524,43:00.3,43:21.4,43,0,21.1,1,2,4177,right_to_left,Auckland FC,6,True,False,True,finish,2,low_block,8,21.97,31.33,1,wide_left,3,attacking_third,False,50.49,-3.72,3,center,3,attacking_third,True,27.92,30.19,63.15,74.04,34.17,23.96,48.76,44.85
208,2017461,28524,28791,43:21.4,43:48.1,43,21,26.7,1,1,868,left_to_right,Melbourne V FC,3,True,False,False,create,1,medium_block,9,-49.99,3.8,3,center,1,defensive_third,False,-1.27,-35.26,5,wide_right,2,middle_third,False,24.24,42.43,44.8,53.66,30.29,33.79,74.04,50.24
209,2017461,28934,28978,44:02.4,44:06.8,44,2,4.4,1,2,4177,right_to_left,Auckland FC,2,True,False,False,chaotic,5,chaotic,5,12.19,33.01,1,wide_left,2,middle_third,False,43.08,11.31,2,half_space_left,3,attacking_third,True,33.34,27.82,61.3,73.12,26.11,25.97,45.12,45.02
210,2017461,29184,29202,44:27.4,44:29.2,44,27,1.8,1,1,868,left_to_right,Melbourne V FC,2,True,False,False,chaotic,5,chaotic,5,,,2,half_space_left,2,middle_third,False,-30.91,30.94,1,wide_left,1,defensive_third,False,,35.88,,34.33,,28.96,,66.67
211,2017461,29202,29256,44:29.2,44:34.6,44,29,5.4,1,2,4177,right_to_left,Auckland FC,3,True,False,False,finish,2,low_block,8,31.03,-30.82,5,wide_right,3,attacking_third,False,37.63,-29.6,5,wide_right,3,attacking_third,False,28.93,33.71,66.52,63.56,35.6,32.93,34.32,32.8
212,2017461,29256,29280,44:34.6,44:37.0,44,34,2.4,1,1,868,left_to_right,Melbourne V FC,1,True,False,False,chaotic,5,chaotic,5,-38.36,28.92,1,wide_left,1,defensive_third,False,-45.6,8.95,3,center,1,defensive_third,False,32.89,30.62,32.74,30.8,33.58,29.17,63.5,68.27
213,2017461,29568,29585,45:05.8,45:07.5,45,5,1.7,1,2,4177,right_to_left,Auckland FC,1,True,False,False,chaotic,5,chaotic,5,33.3,-33.58,5,wide_right,3,attacking_third,False,42.24,-18.47,4,half_space_right,3,attacking_third,True,39.33,35.77,64.45,63.43,22.43,22.48,16.48,17.47
214,2017461,29585,29607,45:07.5,45:09.7,45,7,2.2,1,1,868,left_to_right,Melbourne V FC,1,True,False,False,chaotic,5,chaotic,5,-42.33,18.39,2,half_space_left,1,defensive_third,False,-24.59,27.32,1,wide_left,1,defensive_third,False,22.53,26.0,17.57,21.0,35.68,35.23,63.54,64.3
215,2017461,29607,29634,45:09.7,45:12.4,45,9,2.7,1,2,4177,right_to_left,Auckland FC,1,False,False,False,finish,2,low_block,8,23.85,-27.44,5,wide_right,3,attacking_third,False,5.18,-25.61,5,wide_right,2,middle_third,False,35.37,37.78,64.33,64.84,26.18,32.0,21.36,33.55
216,2017461,29634,29672,45:12.4,45:16.2,45,12,3.8,1,2,4177,right_to_left,Auckland FC,1,False,False,False,create,1,medium_block,9,4.53,-25.28,5,wide_right,2,middle_third,False,-19.38,-3.64,3,center,1,defensive_third,False,37.86,38.41,64.86,64.66,32.1,31.39,33.88,48.3
217,2017461,29672,29731,45:16.2,45:22.1,45,16,5.9,1,2,4177,right_to_left,Auckland FC,2,False,False,False,build_up,0,high_block,10,-20.11,-3.2,3,center,1,defensive_third,False,-20.29,-25.01,5,wide_right,1,defensive_third,False,38.46,49.72,64.56,58.7,31.52,38.66,48.68,59.91
218,2017461,29731,29756,45:22.1,45:24.6,45,22,2.5,1,2,4177,right_to_left,Auckland FC,1,False,False,False,create,1,medium_block,9,-19.73,-25.45,5,wide_right,1,defensive_third,False,0.86,-31.68,5,wide_right,2,middle_third,False,49.75,47.6,58.7,59.65,38.71,39.08,59.92,58.68
219,2017461,30114,30148,46:00.4,46:03.8,46,0,3.4,1,2,4177,right_to_left,Auckland FC,2,True,False,False,create,1,medium_block,9,-3.96,-14.52,4,half_space_right,2,middle_third,False,24.13,5.8,3,center,3,attacking_third,False,36.25,40.03,55.5,59.52,30.2,34.13,26.78,33.67
220,2017461,30148,30179,46:03.8,46:06.9,46,3,3.1,1,1,868,left_to_right,Melbourne V FC,1,True,False,False,chaotic,5,chaotic,5,-24.71,-5.57,3,center,1,defensive_third,False,-9.49,7.12,3,center,2,middle_third,False,34.15,31.94,34.05,42.67,40.11,32.35,59.67,61.93
221,2017461,30179,30197,46:06.9,46:08.7,46,6,1.8,1,2,4177,right_to_left,Auckland FC,1,False,False,False,chaotic,5,chaotic,5,9.1,-7.54,3,center,2,middle_third,False,23.73,-5.18,3,center,3,attacking_third,False,31.86,28.66,61.96,62.42,31.91,31.84,42.7,46.9
222,2017461,39670,39707,45:00.0,45:03.7,0,0,3.7,2,1,4177,left_to_right,Auckland FC,2,False,False,False,create,1,medium_block,9,0.89,0.14,3,center,2,middle_third,False,-11.74,-2.44,3,center,2,middle_third,False,54.93,56.3,45.21,48.92,39.59,38.44,41.62,48.69
223,2017461,39707,39736,45:03.7,45:06.6,0,3,2.9,2,1,4177,left_to_right,Auckland FC,1,True,False,False,direct,6,defending_direct,15,-11.29,-2.16,3,center,2,middle_third,False,23.7,23.43,1,wide_left,3,attacking_third,False,56.07,41.24,49.46,60.49,38.3,34.34,48.63,44.42
224,2017461,39834,39854,45:16.4,45:18.4,0,16,2.0,2,2,868,right_to_left,Melbourne V FC,2,True,False,False,chaotic,5,chaotic,5,-26.58,-32.65,5,wide_right,1,defensive_third,False,-5.02,-28.4,5,wide_right,2,middle_third,False,29.04,26.97,45.89,43.67,23.34,22.11,64.64,61.09
225,2017461,39854,39884,45:18.4,45:21.4,0,18,3.0,2,1,4177,left_to_right,Auckland FC,1,True,False,False,chaotic,5,chaotic,5,4.52,28.53,1,wide_left,2,middle_third,False,2.74,28.35,1,wide_left,2,middle_third,False,22.08,25.13,60.94,56.64,26.86,33.39,43.65,47.12
226,2017461,39884,39983,45:21.4,45:31.3,0,21,9.9,2,2,868,right_to_left,Melbourne V FC,3,False,False,False,create,1,medium_block,9,-2.9,-27.8,5,wide_right,2,middle_third,False,17.54,28.88,1,wide_left,3,attacking_third,False,33.43,49.43,47.07,58.65,25.31,42.95,56.49,44.78
227,2017461,39983,40052,45:31.3,45:38.2,0,31,6.9,2,2,868,right_to_left,Melbourne V FC,2,False,False,False,finish,2,low_block,8,17.97,28.77,1,wide_left,3,attacking_third,False,-2.58,-25.91,5,wide_right,2,middle_third,False,49.27,44.0,58.91,39.9,43.09,48.07,44.64,59.81
228,2017461,40052,40159,45:38.2,45:48.9,0,38,10.7,2,2,868,right_to_left,Melbourne V FC,3,False,False,False,create,1,medium_block,9,2.06,25.74,1,wide_left,2,middle_third,False,-19.58,-17.24,4,half_space_right,1,defensive_third,False,48.01,51.62,59.67,53.73,43.94,35.99,40.32,49.21
229,2017461,40159,40236,45:48.9,45:56.6,0,48,7.7,2,2,868,right_to_left,Melbourne V FC,2,False,False,False,build_up,0,high_block,10,-20.61,-16.49,4,half_space_right,1,defensive_third,False,-21.09,29.82,1,wide_left,1,defensive_third,False,51.77,58.2,53.77,49.95,36.05,41.26,49.51,61.01
230,2017461,40344,40371,46:07.4,46:10.1,1,7,2.7,2,2,868,right_to_left,Melbourne V FC,2,False,False,False,chaotic,5,chaotic,5,-19.45,34.8,1,wide_left,1,defensive_third,False,-12.2,28.61,1,wide_left,2,middle_third,False,41.15,36.77,51.42,50.54,27.8,24.75,59.57,57.96
231,2017461,40371,40418,46:10.1,46:14.8,1,10,4.7,2,2,868,right_to_left,Melbourne V FC,1,True,False,False,direct,6,defending_direct,15,-12.3,28.74,1,wide_left,2,middle_third,False,27.85,25.35,1,wide_left,3,attacking_third,False,36.65,30.77,50.41,63.94,24.96,33.66,57.92,60.52
232,2017461,40418,40449,46:14.8,46:17.9,1,14,3.1,2,1,4177,left_to_right,Auckland FC,2,True,False,False,chaotic,5,chaotic,5,-28.21,-25.17,5,wide_right,1,defensive_third,False,-33.58,-24.85,5,wide_right,1,defensive_third,False,33.93,39.73,60.46,51.32,30.66,29.47,64.37,72.14
233,2017461,40572,40806,46:30.2,46:53.6,1,30,23.4,2,2,868,right_to_left,Melbourne V FC,7,False,False,False,finish,2,low_block,8,14.9,33.67,1,wide_left,2,middle_third,False,54.95,24.35,1,wide_left,3,attacking_third,False,36.53,29.28,70.73,78.62,27.31,28.61,41.22,27.82
234,2017461,40989,41072,47:11.9,47:20.2,2,11,8.3,2,2,868,right_to_left,Melbourne V FC,3,False,False,False,set_play,7,defending_set_play,13,40.74,24.43,1,wide_left,3,attacking_third,False,5.09,-3.62,3,center,2,middle_third,False,36.23,33.78,70.22,63.79,26.34,21.24,34.79,36.08
235,2017461,41072,41110,47:20.2,47:24.0,2,20,3.8,2,2,868,right_to_left,Melbourne V FC,2,False,False,False,create,1,medium_block,9,4.86,-3.55,3,center,2,middle_third,False,4.88,-22.24,5,wide_right,2,middle_third,False,34.08,52.62,63.71,57.56,21.32,27.15,36.4,41.77
236,2017461,41110,41453,47:24.0,47:58.3,2,24,34.3,2,2,868,right_to_left,Melbourne V FC,9,False,False,False,finish,2,low_block,8,5.18,-22.31,5,wide_right,2,middle_third,False,6.01,29.59,1,wide_left,2,middle_third,False,53.05,53.07,57.47,56.6,27.46,40.92,41.7,36.33
237,2017461,41453,41519,47:58.3,48:04.9,2,58,6.6,2,2,868,right_to_left,Melbourne V FC,2,False,False,False,create,1,medium_block,9,4.39,28.42,1,wide_left,2,middle_third,False,-14.31,-6.07,3,center,2,middle_third,False,53.3,61.1,56.54,50.5,40.96,38.62,36.55,46.33
238,2017461,41519,41546,48:04.9,48:07.6,3,4,2.7,2,2,868,right_to_left,Melbourne V FC,1,True,False,False,direct,6,defending_direct,15,-13.92,-5.81,3,center,2,middle_third,False,21.64,11.05,2,half_space_left,3,attacking_third,False,60.94,51.66,50.51,59.23,38.52,33.83,46.11,42.77
239,2017461,41546,41574,48:07.6,48:10.4,3,7,2.8,2,1,4177,left_to_right,Auckland FC,1,True,False,False,chaotic,5,chaotic,5,-22.4,-11.2,4,half_space_right,1,defensive_third,False,-8.59,7.0,3,center,2,middle_third,False,33.53,27.4,42.81,46.19,51.24,35.07,59.48,60.89
240,2017461,41574,41609,48:10.4,48:13.9,3,10,3.5,2,2,868,right_to_left,Melbourne V FC,1,True,False,False,chaotic,5,chaotic,5,8.4,-7.11,3,center,2,middle_third,False,0.85,5.97,3,center,2,middle_third,False,34.39,33.92,60.84,60.03,27.35,26.25,46.22,47.01
241,2017461,41609,41684,48:13.9,48:21.4,3,13,7.5,2,1,4177,left_to_right,Auckland FC,2,True,False,True,transition,4,defending_transition,11,-0.45,-6.01,3,center,2,middle_third,False,54.94,1.11,3,center,3,attacking_third,False,26.28,28.01,47.16,76.4,33.91,37.82,60.24,62.24
242,2017461,42077,42122,49:00.7,49:05.2,4,0,4.5,2,2,868,right_to_left,Melbourne V FC,1,True,False,False,create,1,medium_block,9,,,2,half_space_left,2,middle_third,False,-10.87,34.21,1,wide_left,2,middle_third,False,,53.17,,52.18,,33.92,,48.76
243,2017461,42122,42132,49:05.2,49:06.2,4,5,1.0,2,1,4177,left_to_right,Auckland FC,1,True,False,False,chaotic,5,chaotic,5,11.29,-34.35,5,wide_right,2,middle_third,False,13.74,-36.18,5,wide_right,2,middle_third,False,34.04,34.65,49.02,50.49,53.19,53.06,52.0,51.01
244,2017461,42167,42169,49:09.7,49:09.9,4,9,0.2,2,2,868,right_to_left,Melbourne V FC,1,False,False,False,create,1,medium_block,9,-19.02,31.74,1,wide_left,1,defensive_third,False,-19.97,31.15,1,wide_left,1,defensive_third,False,50.28,50.24,50.13,50.09,36.4,36.4,52.18,52.41
245,2017461,42169,42240,49:09.9,49:17.0,4,9,7.1,2,2,868,right_to_left,Melbourne V FC,2,False,False,False,build_up,0,high_block,10,-21.03,30.41,1,wide_left,1,defensive_third,False,-42.7,-20.57,5,wide_right,1,defensive_third,False,50.2,54.14,50.05,50.43,36.42,42.55,52.67,71.49
246,2017461,42240,42268,49:17.0,49:19.8,4,17,2.8,2,2,868,right_to_left,Melbourne V FC,1,True,False,False,direct,6,defending_direct,15,-42.3,-21.13,5,wide_right,1,defensive_third,False,-5.8,-25.1,5,wide_right,2,middle_third,False,54.05,46.89,50.46,49.48,42.61,41.07,71.72,67.77
247,2017461,42268,42292,49:19.8,49:22.2,4,19,2.4,2,1,4177,left_to_right,Auckland FC,1,True,False,False,chaotic,5,chaotic,5,5.26,25.14,1,wide_left,2,middle_third,False,18.45,33.48,1,wide_left,3,attacking_third,False,41.05,42.83,67.48,60.88,46.54,43.04,49.4,48.03
248,2017461,42373,42398,49:30.3,49:32.8,4,30,2.5,2,2,868,right_to_left,Melbourne V FC,1,True,False,False,chaotic,5,chaotic,5,-14.45,-33.96,5,wide_right,2,middle_third,False,-2.6,-28.37,5,wide_right,2,middle_third,False,38.71,34.28,50.46,51.89,30.28,30.16,60.74,58.95
249,2017461,42398,42477,49:32.8,49:40.7,4,32,7.9,2,1,4177,left_to_right,Auckland FC,3,False,False,False,create,1,medium_block,9,3.08,28.05,1,wide_left,2,middle_third,False,7.39,-21.38,5,wide_right,2,middle_third,False,30.08,48.93,58.85,55.67,34.09,41.35,51.93,43.99
250,2017461,42477,42502,49:40.7,49:43.2,4,40,2.5,2,1,4177,left_to_right,Auckland FC,2,True,False,False,finish,2,low_block,8,7.66,-21.38,5,wide_right,2,middle_third,False,22.3,-22.46,5,wide_right,3,attacking_third,False,49.11,51.16,55.8,57.35,41.74,43.83,43.81,41.83
251,2017461,42502,42559,49:43.2,49:48.9,4,43,5.7,2,2,868,right_to_left,Melbourne V FC,2,True,False,False,chaotic,5,chaotic,5,-22.55,22.61,1,wide_left,1,defensive_third,False,-0.91,10.58,2,half_space_left,2,middle_third,False,43.74,52.83,41.83,54.24,51.02,37.82,57.5,53.72
252,2017461,43402,43495,51:13.2,51:22.5,6,13,9.3,2,1,4177,left_to_right,Auckland FC,3,False,False,False,set_play,7,defending_set_play,13,22.37,-17.36,4,half_space_right,3,attacking_third,False,54.47,-7.11,3,center,3,attacking_third,False,35.55,26.19,54.83,77.26,25.07,19.89,19.59,32.63
253,2017461,43880,43903,52:01.0,52:03.3,7,1,2.3,2,1,4177,left_to_right,Auckland FC,2,False,False,True,set_play,7,defending_set_play,13,51.04,-30.45,5,wide_right,3,attacking_third,False,51.32,-4.26,3,center,3,attacking_third,True,41.31,33.49,70.35,67.91,25.59,18.89,21.3,21.74
254,2017461,44167,44231,52:29.7,52:36.1,7,29,6.4,2,1,4177,left_to_right,Auckland FC,1,True,False,False,set_play,7,defending_set_play,13,51.69,-33.36,5,wide_right,3,attacking_third,False,26.79,-10.57,4,half_space_right,3,attacking_third,False,40.71,26.02,66.12,62.78,25.26,29.43,27.42,32.96
255,2017461,44231,44240,52:36.1,52:37.0,7,36,0.9,2,2,868,right_to_left,Melbourne V FC,1,False,False,False,build_up,0,high_block,10,-26.44,10.48,2,half_space_left,1,defensive_third,False,-20.6,12.07,2,half_space_left,1,defensive_third,False,29.66,31.35,33.27,35.92,25.75,22.62,62.73,62.82
256,2017461,44240,44360,52:37.0,52:49.0,7,37,12.0,2,2,868,right_to_left,Melbourne V FC,3,False,False,False,create,1,medium_block,9,-19.88,12.42,2,half_space_left,1,defensive_third,False,13.11,-12.99,4,half_space_right,2,middle_third,False,31.53,48.32,36.2,57.87,22.15,29.63,62.87,43.33
257,2017461,44360,44388,52:49.0,52:51.8,7,49,2.8,2,2,868,right_to_left,Melbourne V FC,1,True,False,False,finish,2,low_block,8,13.68,-13.03,4,half_space_right,2,middle_third,False,30.11,-11.09,4,half_space_right,3,attacking_third,False,48.42,50.93,58.13,63.95,29.57,28.66,43.11,37.71
258,2017461,44388,44433,52:51.8,52:56.3,7,51,4.5,2,1,4177,left_to_right,Auckland FC,1,True,False,False,chaotic,5,chaotic,5,-30.9,11.06,2,half_space_left,1,defensive_third,False,-8.59,26.27,1,wide_left,2,middle_third,False,28.36,27.16,37.53,39.73,50.96,47.99,64.13,62.27
259,2017461,44433,44541,52:56.3,53:07.1,7,56,10.8,2,2,868,right_to_left,Melbourne V FC,3,True,False,False,finish,2,low_block,8,8.69,-26.63,5,wide_right,2,middle_third,False,44.25,8.88,3,center,3,attacking_third,True,48.23,32.24,62.16,70.61,27.66,34.78,40.06,39.81
260,2017461,44541,44599,53:07.1,53:12.9,8,7,5.8,2,1,4177,left_to_right,Auckland FC,1,True,False,False,chaotic,5,chaotic,5,-44.25,-8.48,3,center,1,defensive_third,False,10.92,-23.54,5,wide_right,2,middle_third,False,34.52,33.12,39.82,39.06,31.69,29.82,70.74,68.44
261,2017461,44599,44834,53:12.9,53:36.4,8,12,23.5,2,2,868,right_to_left,Melbourne V FC,6,False,False,False,create,1,medium_block,9,-11.59,23.66,1,wide_left,2,middle_third,False,-22.43,-18.32,4,half_space_right,1,defensive_third,False,30.12,57.72,68.3,50.61,33.16,36.67,39.08,58.03
262,2017461,44834,44857,53:36.4,53:38.7,8,36,2.3,2,2,868,right_to_left,Melbourne V FC,1,True,False,False,direct,6,defending_direct,15,-22.39,-18.37,4,half_space_right,1,defensive_third,False,15.17,-12.88,4,half_space_right,2,middle_third,False,57.41,47.02,50.91,59.05,36.69,34.49,57.99,56.95
263,2017461,44857,44953,53:38.7,53:48.3,8,38,9.6,2,1,4177,left_to_right,Auckland FC,4,True,False,False,transition,4,defending_transition,11,-15.32,12.89,2,half_space_left,2,middle_third,False,45.29,21.2,1,wide_left,3,attacking_third,False,34.33,30.48,56.82,76.78,46.41,22.85,59.07,52.24
264,2017461,45305,45367,54:23.5,54:29.7,9,23,6.2,2,2,868,right_to_left,Melbourne V FC,1,False,False,False,create,1,medium_block,9,-45.12,7.88,3,center,1,defensive_third,False,-19.64,28.03,1,wide_left,1,defensive_third,False,30.17,31.91,55.88,54.22,26.77,31.95,45.07,52.84
265,2017461,45367,45403,54:29.7,54:33.3,9,29,3.6,2,2,868,right_to_left,Melbourne V FC,1,False,False,False,build_up,0,high_block,10,-20.34,27.92,1,wide_left,1,defensive_third,False,-34.44,31.23,1,wide_left,1,defensive_third,False,31.96,35.17,54.15,51.25,31.95,33.04,53.19,65.78
266,2017461,45460,45483,54:39.0,54:41.3,9,39,2.3,2,2,868,right_to_left,Melbourne V FC,1,True,False,False,chaotic,5,chaotic,5,-27.22,32.7,1,wide_left,1,defensive_third,False,-3.23,21.55,1,wide_left,2,middle_third,False,39.61,35.73,48.74,46.45,33.44,33.81,69.91,70.17
267,2017461,45483,45504,54:41.3,54:43.4,9,41,2.1,2,1,4177,left_to_right,Auckland FC,1,True,False,False,chaotic,5,chaotic,5,3.35,-21.64,5,wide_right,2,middle_third,False,32.81,-28.04,5,wide_right,3,attacking_third,False,33.85,32.65,69.81,63.27,35.58,34.03,46.27,46.6
268,2017461,45605,45615,54:53.5,54:54.5,9,53,1.0,2,2,868,right_to_left,Melbourne V FC,1,False,False,False,chaotic,5,chaotic,5,-28.65,34.16,1,wide_left,1,defensive_third,False,-23.52,31.29,1,wide_left,1,defensive_third,False,32.03,31.4,44.77,44.47,22.65,23.12,60.39,59.45
269,2017461,45703,45718,55:03.3,55:04.8,10,3,1.5,2,2,868,right_to_left,Melbourne V FC,1,True,False,False,chaotic,5,chaotic,5,-15.38,34.27,1,wide_left,2,middle_third,False,-3.44,30.62,1,wide_left,2,middle_third,False,32.34,31.91,46.3,46.79,24.46,24.17,53.16,51.76
270,2017461,45718,45748,55:04.8,55:07.8,10,4,3.0,2,1,4177,left_to_right,Auckland FC,2,True,False,False,chaotic,5,chaotic,5,3.2,-30.47,5,wide_right,2,middle_third,False,18.27,-18.45,4,half_space_right,3,attacking_third,False,24.23,26.56,51.61,51.67,31.84,28.53,46.79,46.84
271,2017461,45748,45816,55:07.8,55:14.6,10,7,6.8,2,2,868,right_to_left,Melbourne V FC,2,True,False,False,create,1,medium_block,9,-18.57,17.83,2,half_space_left,1,defensive_third,False,3.75,-22.36,5,wide_right,2,middle_third,False,28.44,44.35,46.84,52.19,26.67,40.88,51.8,55.69
272,2017461,45816,45877,55:14.6,55:20.7,10,14,6.1,2,1,4177,left_to_right,Auckland FC,2,True,False,False,transition,4,defending_transition,11,-4.44,22.79,1,wide_left,2,middle_third,False,23.77,11.08,2,half_space_left,3,attacking_third,False,41.31,45.92,55.68,60.84,44.72,41.27,52.22,47.92
273,2017461,45877,45895,55:20.7,55:22.5,10,20,1.8,2,2,868,right_to_left,Melbourne V FC,1,True,False,False,chaotic,5,chaotic,5,-24.39,-9.95,4,half_space_right,1,defensive_third,False,-11.3,-15.79,4,half_space_right,2,middle_third,False,41.11,38.14,47.75,45.45,45.69,41.88,61.08,61.58
274,2017461,45895,45955,55:22.5,55:28.5,10,22,6.0,2,1,4177,left_to_right,Auckland FC,2,True,False,False,finish,2,low_block,8,10.71,16.12,2,half_space_left,2,middle_third,False,40.24,3.45,3,center,3,attacking_third,True,41.61,38.84,61.5,72.64,37.99,33.39,45.3,38.99
275,2017461,47557,47593,58:08.7,58:12.3,13,8,3.6,2,2,868,right_to_left,Melbourne V FC,1,True,False,False,direct,6,defending_direct,15,-10.57,9.36,2,half_space_left,2,middle_third,False,33.22,19.15,2,half_space_left,3,attacking_third,False,28.5,22.71,51.75,60.52,24.88,22.91,42.4,45.26
276,2017461,47593,47605,58:12.3,58:13.5,13,12,1.2,2,1,4177,left_to_right,Auckland FC,1,False,False,False,build_up,0,high_block,10,-33.88,-19.21,4,half_space_right,1,defensive_third,False,-37.38,-21.39,5,wide_right,1,defensive_third,False,23.14,26.04,45.39,46.61,22.74,23.98,60.98,65.57
277,2017461,47605,47646,58:13.5,58:17.6,13,13,4.1,2,1,4177,left_to_right,Auckland FC,1,False,False,False,direct,6,defending_direct,15,-36.51,-21.53,5,wide_right,1,defensive_third,False,-0.99,-21.72,5,wide_right,2,middle_third,False,26.32,27.28,46.72,52.08,24.08,23.07,65.87,60.37
278,2017461,47646,47712,58:17.6,58:24.2,13,17,6.6,2,1,4177,left_to_right,Auckland FC,3,True,False,False,create,1,medium_block,9,-0.5,-21.97,5,wide_right,2,middle_third,False,3.07,-19.48,4,half_space_right,2,middle_third,False,27.24,37.2,52.15,50.1,23.16,28.84,60.05,48.38
279,2017461,47712,47799,58:24.2,58:32.9,13,24,8.7,2,2,868,right_to_left,Melbourne V FC,5,True,False,True,transition,4,defending_transition,11,-3.12,19.75,2,half_space_left,2,middle_third,False,35.66,8.18,3,center,3,attacking_third,False,28.78,29.75,48.39,72.87,37.16,19.85,50.06,45.03
280,2017461,47799,47852,58:32.9,58:38.2,13,32,5.3,2,1,4177,left_to_right,Auckland FC,2,True,False,False,chaotic,5,chaotic,5,-36.47,-7.8,3,center,1,defensive_third,False,-21.72,-6.29,3,center,1,defensive_third,False,19.57,20.97,44.83,36.12,29.53,23.77,72.9,65.2
281,2017461,47852,47905,58:38.2,58:43.5,13,38,5.3,2,2,868,right_to_left,Melbourne V FC,1,False,False,False,finish,2,low_block,8,21.94,6.2,3,center,3,attacking_third,False,11.33,5.4,3,center,2,middle_third,False,23.93,34.67,64.99,60.65,21.22,25.96,36.41,41.91
282,2017461,47905,47919,58:43.5,58:44.9,13,43,1.4,2,2,868,right_to_left,Melbourne V FC,1,False,False,False,create,1,medium_block,9,11.64,5.35,3,center,2,middle_third,False,15.63,4.68,3,center,2,middle_third,False,34.9,36.63,60.55,58.9,26.06,26.24,42.05,43.25
283,2017461,47919,47955,58:44.9,58:48.5,13,44,3.6,2,2,868,right_to_left,Melbourne V FC,1,False,False,False,finish,2,low_block,8,15.98,4.47,3,center,2,middle_third,False,26.29,-7.03,3,center,3,attacking_third,False,36.7,41.03,58.84,61.71,26.12,22.24,43.31,44.68
284,2017461,48711,48911,60:04.1,60:24.1,15,4,20.0,2,2,868,right_to_left,Melbourne V FC,8,False,False,True,set_play,7,defending_set_play,13,32.46,-11.31,4,half_space_right,3,attacking_third,False,21.26,20.46,1,wide_left,3,attacking_third,False,28.23,42.6,67.7,66.84,20.63,31.0,17.83,35.32
285,2017461,48911,48957,60:24.1,60:28.7,15,24,4.6,2,2,868,right_to_left,Melbourne V FC,3,False,False,False,finish,2,low_block,8,20.83,20.55,1,wide_left,3,attacking_third,False,9.11,17.65,2,half_space_left,2,middle_third,False,42.48,51.99,66.71,61.61,30.9,36.15,35.36,40.86
286,2017461,48957,48979,60:28.7,60:30.9,15,28,2.2,2,2,868,right_to_left,Melbourne V FC,2,True,False,False,create,1,medium_block,9,8.8,17.89,2,half_space_left,2,middle_third,False,5.46,22.2,1,wide_left,2,middle_third,False,52.08,54.02,61.53,59.0,36.22,36.6,41.07,43.77
287,2017461,48979,49010,60:30.9,60:34.0,15,30,3.1,2,1,4177,left_to_right,Auckland FC,1,True,False,False,chaotic,5,chaotic,5,-5.84,-21.45,5,wide_right,2,middle_third,False,1.8,-6.56,3,center,2,middle_third,False,36.54,34.87,43.84,45.74,54.04,47.76,58.81,54.51
288,2017461,49010,49029,60:34.0,60:35.9,15,34,1.9,2,2,868,right_to_left,Melbourne V FC,1,False,False,False,chaotic,5,chaotic,5,-2.19,6.39,3,center,2,middle_third,False,3.4,7.13,3,center,2,middle_third,False,47.46,42.29,54.37,51.98,34.89,33.89,46.03,49.26
289,2017461,49245,49291,60:57.5,61:02.1,15,57,4.6,2,2,868,right_to_left,Melbourne V FC,2,False,False,False,chaotic,5,chaotic,5,,,2,half_space_left,2,middle_third,False,-43.13,35.96,1,wide_left,1,defensive_third,False,,28.55,,50.13,,36.06,,70.76
290,2017461,49465,49515,61:19.5,61:24.5,16,19,5.0,2,2,868,right_to_left,Melbourne V FC,1,False,False,False,direct,6,defending_direct,15,,,2,half_space_left,2,middle_third,False,12.76,10.43,2,half_space_left,2,middle_third,False,,32.07,,65.89,,28.93,,44.72
291,2017461,49515,49563,61:24.5,61:29.3,16,24,4.8,2,2,868,right_to_left,Melbourne V FC,2,False,False,False,finish,2,low_block,8,12.45,9.95,2,half_space_left,2,middle_third,False,6.97,-5.07,3,center,2,middle_third,False,32.19,49.67,65.61,59.75,28.68,30.67,44.32,36.39
292,2017461,49563,49651,61:29.3,61:38.1,16,29,8.8,2,2,868,right_to_left,Melbourne V FC,5,True,False,False,create,1,medium_block,9,6.67,-4.78,3,center,2,middle_third,False,18.78,24.14,1,wide_left,3,attacking_third,False,50.02,48.01,59.69,56.17,30.92,32.34,36.6,49.0
293,2017461,49651,49670,61:38.1,61:40.0,16,38,1.9,2,1,4177,left_to_right,Auckland FC,1,True,False,False,chaotic,5,chaotic,5,-18.9,-23.79,5,wide_right,1,defensive_third,False,-26.37,-24.2,5,wide_right,1,defensive_third,False,32.12,29.56,49.1,49.89,47.66,41.9,56.54,60.88
294,2017461,49670,49725,61:40.0,61:45.5,16,40,5.5,2,2,868,right_to_left,Melbourne V FC,2,True,False,False,chaotic,5,chaotic,5,26.55,24.14,1,wide_left,3,attacking_third,False,44.9,23.23,1,wide_left,3,attacking_third,False,41.65,32.1,60.96,73.84,29.52,22.92,49.87,46.17
295,2017461,49725,49758,61:45.5,61:48.8,16,45,3.3,2,1,4177,left_to_right,Auckland FC,1,True,False,False,chaotic,5,chaotic,5,-45.13,-23.38,5,wide_right,1,defensive_third,False,-16.66,-21.3,5,wide_right,2,middle_third,False,22.82,32.57,46.03,43.23,32.05,31.5,73.77,69.63
296,2017461,49758,49776,61:48.8,61:50.6,16,48,1.8,2,2,868,right_to_left,Melbourne V FC,2,True,False,False,chaotic,5,chaotic,5,16.1,21.01,1,wide_left,2,middle_third,False,24.75,28.38,1,wide_left,3,attacking_third,False,31.51,32.15,69.52,67.33,32.68,33.64,43.12,43.12
297,2017461,50232,50319,62:36.2,62:44.9,17,36,8.7,2,1,4177,left_to_right,Auckland FC,3,False,False,False,build_up,0,high_block,10,-23.56,-31.41,5,wide_right,1,defensive_third,False,-20.17,24.7,1,wide_left,1,defensive_third,False,38.88,53.32,49.04,47.06,28.2,31.69,61.34,60.93
298,2017461,50319,50410,62:44.9,62:54.0,17,44,9.1,2,1,4177,left_to_right,Auckland FC,2,False,False,False,create,1,medium_block,9,-19.43,25.35,1,wide_left,1,defensive_third,False,23.14,32.2,1,wide_left,3,attacking_third,False,53.34,48.11,47.22,61.7,31.95,37.23,60.86,42.43
299,2017461,50575,50583,63:10.5,63:11.3,18,10,0.8,2,1,4177,left_to_right,Auckland FC,1,True,False,False,chaotic,5,chaotic,5,27.68,34.15,1,wide_left,3,attacking_third,False,35.42,29.31,1,wide_left,3,attacking_third,False,40.28,38.91,65.39,66.29,34.55,34.79,27.92,27.88
300,2017461,50583,50593,63:11.3,63:12.3,18,11,1.0,2,2,868,right_to_left,Melbourne V FC,1,True,False,False,chaotic,5,chaotic,5,-36.07,-27.94,5,wide_right,1,defensive_third,False,-40.78,-28.77,5,wide_right,1,defensive_third,False,34.76,34.42,27.83,26.96,38.7,37.08,66.38,68.35
301,2017461,50826,50941,63:35.6,63:47.1,18,35,11.5,2,1,4177,left_to_right,Auckland FC,4,False,True,True,finish,2,low_block,8,43.71,32.85,1,wide_left,3,attacking_third,False,51.04,-0.19,3,center,3,attacking_third,True,38.85,26.47,69.68,70.99,18.05,29.64,14.39,14.69
302,2017461,52148,52178,65:47.8,65:50.8,20,47,3.0,2,2,868,right_to_left,Melbourne V FC,2,False,False,False,create,1,medium_block,9,-0.41,0.86,3,center,2,middle_third,False,-16.64,-2.6,3,center,2,middle_third,False,50.2,50.83,42.33,53.3,36.09,37.95,43.9,54.33
303,2017461,52178,52211,65:50.8,65:54.1,20,50,3.3,2,2,868,right_to_left,Melbourne V FC,1,True,False,False,direct,6,defending_direct,15,-15.96,-2.34,3,center,2,middle_third,False,25.86,16.46,2,half_space_left,3,attacking_third,False,50.79,39.47,53.87,66.49,37.88,32.71,54.56,50.29
304,2017461,52211,52297,65:54.1,66:02.7,20,54,8.6,2,1,4177,left_to_right,Auckland FC,3,True,False,False,create,1,medium_block,9,-26.28,-16.83,4,half_space_right,1,defensive_third,False,-5.97,16.04,2,half_space_left,2,middle_third,False,32.55,38.42,50.08,50.13,38.94,31.97,66.64,53.76
305,2017461,52297,52335,66:02.7,66:06.5,21,2,3.8,2,2,868,right_to_left,Melbourne V FC,2,True,False,False,chaotic,5,chaotic,5,5.76,-15.69,4,half_space_right,2,middle_third,False,9.61,-18.49,4,half_space_right,2,middle_third,False,31.95,38.69,53.63,57.02,38.57,30.9,50.04,44.2
306,2017461,52335,52399,66:06.5,66:12.9,21,6,6.4,2,1,4177,left_to_right,Auckland FC,3,False,False,True,create,1,medium_block,9,-9.43,18.41,2,half_space_left,2,middle_third,False,26.18,18.52,2,half_space_left,3,attacking_third,False,30.75,33.08,44.06,64.09,38.79,22.64,56.94,57.28
307,2017461,52399,52529,66:12.9,66:25.9,21,12,13.0,2,1,4177,left_to_right,Auckland FC,5,False,False,True,finish,2,low_block,8,26.53,18.34,2,half_space_left,3,attacking_third,False,-33.7,-15.3,4,half_space_right,1,defensive_third,False,33.05,28.96,64.33,43.34,22.51,30.45,57.34,73.65
308,2017461,52529,52575,66:25.9,66:30.5,21,25,4.6,2,1,4177,left_to_right,Auckland FC,1,True,False,True,quick_break,3,defending_quick_break,12,33.73,14.88,2,half_space_left,3,attacking_third,False,55.69,5.71,3,center,3,attacking_third,False,30.43,27.64,73.34,73.5,28.9,25.4,43.27,38.21
309,2017461,52875,52890,67:00.5,67:02.0,22,0,1.5,2,2,868,right_to_left,Melbourne V FC,1,True,False,False,direct,6,defending_direct,15,,,2,half_space_left,2,middle_third,False,6.38,15.51,2,half_space_left,2,middle_third,False,,21.91,,57.83,,17.04,,45.64
310,2017461,52890,52969,67:02.0,67:09.9,22,2,7.9,2,1,4177,left_to_right,Auckland FC,2,False,False,False,create,1,medium_block,9,-6.59,-15.46,4,half_space_right,2,middle_third,False,16.0,19.74,2,half_space_left,2,middle_third,False,16.9,38.55,45.66,59.68,21.82,31.09,58.22,44.58
311,2017461,52969,52994,67:09.9,67:12.4,22,9,2.5,2,1,4177,left_to_right,Auckland FC,2,True,False,False,finish,2,low_block,8,16.38,20.02,2,half_space_left,2,middle_third,False,30.49,21.01,1,wide_left,3,attacking_third,False,38.79,40.14,59.89,64.16,31.19,37.69,44.25,41.0
312,2017461,52994,53044,67:12.4,67:17.4,22,12,5.0,2,2,868,right_to_left,Melbourne V FC,3,False,False,False,build_up,0,high_block,10,-30.72,-20.78,5,wide_right,1,defensive_third,False,-20.33,-6.8,3,center,1,defensive_third,False,37.68,47.09,41.02,48.89,39.99,35.17,64.33,64.35
313,2017461,53044,53350,67:17.4,67:48.0,22,17,30.6,2,2,868,right_to_left,Melbourne V FC,11,True,False,False,create,1,medium_block,9,-19.96,-6.81,3,center,1,defensive_third,False,14.78,12.4,2,half_space_left,2,middle_third,False,47.58,41.57,49.15,64.07,35.21,34.07,64.17,53.27
314,2017461,53350,53552,67:48.0,68:08.2,22,48,20.2,2,1,4177,left_to_right,Auckland FC,6,True,False,False,transition,4,defending_transition,11,-14.73,-11.99,4,half_space_right,2,middle_third,False,37.25,8.14,3,center,3,attacking_third,True,34.07,37.39,53.31,70.38,41.22,28.98,64.13,47.37
315,2017461,53552,53740,68:08.2,68:27.0,23,8,18.8,2,2,868,right_to_left,Melbourne V FC,7,True,False,False,transition,4,defending_transition,11,-37.31,-7.59,3,center,1,defensive_third,False,21.77,-26.42,5,wide_right,3,attacking_third,False,28.77,53.94,47.54,58.1,37.35,34.54,70.54,41.91
316,2017461,53740,53811,68:27.0,68:34.1,23,27,7.1,2,1,4177,left_to_right,Auckland FC,3,True,False,False,chaotic,5,chaotic,5,-22.35,25.92,1,wide_left,1,defensive_third,False,-0.65,32.11,1,wide_left,2,middle_third,False,34.59,35.94,41.82,45.44,53.96,48.87,58.25,59.26
317,2017461,54252,54256,69:18.2,69:18.6,24,18,0.4,2,2,868,right_to_left,Melbourne V FC,1,True,False,False,create,1,medium_block,9,,,2,half_space_left,2,middle_third,False,13.42,-5.37,3,center,2,middle_third,False,,48.35,,51.7,,31.32,,43.19
318,2017461,54256,54269,69:18.6,69:19.9,24,18,1.3,2,1,4177,left_to_right,Auckland FC,1,True,False,False,chaotic,5,chaotic,5,-13.04,4.44,3,center,2,middle_third,False,-9.01,-1.63,3,center,2,middle_third,False,31.48,31.8,43.31,44.95,48.31,47.35,51.8,51.28
319,2017461,54269,54316,69:19.9,69:24.6,24,19,4.7,2,2,868,right_to_left,Melbourne V FC,3,False,False,False,create,1,medium_block,9,8.08,1.74,3,center,2,middle_third,False,15.38,28.31,1,wide_left,2,middle_third,False,47.26,47.18,51.23,55.56,31.73,32.32,45.09,45.24
320,2017461,54316,54463,69:24.6,69:39.3,24,24,14.7,2,2,868,right_to_left,Melbourne V FC,5,True,False,False,finish,2,low_block,8,15.9,28.41,1,wide_left,2,middle_third,False,39.14,24.7,1,wide_left,3,attacking_third,False,46.98,47.63,55.94,65.57,32.31,31.35,45.07,35.24
321,2017461,54463,54473,69:39.3,69:40.3,24,39,1.0,2,1,4177,left_to_right,Auckland FC,1,True,False,False,chaotic,5,chaotic,5,-39.14,-25.06,5,wide_right,1,defensive_third,False,-29.14,-33.14,5,wide_right,1,defensive_third,False,31.94,35.46,35.2,34.65,47.24,47.13,66.04,69.72
322,2017461,54521,54638,69:45.1,69:56.8,24,45,11.7,2,2,868,right_to_left,Melbourne V FC,5,True,False,False,finish,2,low_block,8,27.12,33.41,1,wide_left,3,attacking_third,False,36.75,19.83,2,half_space_left,3,attacking_third,True,52.76,43.91,68.99,65.36,34.43,30.15,29.93,23.76
323,2017461,55018,55104,70:34.8,70:43.4,25,34,8.6,2,1,4177,left_to_right,Auckland FC,1,True,False,False,direct,6,defending_direct,15,-33.35,-17.34,4,half_space_right,1,defensive_third,False,29.33,-30.07,5,wide_right,3,attacking_third,False,32.51,22.92,54.0,61.88,24.66,27.64,42.71,41.7
324,2017461,55104,55162,70:43.4,70:49.2,25,43,5.8,2,2,868,right_to_left,Melbourne V FC,2,True,False,False,chaotic,5,chaotic,5,-29.3,30.54,1,wide_left,1,defensive_third,False,-22.7,22.97,1,wide_left,1,defensive_third,False,27.82,27.14,41.62,40.88,23.23,25.16,61.95,58.1
325,2017461,55162,55192,70:49.2,70:52.2,25,49,3.0,2,1,4177,left_to_right,Auckland FC,1,True,False,False,chaotic,5,chaotic,5,22.55,-22.68,5,wide_right,3,attacking_third,False,26.02,-9.88,4,half_space_right,3,attacking_third,False,25.12,33.04,57.95,56.47,27.08,25.83,40.92,41.09
326,2017461,55192,55385,70:52.2,71:11.5,25,52,19.3,2,2,868,right_to_left,Melbourne V FC,5,False,False,False,build_up,0,high_block,10,-27.02,8.94,3,center,1,defensive_third,False,-24.28,5.69,3,center,1,defensive_third,False,25.72,62.48,41.05,48.35,33.37,35.57,56.52,54.51
327,2017461,55385,55415,71:11.5,71:14.5,26,11,3.0,2,2,868,right_to_left,Melbourne V FC,1,True,False,False,direct,6,defending_direct,15,-23.75,5.7,3,center,1,defensive_third,False,15.59,-6.97,3,center,2,middle_third,False,62.43,49.05,48.44,55.94,35.51,32.53,54.47,55.13
328,2017461,55415,55441,71:14.5,71:17.1,26,14,2.6,2,1,4177,left_to_right,Auckland FC,1,True,False,False,chaotic,5,chaotic,5,-15.98,6.98,3,center,2,middle_third,False,-4.27,6.38,3,center,2,middle_third,False,32.25,25.11,55.09,51.16,48.29,33.89,56.12,54.53
329,2017461,55441,55539,71:17.1,71:26.9,26,17,9.8,2,2,868,right_to_left,Melbourne V FC,3,True,False,False,chaotic,5,chaotic,5,3.86,-6.11,3,center,2,middle_third,False,10.38,30.47,1,wide_left,2,middle_third,False,33.7,47.03,54.29,57.96,24.97,35.76,50.96,47.79
330,2017461,55539,55545,71:26.9,71:27.5,26,26,0.6,2,1,4177,left_to_right,Auckland FC,1,True,False,False,chaotic,5,chaotic,5,-10.31,-30.53,5,wide_right,2,middle_third,False,-7.82,-28.46,5,wide_right,2,middle_third,False,35.65,35.31,47.69,47.25,47.22,47.6,57.88,57.55
331,2017461,55545,55574,71:27.5,71:30.4,26,27,2.9,2,2,868,right_to_left,Melbourne V FC,2,True,False,False,chaotic,5,chaotic,5,7.24,27.95,1,wide_left,2,middle_third,False,15.25,25.74,1,wide_left,2,middle_third,False,47.56,44.72,57.51,56.61,35.28,31.44,47.17,46.22
332,2017461,55574,55649,71:30.4,71:37.9,26,30,7.5,2,1,4177,left_to_right,Auckland FC,2,False,False,False,create,1,medium_block,9,-15.23,-26.09,5,wide_right,2,middle_third,False,34.59,-10.43,4,half_space_right,3,attacking_third,False,31.35,35.68,46.23,72.72,44.71,31.57,56.63,58.84
333,2017461,55649,55668,71:37.9,71:39.8,26,37,1.9,2,1,4177,left_to_right,Auckland FC,1,True,False,False,finish,2,low_block,8,35.33,-10.2,4,half_space_right,3,attacking_third,False,50.78,-0.31,3,center,3,attacking_third,True,35.59,34.02,73.32,83.38,31.5,30.83,58.68,55.24
334,2017461,56014,56058,72:14.4,72:18.8,27,14,4.4,2,2,868,right_to_left,Melbourne V FC,1,True,False,False,direct,6,defending_direct,15,-18.76,15.51,2,half_space_left,1,defensive_third,False,19.89,7.07,3,center,3,attacking_third,False,51.8,32.24,58.45,65.58,29.81,20.18,50.45,49.42
335,2017461,56058,56149,72:18.8,72:27.9,27,18,9.1,2,1,4177,left_to_right,Auckland FC,3,False,False,False,create,1,medium_block,9,-19.58,-6.77,3,center,1,defensive_third,False,22.43,-26.06,5,wide_right,3,attacking_third,False,19.97,36.61,49.19,62.22,31.87,26.29,65.41,55.2
336,2017461,56149,56165,72:27.9,72:29.5,27,27,1.6,2,1,4177,left_to_right,Auckland FC,1,True,False,False,finish,2,low_block,8,23.18,-26.09,5,wide_right,3,attacking_third,False,32.22,-21.37,5,wide_right,3,attacking_third,False,36.52,34.58,62.65,66.91,26.38,26.72,55.15,53.66
337,2017461,56505,56531,73:03.5,73:06.1,28,3,2.6,2,2,868,right_to_left,Melbourne V FC,2,False,False,False,create,1,medium_block,9,,,2,half_space_left,2,middle_third,False,17.21,27.85,1,wide_left,2,middle_third,False,,40.55,,65.27,,35.7,,52.98
338,2017461,56531,56543,73:06.1,73:07.3,28,6,1.2,2,2,868,right_to_left,Melbourne V FC,1,False,False,False,finish,2,low_block,8,18.1,28.06,1,wide_left,3,attacking_third,False,29.2,32.33,1,wide_left,3,attacking_third,False,40.44,41.12,65.64,67.78,35.67,35.46,53.02,53.56
339,2017461,56571,56661,73:10.1,73:19.1,28,10,9.0,2,2,868,right_to_left,Melbourne V FC,3,False,False,False,finish,2,low_block,8,32.7,35.39,1,wide_left,3,attacking_third,False,50.74,26.4,1,wide_left,3,attacking_third,False,44.21,32.99,69.36,79.65,36.18,18.16,49.23,37.46
340,2017461,56946,56976,73:47.6,73:50.6,28,47,3.0,2,2,868,right_to_left,Melbourne V FC,1,True,False,False,set_play,7,defending_set_play,13,52.22,32.49,1,wide_left,3,attacking_third,False,52.49,-7.36,3,center,3,attacking_third,True,38.43,34.44,75.53,72.07,11.22,17.71,18.29,19.39
341,2017461,56976,57007,73:50.6,73:53.7,28,50,3.1,2,1,4177,left_to_right,Auckland FC,1,False,False,False,chaotic,5,chaotic,5,-52.44,7.25,3,center,1,defensive_third,False,-48.13,6.14,3,center,1,defensive_third,False,18.12,27.03,19.73,20.36,34.34,32.06,72.5,67.5
342,2017461,57078,57114,74:00.8,74:04.4,29,0,3.6,2,1,4177,left_to_right,Auckland FC,2,False,False,False,create,1,medium_block,9,,,2,half_space_left,2,middle_third,False,-13.86,27.77,1,wide_left,2,middle_third,False,,55.47,,50.82,,39.26,,52.92
343,2017461,57114,57139,74:04.4,74:06.9,29,4,2.5,2,1,4177,left_to_right,Auckland FC,1,True,False,False,direct,6,defending_direct,15,-12.65,27.52,1,wide_left,2,middle_third,False,23.65,8.5,3,center,3,attacking_third,False,55.51,50.45,51.21,63.55,39.29,36.7,52.82,53.57
344,2017461,57139,57211,74:06.9,74:14.1,29,6,7.2,2,2,868,right_to_left,Melbourne V FC,2,False,False,False,build_up,0,high_block,10,-24.54,-7.91,3,center,1,defensive_third,False,-20.74,-31.01,5,wide_right,1,defensive_third,False,36.71,43.13,53.65,49.54,50.2,44.27,64.15,71.2
345,2017461,57211,57256,74:14.1,74:18.6,29,14,4.5,2,2,868,right_to_left,Melbourne V FC,2,False,False,False,create,1,medium_block,9,-19.98,-31.04,5,wide_right,1,defensive_third,False,-7.06,-23.49,5,wide_right,2,middle_third,False,42.75,37.28,49.31,45.24,44.13,42.74,70.9,62.2
346,2017461,57774,57784,75:10.4,75:11.4,30,10,1.0,2,2,868,right_to_left,Melbourne V FC,1,True,False,False,set_play,7,defending_set_play,13,,,2,half_space_left,2,middle_third,False,23.49,-25.25,5,wide_right,3,attacking_third,False,,40.35,,70.94,,38.62,,44.21
347,2017461,57970,58001,75:30.0,75:33.1,30,30,3.1,2,1,4177,left_to_right,Auckland FC,1,True,False,False,chaotic,5,chaotic,5,-47.11,33.55,1,wide_left,1,defensive_third,False,-14.71,26.06,1,wide_left,2,middle_third,False,35.69,32.1,31.3,31.03,24.85,24.6,66.07,60.29
348,2017461,58001,58056,75:33.1,75:38.6,30,33,5.5,2,2,868,right_to_left,Melbourne V FC,4,True,False,False,finish,2,low_block,8,14.59,-25.54,5,wide_right,2,middle_third,False,31.11,-29.93,5,wide_right,3,attacking_third,False,24.51,29.21,60.21,63.3,31.96,28.12,31.29,24.18
349,2017461,58056,58074,75:38.6,75:40.4,30,38,1.8,2,1,4177,left_to_right,Auckland FC,1,False,False,False,chaotic,5,chaotic,5,-31.23,29.74,1,wide_left,1,defensive_third,False,-32.58,30.85,1,wide_left,1,defensive_third,False,28.11,29.05,23.74,20.74,29.08,33.25,63.75,65.26
350,2017461,58074,58114,75:40.4,75:44.4,30,40,4.0,2,1,4177,left_to_right,Auckland FC,1,True,False,False,direct,6,defending_direct,15,-31.71,30.97,1,wide_left,1,defensive_third,False,6.58,21.81,1,wide_left,2,middle_third,False,29.21,31.67,20.67,29.36,33.58,37.37,65.06,58.17
351,2017461,58114,58213,75:44.4,75:54.3,30,44,9.9,2,2,868,right_to_left,Melbourne V FC,3,True,False,False,create,1,medium_block,9,-7.0,-21.59,5,wide_right,2,middle_third,False,17.33,31.16,1,wide_left,2,middle_third,False,37.65,59.15,58.05,58.32,31.71,44.34,29.71,46.48
352,2017461,58213,58217,75:54.3,75:54.7,30,54,0.4,2,1,4177,left_to_right,Auckland FC,0,False,False,False,create,1,medium_block,9,-17.91,-31.37,5,wide_right,1,defensive_third,False,-19.52,-30.44,5,wide_right,1,defensive_third,False,44.46,44.62,46.52,46.68,59.13,58.92,58.32,58.25
353,2017461,58217,58236,75:54.7,75:56.6,30,54,1.9,2,1,4177,left_to_right,Auckland FC,1,False,False,False,build_up,0,high_block,10,-20.08,-29.92,5,wide_right,1,defensive_third,False,-20.89,-23.85,5,wide_right,1,defensive_third,False,44.61,40.13,46.73,46.68,58.78,54.1,58.19,55.91
354,2017461,58236,58359,75:56.6,76:08.9,30,56,12.3,2,1,4177,left_to_right,Auckland FC,4,True,False,False,create,1,medium_block,9,-19.49,-24.18,5,wide_right,1,defensive_third,False,0.36,14.53,2,half_space_left,2,middle_third,False,39.8,43.19,46.6,55.21,53.95,34.8,55.86,60.24
355,2017461,58359,58420,76:08.9,76:15.0,31,8,6.1,2,2,868,right_to_left,Melbourne V FC,3,False,False,False,transition,4,defending_transition,11,-0.36,-14.75,4,half_space_right,2,middle_third,False,40.85,-16.21,4,half_space_right,3,attacking_third,True,34.79,29.87,60.23,72.91,43.15,25.66,55.28,51.89
356,2017461,58708,58757,76:43.8,76:48.7,31,43,4.9,2,2,868,right_to_left,Melbourne V FC,1,True,False,False,set_play,7,defending_set_play,13,51.09,-31.97,5,wide_right,3,attacking_third,False,16.19,-8.16,3,center,2,middle_third,False,39.31,40.73,76.1,71.45,17.29,15.79,28.43,35.46
357,2017461,58757,58817,76:48.7,76:54.7,31,48,6.0,2,1,4177,left_to_right,Auckland FC,1,True,False,False,transition,4,defending_transition,11,-15.67,8.16,3,center,2,middle_third,False,25.84,14.63,2,half_space_left,3,attacking_third,False,15.93,20.57,35.94,62.69,40.77,35.42,71.3,59.73
358,2017461,58817,59008,76:54.7,77:13.8,31,54,19.1,2,2,868,right_to_left,Melbourne V FC,6,False,False,False,create,1,medium_block,9,-25.86,-15.02,4,half_space_right,1,defensive_third,False,4.9,12.08,2,half_space_left,2,middle_third,False,35.56,44.7,59.52,63.94,20.87,32.93,62.84,45.57
359,2017461,59008,59273,77:13.8,77:40.3,32,13,26.5,2,2,868,right_to_left,Melbourne V FC,9,True,False,False,finish,2,low_block,8,5.17,10.93,2,half_space_left,2,middle_third,False,35.37,-14.52,4,half_space_right,3,attacking_third,False,44.78,37.8,63.95,66.87,32.86,33.55,45.26,31.78
360,2017461,59273,59296,77:40.3,77:42.6,32,40,2.3,2,1,4177,left_to_right,Auckland FC,1,True,False,False,chaotic,5,chaotic,5,-35.7,14.63,2,half_space_left,1,defensive_third,False,-17.28,12.58,2,half_space_left,2,middle_third,False,33.28,30.33,31.77,35.17,37.74,36.66,67.0,66.48
361,2017461,59296,59377,77:42.6,77:50.7,32,42,8.1,2,2,868,right_to_left,Melbourne V FC,1,True,False,True,quick_break,3,defending_quick_break,12,16.74,-12.15,4,half_space_right,2,middle_third,False,45.65,5.02,3,center,3,attacking_third,True,36.54,40.6,66.38,67.72,30.31,25.1,35.37,39.66
362,2017461,60603,60652,79:53.3,79:58.2,34,53,4.9,2,1,4177,left_to_right,Auckland FC,1,True,False,False,direct,6,defending_direct,15,-28.63,9.43,2,half_space_left,1,defensive_third,False,8.81,-0.64,3,center,2,middle_third,False,28.6,23.07,60.23,60.5,24.26,25.19,38.47,45.93
363,2017461,60652,60740,79:58.2,80:07.0,34,58,8.8,2,2,868,right_to_left,Melbourne V FC,1,False,False,False,transition,4,defending_transition,11,-8.86,1.34,3,center,2,middle_third,False,44.74,16.37,2,half_space_left,3,attacking_third,True,25.52,35.93,46.12,75.98,23.19,26.72,60.24,50.44
364,2017461,61017,61028,80:34.7,80:35.8,35,34,1.1,2,2,868,right_to_left,Melbourne V FC,1,True,False,False,set_play,7,defending_set_play,13,50.96,30.56,1,wide_left,3,attacking_third,False,46.68,11.73,2,half_space_left,3,attacking_third,True,40.89,38.23,78.34,75.22,12.52,14.14,25.35,26.77
365,2017461,61028,61090,80:35.8,80:42.0,35,35,6.2,2,1,4177,left_to_right,Auckland FC,2,False,False,False,chaotic,5,chaotic,5,-46.37,-10.55,4,half_space_right,1,defensive_third,False,-28.84,-35.13,5,wide_right,1,defensive_third,False,14.28,34.5,26.89,31.48,38.2,34.86,75.0,65.06
366,2017461,61277,61338,81:00.7,81:06.8,36,0,6.1,2,1,4177,left_to_right,Auckland FC,2,True,False,False,chaotic,5,chaotic,5,-19.78,-33.28,5,wide_right,1,defensive_third,False,17.57,1.12,3,center,3,attacking_third,False,35.74,27.22,45.04,52.63,26.53,29.77,59.71,57.48
367,2017461,61338,61342,81:06.8,81:07.2,36,6,0.4,2,2,868,right_to_left,Melbourne V FC,1,False,False,False,create,1,medium_block,9,-18.08,-1.65,3,center,1,defensive_third,False,-19.68,-3.23,3,center,1,defensive_third,False,30.08,31.04,57.53,57.81,27.25,27.45,53.18,54.83
368,2017461,61342,61440,81:07.2,81:17.0,36,7,9.8,2,2,868,right_to_left,Melbourne V FC,4,False,False,False,build_up,0,high_block,10,-20.2,-3.68,3,center,1,defensive_third,False,-20.36,-27.31,5,wide_right,1,defensive_third,False,31.36,54.99,57.88,55.85,27.53,34.54,55.4,59.43
369,2017461,61440,61510,81:17.0,81:24.0,36,17,7.0,2,2,868,right_to_left,Melbourne V FC,2,False,False,False,create,1,medium_block,9,-19.8,-27.37,5,wide_right,1,defensive_third,False,12.4,27.08,1,wide_left,2,middle_third,False,54.89,57.64,55.88,62.45,34.57,37.77,58.88,49.59
370,2017461,61510,62018,81:24.0,82:14.8,36,24,50.8,2,2,868,right_to_left,Melbourne V FC,22,True,False,False,finish,2,low_block,8,12.75,27.09,1,wide_left,2,middle_third,False,36.63,17.24,2,half_space_left,3,attacking_third,True,57.42,39.98,62.65,69.03,37.73,33.85,49.5,39.82
371,2017461,62018,62062,82:14.8,82:19.2,37,14,4.4,2,1,4177,left_to_right,Auckland FC,2,False,False,False,build_up,0,high_block,10,-36.64,-16.86,4,half_space_right,1,defensive_third,False,-20.16,-10.22,4,half_space_right,1,defensive_third,False,33.49,34.44,39.79,38.59,39.38,30.3,69.2,64.38
372,2017461,62062,62116,82:19.2,82:24.6,37,19,5.4,2,1,4177,left_to_right,Auckland FC,1,True,False,False,create,1,medium_block,9,-19.11,-11.78,4,half_space_right,1,defensive_third,False,12.02,-18.47,4,half_space_right,2,middle_third,False,34.6,39.48,38.51,53.24,30.36,35.92,64.3,61.03
373,2017461,62116,62202,82:24.6,82:33.2,37,24,8.6,2,2,868,right_to_left,Melbourne V FC,2,False,False,False,create,1,medium_block,9,-12.92,18.07,2,half_space_left,2,middle_third,False,17.08,15.37,2,half_space_left,2,middle_third,False,36.14,44.68,60.92,65.14,39.26,29.38,53.73,59.8
374,2017461,62202,62263,82:33.2,82:39.3,37,33,6.1,2,2,868,right_to_left,Melbourne V FC,2,False,False,False,finish,2,low_block,8,17.57,15.08,2,half_space_left,3,attacking_third,False,-11.77,-29.89,5,wide_right,2,middle_third,False,44.74,36.16,65.64,50.5,29.21,41.74,59.95,59.6
375,2017461,62263,62307,82:39.3,82:43.7,37,39,4.4,2,2,868,right_to_left,Melbourne V FC,2,False,False,False,chaotic,5,chaotic,5,11.93,30.14,1,wide_left,2,middle_third,False,43.95,25.37,1,wide_left,3,attacking_third,False,42.16,34.54,59.54,66.14,36.13,27.45,50.35,45.26
376,2017461,62736,62760,83:26.6,83:29.0,38,26,2.4,2,2,868,right_to_left,Melbourne V FC,2,False,False,False,set_play,7,defending_set_play,13,50.72,27.26,1,wide_left,3,attacking_third,False,-52.81,-16.43,4,half_space_right,1,defensive_third,False,33.16,13.73,70.91,15.1,10.27,31.26,14.22,71.76
377,2017461,63233,63312,84:16.3,84:24.2,39,16,7.9,2,2,868,right_to_left,Melbourne V FC,4,False,False,False,set_play,7,defending_set_play,13,48.36,23.8,1,wide_left,3,attacking_third,False,5.22,23.66,1,wide_left,2,middle_third,False,16.12,33.13,64.71,58.03,25.73,33.98,41.12,37.94
378,2017461,63312,63374,84:24.2,84:30.4,39,24,6.2,2,2,868,right_to_left,Melbourne V FC,2,False,False,False,create,1,medium_block,9,4.81,23.51,1,wide_left,2,middle_third,False,19.21,10.92,2,half_space_left,3,attacking_third,False,32.94,52.82,57.84,51.37,33.97,29.05,38.38,37.14
379,2017461,63374,63506,84:30.4,84:43.6,39,30,13.2,2,2,868,right_to_left,Melbourne V FC,3,True,False,False,finish,2,low_block,8,20.0,12.37,2,half_space_left,3,attacking_third,False,25.53,4.53,3,center,3,attacking_third,False,53.02,36.41,51.68,63.42,29.02,25.15,36.89,24.19
380,2017461,63506,63535,84:43.6,84:46.5,39,43,2.9,2,1,4177,left_to_right,Auckland FC,1,False,False,False,chaotic,5,chaotic,5,-25.81,-5.24,3,center,1,defensive_third,False,-23.82,-17.0,4,half_space_right,1,defensive_third,False,25.24,24.22,24.17,28.16,36.57,35.31,63.29,61.02
381,2017461,64172,64194,85:50.2,85:52.4,40,50,2.2,2,1,4177,left_to_right,Auckland FC,1,True,False,False,direct,6,defending_direct,15,-4.59,-23.79,5,wide_right,2,middle_third,False,27.86,6.65,3,center,3,attacking_third,False,44.6,36.49,52.18,56.5,34.69,31.13,45.78,44.99
382,2017461,64194,64204,85:52.4,85:53.4,40,52,1.0,2,2,868,right_to_left,Melbourne V FC,1,True,False,False,chaotic,5,chaotic,5,-28.68,-7.61,3,center,1,defensive_third,False,-24.64,-14.29,4,half_space_right,1,defensive_third,False,30.78,31.19,45.01,45.22,35.91,33.19,56.78,57.75
383,2017461,64312,64340,86:04.2,86:07.0,41,4,2.8,2,1,4177,left_to_right,Auckland FC,2,True,False,False,chaotic,5,chaotic,5,22.57,32.14,1,wide_left,3,attacking_third,False,31.99,27.12,1,wide_left,3,attacking_third,False,38.76,32.33,58.45,58.15,33.68,30.82,42.42,43.31
384,2017461,64340,64401,86:07.0,86:13.1,41,7,6.1,2,2,868,right_to_left,Melbourne V FC,3,False,False,False,build_up,0,high_block,10,-32.41,-27.29,5,wide_right,1,defensive_third,False,-44.3,-21.22,5,wide_right,1,defensive_third,False,30.88,41.35,43.35,43.52,32.13,35.63,58.2,64.97
385,2017461,64401,64430,86:13.1,86:16.0,41,13,2.9,2,2,868,right_to_left,Melbourne V FC,1,False,False,False,direct,6,defending_direct,15,-43.99,-21.38,5,wide_right,1,defensive_third,False,-11.59,-26.79,5,wide_right,2,middle_third,False,41.4,37.92,43.48,39.7,35.59,35.29,64.94,63.42
386,2017461,64623,64659,86:35.3,86:38.9,41,35,3.6,2,2,868,right_to_left,Melbourne V FC,2,False,False,False,build_up,0,high_block,10,-35.12,12.65,2,half_space_left,1,defensive_third,False,-20.0,10.37,2,half_space_left,1,defensive_third,False,61.88,58.87,50.97,51.64,32.92,30.57,73.86,66.27
387,2017461,64659,64806,86:38.9,86:53.6,41,38,14.7,2,2,868,right_to_left,Melbourne V FC,3,False,False,False,create,1,medium_block,9,-19.57,10.63,2,half_space_left,1,defensive_third,False,15.85,-16.18,4,half_space_right,2,middle_third,False,58.85,53.2,51.62,53.39,30.58,33.17,66.01,39.44
388,2017461,64806,64894,86:53.6,87:02.4,41,53,8.8,2,2,868,right_to_left,Melbourne V FC,2,False,False,False,finish,2,low_block,8,17.27,-16.5,4,half_space_right,2,middle_third,False,6.34,-30.0,5,wide_right,2,middle_third,False,52.81,51.25,53.71,52.82,33.11,37.24,39.54,35.41
389,2017461,64894,64960,87:02.4,87:09.0,42,2,6.6,2,2,868,right_to_left,Melbourne V FC,3,True,False,False,create,1,medium_block,9,5.66,-29.34,5,wide_right,2,middle_third,False,17.26,-4.68,3,center,2,middle_third,False,51.36,45.06,52.69,51.18,37.21,33.7,35.39,37.95
390,2017461,65282,65292,87:41.2,87:42.2,42,41,1.0,2,1,4177,left_to_right,Auckland FC,1,True,False,False,set_play,7,defending_set_play,13,5.71,20.0,2,half_space_left,2,middle_third,False,14.22,26.41,1,wide_left,2,middle_third,False,32.64,33.14,56.28,58.03,28.73,31.4,41.41,41.8
391,2017461,65345,65510,87:47.5,88:04.0,42,47,16.5,2,2,868,right_to_left,Melbourne V FC,4,False,False,False,create,1,medium_block,9,-20.5,-33.49,5,wide_right,1,defensive_third,False,-12.88,22.49,1,wide_left,2,middle_third,False,39.13,58.74,46.7,52.29,33.48,32.9,54.49,49.22
392,2017461,65510,65544,88:04.0,88:07.4,43,4,3.4,2,2,868,right_to_left,Melbourne V FC,1,True,False,False,direct,6,defending_direct,15,-12.46,22.86,1,wide_left,2,middle_third,False,33.72,25.48,1,wide_left,3,attacking_third,False,58.44,44.43,52.63,67.43,32.99,30.68,49.0,47.74
393,2017461,65544,65554,88:07.4,88:08.4,43,7,1.0,2,1,4177,left_to_right,Auckland FC,1,True,False,False,chaotic,5,chaotic,5,-33.93,-25.51,5,wide_right,1,defensive_third,False,-28.09,-25.92,5,wide_right,1,defensive_third,False,30.64,29.46,47.68,46.06,44.09,41.13,67.66,68.55
394,2017461,65554,65692,88:08.4,88:22.2,43,8,13.8,2,2,868,right_to_left,Melbourne V FC,6,True,False,False,finish,2,low_block,8,27.7,26.06,1,wide_left,3,attacking_third,False,45.47,1.64,3,center,3,attacking_third,True,40.97,43.07,68.49,65.56,29.35,25.1,45.8,32.37
395,2017461,65692,65865,88:22.2,88:39.5,43,22,17.3,2,1,4177,left_to_right,Auckland FC,1,False,False,False,build_up,0,high_block,10,-45.93,-2.3,3,center,1,defensive_third,False,,,2,half_space_left,2,middle_third,False,25.19,,32.33,,42.91,,65.98,
396,2017461,65865,65868,88:39.5,88:39.8,43,39,0.3,2,1,4177,left_to_right,Auckland FC,0,True,False,False,create,1,medium_block,9,19.4,29.14,1,wide_left,3,attacking_third,False,18.36,29.69,1,wide_left,3,attacking_third,False,44.35,44.71,55.85,55.39,48.51,48.2,50.29,50.24
397,2017461,65868,65934,88:39.8,88:46.4,43,39,6.6,2,2,868,right_to_left,Melbourne V FC,3,True,False,False,chaotic,5,chaotic,5,-17.06,-29.36,5,wide_right,2,middle_third,False,-2.32,-21.03,5,wide_right,2,middle_third,False,48.09,33.66,50.2,44.56,44.93,35.81,55.17,55.56
398,2017461,65934,66103,88:46.4,89:03.3,43,46,16.9,2,1,4177,left_to_right,Auckland FC,5,False,False,False,create,1,medium_block,9,1.76,21.03,1,wide_left,2,middle_third,False,-9.63,-33.87,5,wide_right,2,middle_third,False,35.89,51.37,55.53,46.75,33.75,43.0,44.22,53.69
399,2017461,66329,66363,89:25.9,89:29.3,44,25,3.4,2,1,4177,left_to_right,Auckland FC,1,True,False,False,chaotic,5,chaotic,5,-0.53,-32.19,5,wide_right,2,middle_third,False,21.26,-24.92,5,wide_right,3,attacking_third,False,25.72,22.69,51.6,54.3,25.46,26.49,45.75,47.21
400,2017461,66363,66406,89:29.3,89:33.6,44,29,4.3,2,2,868,right_to_left,Melbourne V FC,2,True,False,False,chaotic,5,chaotic,5,-21.61,24.53,1,wide_left,1,defensive_third,False,-4.64,25.13,1,wide_left,2,middle_third,False,26.48,26.05,47.22,43.42,22.61,23.05,54.19,54.25
401,2017461,66406,66484,89:33.6,89:41.4,44,33,7.8,2,1,4177,left_to_right,Auckland FC,2,False,False,False,chaotic,5,chaotic,5,3.92,-25.0,5,wide_right,2,middle_third,False,33.68,-34.51,5,wide_right,3,attacking_third,False,23.02,25.71,54.23,66.23,26.12,31.44,43.1,47.78
402,2017461,66627,66698,89:55.7,90:02.8,44,55,7.1,2,1,4177,left_to_right,Auckland FC,2,False,False,False,finish,2,low_block,8,36.57,-32.81,5,wide_right,3,attacking_third,False,46.87,-37.9,5,wide_right,3,attacking_third,False,27.35,30.21,64.81,68.78,26.4,34.71,32.2,32.78
403,2017461,66760,66777,90:09.0,90:10.7,45,9,1.7,2,1,4177,left_to_right,Auckland FC,1,True,False,False,chaotic,5,chaotic,5,43.12,-29.96,5,wide_right,3,attacking_third,False,38.23,-20.85,5,wide_right,3,attacking_third,False,32.39,30.55,64.91,64.58,30.27,31.9,31.75,31.94
404,2017461,66777,66805,90:10.7,90:13.5,45,10,2.8,2,2,868,right_to_left,Melbourne V FC,1,True,False,False,chaotic,5,chaotic,5,-38.05,20.48,1,wide_left,1,defensive_third,False,-18.76,13.36,2,half_space_left,1,defensive_third,False,31.95,30.37,32.0,32.94,30.38,27.81,64.49,60.78
405,2017461,66805,66833,90:13.5,90:16.3,45,13,2.8,2,1,4177,left_to_right,Auckland FC,1,True,False,False,chaotic,5,chaotic,5,18.66,-13.47,4,half_space_right,3,attacking_third,False,38.05,-26.94,5,wide_right,3,attacking_third,False,27.81,28.62,60.5,61.16,30.18,30.19,32.88,35.16
406,2017461,66833,66894,90:16.3,90:22.4,45,16,6.1,2,2,868,right_to_left,Melbourne V FC,2,True,False,False,chaotic,5,chaotic,5,-38.45,27.28,1,wide_left,1,defensive_third,False,-25.8,12.61,2,half_space_left,1,defensive_third,False,30.3,27.11,35.19,32.36,28.63,21.79,61.44,64.06
407,2017461,66894,66922,90:22.4,90:25.2,45,22,2.8,2,1,4177,left_to_right,Auckland FC,1,True,False,False,chaotic,5,chaotic,5,25.48,-12.31,4,half_space_right,3,attacking_third,False,36.71,-11.37,4,half_space_right,3,attacking_third,True,21.65,23.23,63.74,60.08,27.04,25.45,32.28,31.39
408,2017461,66922,66985,90:25.2,90:31.5,45,25,6.3,2,2,868,right_to_left,Melbourne V FC,3,True,False,False,transition,4,defending_transition,11,-36.81,11.52,2,half_space_left,1,defensive_third,False,10.85,30.25,1,wide_left,2,middle_third,False,25.49,40.54,31.4,54.56,23.21,36.6,60.27,63.56
409,2017461,66985,67152,90:31.5,90:48.2,45,31,16.7,2,1,4177,left_to_right,Auckland FC,7,False,False,False,create,1,medium_block,9,-11.45,-29.94,5,wide_right,2,middle_third,False,15.65,8.68,3,center,2,middle_third,False,36.67,47.18,63.53,60.46,40.31,32.88,54.9,48.58
410,2017461,67152,67195,90:48.2,90:52.5,45,48,4.3,2,1,4177,left_to_right,Auckland FC,2,False,False,False,finish,2,low_block,8,16.76,8.32,3,center,2,middle_third,False,50.06,10.95,2,half_space_left,3,attacking_third,True,47.38,35.86,60.53,74.34,32.87,24.7,48.43,38.49
411,2017461,67611,67811,91:34.1,91:54.1,46,34,20.0,2,1,4177,left_to_right,Auckland FC,8,False,False,False,set_play,7,defending_set_play,13,50.48,30.99,1,wide_left,3,attacking_third,False,45.32,29.86,1,wide_left,3,attacking_third,False,42.43,33.66,77.23,76.01,19.15,41.11,13.93,42.28
412,2017461,67811,67830,91:54.1,91:56.0,46,54,1.9,2,1,4177,left_to_right,Auckland FC,1,True,False,False,finish,2,low_block,8,45.68,30.08,1,wide_left,3,attacking_third,False,48.49,31.48,1,wide_left,3,attacking_third,False,33.44,32.56,76.33,78.29,40.87,42.68,42.27,42.2
413,2017461,67957,68019,92:08.7,92:14.9,47,8,6.2,2,2,868,right_to_left,Melbourne V FC,2,True,False,False,create,1,medium_block,9,,,2,half_space_left,2,middle_third,False,24.4,20.72,1,wide_left,3,attacking_third,False,,47.21,,59.09,,41.21,,54.71
414,2017461,68019,68054,92:14.9,92:18.4,47,14,3.5,2,1,4177,left_to_right,Auckland FC,2,False,False,False,chaotic,5,chaotic,5,-24.66,-21.43,5,wide_right,1,defensive_third,False,-19.07,-31.85,5,wide_right,1,defensive_third,False,41.47,47.42,54.64,49.34,46.77,44.98,59.34,57.48
415,2017461,68054,68098,92:18.4,92:22.8,47,18,4.4,2,1,4177,left_to_right,Auckland FC,1,True,False,False,direct,6,defending_direct,15,-18.91,-32.21,5,wide_right,1,defensive_third,False,30.53,-24.68,5,wide_right,3,attacking_third,False,47.38,37.99,49.24,46.38,45.28,47.87,57.47,54.62
416,2017461,68098,68180,92:22.8,92:31.0,47,22,8.2,2,2,868,right_to_left,Melbourne V FC,2,False,False,False,create,1,medium_block,9,-30.99,24.54,1,wide_left,1,defensive_third,False,-14.11,24.64,1,wide_left,2,middle_third,False,48.03,54.85,54.46,49.4,37.73,34.52,46.3,40.97
417,2017461,68180,68202,92:31.0,92:33.2,47,31,2.2,2,2,868,right_to_left,Melbourne V FC,1,True,False,False,direct,6,defending_direct,15,-13.55,24.52,1,wide_left,2,middle_third,False,21.25,14.7,2,half_space_left,3,attacking_third,False,54.8,50.13,49.55,58.98,34.48,32.53,40.96,43.7
418,2017461,68202,68230,92:33.2,92:36.0,47,33,2.8,2,1,4177,left_to_right,Auckland FC,1,True,False,False,chaotic,5,chaotic,5,-21.9,-14.68,4,half_space_right,1,defensive_third,False,-8.74,-27.14,5,wide_right,2,middle_third,False,32.27,29.15,43.83,45.29,49.63,41.64,59.47,62.17
419,2017461,68293,68359,92:42.3,92:48.9,47,42,6.6,2,2,868,right_to_left,Melbourne V FC,4,True,False,False,create,1,medium_block,9,-8.41,29.41,1,wide_left,2,middle_third,False,10.03,29.4,1,wide_left,2,middle_third,False,48.09,50.32,55.45,51.24,30.75,33.87,50.16,47.19
420,2017461,68359,68466,92:48.9,92:59.6,47,48,10.7,2,1,4177,left_to_right,Auckland FC,4,True,False,False,create,1,medium_block,9,-10.73,-29.18,5,wide_right,2,middle_third,False,9.97,-24.07,5,wide_right,2,middle_third,False,33.95,37.29,47.21,56.58,50.28,35.09,51.22,50.86
421,2017461,68466,68566,92:59.6,93:09.6,47,59,10.0,2,2,868,right_to_left,Melbourne V FC,4,False,False,True,create,1,medium_block,9,-10.57,23.71,1,wide_left,2,middle_third,False,10.14,-10.14,4,half_space_right,2,middle_third,False,35.18,55.32,50.9,59.58,37.31,38.81,56.5,43.43
422,2017461,68566,68824,93:09.6,93:35.4,48,9,25.8,2,2,868,right_to_left,Melbourne V FC,7,True,False,True,finish,2,low_block,8,10.32,-9.19,4,half_space_right,2,middle_third,False,37.26,7.38,3,center,3,attacking_third,True,55.33,48.11,59.61,60.81,38.56,21.8,43.19,31.94
423,2017461,69160,69219,94:09.0,94:14.9,49,9,5.9,2,1,4177,left_to_right,Auckland FC,1,True,False,False,direct,6,defending_direct,15,-46.85,-7.46,3,center,1,defensive_third,False,-4.5,8.05,3,center,2,middle_third,False,28.25,29.3,62.61,49.84,23.95,28.65,42.58,47.91
424,2017461,69219,69307,94:14.9,94:23.7,49,14,8.8,2,2,868,right_to_left,Melbourne V FC,2,True,False,False,quick_break,3,defending_quick_break,12,4.81,-8.72,3,center,2,middle_third,False,44.09,-8.47,3,center,3,attacking_third,True,28.96,41.11,48.31,69.76,29.68,25.68,49.59,33.57
425,2017461,69307,69339,94:23.7,94:26.9,49,23,3.2,2,1,4177,left_to_right,Auckland FC,1,True,False,False,chaotic,5,chaotic,5,-43.77,7.63,3,center,1,defensive_third,False,-15.07,22.48,1,wide_left,2,middle_third,False,25.67,27.14,33.44,31.11,40.96,41.5,69.8,66.28
426,2017461,69339,69415,94:26.9,94:34.5,49,26,7.6,2,2,868,right_to_left,Melbourne V FC,4,True,False,False,finish,2,low_block,8,14.55,-22.85,5,wide_right,2,middle_third,False,17.08,-26.09,5,wide_right,2,middle_third,False,41.7,46.31,66.12,58.93,27.38,36.15,31.33,36.72
427,2017461,69415,69511,94:34.5,94:44.1,49,34,9.6,2,1,4177,left_to_right,Auckland FC,3,True,False,True,transition,4,defending_transition,11,-17.06,25.63,1,wide_left,2,middle_third,False,48.12,-1.18,3,center,3,attacking_third,True,36.12,34.46,36.86,76.64,46.27,37.14,58.91,56.63
428,2017461,69511,69568,94:44.1,94:49.8,49,44,5.7,2,2,868,right_to_left,Melbourne V FC,2,False,False,True,build_up,0,high_block,10,-48.66,1.45,3,center,1,defensive_third,False,-20.54,-21.45,5,wide_right,1,defensive_third,False,37.17,41.23,56.37,51.25,34.33,30.98,77.11,81.24
429,2017461,69568,69651,94:49.8,94:58.1,49,49,8.3,2,2,868,right_to_left,Melbourne V FC,3,False,False,True,create,1,medium_block,9,-19.97,-21.73,5,wide_right,1,defensive_third,False,12.0,12.91,2,half_space_left,2,middle_third,False,41.27,42.64,51.33,60.27,31.09,26.58,80.93,57.47
430,2017461,69651,69868,94:58.1,95:19.8,49,58,21.7,2,2,868,right_to_left,Melbourne V FC,9,True,False,True,finish,2,low_block,8,12.8,13.25,2,half_space_left,2,middle_third,False,48.65,1.66,3,center,3,attacking_third,True,42.61,26.74,60.5,68.18,26.62,22.14,57.19,34.78
431,2017461,70304,70314,96:03.4,96:04.4,51,3,1.0,2,1,4177,left_to_right,Auckland FC,1,False,False,False,create,1,medium_block,9,1.2,34.57,1,wide_left,2,middle_third,False,3.5,35.32,1,wide_left,2,middle_third,False,35.66,36.97,52.49,53.21,39.37,39.39,50.45,50.29
432,2017461,70391,70401,96:12.1,96:13.1,51,12,1.0,2,1,4177,left_to_right,Auckland FC,1,False,False,False,chaotic,5,chaotic,5,-9.6,33.91,1,wide_left,2,middle_third,False,-8.77,35.22,1,wide_left,2,middle_third,False,36.76,37.17,51.02,50.75,34.6,33.91,49.85,49.27
