index,match_id,frame_start,frame_end,time_start,time_end,minute_start,second_start,duration,period,attacking_side_id,team_in_possession_id,attacking_side,team_in_possession_shortname,n_player_possessions_in_phase,team_possession_loss_in_phase,team_possession_lead_to_goal,team_possession_lead_to_shot,team_in_possession_phase_type,team_in_possession_phase_type_id,team_out_of_possession_phase_type,team_out_of_possession_phase_type_id,x_start,y_start,channel_id_start,channel_start,third_id_start,third_start,penalty_area_start,x_end,y_end,channel_id_end,channel_end,third_id_end,third_end,penalty_area_end,team_in_possession_width_start,team_in_possession_width_end,team_in_possession_length_start,team_in_possession_length_end,team_out_of_possession_width_start,team_out_of_possession_width_end,team_out_of_possession_length_start,team_out_of_possession_length_end
0,1959846,0,16,00:00.0,00:01.6,0,0,1.6,1,2,1803,right_to_left,Western United,1,True,False,True,create,1,medium_block,9,24.51,11.46,2,half_space_left,3,attacking_third,False,32.11,7.94,3,center,3,attacking_third,False,33.11,31.92,61.4,69.2,29.37,28.21,50.78,55.81
1,1959846,200,271,00:20.0,00:27.1,0,20,7.1,1,1,868,left_to_right,Melbourne V FC,4,True,False,False,build_up,0,high_block,10,-38.35,-4.56,3,center,1,defensive_third,False,-31.79,-19.32,4,half_space_right,1,defensive_third,False,57.55,58.32,43.12,47.59,38.25,39.61,56.26,74.22
2,1959846,482,492,00:48.2,00:49.2,0,48,1.0,1,2,1803,right_to_left,Western United,1,True,False,False,chaotic,5,chaotic,5,12.62,34.79,1,wide_left,2,middle_third,False,21.78,31.98,1,wide_left,3,attacking_third,False,52.26,50.8,65.08,66.01,29.65,30.09,42.33,42.78
3,1959846,511,523,00:51.1,00:52.3,0,51,1.2,1,1,868,left_to_right,Melbourne V FC,1,True,False,False,chaotic,5,chaotic,5,-28.42,-26.7,5,wide_right,1,defensive_third,False,-26.36,-27.89,5,wide_right,1,defensive_third,False,30.97,32.1,43.75,43.99,45.1,43.24,63.03,63.28
4,1959846,523,556,00:52.3,00:55.6,0,52,3.3,1,2,1803,right_to_left,Western United,2,True,False,False,chaotic,5,chaotic,5,26.12,27.81,1,wide_left,3,attacking_third,False,26.64,21.34,1,wide_left,3,attacking_third,False,43.02,40.36,63.25,62.31,32.23,33.24,43.99,44.1
5,1959846,556,579,00:55.6,00:57.9,0,55,2.3,1,1,868,left_to_right,Melbourne V FC,1,False,False,False,chaotic,5,chaotic,5,-26.29,-21.32,5,wide_right,1,defensive_third,False,-7.53,-18.02,4,half_space_right,2,middle_third,False,33.3,35.47,44.1,42.46,40.31,38.71,62.36,63.05
6,1959846,794,804,01:19.4,01:20.4,1,19,1.0,1,1,868,left_to_right,Melbourne V FC,1,True,False,False,direct,6,defending_direct,15,,,2,half_space_left,2,middle_third,False,,,2,half_space_left,2,middle_third,False,,,,,,,,
7,1959846,816,831,01:21.6,01:23.1,1,21,1.5,1,2,1803,right_to_left,Western United,1,True,False,False,chaotic,5,chaotic,5,-12.36,30.07,1,wide_left,2,middle_third,False,2.81,25.8,1,wide_left,2,middle_third,False,39.19,40.99,53.07,49.57,55.27,52.01,59.59,58.96
8,1959846,831,848,01:23.1,01:24.8,1,23,1.7,1,1,868,left_to_right,Melbourne V FC,1,True,False,False,chaotic,5,chaotic,5,-3.29,-25.35,5,wide_right,2,middle_third,False,2.22,-17.38,4,half_space_right,2,middle_third,False,51.92,50.63,58.74,54.57,40.92,37.57,49.22,45.46
9,1959846,848,925,01:24.8,01:32.5,1,24,7.7,1,2,1803,right_to_left,Western United,4,False,False,False,create,1,medium_block,9,-2.19,16.98,2,half_space_left,2,middle_third,False,25.46,23.61,1,wide_left,3,attacking_third,False,37.37,40.33,45.35,60.13,50.65,35.98,54.34,49.09
10,1959846,925,938,01:32.5,01:33.8,1,32,1.3,1,2,1803,right_to_left,Western United,1,True,False,False,finish,2,low_block,8,26.0,23.49,1,wide_left,3,attacking_third,False,37.67,19.16,2,half_space_left,3,attacking_third,True,40.38,39.51,60.58,68.35,35.69,33.03,49.17,49.49
11,1959846,1332,1342,02:13.2,02:14.2,2,13,1.0,1,1,868,left_to_right,Melbourne V FC,1,True,False,False,direct,6,defending_direct,15,,,2,half_space_left,2,middle_third,False,-0.64,-21.99,5,wide_right,2,middle_third,False,,28.05,,52.25,,21.66,,49.81
12,1959846,1364,1416,02:16.4,02:21.6,2,16,5.2,1,2,1803,right_to_left,Western United,2,True,False,False,chaotic,5,chaotic,5,-10.73,28.83,1,wide_left,2,middle_third,False,0.67,27.96,1,wide_left,2,middle_third,False,22.35,21.88,48.05,47.49,28.69,27.7,55.24,53.11
13,1959846,1534,1544,02:33.4,02:34.4,2,33,1.0,1,1,868,left_to_right,Melbourne V FC,1,False,False,False,chaotic,5,chaotic,5,-22.23,-30.89,5,wide_right,1,defensive_third,False,-29.66,-22.6,5,wide_right,1,defensive_third,False,46.82,47.97,55.11,54.49,27.56,29.21,53.3,55.93
14,1959846,1550,1617,02:35.0,02:41.7,2,35,6.7,1,1,868,left_to_right,Melbourne V FC,3,False,False,False,build_up,0,high_block,10,-33.73,-18.69,4,half_space_right,1,defensive_third,False,-44.92,-26.25,5,wide_right,1,defensive_third,False,49.84,55.83,55.15,52.04,31.48,34.76,58.66,73.86
15,1959846,1617,1651,02:41.7,02:45.1,2,41,3.4,1,1,868,left_to_right,Melbourne V FC,1,True,False,False,direct,6,defending_direct,15,-44.51,-26.32,5,wide_right,1,defensive_third,False,10.66,-12.85,4,half_space_right,2,middle_third,False,55.58,44.2,52.05,60.73,34.74,33.74,73.74,70.04
16,1959846,1651,1705,02:45.1,02:50.5,2,45,5.4,1,2,1803,right_to_left,Western United,1,True,False,False,chaotic,5,chaotic,5,-11.35,12.4,2,half_space_left,2,middle_third,False,-15.83,11.97,2,half_space_left,2,middle_third,False,33.77,37.18,69.95,56.33,43.87,33.88,61.03,59.63
17,1959846,1705,1730,02:50.5,02:53.0,2,50,2.5,1,1,868,left_to_right,Melbourne V FC,2,True,False,False,chaotic,5,chaotic,5,16.01,-11.46,4,half_space_right,2,middle_third,False,24.9,2.14,3,center,3,attacking_third,False,33.77,32.26,59.58,62.48,37.18,36.92,56.06,52.36
18,1959846,1730,1743,02:53.0,02:54.3,2,53,1.3,1,2,1803,right_to_left,Western United,1,True,False,False,chaotic,5,chaotic,5,-24.85,-2.39,3,center,1,defensive_third,False,-28.27,3.44,3,center,1,defensive_third,False,36.93,36.88,52.24,50.25,32.22,31.45,62.6,62.1
19,1959846,1743,1827,02:54.3,03:02.7,2,54,8.4,1,1,868,left_to_right,Melbourne V FC,3,False,False,False,finish,2,low_block,8,28.72,-3.93,3,center,3,attacking_third,False,13.74,-13.32,4,half_space_right,2,middle_third,False,31.41,39.5,62.05,56.08,36.84,31.78,50.11,34.05
20,1959846,1827,1853,03:02.7,03:05.3,3,2,2.6,1,1,868,left_to_right,Melbourne V FC,1,True,False,False,create,1,medium_block,9,13.91,-13.15,4,half_space_right,2,middle_third,False,4.12,-17.46,4,half_space_right,2,middle_third,False,39.8,44.49,55.92,54.22,31.85,30.96,34.04,39.28
21,1959846,1853,1877,03:05.3,03:07.7,3,5,2.4,1,2,1803,right_to_left,Western United,1,False,False,False,chaotic,5,chaotic,5,-3.47,17.7,2,half_space_left,2,middle_third,False,9.47,19.94,2,half_space_left,2,middle_third,False,30.95,30.65,39.66,47.14,44.59,42.92,54.18,53.84
22,1959846,2060,2069,03:26.0,03:26.9,3,26,0.9,1,2,1803,right_to_left,Western United,1,False,False,False,finish,2,low_block,8,9.38,18.11,2,half_space_left,2,middle_third,False,5.16,6.74,3,center,2,middle_third,False,55.7,56.3,56.07,56.56,36.95,36.76,35.54,35.3
23,1959846,2069,2070,03:26.9,03:27.0,3,26,0.1,1,2,1803,right_to_left,Western United,0,False,False,False,create,1,medium_block,9,4.55,5.48,3,center,2,middle_third,False,4.55,5.48,3,center,2,middle_third,False,56.39,56.39,56.6,56.6,36.73,36.73,35.32,35.32
24,1959846,2076,2182,03:27.6,03:38.2,3,27,10.6,1,2,1803,right_to_left,Western United,3,True,False,False,create,1,medium_block,9,0.99,-1.6,3,center,2,middle_third,False,30.36,22.85,1,wide_left,3,attacking_third,False,57.11,49.86,56.6,63.86,36.81,35.22,35.4,43.19
25,1959846,2182,2241,03:38.2,03:44.1,3,38,5.9,1,1,868,left_to_right,Melbourne V FC,4,False,False,False,build_up,0,high_block,10,-30.94,-23.0,5,wide_right,1,defensive_third,False,-20.0,-2.94,3,center,1,defensive_third,False,35.16,42.61,43.39,46.47,49.49,24.1,64.22,59.72
26,1959846,2241,2271,03:44.1,03:47.1,3,44,3.0,1,1,868,left_to_right,Melbourne V FC,1,False,False,False,create,1,medium_block,9,-19.25,-1.92,3,center,1,defensive_third,False,-18.86,6.04,3,center,1,defensive_third,False,42.94,49.52,46.67,47.66,24.15,29.68,59.74,59.77
27,1959846,2384,2394,03:58.4,03:59.4,3,58,1.0,1,1,868,left_to_right,Melbourne V FC,2,False,False,False,create,1,medium_block,9,-16.01,-4.25,3,center,2,middle_third,False,-19.97,-3.97,3,center,1,defensive_third,False,58.66,58.18,48.76,48.73,36.65,36.71,55.5,56.93
28,1959846,2394,2481,03:59.4,04:08.1,3,59,8.7,1,1,868,left_to_right,Melbourne V FC,3,False,False,False,build_up,0,high_block,10,-20.53,-3.92,3,center,1,defensive_third,False,-20.01,18.31,2,half_space_left,1,defensive_third,False,58.21,59.65,48.73,47.97,36.73,44.34,57.17,66.49
29,1959846,2481,2495,04:08.1,04:09.5,4,8,1.4,1,1,868,left_to_right,Melbourne V FC,0,False,False,False,create,1,medium_block,9,-19.74,18.8,2,half_space_left,1,defensive_third,False,-19.87,25.76,1,wide_left,1,defensive_third,False,59.54,58.83,47.91,47.08,44.3,42.86,66.21,64.16
30,1959846,2495,2530,04:09.5,04:13.0,4,9,3.5,1,1,868,left_to_right,Melbourne V FC,1,False,False,False,build_up,0,high_block,10,-20.55,26.07,1,wide_left,1,defensive_third,False,-21.36,27.86,1,wide_left,1,defensive_third,False,58.77,55.48,46.98,43.9,42.75,42.05,63.98,61.41
31,1959846,2647,2753,04:24.7,04:35.3,4,24,10.6,1,1,868,left_to_right,Melbourne V FC,5,True,False,False,create,1,medium_block,9,2.12,33.1,1,wide_left,2,middle_third,False,21.35,-8.28,3,center,3,attacking_third,False,53.15,40.47,51.54,59.21,30.15,37.12,46.63,46.17
32,1959846,2753,2804,04:35.3,04:40.4,4,35,5.1,1,2,1803,right_to_left,Western United,2,True,False,False,chaotic,5,chaotic,5,-21.24,8.59,3,center,1,defensive_third,False,7.68,21.21,1,wide_left,2,middle_third,False,37.07,40.11,46.09,48.82,40.25,37.57,59.29,54.64
33,1959846,2804,2957,04:40.4,04:55.7,4,40,15.3,1,1,868,left_to_right,Melbourne V FC,7,False,False,True,create,1,medium_block,9,-7.8,-21.3,5,wide_right,2,middle_third,False,19.7,4.03,3,center,3,attacking_third,False,37.51,47.51,54.55,62.73,39.97,33.44,49.06,51.34
34,1959846,2957,3014,04:55.7,05:01.4,4,55,5.7,1,1,868,left_to_right,Melbourne V FC,2,False,False,False,finish,2,low_block,8,20.29,3.78,3,center,3,attacking_third,False,5.32,30.93,1,wide_left,2,middle_third,False,46.83,40.51,63.09,68.97,33.22,31.14,51.44,42.19
35,1959846,3014,3041,05:01.4,05:04.1,5,1,2.7,1,1,868,left_to_right,Melbourne V FC,1,False,False,False,create,1,medium_block,9,5.13,31.22,1,wide_left,2,middle_third,False,4.78,33.0,1,wide_left,2,middle_third,False,41.15,49.35,68.82,66.64,31.31,34.49,41.95,38.94
36,1959846,3041,3095,05:04.1,05:09.5,5,4,5.4,1,1,868,left_to_right,Melbourne V FC,2,False,False,False,finish,2,low_block,8,5.82,32.81,1,wide_left,2,middle_third,False,5.12,28.27,1,wide_left,2,middle_third,False,49.33,50.6,66.5,62.55,34.59,35.33,38.86,35.66
37,1959846,3095,3146,05:09.5,05:14.6,5,9,5.1,1,1,868,left_to_right,Melbourne V FC,3,False,False,False,create,1,medium_block,9,5.1,27.97,1,wide_left,2,middle_third,False,18.91,-12.16,4,half_space_right,3,attacking_third,False,50.7,58.59,62.46,58.25,35.27,37.61,35.68,37.86
38,1959846,3146,3166,05:14.6,05:16.6,5,14,2.0,1,1,868,left_to_right,Melbourne V FC,1,False,False,False,finish,2,low_block,8,18.97,-12.76,4,half_space_right,3,attacking_third,False,21.6,-31.4,5,wide_right,3,attacking_third,False,58.67,59.06,58.26,61.18,37.76,42.05,37.85,37.58
39,1959846,3223,3233,05:22.3,05:23.3,5,22,1.0,1,1,868,left_to_right,Melbourne V FC,1,False,False,False,chaotic,5,chaotic,5,15.4,-33.01,5,wide_right,2,middle_third,False,7.78,-29.8,5,wide_right,2,middle_third,False,52.38,52.2,63.73,62.03,35.94,35.52,33.11,33.31
40,1959846,3237,3238,05:23.7,05:23.8,5,23,0.1,1,1,868,left_to_right,Melbourne V FC,1,False,False,False,finish,2,low_block,8,5.09,-29.07,5,wide_right,2,middle_third,False,5.09,-29.07,5,wide_right,2,middle_third,False,52.52,52.52,61.27,61.27,35.81,35.81,33.88,33.88
41,1959846,3238,3385,05:23.8,05:38.5,5,23,14.7,1,1,868,left_to_right,Melbourne V FC,4,True,False,False,create,1,medium_block,9,4.81,-29.0,5,wide_right,2,middle_third,False,15.81,-19.94,4,half_space_right,2,middle_third,False,52.59,51.83,61.08,58.0,35.86,37.62,33.99,41.4
42,1959846,3385,3390,05:38.5,05:39.0,5,38,0.5,1,2,1803,right_to_left,Western United,0,False,False,False,create,1,medium_block,9,-16.71,19.4,2,half_space_left,2,middle_third,False,-19.56,16.47,2,half_space_left,1,defensive_third,False,37.57,37.12,41.35,41.3,51.75,51.2,58.15,58.64
43,1959846,3390,3419,05:39.0,05:41.9,5,39,2.9,1,2,1803,right_to_left,Western United,1,False,False,False,build_up,0,high_block,10,-20.19,15.78,2,half_space_left,1,defensive_third,False,-20.14,10.2,2,half_space_left,1,defensive_third,False,36.96,29.56,41.32,39.91,51.04,45.22,58.74,66.64
44,1959846,3419,3499,05:41.9,05:49.9,5,41,8.0,1,2,1803,right_to_left,Western United,1,True,False,False,create,1,medium_block,9,-19.6,9.46,2,half_space_left,1,defensive_third,False,-12.16,-22.81,5,wide_right,2,middle_third,False,29.54,47.66,39.57,51.49,44.9,40.93,66.95,61.65
45,1959846,3499,3585,05:49.9,05:58.5,5,49,8.6,1,1,868,left_to_right,Melbourne V FC,2,True,False,True,quick_break,3,defending_quick_break,12,11.97,22.67,1,wide_left,2,middle_third,False,48.59,-0.13,3,center,3,attacking_third,True,40.83,25.35,61.53,79.66,47.71,35.97,51.52,48.81
46,1959846,3585,3595,05:58.5,05:59.5,5,58,1.0,1,2,1803,right_to_left,Western United,1,True,False,False,chaotic,5,chaotic,5,-48.85,1.33,3,center,1,defensive_third,False,-53.32,14.34,2,half_space_left,1,defensive_third,False,35.93,35.63,48.77,49.37,25.22,24.01,79.9,81.62
47,1959846,3886,3896,06:28.6,06:29.6,6,28,1.0,1,1,868,left_to_right,Melbourne V FC,1,True,False,False,set_play,7,defending_set_play,13,50.96,-29.48,5,wide_right,3,attacking_third,False,44.14,-9.46,4,half_space_right,3,attacking_third,True,37.68,38.41,69.83,68.38,10.86,11.15,11.99,12.35
48,1959846,3902,3923,06:30.2,06:32.3,6,30,2.1,1,2,1803,right_to_left,Western United,1,True,False,False,chaotic,5,chaotic,5,-42.1,1.67,3,center,1,defensive_third,False,-24.08,-4.81,3,center,1,defensive_third,False,10.65,13.89,13.22,18.09,38.1,38.58,67.4,63.72
49,1959846,3923,4037,06:32.3,06:43.7,6,32,11.4,1,1,868,left_to_right,Melbourne V FC,5,False,True,True,finish,2,low_block,8,23.24,4.96,3,center,3,attacking_third,False,54.4,-0.64,3,center,3,attacking_third,False,38.81,46.92,63.47,72.53,14.22,28.38,18.41,35.07
50,1959846,4689,4795,07:48.9,07:59.5,7,48,10.6,1,2,1803,right_to_left,Western United,4,True,False,False,create,1,medium_block,9,-0.78,0.27,3,center,2,middle_third,False,7.97,22.77,1,wide_left,2,middle_third,False,66.86,56.93,42.26,58.37,32.39,34.18,44.12,42.54
51,1959846,4795,4848,07:59.5,08:04.8,7,59,5.3,1,1,868,left_to_right,Melbourne V FC,1,True,False,False,chaotic,5,chaotic,5,-8.2,-22.91,5,wide_right,2,middle_third,False,14.2,-9.15,3,center,2,middle_third,False,34.31,34.25,42.42,53.88,56.7,38.98,58.52,52.95
52,1959846,4848,4927,08:04.8,08:12.7,8,4,7.9,1,2,1803,right_to_left,Western United,3,True,False,False,create,1,medium_block,9,-14.39,9.42,2,half_space_left,2,middle_third,False,-26.85,32.87,1,wide_left,1,defensive_third,False,38.77,51.93,52.81,47.85,34.15,39.82,54.15,57.74
53,1959846,5185,5195,08:38.5,08:39.5,8,38,1.0,1,1,868,left_to_right,Melbourne V FC,1,False,False,False,chaotic,5,chaotic,5,10.62,-31.91,5,wide_right,2,middle_third,False,0.62,-26.71,5,wide_right,2,middle_third,False,55.6,56.13,56.87,56.59,35.23,35.02,33.87,35.25
54,1959846,5206,5282,08:40.6,08:48.2,8,40,7.6,1,1,868,left_to_right,Melbourne V FC,3,False,False,True,create,1,medium_block,9,-5.86,-22.9,5,wide_right,2,middle_third,False,20.53,16.5,2,half_space_left,3,attacking_third,False,56.99,56.7,55.58,59.97,34.87,45.44,38.26,40.6
55,1959846,5282,5328,08:48.2,08:52.8,8,48,4.6,1,1,868,left_to_right,Melbourne V FC,2,True,False,True,finish,2,low_block,8,21.5,14.71,2,half_space_left,3,attacking_third,False,52.87,-1.65,3,center,3,attacking_third,False,56.32,34.17,60.55,84.78,45.21,35.45,40.64,41.72
56,1959846,5560,5671,09:16.0,09:27.1,9,16,11.1,1,2,1803,right_to_left,Western United,3,False,False,False,build_up,0,high_block,10,-38.3,5.45,3,center,1,defensive_third,False,-20.28,28.95,1,wide_left,1,defensive_third,False,58.97,51.34,37.99,43.87,35.0,37.67,60.5,53.9
57,1959846,5671,5680,09:27.1,09:28.0,9,27,0.9,1,2,1803,right_to_left,Western United,0,True,False,False,create,1,medium_block,9,-19.0,29.14,1,wide_left,1,defensive_third,False,-0.75,29.39,1,wide_left,2,middle_third,False,51.09,48.79,44.24,46.89,37.78,38.27,53.69,53.21
58,1959846,5920,6012,09:52.0,10:01.2,9,52,9.2,1,1,868,left_to_right,Melbourne V FC,5,False,False,True,build_up,0,high_block,10,-48.34,1.56,3,center,1,defensive_third,False,-20.07,-3.48,3,center,1,defensive_third,False,64.58,57.17,51.24,53.79,43.32,36.04,71.08,64.3
59,1959846,6012,6072,10:01.2,10:07.2,10,1,6.0,1,1,868,left_to_right,Melbourne V FC,1,False,False,True,create,1,medium_block,9,-19.48,-2.91,3,center,1,defensive_third,False,22.58,20.06,2,half_space_left,3,attacking_third,False,57.15,51.27,53.92,65.43,36.3,49.44,64.06,56.86
60,1959846,6072,6137,10:07.2,10:13.7,10,7,6.5,1,1,868,left_to_right,Melbourne V FC,3,True,False,True,finish,2,low_block,8,22.86,18.98,2,half_space_left,3,attacking_third,False,46.9,-1.37,3,center,3,attacking_third,True,50.95,35.96,65.44,85.38,49.25,41.68,56.67,50.88
61,1959846,6381,6391,10:38.1,10:39.1,10,38,1.0,1,2,1803,right_to_left,Western United,1,False,False,False,build_up,0,high_block,10,,,2,half_space_left,2,middle_third,False,-38.84,19.61,2,half_space_left,1,defensive_third,False,,59.06,,45.36,,36.31,,71.71
62,1959846,6401,6453,10:40.1,10:45.3,10,40,5.2,1,2,1803,right_to_left,Western United,1,True,False,False,chaotic,5,chaotic,5,-33.81,31.06,1,wide_left,1,defensive_third,False,1.63,7.0,3,center,2,middle_third,False,58.22,47.22,47.16,52.3,37.72,37.53,71.95,57.72
63,1959846,6453,6481,10:45.3,10:48.1,10,45,2.8,1,1,868,left_to_right,Melbourne V FC,1,False,False,False,create,1,medium_block,9,-2.44,-6.23,3,center,2,middle_third,False,-19.55,2.16,3,center,1,defensive_third,False,37.07,31.19,57.59,55.02,46.86,36.8,52.5,56.21
64,1959846,6481,6582,10:48.1,10:58.2,10,48,10.1,1,1,868,left_to_right,Melbourne V FC,4,False,False,False,build_up,0,high_block,10,-20.79,1.92,3,center,1,defensive_third,False,-30.38,-25.67,5,wide_right,1,defensive_third,False,31.26,50.38,54.92,44.41,36.6,37.55,56.49,61.89
65,1959846,6669,6857,11:06.9,11:25.7,11,6,18.8,1,1,868,left_to_right,Melbourne V FC,8,False,False,False,create,1,medium_block,9,-23.96,14.16,2,half_space_left,1,defensive_third,False,-19.11,24.66,1,wide_left,1,defensive_third,False,60.1,62.51,47.44,54.52,42.68,44.75,54.88,50.15
66,1959846,6857,6880,11:25.7,11:28.0,11,25,2.3,1,1,868,left_to_right,Melbourne V FC,1,False,False,False,build_up,0,high_block,10,-20.04,24.34,1,wide_left,1,defensive_third,False,-20.4,16.54,2,half_space_left,1,defensive_third,False,62.61,62.7,54.45,52.37,44.49,40.72,50.4,56.85
67,1959846,6880,6904,11:28.0,11:30.4,11,28,2.4,1,1,868,left_to_right,Melbourne V FC,1,True,False,False,create,1,medium_block,9,-19.25,15.12,2,half_space_left,1,defensive_third,False,3.28,13.62,2,half_space_left,2,middle_third,False,62.64,58.93,52.24,48.91,40.56,36.16,57.0,55.59
68,1959846,6904,6952,11:30.4,11:35.2,11,30,4.8,1,2,1803,right_to_left,Western United,3,False,False,False,create,1,medium_block,9,-3.58,-14.04,4,half_space_right,2,middle_third,False,-19.33,-17.26,4,half_space_right,1,defensive_third,False,36.15,43.34,55.47,46.64,58.55,44.07,48.84,56.0
69,1959846,6952,6970,11:35.2,11:37.0,11,35,1.8,1,2,1803,right_to_left,Western United,0,False,False,False,build_up,0,high_block,10,-20.2,-16.5,4,half_space_right,1,defensive_third,False,-28.73,-7.81,3,center,1,defensive_third,False,43.66,48.01,46.45,39.31,43.79,37.21,56.38,62.04
70,1959846,6970,6997,11:37.0,11:39.7,11,37,2.7,1,2,1803,right_to_left,Western United,1,True,False,False,direct,6,defending_direct,15,-28.92,-7.54,3,center,1,defensive_third,False,11.81,-11.27,4,half_space_right,2,middle_third,False,48.19,44.53,38.88,43.22,36.89,35.98,62.27,61.45
71,1959846,6997,7022,11:39.7,11:42.2,11,39,2.5,1,1,868,left_to_right,Melbourne V FC,1,True,False,False,chaotic,5,chaotic,5,-12.84,11.23,2,half_space_left,2,middle_third,False,-2.19,13.76,2,half_space_left,2,middle_third,False,36.14,36.04,61.34,57.67,44.23,35.67,43.6,47.59
72,1959846,7022,7043,11:42.2,11:44.3,11,42,2.1,1,2,1803,right_to_left,Western United,1,True,False,False,chaotic,5,chaotic,5,2.04,-13.78,4,half_space_right,2,middle_third,False,12.1,-16.9,4,half_space_right,2,middle_third,False,35.28,32.89,47.57,48.37,35.89,33.54,57.45,53.57
73,1959846,7043,7126,11:44.3,11:52.6,11,44,8.3,1,1,868,left_to_right,Melbourne V FC,3,False,False,False,create,1,medium_block,9,-12.48,16.84,2,half_space_left,2,middle_third,False,-19.65,27.3,1,wide_left,1,defensive_third,False,33.47,51.03,53.43,48.36,33.03,39.83,48.53,50.73
74,1959846,7126,7154,11:52.6,11:55.4,11,52,2.8,1,1,868,left_to_right,Melbourne V FC,1,False,False,False,build_up,0,high_block,10,-20.81,26.53,1,wide_left,1,defensive_third,False,-20.89,9.72,2,half_space_left,1,defensive_third,False,51.18,56.05,48.37,49.21,39.72,38.62,50.72,51.25
75,1959846,7154,7255,11:55.4,12:05.5,11,55,10.1,1,1,868,left_to_right,Melbourne V FC,3,False,False,False,create,1,medium_block,9,-19.14,7.77,3,center,1,defensive_third,False,-19.57,-21.79,5,wide_right,1,defensive_third,False,56.15,53.57,49.3,49.44,38.73,39.71,51.2,49.6
76,1959846,7255,7293,12:05.5,12:09.3,12,5,3.8,1,1,868,left_to_right,Melbourne V FC,2,False,False,False,build_up,0,high_block,10,-20.43,-21.01,5,wide_right,1,defensive_third,False,-20.13,-11.78,4,half_space_right,1,defensive_third,False,53.77,61.13,49.25,50.13,39.59,38.21,49.85,61.96
77,1959846,7293,7376,12:09.3,12:17.6,12,9,8.3,1,1,868,left_to_right,Melbourne V FC,3,True,False,False,create,1,medium_block,9,-19.99,-12.04,4,half_space_right,1,defensive_third,False,20.63,-13.25,4,half_space_right,3,attacking_third,False,61.1,47.37,50.1,58.52,38.14,34.02,61.77,51.49
78,1959846,7376,7428,12:17.6,12:22.8,12,17,5.2,1,2,1803,right_to_left,Western United,1,True,False,False,chaotic,5,chaotic,5,-21.18,13.33,2,half_space_left,1,defensive_third,False,-4.1,13.07,2,half_space_left,2,middle_third,False,33.91,42.35,51.37,47.89,47.09,40.87,58.55,59.16
79,1959846,7428,7480,12:22.8,12:28.0,12,22,5.2,1,1,868,left_to_right,Melbourne V FC,3,True,False,False,create,1,medium_block,9,3.84,-13.03,4,half_space_right,2,middle_third,False,24.66,-17.09,4,half_space_right,3,attacking_third,False,40.77,47.0,58.96,55.59,42.3,40.02,47.97,48.1
80,1959846,7480,7705,12:28.0,12:50.5,12,28,22.5,1,2,1803,right_to_left,Western United,6,False,False,False,build_up,0,high_block,10,-25.14,16.92,2,half_space_left,1,defensive_third,False,-20.87,17.87,2,half_space_left,1,defensive_third,False,39.98,61.36,48.04,41.0,46.81,37.81,55.6,53.49
81,1959846,7705,7924,12:50.5,13:12.4,12,50,21.9,1,2,1803,right_to_left,Western United,7,False,False,False,create,1,medium_block,9,-19.99,18.5,2,half_space_left,1,defensive_third,False,15.97,-30.38,5,wide_right,2,middle_third,False,61.35,51.79,40.97,59.38,37.82,50.13,53.42,42.9
82,1959846,7924,7972,13:12.4,13:17.2,13,12,4.8,1,2,1803,right_to_left,Western United,3,True,False,False,finish,2,low_block,8,16.23,-29.92,5,wide_right,2,middle_third,False,29.64,-2.19,3,center,3,attacking_third,False,51.36,38.08,59.53,63.64,49.9,29.21,42.74,37.82
83,1959846,7972,8021,13:17.2,13:22.1,13,17,4.9,1,1,868,left_to_right,Melbourne V FC,3,False,False,False,build_up,0,high_block,10,-30.05,2.78,3,center,1,defensive_third,False,-20.54,12.73,2,half_space_left,1,defensive_third,False,28.92,36.04,37.81,36.16,37.84,25.99,63.39,60.36
84,1959846,8021,8041,13:22.1,13:24.1,13,22,2.0,1,1,868,left_to_right,Melbourne V FC,1,True,False,False,create,1,medium_block,9,-19.93,13.32,2,half_space_left,1,defensive_third,False,-10.31,20.7,1,wide_left,2,middle_third,False,36.44,41.88,36.51,43.31,26.14,29.35,60.22,58.47
85,1959846,8041,8147,13:24.1,13:34.7,13,24,10.6,1,2,1803,right_to_left,Western United,2,False,False,False,quick_break,3,defending_quick_break,12,10.06,-20.89,5,wide_right,2,middle_third,False,,,2,half_space_left,2,middle_third,False,29.6,,58.38,,42.13,,43.71,
86,1959846,8182,8192,13:38.2,13:39.2,13,38,1.0,1,2,1803,right_to_left,Western United,1,False,False,False,chaotic,5,chaotic,5,,,2,half_space_left,2,middle_third,False,,,2,half_space_left,2,middle_third,False,,,,,,,,
87,1959846,8215,8225,13:41.5,13:42.5,13,41,1.0,1,2,1803,right_to_left,Western United,1,False,False,False,set_play,7,defending_set_play,13,,,2,half_space_left,2,middle_third,False,,,2,half_space_left,2,middle_third,False,,,,,,,,
88,1959846,8235,8298,13:43.5,13:49.8,13,43,6.3,1,2,1803,right_to_left,Western United,3,False,False,True,finish,2,low_block,8,47.41,-16.05,4,half_space_right,3,attacking_third,True,52.72,-6.61,3,center,3,attacking_third,False,38.3,32.76,73.09,73.5,30.98,29.71,40.31,39.89
89,1959846,8628,8638,14:22.8,14:23.8,14,22,1.0,1,2,1803,right_to_left,Western United,1,False,False,False,set_play,7,defending_set_play,13,52.94,-34.21,5,wide_right,3,attacking_third,False,49.68,-23.63,5,wide_right,3,attacking_third,False,43.41,41.96,78.84,76.17,28.29,26.37,9.95,9.52
90,1959846,8686,8742,14:28.6,14:34.2,14,28,5.6,1,2,1803,right_to_left,Western United,2,False,False,False,finish,2,low_block,8,31.42,-26.79,5,wide_right,3,attacking_third,False,52.48,-14.77,4,half_space_right,3,attacking_third,True,32.45,26.05,64.27,74.95,20.26,29.03,17.91,22.34
91,1959846,8983,8993,14:58.3,14:59.3,14,58,1.0,1,2,1803,right_to_left,Western United,1,False,False,False,set_play,7,defending_set_play,13,51.94,-32.54,5,wide_right,3,attacking_third,False,46.86,-12.18,4,half_space_right,3,attacking_third,True,61.13,59.15,72.65,69.4,22.86,20.06,10.23,10.73
92,1959846,8995,9125,14:59.5,15:12.5,14,59,13.0,1,2,1803,right_to_left,Western United,5,False,True,True,finish,2,low_block,8,46.13,-8.15,3,center,3,attacking_third,True,52.5,-1.52,3,center,3,attacking_third,False,58.03,29.03,68.39,75.22,19.14,29.1,11.11,37.19
93,1959846,9725,9736,16:12.5,16:13.6,16,12,1.1,1,1,868,left_to_right,Melbourne V FC,1,False,False,False,chaotic,5,chaotic,5,-16.68,4.14,3,center,2,middle_third,False,-17.23,1.82,3,center,2,middle_third,False,53.57,54.71,44.67,49.19,46.55,46.28,49.16,54.39
94,1959846,9736,9784,16:13.6,16:18.4,16,13,4.8,1,1,868,left_to_right,Melbourne V FC,2,True,False,False,direct,6,defending_direct,15,-16.98,1.43,3,center,2,middle_third,False,27.64,-36.63,5,wide_right,3,attacking_third,False,54.73,46.12,49.75,65.64,46.31,51.03,54.83,53.31
95,1959846,9936,9992,16:33.6,16:39.2,16,33,5.6,1,2,1803,right_to_left,Western United,4,False,False,False,build_up,0,high_block,10,-25.45,33.49,1,wide_left,1,defensive_third,False,-20.28,-13.29,4,half_space_right,1,defensive_third,False,32.47,39.19,49.28,50.22,26.71,34.34,59.24,65.51
96,1959846,9992,10137,16:39.2,16:53.7,16,39,14.5,1,2,1803,right_to_left,Western United,4,False,False,False,create,1,medium_block,9,-19.9,-14.07,4,half_space_right,1,defensive_third,False,-19.88,15.78,2,half_space_left,1,defensive_third,False,39.49,60.75,50.29,40.41,34.5,39.37,65.43,54.28
97,1959846,10137,10185,16:53.7,16:58.5,16,53,4.8,1,2,1803,right_to_left,Western United,2,False,False,False,build_up,0,high_block,10,-20.84,14.88,2,half_space_left,1,defensive_third,False,-20.06,-14.56,4,half_space_right,1,defensive_third,False,60.74,60.28,40.42,36.83,39.31,39.9,54.54,52.1
98,1959846,10185,10271,16:58.5,17:07.1,16,58,8.6,1,2,1803,right_to_left,Western United,4,False,False,False,create,1,medium_block,9,-19.87,-14.8,4,half_space_right,1,defensive_third,False,-19.12,-23.45,5,wide_right,1,defensive_third,False,60.42,51.55,36.99,45.0,39.92,40.11,51.92,50.71
99,1959846,10271,10335,17:07.1,17:13.5,17,7,6.4,1,2,1803,right_to_left,Western United,3,False,False,False,build_up,0,high_block,10,-20.08,-23.3,5,wide_right,1,defensive_third,False,-20.12,18.98,2,half_space_left,1,defensive_third,False,51.68,57.98,44.91,39.25,40.2,40.83,51.02,55.04
100,1959846,10335,10399,17:13.5,17:19.9,17,13,6.4,1,2,1803,right_to_left,Western United,2,False,False,False,create,1,medium_block,9,-19.75,19.28,2,half_space_left,1,defensive_third,False,24.15,29.14,1,wide_left,3,attacking_third,False,58.03,48.03,39.42,59.47,40.96,42.01,54.98,53.5
101,1959846,10399,10408,17:19.9,17:20.8,17,19,0.9,1,2,1803,right_to_left,Western United,1,True,False,False,finish,2,low_block,8,24.91,28.34,1,wide_left,3,attacking_third,False,32.26,18.98,2,half_space_left,3,attacking_third,False,47.79,45.91,60.02,64.79,41.84,40.54,53.62,54.26
102,1959846,10408,10453,17:20.8,17:25.3,17,20,4.5,1,1,868,left_to_right,Melbourne V FC,1,True,False,False,chaotic,5,chaotic,5,-33.05,-18.68,4,half_space_right,1,defensive_third,False,-48.61,-35.78,5,wide_right,1,defensive_third,False,40.4,39.17,54.29,49.05,45.64,43.67,65.35,75.25
103,1959846,10507,10525,17:30.7,17:32.5,17,30,1.8,1,2,1803,right_to_left,Western United,2,True,False,False,chaotic,5,chaotic,5,46.79,32.85,1,wide_left,3,attacking_third,False,38.62,22.62,1,wide_left,3,attacking_third,False,44.23,40.36,71.85,70.16,31.91,30.53,47.46,44.85
104,1959846,10525,10630,17:32.5,17:43.0,17,32,10.5,1,1,868,left_to_right,Melbourne V FC,4,True,False,False,transition,4,defending_transition,11,-38.14,-22.25,5,wide_right,1,defensive_third,False,17.43,23.61,1,wide_left,2,middle_third,False,30.62,39.12,44.77,60.82,40.13,39.32,69.93,60.93
105,1959846,10630,10786,17:43.0,17:58.6,17,43,15.6,1,2,1803,right_to_left,Western United,3,False,False,True,transition,4,defending_transition,11,-17.77,-23.79,5,wide_right,1,defensive_third,False,35.78,-23.65,5,wide_right,3,attacking_third,False,39.29,40.3,60.81,71.48,38.76,41.8,61.12,43.4
106,1959846,10786,10945,17:58.6,18:14.5,17,58,15.9,1,2,1803,right_to_left,Western United,5,False,False,True,finish,2,low_block,8,35.54,-23.43,5,wide_right,3,attacking_third,False,6.0,-10.05,4,half_space_right,2,middle_third,False,40.01,52.42,71.41,56.89,41.59,39.45,43.14,34.79
107,1959846,10945,10973,18:14.5,18:17.3,18,14,2.8,1,2,1803,right_to_left,Western United,1,False,False,True,create,1,medium_block,9,5.4,-9.8,4,half_space_right,2,middle_third,False,5.0,0.52,3,center,2,middle_third,False,52.44,53.19,56.81,54.52,39.39,38.5,34.84,35.38
108,1959846,10973,11093,18:17.3,18:29.3,18,17,12.0,1,2,1803,right_to_left,Western United,4,False,False,True,finish,2,low_block,8,5.38,1.85,3,center,2,middle_third,False,53.76,-2.03,3,center,3,attacking_third,False,53.23,44.52,54.7,70.88,38.47,32.12,35.39,41.12
109,1959846,11501,11511,19:10.1,19:11.1,19,10,1.0,1,2,1803,right_to_left,Western United,1,False,False,False,set_play,7,defending_set_play,13,52.35,-32.84,5,wide_right,3,attacking_third,False,48.52,-16.11,4,half_space_right,3,attacking_third,True,43.15,40.41,71.51,69.53,30.75,28.98,8.59,7.44
110,1959846,11560,11583,19:16.0,19:18.3,19,16,2.3,1,2,1803,right_to_left,Western United,1,True,False,False,chaotic,5,chaotic,5,40.52,28.3,1,wide_left,3,attacking_third,False,40.95,22.75,1,wide_left,3,attacking_third,False,49.22,47.09,61.03,59.14,33.68,40.79,15.39,15.13
111,1959846,11583,11607,19:18.3,19:20.7,19,18,2.4,1,1,868,left_to_right,Melbourne V FC,1,True,False,False,chaotic,5,chaotic,5,-40.8,-21.6,5,wide_right,1,defensive_third,False,-24.93,-10.62,4,half_space_right,1,defensive_third,False,40.76,37.53,15.16,23.19,46.82,40.91,59.14,57.0
112,1959846,11607,11652,19:20.7,19:25.2,19,20,4.5,1,2,1803,right_to_left,Western United,2,False,False,False,finish,2,low_block,8,24.58,10.45,2,half_space_left,3,attacking_third,False,5.87,4.76,3,center,2,middle_third,False,40.78,38.95,56.88,54.62,37.41,33.06,23.58,33.63
113,1959846,11652,11678,19:25.2,19:27.8,19,25,2.6,1,2,1803,right_to_left,Western United,1,False,False,False,create,1,medium_block,9,5.36,4.12,3,center,2,middle_third,False,4.84,-6.84,3,center,2,middle_third,False,39.09,41.04,54.61,52.11,33.08,35.73,33.79,35.11
114,1959846,11678,11721,19:27.8,19:32.1,19,27,4.3,1,2,1803,right_to_left,Western United,1,False,False,False,finish,2,low_block,8,5.19,-7.38,3,center,2,middle_third,False,5.15,-4.44,3,center,2,middle_third,False,41.15,44.11,52.06,53.26,35.89,35.35,35.02,31.38
115,1959846,11721,12007,19:32.1,20:00.7,19,32,28.6,1,2,1803,right_to_left,Western United,8,True,False,False,create,1,medium_block,9,4.8,-3.67,3,center,2,middle_third,False,0.34,21.17,1,wide_left,2,middle_third,False,44.12,51.33,53.28,43.48,35.28,33.83,31.6,50.55
116,1959846,12155,12165,20:15.5,20:16.5,20,15,1.0,1,1,868,left_to_right,Melbourne V FC,1,False,False,False,chaotic,5,chaotic,5,-20.3,-34.94,5,wide_right,1,defensive_third,False,-9.26,-33.39,5,wide_right,2,middle_third,False,49.65,49.0,52.61,52.62,31.16,31.68,53.18,53.11
117,1959846,12171,12224,20:17.1,20:22.4,20,17,5.3,1,1,868,left_to_right,Melbourne V FC,1,False,False,False,create,1,medium_block,9,-1.04,-33.12,5,wide_right,2,middle_third,False,28.99,-24.48,5,wide_right,3,attacking_third,False,47.75,38.47,52.73,66.98,32.48,26.74,53.57,57.67
118,1959846,12224,12268,20:22.4,20:26.8,20,22,4.4,1,1,868,left_to_right,Melbourne V FC,1,True,False,False,finish,2,low_block,8,29.74,-24.49,5,wide_right,3,attacking_third,False,39.84,-4.67,3,center,3,attacking_third,True,38.34,34.97,67.6,84.19,26.77,27.04,57.74,55.74
119,1959846,12268,12351,20:26.8,20:35.1,20,26,8.3,1,2,1803,right_to_left,Western United,1,False,False,False,build_up,0,high_block,10,-39.38,3.7,3,center,1,defensive_third,False,-20.08,-26.53,5,wide_right,1,defensive_third,False,27.02,45.66,55.83,45.73,34.79,39.48,84.2,66.82
120,1959846,12351,12443,20:35.1,20:44.3,20,35,9.2,1,2,1803,right_to_left,Western United,3,True,False,False,create,1,medium_block,9,-19.5,-26.78,5,wide_right,1,defensive_third,False,1.2,5.39,3,center,2,middle_third,False,46.01,52.71,45.91,50.73,39.6,38.18,66.66,48.53
121,1959846,12576,12586,20:57.6,20:58.6,20,57,1.0,1,1,868,left_to_right,Melbourne V FC,1,False,False,False,chaotic,5,chaotic,5,-37.42,-30.64,5,wide_right,1,defensive_third,False,-43.67,-23.04,5,wide_right,1,defensive_third,False,49.87,49.28,49.02,48.45,38.45,37.65,70.27,70.53
122,1959846,12599,12657,20:59.9,21:05.7,20,59,5.8,1,1,868,left_to_right,Melbourne V FC,3,False,False,True,build_up,0,high_block,10,-49.42,-10.23,4,half_space_right,1,defensive_third,False,-20.28,12.95,2,half_space_left,1,defensive_third,False,50.34,53.79,48.49,50.28,36.85,39.53,71.17,70.17
123,1959846,12657,12711,21:05.7,21:11.1,21,5,5.4,1,1,868,left_to_right,Melbourne V FC,2,False,False,True,create,1,medium_block,9,-19.9,12.8,2,half_space_left,1,defensive_third,False,19.8,-0.98,3,center,3,attacking_third,False,53.59,40.61,50.36,64.95,39.09,35.0,69.93,66.84
124,1959846,12711,12860,21:11.1,21:26.0,21,11,14.9,1,1,868,left_to_right,Melbourne V FC,4,False,False,True,finish,2,low_block,8,20.6,-0.92,3,center,3,attacking_third,False,46.33,7.49,3,center,3,attacking_third,True,40.4,31.3,65.35,80.22,35.03,32.59,66.69,37.99
125,1959846,12958,12989,21:35.8,21:38.9,21,35,3.1,1,1,868,left_to_right,Melbourne V FC,2,False,False,False,finish,2,low_block,8,8.53,30.94,1,wide_left,2,middle_third,False,5.63,17.82,2,half_space_left,2,middle_third,False,43.67,42.39,59.79,59.32,32.92,33.5,30.18,34.45
126,1959846,12989,13243,21:38.9,22:04.3,21,38,25.4,1,1,868,left_to_right,Melbourne V FC,7,True,False,False,create,1,medium_block,9,4.69,16.32,2,half_space_left,2,middle_third,False,17.69,-20.5,5,wide_right,3,attacking_third,False,42.58,49.55,59.36,56.25,33.52,36.71,34.59,40.67
127,1959846,13243,13253,22:04.3,22:05.3,22,4,1.0,1,2,1803,right_to_left,Western United,1,True,False,False,chaotic,5,chaotic,5,-18.14,20.61,1,wide_left,1,defensive_third,False,-6.59,21.31,1,wide_left,2,middle_third,False,36.59,35.33,40.69,40.68,49.37,48.2,56.29,56.7
128,1959846,13836,13885,23:03.6,23:08.5,23,3,4.9,1,1,868,left_to_right,Melbourne V FC,4,True,False,False,finish,2,low_block,8,8.45,-17.98,4,half_space_right,2,middle_third,False,14.43,-16.17,4,half_space_right,2,middle_third,False,58.87,57.22,56.94,57.9,35.17,38.09,33.72,33.16
129,1959846,13885,13969,23:08.5,23:16.9,23,8,8.4,1,2,1803,right_to_left,Western United,1,True,False,False,transition,4,defending_transition,11,-13.55,16.18,2,half_space_left,2,middle_third,False,44.2,6.03,3,center,3,attacking_third,True,37.93,23.95,33.26,78.43,56.92,24.53,57.95,54.64
130,1959846,13969,14118,23:16.9,23:31.8,23,16,14.9,1,1,868,left_to_right,Melbourne V FC,1,False,False,False,build_up,0,high_block,10,-44.74,-6.27,3,center,1,defensive_third,False,-20.97,22.37,1,wide_left,1,defensive_third,False,24.47,59.84,54.28,46.92,24.0,35.57,79.05,57.75
131,1959846,14118,14238,23:31.8,23:43.8,23,31,12.0,1,1,868,left_to_right,Melbourne V FC,3,False,False,False,create,1,medium_block,9,-19.87,23.02,1,wide_left,1,defensive_third,False,-19.55,-2.1,3,center,1,defensive_third,False,59.92,60.62,47.13,51.46,35.85,38.65,57.49,51.7
132,1959846,14238,14433,23:43.8,24:03.3,23,43,19.5,1,1,868,left_to_right,Melbourne V FC,6,False,False,False,build_up,0,high_block,10,-20.08,-3.1,3,center,1,defensive_third,False,-20.18,14.68,2,half_space_left,1,defensive_third,False,60.7,72.46,51.47,47.43,38.66,39.17,52.14,47.51
133,1959846,14433,14526,24:03.3,24:12.6,24,3,9.3,1,1,868,left_to_right,Melbourne V FC,3,True,False,False,create,1,medium_block,9,-19.61,15.75,2,half_space_left,1,defensive_third,False,20.31,28.22,1,wide_left,3,attacking_third,False,72.43,60.84,47.51,59.15,39.26,40.35,47.42,40.02
134,1959846,14740,14750,24:34.0,24:35.0,24,34,1.0,1,2,1803,right_to_left,Western United,1,False,False,False,build_up,0,high_block,10,-47.22,8.75,3,center,1,defensive_third,False,-47.94,3.65,3,center,1,defensive_third,False,60.77,61.24,50.4,50.14,35.19,35.2,68.43,71.16
135,1959846,14751,14801,24:35.1,24:40.1,24,35,5.0,1,2,1803,right_to_left,Western United,2,False,False,False,build_up,0,high_block,10,-48.01,2.85,3,center,1,defensive_third,False,-20.18,-18.73,4,half_space_right,1,defensive_third,False,61.32,60.71,50.05,50.36,35.27,38.76,71.93,69.87
136,1959846,14801,14849,24:40.1,24:44.9,24,40,4.8,1,2,1803,right_to_left,Western United,2,False,False,False,create,1,medium_block,9,-19.29,-19.45,4,half_space_right,1,defensive_third,False,1.03,-24.98,5,wide_right,2,middle_third,False,60.49,45.75,50.28,53.49,38.7,35.79,69.46,57.37
137,1959846,15021,15031,25:02.1,25:03.1,25,2,1.0,1,2,1803,right_to_left,Western United,1,False,False,False,create,1,medium_block,9,-2.62,-23.43,5,wide_right,2,middle_third,False,-7.55,-12.46,4,half_space_right,2,middle_third,False,48.84,49.24,52.81,53.49,36.04,35.67,41.56,41.79
138,1959846,15043,15131,25:04.3,25:13.1,25,4,8.8,1,2,1803,right_to_left,Western United,2,False,False,False,create,1,medium_block,9,-12.06,-1.34,3,center,2,middle_third,False,-19.27,-9.96,4,half_space_right,1,defensive_third,False,50.48,54.0,53.31,44.7,35.43,39.17,41.96,50.61
139,1959846,15131,15171,25:13.1,25:17.1,25,13,4.0,1,2,1803,right_to_left,Western United,1,False,False,False,build_up,0,high_block,10,-20.46,-8.88,3,center,1,defensive_third,False,-20.19,20.13,2,half_space_left,1,defensive_third,False,53.95,58.25,44.45,36.03,39.16,42.71,50.8,58.38
140,1959846,15171,15189,25:17.1,25:18.9,25,17,1.8,1,2,1803,right_to_left,Western United,1,False,False,False,create,1,medium_block,9,-19.83,21.4,1,wide_left,1,defensive_third,False,-19.98,31.07,1,wide_left,1,defensive_third,False,58.39,58.65,36.23,40.18,42.84,45.07,58.4,59.62
141,1959846,15189,15204,25:18.9,25:20.4,25,18,1.5,1,2,1803,right_to_left,Western United,1,False,False,False,build_up,0,high_block,10,-20.27,30.95,1,wide_left,1,defensive_third,False,-28.89,24.24,1,wide_left,1,defensive_third,False,58.53,57.49,40.45,44.48,45.06,44.04,59.81,62.61
142,1959846,15204,15225,25:20.4,25:22.5,25,20,2.1,1,2,1803,right_to_left,Western United,1,True,False,False,direct,6,defending_direct,15,-29.08,24.17,1,wide_left,1,defensive_third,False,3.76,19.28,2,half_space_left,2,middle_third,False,57.38,50.54,44.69,51.69,43.89,38.86,62.7,61.55
143,1959846,15225,15233,25:22.5,25:23.3,25,22,0.8,1,1,868,left_to_right,Melbourne V FC,1,False,False,False,chaotic,5,chaotic,5,-4.15,-18.99,4,half_space_right,2,middle_third,False,0.23,-18.61,4,half_space_right,2,middle_third,False,38.79,38.51,61.44,60.63,50.09,46.6,52.12,54.31
144,1959846,15468,15478,25:46.8,25:47.8,25,46,1.0,1,1,868,left_to_right,Melbourne V FC,1,False,False,False,create,1,medium_block,9,-2.02,-16.36,4,half_space_right,2,middle_third,False,-5.1,-3.17,3,center,2,middle_third,False,63.54,63.87,55.82,56.25,36.2,36.01,40.23,40.5
145,1959846,15482,15523,25:48.2,25:52.3,25,48,4.1,1,1,868,left_to_right,Melbourne V FC,2,False,False,False,create,1,medium_block,9,-6.13,0.72,3,center,2,middle_third,False,17.77,31.23,1,wide_left,3,attacking_third,False,64.16,60.37,56.15,59.67,35.93,46.76,40.36,37.68
146,1959846,15523,15550,25:52.3,25:55.0,25,52,2.7,1,1,868,left_to_right,Melbourne V FC,1,True,False,False,finish,2,low_block,8,18.75,31.03,1,wide_left,3,attacking_third,False,25.0,32.93,1,wide_left,3,attacking_third,False,60.08,55.46,59.83,63.49,46.91,47.24,37.65,37.37
147,1959846,15550,15620,25:55.0,26:02.0,25,55,7.0,1,2,1803,right_to_left,Western United,3,True,False,False,create,1,medium_block,9,-24.52,-32.81,5,wide_right,1,defensive_third,False,-1.83,-16.44,4,half_space_right,2,middle_third,False,47.18,44.46,37.52,47.68,55.34,41.86,63.51,61.79
148,1959846,15620,15935,26:02.0,26:33.5,26,2,31.5,1,1,868,left_to_right,Melbourne V FC,8,False,False,False,create,1,medium_block,9,1.24,16.06,2,half_space_left,2,middle_third,False,28.36,-26.39,5,wide_right,3,attacking_third,False,41.79,50.2,61.7,62.67,44.31,42.65,47.76,50.25
149,1959846,15935,16042,26:33.5,26:44.2,26,33,10.7,1,1,868,left_to_right,Melbourne V FC,7,False,False,False,finish,2,low_block,8,28.98,-26.34,5,wide_right,3,attacking_third,False,53.74,6.7,3,center,3,attacking_third,False,49.96,33.78,63.17,71.94,42.39,35.48,50.33,45.03
150,1959846,16445,16455,27:24.5,27:25.5,27,24,1.0,1,1,868,left_to_right,Melbourne V FC,1,False,False,False,set_play,7,defending_set_play,13,51.55,31.77,1,wide_left,3,attacking_third,False,47.06,11.98,2,half_space_left,3,attacking_third,True,43.11,43.02,71.49,71.06,7.92,8.19,9.5,8.95
151,1959846,16480,16536,27:28.0,27:33.6,27,28,5.6,1,1,868,left_to_right,Melbourne V FC,1,False,False,False,finish,2,low_block,8,40.74,-18.27,4,half_space_right,3,attacking_third,True,42.96,-12.62,4,half_space_right,3,attacking_third,True,45.81,54.97,68.74,65.97,13.07,35.14,13.22,20.59
152,1959846,16822,16832,28:02.2,28:03.2,28,2,1.0,1,1,868,left_to_right,Melbourne V FC,1,False,False,False,set_play,7,defending_set_play,13,52.23,-32.02,5,wide_right,3,attacking_third,False,46.51,-13.71,4,half_space_right,3,attacking_third,True,40.11,40.9,68.12,67.93,12.19,11.44,12.93,12.76
153,1959846,16848,16981,28:04.8,28:18.1,28,4,13.3,1,1,868,left_to_right,Melbourne V FC,3,False,False,False,finish,2,low_block,8,41.37,8.75,3,center,3,attacking_third,True,40.93,-16.32,4,half_space_right,3,attacking_third,True,43.62,43.89,66.15,66.47,14.01,21.81,15.2,18.09
154,1959846,17081,17121,28:28.1,28:32.1,28,28,4.0,1,1,868,left_to_right,Melbourne V FC,3,False,False,False,finish,2,low_block,8,34.34,-32.3,5,wide_right,3,attacking_third,False,5.07,-16.9,4,half_space_right,2,middle_third,False,47.13,49.07,63.16,56.92,33.21,36.44,20.58,36.62
155,1959846,17121,17165,28:32.1,28:36.5,28,32,4.4,1,1,868,left_to_right,Melbourne V FC,1,False,False,False,create,1,medium_block,9,4.53,-15.46,4,half_space_right,2,middle_third,False,-19.02,0.51,3,center,1,defensive_third,False,49.31,55.94,56.62,51.16,36.44,36.0,37.05,51.89
156,1959846,17165,17194,28:36.5,28:39.4,28,36,2.9,1,1,868,left_to_right,Melbourne V FC,1,False,False,False,build_up,0,high_block,10,-20.19,0.32,3,center,1,defensive_third,False,-21.14,-12.86,4,half_space_right,1,defensive_third,False,56.14,60.59,51.0,45.01,36.15,40.25,52.46,64.42
157,1959846,17194,17198,28:39.4,28:39.8,28,39,0.4,1,1,868,left_to_right,Melbourne V FC,0,True,False,False,create,1,medium_block,9,-19.36,-14.43,4,half_space_right,1,defensive_third,False,-14.49,-18.73,4,half_space_right,2,middle_third,False,60.55,60.38,44.99,45.12,40.43,40.98,64.4,64.23
158,1959846,17414,17424,29:01.4,29:02.4,29,1,1.0,1,2,1803,right_to_left,Western United,1,True,False,False,chaotic,5,chaotic,5,,,2,half_space_left,2,middle_third,False,,,2,half_space_left,2,middle_third,False,,,,,,,,
159,1959846,17431,17447,29:03.1,29:04.7,29,3,1.6,1,1,868,left_to_right,Melbourne V FC,1,False,False,False,create,1,medium_block,9,-10.8,-17.66,4,half_space_right,2,middle_third,False,-19.8,-9.53,4,half_space_right,1,defensive_third,False,25.98,27.28,47.71,47.85,40.92,37.66,47.15,50.28
160,1959846,17447,17567,29:04.7,29:16.7,29,4,12.0,1,1,868,left_to_right,Melbourne V FC,4,False,False,False,build_up,0,high_block,10,-20.38,-9.09,3,center,1,defensive_third,False,-20.29,25.19,1,wide_left,1,defensive_third,False,27.55,61.53,47.88,50.3,37.42,39.79,50.41,64.95
161,1959846,17567,17569,29:16.7,29:16.9,29,16,0.2,1,1,868,left_to_right,Melbourne V FC,0,False,False,False,create,1,medium_block,9,-19.65,26.0,1,wide_left,1,defensive_third,False,-19.14,26.83,1,wide_left,1,defensive_third,False,61.21,60.91,50.42,50.52,40.14,40.45,64.91,64.89
162,1959846,17683,17693,29:28.3,29:29.3,29,28,1.0,1,1,868,left_to_right,Melbourne V FC,1,False,False,False,chaotic,5,chaotic,5,-26.76,34.08,1,wide_left,1,defensive_third,False,-34.33,30.71,1,wide_left,1,defensive_third,False,53.15,52.55,49.24,49.15,41.42,41.25,58.6,60.61
163,1959846,17696,17766,29:29.6,29:36.6,29,29,7.0,1,1,868,left_to_right,Melbourne V FC,2,False,False,False,build_up,0,high_block,10,-36.96,29.67,1,wide_left,1,defensive_third,False,-20.06,17.52,2,half_space_left,1,defensive_third,False,52.53,43.27,49.23,45.35,41.33,38.73,61.96,64.99
164,1959846,17766,17861,29:36.6,29:46.1,29,36,9.5,1,1,868,left_to_right,Melbourne V FC,3,False,False,False,create,1,medium_block,9,-19.54,17.56,2,half_space_left,1,defensive_third,False,-19.88,22.66,1,wide_left,1,defensive_third,False,43.0,49.2,45.29,48.45,38.61,35.31,64.83,56.11
165,1959846,17861,17922,29:46.1,29:52.2,29,46,6.1,1,1,868,left_to_right,Melbourne V FC,2,False,False,False,build_up,0,high_block,10,-20.86,22.06,1,wide_left,1,defensive_third,False,-20.37,-8.94,3,center,1,defensive_third,False,49.21,53.0,48.46,49.65,35.27,41.54,55.96,58.12
166,1959846,17922,17929,29:52.2,29:52.9,29,52,0.7,1,1,868,left_to_right,Melbourne V FC,0,True,False,False,create,1,medium_block,9,-18.2,-9.31,4,half_space_right,1,defensive_third,False,-7.17,-10.62,4,half_space_right,2,middle_third,False,53.02,52.94,49.69,50.24,41.72,42.52,58.21,58.57
167,1959846,17929,17965,29:52.9,29:56.5,29,52,3.6,1,2,1803,right_to_left,Western United,2,True,False,False,chaotic,5,chaotic,5,6.43,10.73,2,half_space_left,2,middle_third,False,24.32,19.23,2,half_space_left,3,attacking_third,False,42.62,41.65,58.61,59.65,52.91,51.33,50.31,51.33
168,1959846,17965,18003,29:56.5,30:00.3,29,56,3.8,1,1,868,left_to_right,Melbourne V FC,1,True,False,False,chaotic,5,chaotic,5,-24.34,-18.7,4,half_space_right,1,defensive_third,False,-10.48,-16.1,4,half_space_right,2,middle_third,False,51.19,44.8,51.25,47.29,41.56,37.58,59.96,61.14
169,1959846,18003,18068,30:00.3,30:06.8,30,0,6.5,1,2,1803,right_to_left,Western United,3,True,False,False,finish,2,low_block,8,10.57,16.46,2,half_space_left,2,middle_third,False,20.97,10.81,2,half_space_left,3,attacking_third,False,37.65,38.71,61.09,66.01,44.65,30.83,47.24,32.95
170,1959846,18068,18198,30:06.8,30:19.8,30,6,13.0,1,1,868,left_to_right,Melbourne V FC,3,True,False,False,transition,4,defending_transition,11,-22.14,-11.09,4,half_space_right,1,defensive_third,False,43.76,-10.35,4,half_space_right,3,attacking_third,True,30.58,26.52,32.85,78.59,38.53,26.81,66.22,61.08
171,1959846,18416,18645,30:41.6,31:04.5,30,41,22.9,1,2,1803,right_to_left,Western United,9,True,False,False,build_up,0,high_block,10,-38.5,2.56,3,center,1,defensive_third,False,-31.62,28.31,1,wide_left,1,defensive_third,False,58.73,56.23,41.1,49.77,31.8,38.62,57.56,68.63
172,1959846,18645,18730,31:04.5,31:13.0,31,4,8.5,1,1,868,left_to_right,Melbourne V FC,3,True,False,True,quick_break,3,defending_quick_break,12,30.24,-28.64,5,wide_right,3,attacking_third,False,46.97,1.74,3,center,3,attacking_third,True,38.34,32.88,68.74,68.29,56.01,33.1,49.81,45.71
173,1959846,18943,18953,31:34.3,31:35.3,31,34,1.0,1,2,1803,right_to_left,Western United,1,False,False,False,create,1,medium_block,9,-45.46,11.11,2,half_space_left,1,defensive_third,False,-45.93,4.67,3,center,1,defensive_third,False,61.37,61.97,47.83,48.09,37.87,39.31,67.94,68.58
174,1959846,18954,18980,31:35.4,31:38.0,31,35,2.6,1,2,1803,right_to_left,Western United,1,False,False,False,chaotic,5,chaotic,5,-45.98,3.76,3,center,1,defensive_third,False,-41.66,4.41,3,center,1,defensive_third,False,61.99,62.04,48.06,45.0,39.58,42.98,68.83,71.95
175,1959846,18980,19014,31:38.0,31:41.4,31,38,3.4,1,2,1803,right_to_left,Western United,2,True,False,False,direct,6,defending_direct,15,-41.23,4.65,3,center,1,defensive_third,False,-8.14,28.01,1,wide_left,2,middle_third,False,62.02,58.95,44.74,47.31,43.11,43.46,71.93,64.44
176,1959846,19014,19163,31:41.4,31:56.3,31,41,14.9,1,1,868,left_to_right,Melbourne V FC,4,True,False,False,quick_break,3,defending_quick_break,12,8.3,-27.74,5,wide_right,2,middle_third,False,32.33,-11.35,4,half_space_right,3,attacking_third,False,43.42,40.37,64.13,67.87,58.81,23.35,47.28,33.34
177,1959846,19163,19196,31:56.3,31:59.6,31,56,3.3,1,2,1803,right_to_left,Western United,1,False,False,False,build_up,0,high_block,10,-32.13,11.68,2,half_space_left,1,defensive_third,False,-20.03,19.97,2,half_space_left,1,defensive_third,False,23.55,31.25,33.22,33.32,40.57,37.52,67.58,62.06
178,1959846,19196,19215,31:59.6,32:01.5,31,59,1.9,1,2,1803,right_to_left,Western United,1,True,False,False,create,1,medium_block,9,-19.54,20.21,1,wide_left,1,defensive_third,False,-9.07,23.34,1,wide_left,2,middle_third,False,31.55,35.18,33.47,38.2,37.31,37.05,61.99,61.6
179,1959846,19215,19323,32:01.5,32:12.3,32,1,10.8,1,1,868,left_to_right,Melbourne V FC,4,True,False,False,quick_break,3,defending_quick_break,12,8.41,-23.53,5,wide_right,2,middle_third,False,43.38,-9.89,4,half_space_right,3,attacking_third,True,36.93,30.9,61.62,73.48,35.36,31.15,38.67,39.47
180,1959846,19323,19346,32:12.3,32:14.6,32,12,2.3,1,2,1803,right_to_left,Western United,1,True,False,False,chaotic,5,chaotic,5,-43.13,9.2,2,half_space_left,1,defensive_third,False,-37.08,22.83,1,wide_left,1,defensive_third,False,31.03,28.68,39.21,34.45,30.83,32.62,73.77,72.42
181,1959846,20143,20159,33:34.3,33:35.9,33,34,1.6,1,1,868,left_to_right,Melbourne V FC,2,False,False,False,finish,2,low_block,8,13.43,-32.12,5,wide_right,2,middle_third,False,6.45,-27.84,5,wide_right,2,middle_third,False,50.82,53.1,62.34,60.77,33.73,36.3,48.22,48.07
182,1959846,20159,20200,33:35.9,33:40.0,33,35,4.1,1,1,868,left_to_right,Melbourne V FC,2,False,False,False,create,1,medium_block,9,5.25,-26.98,5,wide_right,2,middle_third,False,7.09,-4.85,3,center,2,middle_third,False,53.23,55.86,60.62,54.93,36.5,39.67,47.97,40.31
183,1959846,20200,20207,33:40.0,33:40.7,33,40,0.7,1,1,868,left_to_right,Melbourne V FC,1,False,False,False,finish,2,low_block,8,7.11,-4.53,3,center,2,middle_third,False,5.11,1.03,3,center,2,middle_third,False,55.84,55.83,54.92,54.8,39.67,39.82,40.1,39.01
184,1959846,20207,20354,33:40.7,33:55.4,33,40,14.7,1,1,868,left_to_right,Melbourne V FC,5,True,False,False,create,1,medium_block,9,4.69,2.12,3,center,2,middle_third,False,0.83,7.75,3,center,2,middle_third,False,55.87,65.57,54.78,54.38,39.84,38.73,38.84,55.31
185,1959846,20354,20416,33:55.4,34:01.6,33,55,6.2,1,2,1803,right_to_left,Western United,2,True,False,False,chaotic,5,chaotic,5,-1.4,-7.94,3,center,2,middle_third,False,1.27,2.3,3,center,2,middle_third,False,38.62,32.84,55.35,50.89,65.45,51.8,54.22,51.48
186,1959846,20416,20453,34:01.6,34:05.3,34,1,3.7,1,1,868,left_to_right,Melbourne V FC,2,False,False,True,create,1,medium_block,9,-1.32,-2.8,3,center,2,middle_third,False,19.32,-18.25,4,half_space_right,3,attacking_third,False,51.82,46.05,51.44,59.72,32.87,33.72,50.67,48.89
187,1959846,20453,20489,34:05.3,34:08.9,34,5,3.6,1,1,868,left_to_right,Melbourne V FC,1,True,False,True,finish,2,low_block,8,20.92,-18.39,4,half_space_right,3,attacking_third,False,47.63,-2.17,3,center,3,attacking_third,True,45.41,29.42,60.04,78.19,33.81,29.27,48.78,42.58
188,1959846,20489,20537,34:08.9,34:13.7,34,8,4.8,1,2,1803,right_to_left,Western United,2,True,False,False,chaotic,5,chaotic,5,-47.57,1.74,3,center,1,defensive_third,False,-32.77,24.46,1,wide_left,1,defensive_third,False,29.34,35.51,42.81,39.59,29.21,33.38,78.56,75.44
189,1959846,20537,20600,34:13.7,34:20.0,34,13,6.3,1,1,868,left_to_right,Melbourne V FC,2,False,False,True,finish,2,low_block,8,32.5,-24.71,5,wide_right,3,attacking_third,False,5.9,-16.05,4,half_space_right,2,middle_third,False,33.57,41.93,75.3,65.01,35.62,32.41,39.45,34.26
190,1959846,20600,20644,34:20.0,34:24.4,34,20,4.4,1,1,868,left_to_right,Melbourne V FC,1,False,False,True,create,1,medium_block,9,5.44,-14.66,4,half_space_right,2,middle_third,False,4.24,14.46,2,half_space_left,2,middle_third,False,42.0,50.15,64.9,62.64,32.32,39.31,34.45,41.12
191,1959846,20644,20670,34:24.4,34:27.0,34,24,2.6,1,1,868,left_to_right,Melbourne V FC,1,False,False,True,finish,2,low_block,8,5.42,16.11,2,half_space_left,2,middle_third,False,7.6,29.06,1,wide_left,2,middle_third,False,50.33,50.92,62.58,61.96,39.61,46.39,40.96,36.91
192,1959846,20670,20762,34:27.0,34:36.2,34,27,9.2,1,1,868,left_to_right,Melbourne V FC,3,False,False,True,create,1,medium_block,9,6.14,28.49,1,wide_left,2,middle_third,False,15.97,-21.88,5,wide_right,2,middle_third,False,51.0,59.67,61.93,57.48,46.34,41.23,36.96,39.1
193,1959846,20762,20833,34:36.2,34:43.3,34,36,7.1,1,1,868,left_to_right,Melbourne V FC,4,True,False,True,finish,2,low_block,8,15.89,-21.86,5,wide_right,2,middle_third,False,50.09,4.46,3,center,3,attacking_third,True,59.43,38.28,57.67,68.7,41.19,34.05,38.99,31.99
194,1959846,21080,21090,35:08.0,35:09.0,35,8,1.0,1,2,1803,right_to_left,Western United,1,False,False,False,create,1,medium_block,9,,,2,half_space_left,2,middle_third,False,,,2,half_space_left,2,middle_third,False,,,,,,,,
195,1959846,21121,21217,35:12.1,35:21.7,35,12,9.6,1,2,1803,right_to_left,Western United,3,False,False,False,build_up,0,high_block,10,-27.8,-14.1,4,half_space_right,1,defensive_third,False,-21.93,15.16,2,half_space_left,1,defensive_third,False,59.74,61.27,44.0,39.99,34.81,36.44,55.13,58.54
196,1959846,21217,21262,35:21.7,35:26.2,35,21,4.5,1,2,1803,right_to_left,Western United,0,True,False,False,create,1,medium_block,9,-19.98,13.69,2,half_space_left,1,defensive_third,False,5.09,-14.71,4,half_space_right,2,middle_third,False,61.1,43.33,40.31,53.86,36.46,40.32,58.35,52.04
197,1959846,21262,21269,35:26.2,35:26.9,35,26,0.7,1,1,868,left_to_right,Melbourne V FC,1,True,False,False,chaotic,5,chaotic,5,-4.45,14.58,2,half_space_left,2,middle_third,False,-1.59,16.38,2,half_space_left,2,middle_third,False,40.38,40.81,51.83,51.19,42.99,41.14,53.64,52.39
198,1959846,21269,21291,35:26.9,35:29.1,35,26,2.2,1,2,1803,right_to_left,Western United,1,True,False,False,chaotic,5,chaotic,5,1.92,-17.23,4,half_space_right,2,middle_third,False,10.28,-30.0,5,wide_right,2,middle_third,False,40.89,45.95,52.19,54.49,40.91,50.03,51.23,52.09
199,1959846,21291,21305,35:29.1,35:30.5,35,29,1.4,1,1,868,left_to_right,Melbourne V FC,1,True,False,False,chaotic,5,chaotic,5,-10.38,30.19,1,wide_left,2,middle_third,False,5.95,27.46,1,wide_left,2,middle_third,False,50.5,52.38,52.05,51.23,46.3,48.84,54.6,55.05
200,1959846,21305,21422,35:30.5,35:42.2,35,30,11.7,1,2,1803,right_to_left,Western United,2,False,False,False,create,1,medium_block,9,-6.79,-27.27,5,wide_right,2,middle_third,False,-19.68,-5.65,3,center,1,defensive_third,False,48.9,58.52,55.08,44.84,52.3,39.28,51.15,50.66
201,1959846,21422,21462,35:42.2,35:46.2,35,42,4.0,1,2,1803,right_to_left,Western United,2,False,False,False,build_up,0,high_block,10,-20.04,-4.61,3,center,1,defensive_third,False,-35.09,-3.99,3,center,1,defensive_third,False,58.59,60.78,44.69,39.53,39.22,39.93,50.94,66.41
202,1959846,21462,21482,35:46.2,35:48.2,35,46,2.0,1,2,1803,right_to_left,Western United,1,False,False,False,direct,6,defending_direct,15,-35.1,-4.15,3,center,1,defensive_third,False,2.4,-21.71,5,wide_right,2,middle_third,False,60.81,60.35,39.25,42.67,40.05,42.14,66.52,66.38
203,1959846,21554,21622,35:55.4,36:02.2,35,55,6.8,1,2,1803,right_to_left,Western United,4,False,False,False,finish,2,low_block,8,29.77,-31.96,5,wide_right,3,attacking_third,False,47.67,-8.98,3,center,3,attacking_third,True,50.48,40.36,65.55,80.0,40.41,32.31,58.72,47.6
204,1959846,21684,21734,36:08.4,36:13.4,36,8,5.0,1,2,1803,right_to_left,Western United,3,False,False,False,finish,2,low_block,8,30.49,-33.27,5,wide_right,3,attacking_third,False,44.5,-23.16,5,wide_right,3,attacking_third,False,40.75,38.83,73.72,71.28,29.04,31.58,40.57,35.31
205,1959846,22003,22013,36:40.3,36:41.3,36,40,1.0,1,2,1803,right_to_left,Western United,1,True,False,False,set_play,7,defending_set_play,13,52.34,-32.62,5,wide_right,3,attacking_third,False,48.61,-15.26,4,half_space_right,3,attacking_third,True,43.65,40.93,75.46,73.28,31.2,29.76,10.89,10.09
206,1959846,22042,22066,36:44.2,36:46.6,36,44,2.4,1,1,868,left_to_right,Melbourne V FC,2,False,True,True,build_up,0,high_block,10,-38.48,12.04,2,half_space_left,1,defensive_third,False,-20.64,22.38,1,wide_left,1,defensive_third,False,21.72,22.26,15.39,27.68,31.46,30.48,69.9,66.13
207,1959846,22066,22134,36:46.6,36:53.4,36,46,6.8,1,1,868,left_to_right,Melbourne V FC,2,False,True,True,create,1,medium_block,9,-19.93,22.51,1,wide_left,1,defensive_third,False,30.76,-7.84,3,center,3,attacking_third,False,22.33,21.51,28.31,70.78,30.4,25.79,66.17,69.56
208,1959846,22134,22176,36:53.4,36:57.6,36,53,4.2,1,1,868,left_to_right,Melbourne V FC,3,False,True,True,finish,2,low_block,8,31.23,-8.17,3,center,3,attacking_third,False,52.4,0.89,3,center,3,attacking_third,True,21.92,24.2,71.19,89.12,26.5,27.09,69.36,63.45
209,1959846,23435,23602,39:03.5,39:20.2,39,3,16.7,1,2,1803,right_to_left,Western United,8,False,False,False,create,1,medium_block,9,-0.51,0.01,3,center,2,middle_third,False,10.65,32.26,1,wide_left,2,middle_third,False,52.59,53.89,39.94,61.01,51.39,36.39,38.17,38.59
210,1959846,23639,23649,39:23.9,39:24.9,39,23,1.0,1,2,1803,right_to_left,Western United,1,False,False,False,chaotic,5,chaotic,5,6.08,30.52,1,wide_left,2,middle_third,False,-1.67,26.21,1,wide_left,2,middle_third,False,56.2,56.97,62.63,61.91,38.29,38.58,35.14,34.8
211,1959846,23650,23727,39:25.0,39:32.7,39,25,7.7,1,2,1803,right_to_left,Western United,3,False,False,False,create,1,medium_block,9,-2.28,25.65,1,wide_left,2,middle_third,False,13.66,-28.3,5,wide_right,2,middle_third,False,57.14,58.21,61.71,59.27,38.68,41.04,34.67,33.94
212,1959846,23727,23780,39:32.7,39:38.0,39,32,5.3,1,2,1803,right_to_left,Western United,1,True,False,False,finish,2,low_block,8,14.84,-29.12,5,wide_right,2,middle_third,False,51.0,-34.25,5,wide_right,3,attacking_third,False,58.08,52.47,59.43,79.52,41.34,43.44,33.9,29.1
213,1959846,24059,24069,40:05.9,40:06.9,40,5,1.0,1,1,868,left_to_right,Melbourne V FC,1,False,False,False,chaotic,5,chaotic,5,-39.36,33.88,1,wide_left,1,defensive_third,False,-29.09,32.46,1,wide_left,1,defensive_third,False,42.86,42.43,38.02,37.52,35.73,36.2,68.87,68.1
214,1959846,24200,24210,40:20.0,40:21.0,40,20,1.0,1,1,868,left_to_right,Melbourne V FC,1,False,False,False,chaotic,5,chaotic,5,-19.92,33.1,1,wide_left,1,defensive_third,False,-28.49,30.99,1,wide_left,1,defensive_third,False,43.94,45.67,44.6,45.32,33.66,34.2,56.83,58.68
215,1959846,24214,24280,40:21.4,40:28.0,40,21,6.6,1,1,868,left_to_right,Melbourne V FC,3,False,False,False,build_up,0,high_block,10,-32.29,30.21,1,wide_left,1,defensive_third,False,-43.78,27.54,1,wide_left,1,defensive_third,False,46.61,57.79,45.9,44.06,35.0,41.78,60.59,73.18
216,1959846,24280,24307,40:28.0,40:30.7,40,28,2.7,1,1,868,left_to_right,Melbourne V FC,1,False,False,False,direct,6,defending_direct,15,-43.12,28.03,1,wide_left,1,defensive_third,False,-9.0,28.89,1,wide_left,2,middle_third,False,57.85,53.88,44.06,43.33,41.67,41.76,73.06,68.32
217,1959846,24307,24350,40:30.7,40:35.0,40,30,4.3,1,1,868,left_to_right,Melbourne V FC,1,False,False,False,create,1,medium_block,9,-8.31,28.68,1,wide_left,2,middle_third,False,-12.45,33.88,1,wide_left,2,middle_third,False,53.72,48.23,43.39,47.42,41.49,39.89,68.18,62.32
218,1959846,24443,24606,40:44.3,41:00.6,40,44,16.3,1,1,868,left_to_right,Melbourne V FC,5,False,False,False,create,1,medium_block,9,-20.34,32.86,1,wide_left,1,defensive_third,False,11.82,-25.1,5,wide_right,2,middle_third,False,48.85,53.16,50.5,59.23,33.51,43.15,55.29,57.03
219,1959846,24606,24840,41:00.6,41:24.0,41,0,23.4,1,1,868,left_to_right,Melbourne V FC,10,True,False,False,finish,2,low_block,8,11.84,-25.14,5,wide_right,2,middle_third,False,37.38,27.84,1,wide_left,3,attacking_third,False,52.9,37.13,59.42,65.62,43.11,34.73,56.86,28.59
220,1959846,25149,25159,41:54.9,41:55.9,41,54,1.0,1,2,1803,right_to_left,Western United,1,True,False,False,direct,6,defending_direct,15,-20.15,-17.03,4,half_space_right,1,defensive_third,False,-5.21,-16.22,4,half_space_right,2,middle_third,False,35.85,35.01,42.46,43.76,28.42,27.94,43.23,43.59
221,1959846,25178,25217,41:57.8,42:01.7,41,57,3.9,1,1,868,left_to_right,Melbourne V FC,1,True,False,False,chaotic,5,chaotic,5,-12.36,10.61,2,half_space_left,2,middle_third,False,17.44,-11.39,4,half_space_right,2,middle_third,False,26.37,30.68,42.72,52.61,31.78,39.3,48.69,56.16
222,1959846,25217,25223,42:01.7,42:02.3,42,1,0.6,1,2,1803,right_to_left,Western United,1,False,False,False,create,1,medium_block,9,-17.95,11.72,2,half_space_left,1,defensive_third,False,-19.86,13.46,2,half_space_left,1,defensive_third,False,39.59,41.0,56.15,55.84,30.88,31.94,53.0,54.74
223,1959846,25223,25310,42:02.3,42:11.0,42,2,8.7,1,2,1803,right_to_left,Western United,3,False,False,False,build_up,0,high_block,10,-20.27,13.78,2,half_space_left,1,defensive_third,False,-20.76,24.29,1,wide_left,1,defensive_third,False,41.29,58.27,55.71,47.66,32.17,36.81,55.04,59.42
224,1959846,25310,25390,42:11.0,42:19.0,42,11,8.0,1,2,1803,right_to_left,Western United,2,False,False,False,create,1,medium_block,9,-19.88,25.18,1,wide_left,1,defensive_third,False,15.04,-28.35,5,wide_right,2,middle_third,False,58.24,54.5,47.77,58.56,36.96,41.53,59.23,50.85
225,1959846,25390,25496,42:19.0,42:29.6,42,19,10.6,1,2,1803,right_to_left,Western United,3,False,False,False,finish,2,low_block,8,15.23,-28.6,5,wide_right,2,middle_third,False,-31.08,2.89,3,center,1,defensive_third,False,54.42,29.17,58.59,44.07,41.7,37.4,50.76,69.03
226,1959846,25496,25510,42:29.6,42:31.0,42,29,1.4,1,2,1803,right_to_left,Western United,1,True,False,False,chaotic,5,chaotic,5,30.59,-3.14,3,center,3,attacking_third,False,31.57,-4.26,3,center,3,attacking_third,False,37.35,36.78,68.97,67.01,29.02,26.7,43.97,42.95
227,1959846,25510,25532,42:31.0,42:33.2,42,31,2.2,1,1,868,left_to_right,Melbourne V FC,1,True,False,False,chaotic,5,chaotic,5,-31.05,3.9,3,center,1,defensive_third,False,-3.47,-10.7,4,half_space_right,2,middle_third,False,26.51,25.37,42.91,41.69,36.66,36.94,66.81,62.69
228,1959846,25532,25718,42:33.2,42:51.8,42,33,18.6,1,2,1803,right_to_left,Western United,5,False,False,False,create,1,medium_block,9,2.54,10.96,2,half_space_left,2,middle_third,False,17.53,-33.05,5,wide_right,3,attacking_third,False,37.07,59.08,62.59,55.21,25.47,44.87,41.68,38.91
229,1959846,25718,25741,42:51.8,42:54.1,42,51,2.3,1,2,1803,right_to_left,Western United,1,False,False,False,finish,2,low_block,8,17.56,-33.02,5,wide_right,3,attacking_third,False,7.39,-27.91,5,wide_right,2,middle_third,False,58.93,55.15,55.59,56.91,45.06,43.7,38.78,35.73
230,1959846,25741,25847,42:54.1,43:04.7,42,54,10.6,1,2,1803,right_to_left,Western United,3,False,False,False,create,1,medium_block,9,5.95,-27.3,5,wide_right,2,middle_third,False,8.6,22.8,1,wide_left,2,middle_third,False,55.1,54.75,56.82,55.1,43.51,39.73,35.65,40.05
231,1959846,25847,25909,43:04.7,43:10.9,43,4,6.2,1,2,1803,right_to_left,Western United,1,True,False,False,finish,2,low_block,8,9.43,23.75,1,wide_left,2,middle_third,False,23.12,11.06,2,half_space_left,3,attacking_third,False,54.82,37.58,55.15,57.72,39.73,36.43,40.11,40.03
232,1959846,25909,25968,43:10.9,43:16.8,43,10,5.9,1,1,868,left_to_right,Melbourne V FC,2,True,False,False,chaotic,5,chaotic,5,-23.08,-10.78,4,half_space_right,1,defensive_third,False,20.78,-7.43,3,center,3,attacking_third,False,36.58,37.31,40.07,63.37,37.16,35.21,57.56,56.2
233,1959846,25968,26021,43:16.8,43:22.1,43,16,5.3,1,2,1803,right_to_left,Western United,1,False,False,False,build_up,0,high_block,10,-21.62,6.79,3,center,1,defensive_third,False,-47.06,26.01,1,wide_left,1,defensive_third,False,35.33,37.89,56.25,57.07,37.13,33.65,64.04,82.09
234,1959846,26251,26317,43:45.1,43:51.7,43,45,6.6,1,2,1803,right_to_left,Western United,3,False,False,False,create,1,medium_block,9,,,2,half_space_left,2,middle_third,False,-4.49,-19.63,4,half_space_right,2,middle_third,False,,61.42,,55.94,,37.33,,40.18
235,1959846,26317,26360,43:51.7,43:56.0,43,51,4.3,1,2,1803,right_to_left,Western United,1,True,False,False,direct,6,defending_direct,15,-4.43,-19.24,4,half_space_right,2,middle_third,False,42.53,12.15,2,half_space_left,3,attacking_third,True,61.42,52.1,56.03,68.31,37.18,37.37,40.44,45.59
236,1959846,26360,26496,43:56.0,44:09.6,43,56,13.6,1,1,868,left_to_right,Melbourne V FC,5,False,False,False,build_up,0,high_block,10,-43.19,-12.26,4,half_space_right,1,defensive_third,False,-20.38,31.37,1,wide_left,1,defensive_third,False,37.56,52.72,45.69,48.96,51.75,42.5,68.33,63.43
237,1959846,26496,26572,44:09.6,44:17.2,44,9,7.6,1,1,868,left_to_right,Melbourne V FC,2,True,False,False,create,1,medium_block,9,-19.91,30.82,1,wide_left,1,defensive_third,False,-12.67,34.82,1,wide_left,2,middle_third,False,52.5,58.08,48.87,48.93,42.32,45.1,63.32,55.75
238,1959846,26634,26644,44:23.4,44:24.4,44,23,1.0,1,2,1803,right_to_left,Western United,1,False,False,False,chaotic,5,chaotic,5,3.22,-30.42,5,wide_right,2,middle_third,False,-4.82,-27.21,5,wide_right,2,middle_third,False,43.79,44.79,57.91,57.05,46.12,44.55,42.65,42.49
239,1959846,26648,26937,44:24.8,44:53.7,44,24,28.9,1,2,1803,right_to_left,Western United,9,True,False,False,create,1,medium_block,9,-7.83,-25.41,5,wide_right,2,middle_third,False,24.63,18.85,2,half_space_left,3,attacking_third,False,45.55,55.9,56.81,54.66,43.33,44.71,42.25,40.97
240,1959846,26937,26961,44:53.7,44:56.1,44,53,2.4,1,1,868,left_to_right,Melbourne V FC,1,True,False,False,chaotic,5,chaotic,5,-24.91,-18.55,4,half_space_right,1,defensive_third,False,3.62,-21.99,5,wide_right,2,middle_third,False,44.43,36.33,41.08,46.6,55.38,44.99,54.98,58.19
241,1959846,26961,27006,44:56.1,45:00.6,44,56,4.5,1,2,1803,right_to_left,Western United,2,True,False,False,chaotic,5,chaotic,5,-3.98,22.08,1,wide_left,2,middle_third,False,24.11,14.04,2,half_space_left,3,attacking_third,False,44.77,39.59,58.14,58.92,36.16,30.56,46.81,46.26
242,1959846,27006,27092,45:00.6,45:09.2,45,0,8.6,1,1,868,left_to_right,Melbourne V FC,4,False,False,False,create,1,medium_block,9,-24.45,-14.0,4,half_space_right,1,defensive_third,False,24.35,-31.69,5,wide_right,3,attacking_third,False,30.56,41.58,46.22,60.93,39.46,30.64,59.28,59.74
243,1959846,27092,27115,45:09.2,45:11.5,45,9,2.3,1,1,868,left_to_right,Melbourne V FC,1,False,False,False,finish,2,low_block,8,25.0,-31.45,5,wide_right,3,attacking_third,False,39.61,-12.71,4,half_space_right,3,attacking_third,True,41.41,37.57,61.39,71.67,30.67,30.66,59.66,56.1
244,1959846,27280,27518,45:28.0,45:51.8,45,28,23.8,1,1,868,left_to_right,Melbourne V FC,11,False,False,False,finish,2,low_block,8,42.88,-33.19,5,wide_right,3,attacking_third,False,5.9,13.44,2,half_space_left,2,middle_third,False,36.71,52.47,67.11,56.71,29.86,37.56,22.45,33.24
245,1959846,27518,27561,45:51.8,45:56.1,45,51,4.3,1,1,868,left_to_right,Melbourne V FC,2,False,False,False,create,1,medium_block,9,5.25,11.54,2,half_space_left,2,middle_third,False,4.97,-24.3,5,wide_right,2,middle_third,False,52.46,54.2,56.64,54.95,37.61,43.3,33.42,36.31
246,1959846,27561,27598,45:56.1,45:59.8,45,56,3.7,1,1,868,left_to_right,Melbourne V FC,2,False,False,False,finish,2,low_block,8,5.04,-24.41,5,wide_right,2,middle_third,False,16.83,-32.39,5,wide_right,2,middle_third,False,54.23,47.31,54.98,56.31,43.42,46.25,36.34,36.83
247,1959846,27598,27618,45:59.8,46:01.8,45,59,2.0,1,1,868,left_to_right,Melbourne V FC,1,False,False,False,create,1,medium_block,9,16.72,-32.16,5,wide_right,2,middle_third,False,24.99,-23.7,5,wide_right,3,attacking_third,False,46.85,41.66,56.28,55.46,46.16,41.15,36.83,37.07
248,1959846,27618,27702,46:01.8,46:10.2,46,1,8.4,1,1,868,left_to_right,Melbourne V FC,2,False,False,False,finish,2,low_block,8,25.96,-23.11,5,wide_right,3,attacking_third,False,5.02,-29.59,5,wide_right,2,middle_third,False,41.53,42.94,55.59,58.42,40.94,38.34,37.1,37.43
249,1959846,27702,27807,46:10.2,46:20.7,46,10,10.5,1,1,868,left_to_right,Melbourne V FC,5,False,False,False,create,1,medium_block,9,4.51,-29.39,5,wide_right,2,middle_third,False,11.0,10.95,2,half_space_left,2,middle_third,False,43.14,52.79,58.3,54.51,38.3,37.58,37.64,49.89
250,1959846,27959,27960,46:35.9,46:36.0,46,35,0.1,1,1,868,left_to_right,Melbourne V FC,1,False,False,False,finish,2,low_block,8,21.78,14.11,2,half_space_left,3,attacking_third,False,21.78,14.11,2,half_space_left,3,attacking_third,False,43.77,43.77,62.51,62.51,34.8,34.8,36.37,36.37
251,1959846,27960,27969,46:36.0,46:36.9,46,36,0.9,1,1,868,left_to_right,Melbourne V FC,0,False,False,False,create,1,medium_block,9,,,2,half_space_left,2,middle_third,False,,,2,half_space_left,2,middle_third,False,,,,,,,,
252,1959846,27992,28017,45:02.2,45:04.7,0,2,2.5,2,2,868,right_to_left,Melbourne V FC,2,False,False,False,create,1,medium_block,9,-0.34,0.73,3,center,2,middle_third,False,-18.02,0.01,3,center,1,defensive_third,False,52.45,50.07,48.35,51.41,46.11,45.33,42.67,52.64
253,1959846,28017,28049,45:04.7,45:07.9,0,4,3.2,2,2,868,right_to_left,Melbourne V FC,1,True,False,False,direct,6,defending_direct,15,-17.86,-0.12,3,center,1,defensive_third,False,28.5,-22.68,5,wide_right,3,attacking_third,False,49.78,37.56,51.66,66.64,45.12,41.73,53.12,53.19
254,1959846,28049,28212,45:07.9,45:24.2,0,7,16.3,2,1,1803,left_to_right,Western United,2,False,False,False,build_up,0,high_block,10,-29.13,22.45,1,wide_left,1,defensive_third,False,-20.41,19.55,2,half_space_left,1,defensive_third,False,41.89,52.81,52.99,48.42,37.19,42.83,67.06,57.24
255,1959846,28212,28238,45:24.2,45:26.8,0,24,2.6,2,1,1803,left_to_right,Western United,0,True,False,False,create,1,medium_block,9,-18.91,18.58,2,half_space_left,1,defensive_third,False,9.0,-15.52,4,half_space_right,2,middle_third,False,52.78,46.82,48.38,52.33,42.87,43.74,56.94,54.82
256,1959846,28358,28368,45:38.8,45:39.8,0,38,1.0,2,2,868,right_to_left,Melbourne V FC,1,False,False,False,chaotic,5,chaotic,5,-17.31,34.46,1,wide_left,2,middle_third,False,-24.18,32.63,1,wide_left,1,defensive_third,False,58.22,58.34,55.67,56.09,35.3,34.31,52.73,55.37
257,1959846,28373,28434,45:40.3,45:46.4,0,40,6.1,2,2,868,right_to_left,Melbourne V FC,3,True,False,False,build_up,0,high_block,10,-28.54,31.34,1,wide_left,1,defensive_third,False,-34.94,25.36,1,wide_left,1,defensive_third,False,58.34,52.1,56.28,48.14,34.03,33.72,58.21,66.21
258,1959846,28434,28462,45:46.4,45:49.2,0,46,2.8,2,1,1803,left_to_right,Western United,1,True,False,False,chaotic,5,chaotic,5,34.92,-25.41,5,wide_right,3,attacking_third,False,30.5,-20.96,5,wide_right,3,attacking_third,False,33.7,31.99,66.35,64.75,51.95,47.12,47.91,45.45
259,1959846,28462,28506,45:49.2,45:53.6,0,49,4.4,2,2,868,right_to_left,Melbourne V FC,2,False,False,False,chaotic,5,chaotic,5,-30.46,21.01,1,wide_left,1,defensive_third,False,-8.95,22.32,1,wide_left,2,middle_third,False,47.07,47.36,45.43,43.73,31.97,35.53,64.65,60.23
260,1959846,28646,28656,46:07.6,46:08.6,1,7,1.0,2,2,868,right_to_left,Melbourne V FC,1,False,False,False,create,1,medium_block,9,-9.84,22.87,1,wide_left,2,middle_third,False,5.39,21.75,1,wide_left,2,middle_third,False,57.43,58.38,51.1,51.08,39.18,37.57,45.37,45.54
261,1959846,28661,28725,46:09.1,46:15.5,1,9,6.4,2,2,868,right_to_left,Melbourne V FC,4,True,False,False,create,1,medium_block,9,12.34,20.97,1,wide_left,2,middle_third,False,21.79,2.27,3,center,3,attacking_third,False,58.76,56.66,51.67,57.78,35.92,33.5,45.8,42.04
262,1959846,28725,28829,46:15.5,46:25.9,1,15,10.4,2,1,1803,left_to_right,Western United,4,False,False,True,transition,4,defending_transition,11,-21.84,-2.54,3,center,1,defensive_third,False,50.52,-7.99,3,center,3,attacking_third,True,33.24,27.15,42.02,73.25,56.46,35.9,57.94,55.3
263,1959846,29128,29328,46:55.8,47:15.8,1,55,20.0,2,1,1803,left_to_right,Western United,7,False,False,True,set_play,7,defending_set_play,13,48.33,-32.38,5,wide_right,3,attacking_third,False,41.9,5.62,3,center,3,attacking_third,True,39.06,36.33,64.99,57.91,35.73,32.86,13.49,18.02
264,1959846,29328,29361,47:15.8,47:19.1,2,15,3.3,2,1,1803,left_to_right,Western United,1,True,False,True,finish,2,low_block,8,42.01,4.65,3,center,3,attacking_third,True,49.07,2.39,3,center,3,attacking_third,True,36.3,34.47,58.08,61.08,32.85,32.02,18.26,23.6
265,1959846,29361,29398,47:19.1,47:22.8,2,19,3.7,2,2,868,right_to_left,Melbourne V FC,1,True,False,False,chaotic,5,chaotic,5,-49.1,-3.27,3,center,1,defensive_third,False,-40.64,-31.68,5,wide_right,1,defensive_third,False,32.06,30.72,23.8,24.93,34.48,29.61,61.51,66.75
266,1959846,29501,29511,47:33.1,47:34.1,2,33,1.0,2,1,1803,left_to_right,Western United,1,True,False,False,chaotic,5,chaotic,5,44.16,26.7,1,wide_left,3,attacking_third,False,43.75,20.43,1,wide_left,3,attacking_third,False,31.75,29.46,59.87,60.22,26.32,25.86,23.47,24.32
267,1959846,29514,29555,47:34.4,47:38.5,2,34,4.1,2,2,868,right_to_left,Melbourne V FC,2,False,False,False,chaotic,5,chaotic,5,-43.69,-17.13,4,half_space_right,1,defensive_third,False,-29.59,-18.98,4,half_space_right,1,defensive_third,False,25.39,27.56,24.84,29.19,28.46,22.24,60.07,62.19
268,1959846,29703,29719,47:53.3,47:54.9,2,53,1.6,2,2,868,right_to_left,Melbourne V FC,2,False,False,False,create,1,medium_block,9,-17.92,-32.16,5,wide_right,1,defensive_third,False,-19.81,-31.71,5,wide_right,1,defensive_third,False,53.18,51.77,49.12,49.45,34.21,34.38,53.95,54.53
269,1959846,29719,29787,47:54.9,48:01.7,2,54,6.8,2,2,868,right_to_left,Melbourne V FC,3,True,False,False,build_up,0,high_block,10,-20.58,-31.71,5,wide_right,1,defensive_third,False,-35.34,-22.45,5,wide_right,1,defensive_third,False,51.68,55.79,49.37,48.59,34.41,36.48,54.56,74.71
270,1959846,30029,30039,48:25.9,48:26.9,3,25,1.0,2,1,1803,left_to_right,Western United,1,False,False,False,chaotic,5,chaotic,5,18.48,32.95,1,wide_left,3,attacking_third,False,22.72,23.55,1,wide_left,3,attacking_third,False,35.14,33.58,65.46,64.58,27.17,26.83,38.03,37.3
271,1959846,30044,30253,48:27.4,48:48.3,3,27,20.9,2,1,1803,left_to_right,Western United,7,True,False,True,finish,2,low_block,8,25.67,17.93,2,half_space_left,3,attacking_third,False,53.58,-4.72,3,center,3,attacking_third,False,31.77,33.37,63.72,75.5,26.84,34.11,37.48,39.22
272,1959846,30427,30437,49:05.7,49:06.7,4,5,1.0,2,2,868,right_to_left,Melbourne V FC,1,False,False,False,create,1,medium_block,9,,,2,half_space_left,2,middle_third,False,,,2,half_space_left,2,middle_third,False,,,,,,,,
273,1959846,30634,30704,49:26.4,49:33.4,4,26,7.0,2,2,868,right_to_left,Melbourne V FC,3,False,False,False,direct,6,defending_direct,15,-43.18,-15.75,4,half_space_right,1,defensive_third,False,8.78,-1.0,3,center,2,middle_third,False,30.57,26.73,64.2,57.11,23.17,20.52,42.4,43.43
274,1959846,30952,30962,49:58.2,49:59.2,4,58,1.0,2,2,868,right_to_left,Melbourne V FC,1,False,False,False,direct,6,defending_direct,15,,,2,half_space_left,2,middle_third,False,,,2,half_space_left,2,middle_third,False,,,,,,,,
275,1959846,30964,31076,49:59.4,50:10.6,4,59,11.2,2,2,868,right_to_left,Melbourne V FC,2,True,False,False,chaotic,5,chaotic,5,-3.7,-23.88,5,wide_right,2,middle_third,False,28.2,-11.92,4,half_space_right,3,attacking_third,False,61.78,33.65,55.32,62.43,36.85,30.09,39.91,44.07
276,1959846,31076,31109,50:10.6,50:13.9,5,10,3.3,2,1,1803,left_to_right,Western United,1,True,False,False,chaotic,5,chaotic,5,-28.76,11.59,2,half_space_left,1,defensive_third,False,-20.06,10.37,2,half_space_left,1,defensive_third,False,29.99,24.03,44.11,43.79,33.52,28.93,62.64,60.53
277,1959846,31109,31171,50:13.9,50:20.1,5,13,6.2,2,2,868,right_to_left,Melbourne V FC,3,True,False,False,finish,2,low_block,8,19.44,-10.28,4,half_space_right,3,attacking_third,False,16.03,-24.41,5,wide_right,2,middle_third,False,28.88,33.88,60.55,58.37,23.86,30.48,43.74,40.91
278,1959846,31171,31249,50:20.1,50:27.9,5,20,7.8,2,1,1803,left_to_right,Western United,2,True,False,False,transition,4,defending_transition,11,-15.8,24.19,1,wide_left,2,middle_third,False,25.62,28.68,1,wide_left,3,attacking_third,False,30.46,33.04,40.82,63.03,34.08,30.83,58.3,62.08
279,1959846,31249,31310,50:27.9,50:34.0,5,27,6.1,2,2,868,right_to_left,Melbourne V FC,1,True,False,False,build_up,0,high_block,10,-26.72,-28.8,5,wide_right,1,defensive_third,False,-42.5,-21.46,5,wide_right,1,defensive_third,False,30.78,30.42,61.98,49.36,33.14,28.13,63.36,77.3
280,1959846,31310,31360,50:34.0,50:39.0,5,34,5.0,2,1,1803,left_to_right,Western United,2,True,False,True,finish,2,low_block,8,42.06,21.18,1,wide_left,3,attacking_third,False,53.27,6.15,3,center,3,attacking_third,False,28.0,23.69,77.06,72.52,30.37,23.65,49.16,41.42
281,1959846,31702,31712,51:13.2,51:14.2,6,13,1.0,2,2,868,right_to_left,Melbourne V FC,1,True,False,False,direct,6,defending_direct,15,,,2,half_space_left,2,middle_third,False,-26.86,-19.0,4,half_space_right,1,defensive_third,False,,55.63,,49.45,,39.98,,69.93
282,1959846,31735,31811,51:16.5,51:24.1,6,16,7.6,2,1,1803,left_to_right,Western United,4,True,False,False,chaotic,5,chaotic,5,-7.35,22.71,1,wide_left,2,middle_third,False,4.56,3.67,3,center,2,middle_third,False,36.73,36.85,65.92,53.44,43.78,27.25,57.34,51.0
283,1959846,31811,31835,51:24.1,51:26.5,6,24,2.4,2,2,868,right_to_left,Melbourne V FC,1,True,False,False,chaotic,5,chaotic,5,-4.82,-3.55,3,center,2,middle_third,False,-0.71,17.25,2,half_space_left,2,middle_third,False,27.21,36.67,51.03,52.26,37.21,42.35,53.41,53.3
284,1959846,31835,31883,51:26.5,51:31.3,6,26,4.8,2,1,1803,left_to_right,Western United,1,False,False,False,create,1,medium_block,9,0.48,-17.83,4,half_space_right,2,middle_third,False,-19.11,-13.1,4,half_space_right,1,defensive_third,False,42.64,42.62,53.34,47.88,37.11,35.61,52.25,49.88
285,1959846,31883,32060,51:31.3,51:49.0,6,31,17.7,2,1,1803,left_to_right,Western United,7,False,False,False,build_up,0,high_block,10,-20.26,-12.53,4,half_space_right,1,defensive_third,False,-20.88,25.28,1,wide_left,1,defensive_third,False,43.05,56.98,47.53,47.34,35.52,35.49,49.89,57.77
286,1959846,32060,32086,51:49.0,51:51.6,6,49,2.6,2,1,1803,left_to_right,Western United,1,False,False,False,create,1,medium_block,9,-19.76,26.17,1,wide_left,1,defensive_third,False,-19.13,29.22,1,wide_left,1,defensive_third,False,56.7,53.47,47.42,48.81,35.56,40.64,57.54,53.43
287,1959846,32086,32194,51:51.6,52:02.4,6,51,10.8,2,1,1803,left_to_right,Western United,3,False,False,False,build_up,0,high_block,10,-20.37,28.81,1,wide_left,1,defensive_third,False,-20.26,-12.65,4,half_space_right,1,defensive_third,False,53.46,58.62,48.77,42.84,40.63,38.04,53.4,53.94
288,1959846,32194,32325,52:02.4,52:15.5,7,2,13.1,2,1,1803,left_to_right,Western United,5,False,False,False,create,1,medium_block,9,-19.91,-13.0,4,half_space_right,1,defensive_third,False,14.48,31.0,1,wide_left,2,middle_third,False,58.46,52.79,43.0,56.06,38.09,33.69,53.8,44.19
289,1959846,32325,32576,52:15.5,52:40.6,7,15,25.1,2,1,1803,left_to_right,Western United,6,False,False,False,finish,2,low_block,8,14.79,31.46,1,wide_left,2,middle_third,False,37.34,24.83,1,wide_left,3,attacking_third,False,52.7,30.41,56.21,65.64,33.95,33.46,44.28,33.37
290,1959846,33105,33115,53:33.5,53:34.5,8,33,1.0,2,1,1803,left_to_right,Western United,1,False,False,False,set_play,7,defending_set_play,13,32.95,27.84,1,wide_left,3,attacking_third,False,40.02,11.9,2,half_space_left,3,attacking_third,True,40.4,37.06,63.04,65.23,27.67,25.29,12.48,13.44
291,1959846,33156,33327,53:38.6,53:55.7,8,38,17.1,2,1,1803,left_to_right,Western United,5,True,False,False,finish,2,low_block,8,35.36,-18.88,4,half_space_right,3,attacking_third,False,39.81,-9.13,3,center,3,attacking_third,True,43.27,41.31,68.52,63.24,21.72,32.54,15.91,21.36
292,1959846,33327,33413,53:55.7,54:04.3,8,55,8.6,2,2,868,right_to_left,Melbourne V FC,4,False,False,False,build_up,0,high_block,10,-39.57,8.13,3,center,1,defensive_third,False,-25.54,9.36,2,half_space_left,1,defensive_third,False,32.31,45.21,21.4,44.39,41.09,27.74,63.5,59.59
293,1959846,33555,33659,54:18.5,54:28.9,9,18,10.4,2,2,868,right_to_left,Melbourne V FC,6,False,False,False,build_up,0,high_block,10,,,2,half_space_left,2,middle_third,False,-21.09,22.11,1,wide_left,1,defensive_third,False,,64.25,,47.42,,45.68,,64.36
294,1959846,33659,33719,54:28.9,54:34.9,9,28,6.0,2,2,868,right_to_left,Melbourne V FC,0,True,False,False,create,1,medium_block,9,-19.7,23.07,1,wide_left,1,defensive_third,False,31.64,18.97,2,half_space_left,3,attacking_third,False,63.97,59.74,47.43,62.41,45.8,49.63,64.14,55.1
295,1959846,33719,33792,54:34.9,54:42.2,9,34,7.3,2,1,1803,left_to_right,Western United,2,False,False,False,build_up,0,high_block,10,-31.97,-18.7,4,half_space_right,1,defensive_third,False,-20.07,-20.44,5,wide_right,1,defensive_third,False,49.87,59.18,54.84,49.68,59.51,42.07,62.42,63.2
296,1959846,33792,33806,54:42.2,54:43.6,9,42,1.4,2,1,1803,left_to_right,Western United,1,False,False,False,create,1,medium_block,9,-19.59,-20.3,5,wide_right,1,defensive_third,False,-19.91,-19.25,4,half_space_right,1,defensive_third,False,59.2,59.47,49.77,49.9,41.99,40.97,62.97,61.2
297,1959846,33806,33841,54:43.6,54:47.1,9,43,3.5,2,1,1803,left_to_right,Western United,2,False,False,False,build_up,0,high_block,10,-20.02,-19.13,4,half_space_right,1,defensive_third,False,-20.04,-29.63,5,wide_right,1,defensive_third,False,59.54,60.47,49.85,49.92,40.85,41.33,61.11,61.34
298,1959846,33841,33856,54:47.1,54:48.6,9,47,1.5,2,1,1803,left_to_right,Western United,0,True,False,False,create,1,medium_block,9,-18.38,-29.56,5,wide_right,1,defensive_third,False,-1.1,-25.74,5,wide_right,2,middle_third,False,60.39,54.06,49.92,48.97,41.54,41.43,61.3,59.88
299,1959846,33856,33872,54:48.6,54:50.2,9,48,1.6,2,2,868,right_to_left,Melbourne V FC,1,True,False,False,chaotic,5,chaotic,5,0.99,25.76,1,wide_left,2,middle_third,False,19.22,24.26,1,wide_left,3,attacking_third,False,41.26,39.26,59.68,57.74,53.52,49.21,48.71,46.94
300,1959846,33872,33907,54:50.2,54:53.7,9,50,3.5,2,1,1803,left_to_right,Western United,1,True,False,False,chaotic,5,chaotic,5,-19.28,-24.08,5,wide_right,1,defensive_third,False,7.74,6.15,3,center,2,middle_third,False,49.13,41.2,46.89,51.63,39.18,37.68,57.67,55.56
301,1959846,33907,33968,54:53.7,54:59.8,9,53,6.1,2,2,868,right_to_left,Melbourne V FC,4,True,False,False,create,1,medium_block,9,-7.63,-6.35,3,center,2,middle_third,False,-3.71,1.9,3,center,2,middle_third,False,37.57,32.76,55.58,56.19,41.03,34.96,51.69,47.43
302,1959846,34563,34573,55:59.3,56:00.3,10,59,1.0,2,1,1803,left_to_right,Western United,1,False,False,False,set_play,7,defending_set_play,13,25.11,-8.56,3,center,3,attacking_third,False,33.63,-6.04,3,center,3,attacking_third,False,21.17,18.48,57.84,60.06,13.8,13.56,18.71,21.79
303,1959846,35365,35375,57:19.5,57:20.5,12,19,1.0,2,1,1803,left_to_right,Western United,1,True,False,False,set_play,7,defending_set_play,13,27.42,-7.63,3,center,3,attacking_third,False,46.1,-4.45,3,center,3,attacking_third,True,25.31,24.58,54.57,58.06,14.9,14.17,17.22,17.18
304,1959846,35629,35648,57:45.9,57:47.8,12,45,1.9,2,2,868,right_to_left,Melbourne V FC,1,False,False,False,build_up,0,high_block,10,-40.64,22.55,1,wide_left,1,defensive_third,False,-35.78,30.34,1,wide_left,1,defensive_third,False,54.39,56.84,51.35,53.6,39.07,44.05,65.56,65.39
305,1959846,35648,35675,57:47.8,57:50.5,12,47,2.7,2,2,868,right_to_left,Melbourne V FC,1,False,False,False,direct,6,defending_direct,15,-34.97,30.46,1,wide_left,1,defensive_third,False,3.64,24.36,1,wide_left,2,middle_third,False,56.9,52.7,53.7,52.2,44.23,42.64,65.43,64.52
306,1959846,35675,35720,57:50.5,57:55.0,12,50,4.5,2,2,868,right_to_left,Melbourne V FC,3,False,False,False,create,1,medium_block,9,4.1,24.17,1,wide_left,2,middle_third,False,28.15,5.78,3,center,3,attacking_third,False,52.51,40.72,52.22,69.14,42.39,37.8,64.42,60.81
307,1959846,35720,35764,57:55.0,57:59.4,12,55,4.4,2,2,868,right_to_left,Melbourne V FC,1,True,False,False,finish,2,low_block,8,28.98,5.68,3,center,3,attacking_third,False,35.06,10.09,2,half_space_left,3,attacking_third,False,40.3,28.68,69.77,72.06,37.68,30.74,60.73,53.0
308,1959846,35764,35820,57:59.4,58:05.0,12,59,5.6,2,1,1803,left_to_right,Western United,2,True,False,False,chaotic,5,chaotic,5,-34.81,-10.07,4,half_space_right,1,defensive_third,False,-25.3,20.67,1,wide_left,1,defensive_third,False,30.65,33.66,52.71,39.94,28.64,29.16,71.96,65.3
309,1959846,35898,35908,58:12.8,58:13.8,13,12,1.0,2,2,868,right_to_left,Melbourne V FC,1,False,False,False,chaotic,5,chaotic,5,16.44,-32.78,5,wide_right,2,middle_third,False,7.92,-27.36,5,wide_right,2,middle_third,False,48.37,48.1,61.13,60.78,32.78,32.12,29.98,30.59
310,1959846,35916,35974,58:14.6,58:20.4,13,14,5.8,2,2,868,right_to_left,Melbourne V FC,2,False,False,False,create,1,medium_block,9,2.66,-22.99,5,wide_right,2,middle_third,False,14.23,28.1,1,wide_left,2,middle_third,False,48.1,54.13,60.02,61.87,32.19,39.31,32.13,41.42
311,1959846,35974,36085,58:20.4,58:31.5,13,20,11.1,2,2,868,right_to_left,Melbourne V FC,6,True,False,False,finish,2,low_block,8,14.75,28.75,1,wide_left,2,middle_third,False,39.73,-7.48,3,center,3,attacking_third,True,54.19,35.68,62.1,68.78,39.64,23.79,41.35,30.73
312,1959846,36085,36094,58:31.5,58:32.4,13,31,0.9,2,1,1803,left_to_right,Western United,1,False,False,False,chaotic,5,chaotic,5,-40.7,5.92,3,center,1,defensive_third,False,-47.41,-5.24,3,center,1,defensive_third,False,23.64,23.1,30.56,29.43,35.25,32.22,69.16,72.6
313,1959846,36620,36630,59:25.0,59:26.0,14,25,1.0,2,1,1803,left_to_right,Western United,1,False,False,False,chaotic,5,chaotic,5,,,2,half_space_left,2,middle_third,False,,,2,half_space_left,2,middle_third,False,,,,,,,,
314,1959846,36769,36855,59:39.9,59:48.5,14,39,8.6,2,1,1803,left_to_right,Western United,5,False,False,False,build_up,0,high_block,10,,,2,half_space_left,2,middle_third,False,-20.57,14.6,2,half_space_left,1,defensive_third,False,,55.98,,37.91,,37.84,,67.65
315,1959846,36855,36882,59:48.5,59:51.2,14,48,2.7,2,1,1803,left_to_right,Western United,0,False,False,False,create,1,medium_block,9,-19.65,15.4,2,half_space_left,1,defensive_third,False,-19.65,16.77,2,half_space_left,1,defensive_third,False,55.57,43.69,37.73,42.55,37.78,38.02,67.39,61.04
316,1959846,36882,36918,59:51.2,59:54.8,14,51,3.6,2,1,1803,left_to_right,Western United,1,True,False,False,build_up,0,high_block,10,-20.57,16.13,2,half_space_left,1,defensive_third,False,-37.96,17.01,2,half_space_left,1,defensive_third,False,43.47,36.94,42.63,41.26,37.94,35.05,60.92,68.92
317,1959846,36996,37099,60:02.6,60:12.9,15,2,10.3,2,2,868,right_to_left,Melbourne V FC,5,True,False,False,finish,2,low_block,8,44.1,-34.82,5,wide_right,3,attacking_third,False,31.35,-26.81,5,wide_right,3,attacking_third,False,44.36,43.54,71.68,62.9,30.04,31.37,28.08,23.03
318,1959846,37099,37167,60:12.9,60:19.7,15,12,6.8,2,1,1803,left_to_right,Western United,1,True,False,False,chaotic,5,chaotic,5,-32.17,27.16,1,wide_left,1,defensive_third,False,19.6,29.53,1,wide_left,3,attacking_third,False,31.53,36.34,23.13,50.28,43.71,47.89,62.89,63.13
319,1959846,37167,37245,60:19.7,60:27.5,15,19,7.8,2,2,868,right_to_left,Melbourne V FC,2,True,False,False,chaotic,5,chaotic,5,-19.94,-29.52,5,wide_right,1,defensive_third,False,-17.86,21.21,1,wide_left,1,defensive_third,False,48.14,51.36,63.06,48.68,36.53,47.28,50.77,67.86
320,1959846,37245,37328,60:27.5,60:35.8,15,27,8.3,2,1,1803,left_to_right,Western United,2,False,False,False,finish,2,low_block,8,17.79,-21.61,5,wide_right,3,attacking_third,False,47.08,-31.63,5,wide_right,3,attacking_third,False,47.36,41.36,67.55,72.87,50.95,36.89,48.61,40.81
321,1959846,37835,37845,61:26.5,61:27.5,16,26,1.0,2,1,1803,left_to_right,Western United,1,False,False,False,set_play,7,defending_set_play,13,43.63,-26.42,5,wide_right,3,attacking_third,False,46.12,-8.6,3,center,3,attacking_third,True,37.84,36.01,55.66,55.35,27.18,26.88,8.96,9.15
322,1959846,37846,37856,61:27.6,61:28.6,16,27,1.0,2,1,1803,left_to_right,Western United,1,True,False,True,finish,2,low_block,8,47.27,-5.58,3,center,3,attacking_third,True,51.01,-0.93,3,center,3,attacking_third,True,35.57,33.94,55.61,56.54,26.6,24.88,9.15,9.55
323,1959846,38266,38276,62:09.6,62:10.6,17,9,1.0,2,2,868,right_to_left,Melbourne V FC,1,False,False,False,direct,6,defending_direct,15,-42.89,-5.4,3,center,1,defensive_third,False,-25.69,-10.86,4,half_space_right,1,defensive_third,False,35.92,34.88,59.73,59.02,27.47,26.7,40.73,40.31
324,1959846,38321,38327,62:15.1,62:15.7,17,15,0.6,2,2,868,right_to_left,Melbourne V FC,1,False,False,False,create,1,medium_block,9,25.53,-21.63,5,wide_right,3,attacking_third,False,29.25,-20.53,5,wide_right,3,attacking_third,False,30.88,30.75,66.97,69.49,28.71,29.39,47.54,48.3
325,1959846,38327,38418,62:15.7,62:24.8,17,15,9.1,2,2,868,right_to_left,Melbourne V FC,3,False,False,False,finish,2,low_block,8,29.97,-20.37,5,wide_right,3,attacking_third,False,-23.33,-14.63,4,half_space_right,1,defensive_third,False,30.72,36.36,70.02,43.53,29.51,32.36,48.42,74.03
326,1959846,38418,38439,62:24.8,62:26.9,17,24,2.1,2,2,868,right_to_left,Melbourne V FC,1,True,False,False,chaotic,5,chaotic,5,22.82,15.34,2,half_space_left,3,attacking_third,False,30.22,23.37,1,wide_left,3,attacking_third,False,32.34,38.61,73.57,67.03,36.1,38.82,43.43,43.2
327,1959846,38439,38608,62:26.9,62:43.8,17,26,16.9,2,1,1803,left_to_right,Western United,4,True,False,False,transition,4,defending_transition,11,-30.2,-23.78,5,wide_right,1,defensive_third,False,47.77,2.6,3,center,3,attacking_third,True,39.18,33.64,43.23,71.62,38.95,32.89,66.93,33.37
328,1959846,38608,38659,62:43.8,62:48.9,17,43,5.1,2,2,868,right_to_left,Melbourne V FC,1,True,False,False,chaotic,5,chaotic,5,-47.94,-2.12,3,center,1,defensive_third,False,-11.73,-16.94,4,half_space_right,2,middle_third,False,32.69,34.27,32.95,33.98,33.41,27.61,71.98,68.57
329,1959846,38659,38663,62:48.9,62:49.3,17,48,0.4,2,1,1803,left_to_right,Western United,1,True,False,False,chaotic,5,chaotic,5,11.22,17.5,2,half_space_left,2,middle_third,False,11.81,19.3,2,half_space_left,2,middle_third,False,27.62,27.67,68.31,67.62,33.81,32.53,34.02,33.84
330,1959846,38663,38674,62:49.3,62:50.4,17,49,1.1,2,2,868,right_to_left,Melbourne V FC,1,False,False,True,create,1,medium_block,9,-12.44,-19.66,4,half_space_right,2,middle_third,False,-19.58,-20.5,5,wide_right,1,defensive_third,False,32.16,31.23,33.7,32.28,27.69,28.49,67.43,65.51
331,1959846,38674,38696,62:50.4,62:52.6,17,50,2.2,2,2,868,right_to_left,Melbourne V FC,1,False,False,True,build_up,0,high_block,10,-20.16,-20.53,5,wide_right,1,defensive_third,False,-20.77,-18.24,4,half_space_right,1,defensive_third,False,31.29,31.73,32.22,34.54,28.56,29.33,65.38,64.75
332,1959846,38696,38765,62:52.6,62:59.5,17,52,6.9,2,2,868,right_to_left,Melbourne V FC,1,False,False,True,create,1,medium_block,9,-19.4,-17.49,4,half_space_right,1,defensive_third,False,32.5,-23.18,5,wide_right,3,attacking_third,False,31.72,37.26,34.78,65.07,29.33,34.96,64.72,60.81
333,1959846,38765,38914,62:59.5,63:14.4,17,59,14.9,2,2,868,right_to_left,Melbourne V FC,6,True,False,True,finish,2,low_block,8,32.79,-23.36,5,wide_right,3,attacking_third,False,49.41,-5.08,3,center,3,attacking_third,True,37.44,27.96,65.48,78.52,34.96,26.63,60.76,37.83
334,1959846,38914,39037,63:14.4,63:26.7,18,14,12.3,2,1,1803,left_to_right,Western United,3,True,False,False,chaotic,5,chaotic,5,-49.32,3.28,3,center,1,defensive_third,False,-5.74,-0.93,3,center,2,middle_third,False,26.6,37.64,37.78,42.47,27.79,34.79,78.74,60.38
335,1959846,39037,39063,63:26.7,63:29.3,18,26,2.6,2,2,868,right_to_left,Melbourne V FC,2,False,False,False,finish,2,low_block,8,5.76,1.02,3,center,2,middle_third,False,12.95,0.76,3,center,2,middle_third,False,34.67,32.77,60.3,57.99,37.44,33.67,42.64,47.24
336,1959846,39063,39081,63:29.3,63:31.1,18,29,1.8,2,2,868,right_to_left,Melbourne V FC,2,False,False,False,create,1,medium_block,9,13.22,0.85,3,center,2,middle_third,False,22.27,1.83,3,center,3,attacking_third,False,32.77,33.23,57.85,57.39,33.43,26.5,47.25,46.52
337,1959846,39081,39132,63:31.1,63:36.2,18,31,5.1,2,2,868,right_to_left,Melbourne V FC,2,True,False,False,finish,2,low_block,8,22.69,2.05,3,center,3,attacking_third,False,44.91,16.58,2,half_space_left,3,attacking_third,True,33.24,31.08,57.44,58.95,25.9,29.5,46.52,41.27
338,1959846,39132,39262,63:36.2,63:49.2,18,36,13.0,2,1,1803,left_to_right,Western United,2,False,False,False,create,1,medium_block,9,-45.12,-16.65,4,half_space_right,1,defensive_third,False,22.65,25.07,1,wide_left,3,attacking_third,False,29.65,46.89,41.15,61.07,31.1,32.13,58.99,57.82
339,1959846,39262,39331,63:49.2,63:56.1,18,49,6.9,2,1,1803,left_to_right,Western United,1,True,False,False,finish,2,low_block,8,23.59,25.52,1,wide_left,3,attacking_third,False,53.49,10.41,2,half_space_left,3,attacking_third,False,46.97,31.53,61.43,77.39,32.21,32.4,57.81,48.28
340,1959846,39539,39549,64:16.9,64:17.9,19,16,1.0,2,2,868,right_to_left,Melbourne V FC,1,False,False,False,build_up,0,high_block,10,-41.47,-1.87,3,center,1,defensive_third,False,-40.3,-11.66,4,half_space_right,1,defensive_third,False,60.78,60.82,43.41,43.62,36.61,37.17,65.96,66.69
341,1959846,39554,39586,64:18.4,64:21.6,19,18,3.2,2,2,868,right_to_left,Melbourne V FC,1,False,False,False,chaotic,5,chaotic,5,-39.83,-16.26,4,half_space_right,1,defensive_third,False,-46.36,-5.53,3,center,1,defensive_third,False,60.7,58.22,44.62,47.55,37.53,38.63,66.57,70.37
342,1959846,39586,39608,64:21.6,64:23.8,19,21,2.2,2,2,868,right_to_left,Melbourne V FC,1,True,False,False,direct,6,defending_direct,15,-46.59,-5.09,3,center,1,defensive_third,False,-3.73,-7.99,3,center,2,middle_third,False,58.19,53.75,47.46,47.12,38.66,37.88,70.4,69.73
343,1959846,39608,39807,64:23.8,64:43.7,19,23,19.9,2,1,1803,left_to_right,Western United,8,False,False,True,create,1,medium_block,9,3.27,8.09,3,center,2,middle_third,False,16.35,30.98,1,wide_left,2,middle_third,False,37.63,52.65,69.48,58.92,53.68,34.94,47.43,44.27
344,1959846,39807,39901,64:43.7,64:53.1,19,43,9.4,2,1,1803,left_to_right,Western United,2,False,False,True,finish,2,low_block,8,16.92,30.79,1,wide_left,2,middle_third,False,5.44,12.6,2,half_space_left,2,middle_third,False,52.4,41.25,59.23,60.54,35.23,35.38,44.3,34.06
345,1959846,39901,39946,64:53.1,64:57.6,19,53,4.5,2,1,1803,left_to_right,Western United,1,False,False,True,create,1,medium_block,9,5.15,11.16,2,half_space_left,2,middle_third,False,4.98,3.82,3,center,2,middle_third,False,41.73,57.32,60.45,56.33,35.42,38.27,34.1,36.74
346,1959846,39946,40028,64:57.6,65:05.8,19,57,8.2,2,1,1803,left_to_right,Western United,2,True,False,True,finish,2,low_block,8,5.38,5.51,3,center,2,middle_third,False,49.38,-4.87,3,center,3,attacking_third,True,57.37,37.84,56.18,73.09,38.28,28.43,36.9,42.89
347,1959846,40028,40207,65:05.8,65:23.7,20,5,17.9,2,2,868,right_to_left,Melbourne V FC,2,False,False,False,build_up,0,high_block,10,-49.98,4.96,3,center,1,defensive_third,False,-20.0,24.34,1,wide_left,1,defensive_third,False,28.37,55.16,42.98,48.22,37.65,39.77,73.05,69.55
348,1959846,40207,40209,65:23.7,65:23.9,20,23,0.2,2,2,868,right_to_left,Melbourne V FC,0,False,False,False,create,1,medium_block,9,-19.03,24.78,1,wide_left,1,defensive_third,False,-18.22,25.25,1,wide_left,1,defensive_third,False,55.01,54.87,48.19,48.14,40.0,40.23,69.42,69.26
349,1959846,40520,40565,65:55.0,65:59.5,20,55,4.5,2,2,868,right_to_left,Melbourne V FC,5,False,False,False,build_up,0,high_block,10,-27.54,34.32,1,wide_left,1,defensive_third,False,-20.06,30.0,1,wide_left,1,defensive_third,False,52.73,52.91,46.46,45.79,33.86,35.95,57.14,56.94
350,1959846,40565,40593,65:59.5,66:02.3,20,59,2.8,2,2,868,right_to_left,Melbourne V FC,1,True,False,False,create,1,medium_block,9,-19.59,30.17,1,wide_left,1,defensive_third,False,-19.23,30.4,1,wide_left,1,defensive_third,False,52.94,51.81,45.78,44.53,36.07,38.17,56.74,54.46
351,1959846,40593,40814,66:02.3,66:24.4,21,2,22.1,2,1,1803,left_to_right,Western United,7,False,False,False,finish,2,low_block,8,19.39,-30.37,5,wide_right,3,attacking_third,False,53.72,22.22,1,wide_left,3,attacking_third,False,38.16,30.56,54.47,68.62,51.74,27.39,44.49,42.08
352,1959846,40974,41151,66:40.4,66:58.1,21,40,17.7,2,1,1803,left_to_right,Western United,7,True,False,False,set_play,7,defending_set_play,13,48.12,32.48,1,wide_left,3,attacking_third,False,43.23,1.78,3,center,3,attacking_third,True,37.45,30.2,71.16,56.95,30.97,22.84,10.91,32.78
353,1959846,41463,41505,67:29.3,67:33.5,22,29,4.2,2,2,868,right_to_left,Melbourne V FC,3,False,False,False,build_up,0,high_block,10,-46.83,-7.73,3,center,1,defensive_third,False,-43.74,-16.61,4,half_space_right,1,defensive_third,False,62.27,62.85,51.7,50.77,39.59,41.76,63.66,71.43
354,1959846,41505,41531,67:33.5,67:36.1,22,33,2.6,2,2,868,right_to_left,Melbourne V FC,1,True,False,False,direct,6,defending_direct,15,-43.47,-16.85,4,half_space_right,1,defensive_third,False,-8.18,-10.53,4,half_space_right,2,middle_third,False,62.61,52.06,50.77,47.87,41.79,38.99,71.34,68.48
355,1959846,41531,41595,67:36.1,67:42.5,22,36,6.4,2,1,1803,left_to_right,Western United,4,True,False,False,quick_break,3,defending_quick_break,12,7.95,10.12,2,half_space_left,2,middle_third,False,33.24,0.09,3,center,3,attacking_third,False,38.76,29.38,68.23,68.22,51.67,36.6,47.93,42.28
356,1959846,41595,41624,67:42.5,67:45.4,22,42,2.9,2,2,868,right_to_left,Melbourne V FC,1,False,False,False,chaotic,5,chaotic,5,-32.98,0.34,3,center,1,defensive_third,False,-21.05,10.23,2,half_space_left,1,defensive_third,False,36.58,39.54,42.12,43.45,29.33,30.04,68.24,66.73
357,1959846,41865,41875,68:09.5,68:10.5,23,9,1.0,2,2,868,right_to_left,Melbourne V FC,1,False,False,False,direct,6,defending_direct,15,-33.84,0.66,3,center,1,defensive_third,False,-14.62,-3.3,3,center,2,middle_third,False,65.01,62.5,45.81,46.29,41.75,41.84,57.25,56.79
358,1959846,41916,41930,68:14.6,68:16.0,23,14,1.4,2,2,868,right_to_left,Melbourne V FC,1,False,False,False,create,1,medium_block,9,19.73,-26.62,5,wide_right,3,attacking_third,False,21.3,-26.8,5,wide_right,3,attacking_third,False,48.01,45.67,55.17,59.05,40.67,42.12,56.32,55.03
359,1959846,41930,42075,68:16.0,68:30.5,23,16,14.5,2,2,868,right_to_left,Melbourne V FC,5,True,False,False,finish,2,low_block,8,21.37,-26.65,5,wide_right,3,attacking_third,False,34.29,-8.35,3,center,3,attacking_third,False,45.38,32.19,59.42,64.89,41.95,19.0,54.87,30.61
360,1959846,42075,42224,68:30.5,68:45.4,23,30,14.9,2,1,1803,left_to_right,Western United,8,False,True,True,transition,4,defending_transition,11,-34.56,8.06,3,center,1,defensive_third,False,52.83,0.69,3,center,3,attacking_third,False,18.97,32.9,30.6,84.11,31.81,28.2,64.87,57.69
361,1959846,43081,43137,70:11.1,70:16.7,25,11,5.6,2,2,868,right_to_left,Melbourne V FC,2,True,False,False,create,1,medium_block,9,-0.17,0.49,3,center,2,middle_third,False,15.04,-20.86,5,wide_right,2,middle_third,False,49.18,39.97,41.22,58.77,44.35,43.08,41.79,49.82
362,1959846,43137,43141,70:16.7,70:17.1,25,16,0.4,2,1,1803,left_to_right,Western United,0,False,False,False,create,1,medium_block,9,-15.86,21.02,1,wide_left,2,middle_third,False,-18.9,20.25,1,wide_left,1,defensive_third,False,42.87,42.03,49.57,48.73,39.51,38.03,59.13,60.13
363,1959846,43141,43351,70:17.1,70:38.1,25,17,21.0,2,1,1803,left_to_right,Western United,6,False,False,False,build_up,0,high_block,10,-20.11,19.69,2,half_space_left,1,defensive_third,False,-38.5,22.91,1,wide_left,1,defensive_third,False,41.7,64.63,48.44,52.91,37.51,38.87,60.43,69.73
364,1959846,43351,43388,70:38.1,70:41.8,25,38,3.7,2,1,1803,left_to_right,Western United,1,False,False,False,direct,6,defending_direct,15,-38.03,23.22,1,wide_left,1,defensive_third,False,14.08,26.19,1,wide_left,2,middle_third,False,64.44,54.35,53.19,61.61,38.86,38.08,69.5,64.67
365,1959846,43388,43470,70:41.8,70:50.0,25,41,8.2,2,1,1803,left_to_right,Western United,4,False,False,False,create,1,medium_block,9,14.37,26.1,1,wide_left,2,middle_third,False,9.17,1.08,3,center,2,middle_third,False,54.22,45.93,61.52,57.99,38.0,29.72,64.6,45.41
366,1959846,43470,43538,70:50.0,70:56.8,25,50,6.8,2,1,1803,left_to_right,Western United,4,False,False,False,finish,2,low_block,8,9.37,0.92,3,center,2,middle_third,False,45.1,6.81,3,center,3,attacking_third,True,46.02,31.14,58.07,72.69,29.57,21.87,45.05,34.18
367,1959846,43659,43778,71:08.9,71:20.8,26,8,11.9,2,1,1803,left_to_right,Western United,5,True,False,False,finish,2,low_block,8,40.11,31.84,1,wide_left,3,attacking_third,False,23.87,19.3,2,half_space_left,3,attacking_third,False,38.15,38.7,71.25,64.18,30.02,32.67,36.43,25.75
368,1959846,43778,44073,71:20.8,71:50.3,26,20,29.5,2,2,868,right_to_left,Melbourne V FC,8,False,False,False,transition,4,defending_transition,11,-23.9,-19.42,4,half_space_right,1,defensive_third,False,33.24,21.46,1,wide_left,3,attacking_third,False,32.72,37.89,25.44,69.18,38.73,34.93,64.0,22.3
369,1959846,44073,44189,71:50.3,72:01.9,26,50,11.6,2,2,868,right_to_left,Melbourne V FC,5,True,False,False,finish,2,low_block,8,32.44,21.25,1,wide_left,3,attacking_third,False,27.04,4.76,3,center,3,attacking_third,False,37.91,35.66,68.93,59.85,34.76,24.0,22.17,26.91
370,1959846,44189,44295,72:01.9,72:12.5,27,1,10.6,2,1,1803,left_to_right,Western United,5,True,False,False,transition,4,defending_transition,11,-27.14,-4.86,3,center,1,defensive_third,False,18.14,1.49,3,center,3,attacking_third,False,23.99,35.98,26.94,58.79,35.52,25.95,59.79,61.42
371,1959846,44295,44298,72:12.5,72:12.8,27,12,0.3,2,2,868,right_to_left,Melbourne V FC,1,False,False,False,create,1,medium_block,9,-18.68,-1.53,3,center,1,defensive_third,False,-19.81,-1.19,3,center,1,defensive_third,False,26.17,26.63,61.47,61.57,35.95,35.9,59.45,60.74
372,1959846,44298,44347,72:12.8,72:17.7,27,12,4.9,2,2,868,right_to_left,Melbourne V FC,2,False,False,False,build_up,0,high_block,10,-20.41,-0.78,3,center,1,defensive_third,False,-20.35,16.42,2,half_space_left,1,defensive_third,False,26.87,45.42,61.62,51.63,35.86,36.53,61.34,63.59
373,1959846,44347,44437,72:17.7,72:26.7,27,17,9.0,2,2,868,right_to_left,Melbourne V FC,3,False,False,False,create,1,medium_block,9,-19.8,16.04,2,half_space_left,1,defensive_third,False,26.01,15.07,2,half_space_left,3,attacking_third,False,45.69,49.81,51.37,62.93,36.55,37.48,63.45,54.57
374,1959846,44437,44509,72:26.7,72:33.9,27,26,7.2,2,2,868,right_to_left,Melbourne V FC,2,True,False,False,finish,2,low_block,8,26.87,14.74,2,half_space_left,3,attacking_third,False,52.51,6.72,3,center,3,attacking_third,False,49.3,31.78,63.24,82.8,37.04,22.71,54.63,44.66
375,1959846,44710,44797,72:54.0,73:02.7,27,54,8.7,2,1,1803,left_to_right,Western United,3,False,False,True,build_up,0,high_block,10,-41.71,-7.73,3,center,1,defensive_third,False,-20.73,-8.41,3,center,1,defensive_third,False,55.91,51.27,46.63,47.56,39.75,37.58,70.19,68.61
376,1959846,44797,44875,73:02.7,73:10.5,28,2,7.8,2,1,1803,left_to_right,Western United,2,False,False,True,create,1,medium_block,9,-19.77,-6.77,3,center,1,defensive_third,False,21.64,15.95,2,half_space_left,3,attacking_third,False,51.19,41.18,47.54,66.71,37.6,29.48,68.64,64.5
377,1959846,44875,44995,73:10.5,73:22.5,28,10,12.0,2,1,1803,left_to_right,Western United,2,True,False,False,finish,2,low_block,8,22.12,15.8,2,half_space_left,3,attacking_third,False,26.1,4.76,3,center,3,attacking_third,False,41.02,38.33,67.0,62.68,29.13,22.03,64.36,45.35
378,1959846,44995,45066,73:22.5,73:29.6,28,22,7.1,2,2,868,right_to_left,Melbourne V FC,4,True,False,False,transition,4,defending_transition,11,-26.44,-4.92,3,center,1,defensive_third,False,12.0,11.2,2,half_space_left,2,middle_third,False,21.99,28.51,45.38,55.09,38.23,36.84,62.56,61.05
379,1959846,45066,45187,73:29.6,73:41.7,28,29,12.1,2,1,1803,left_to_right,Western United,4,False,False,False,create,1,medium_block,9,-12.29,-11.36,4,half_space_right,2,middle_third,False,15.42,19.98,2,half_space_left,2,middle_third,False,37.07,54.26,60.96,61.0,28.58,37.12,55.26,53.52
380,1959846,45187,45355,73:41.7,73:58.5,28,41,16.8,2,1,1803,left_to_right,Western United,3,True,False,False,finish,2,low_block,8,15.66,19.84,2,half_space_left,2,middle_third,False,38.48,-1.75,3,center,3,attacking_third,True,54.0,33.69,61.14,69.72,36.97,27.26,53.49,47.25
381,1959846,45355,45528,73:58.5,74:15.8,28,58,17.3,2,2,868,right_to_left,Melbourne V FC,4,True,False,False,transition,4,defending_transition,11,-39.16,0.54,3,center,1,defensive_third,False,30.79,16.88,2,half_space_left,3,attacking_third,False,27.17,32.04,47.21,68.31,33.77,27.38,69.87,56.91
382,1959846,46028,46173,75:05.8,75:20.3,30,5,14.5,2,1,1803,left_to_right,Western United,8,False,False,False,build_up,0,high_block,10,-36.83,-2.13,3,center,1,defensive_third,False,-20.56,25.65,1,wide_left,1,defensive_third,False,58.15,58.74,39.27,49.6,38.88,41.12,56.63,59.25
383,1959846,46173,46185,75:20.3,75:21.5,30,20,1.2,2,1,1803,left_to_right,Western United,0,False,False,False,create,1,medium_block,9,-19.23,26.28,1,wide_left,1,defensive_third,False,-5.52,31.58,1,wide_left,2,middle_third,False,58.71,57.32,49.52,47.86,41.28,42.63,59.59,61.76
384,1959846,46382,46392,75:41.2,75:42.2,30,41,1.0,2,1,1803,left_to_right,Western United,1,True,False,False,chaotic,5,chaotic,5,0.55,31.85,1,wide_left,2,middle_third,False,4.25,24.34,1,wide_left,2,middle_third,False,38.01,36.74,50.92,48.62,29.74,28.63,44.54,44.04
385,1959846,46420,46576,75:45.0,76:00.6,30,45,15.6,2,2,868,right_to_left,Melbourne V FC,6,True,False,False,create,1,medium_block,9,-16.8,-20.57,5,wide_right,2,middle_third,False,-8.78,14.89,2,half_space_left,2,middle_third,False,28.16,45.32,45.74,51.03,33.01,35.89,47.55,51.34
386,1959846,46576,46675,76:00.6,76:10.5,31,0,9.9,2,1,1803,left_to_right,Western United,4,False,False,False,create,1,medium_block,9,7.79,-14.9,4,half_space_right,2,middle_third,False,-19.95,5.02,3,center,1,defensive_third,False,36.05,42.01,51.58,52.15,45.79,27.78,51.01,55.31
387,1959846,46675,46715,76:10.5,76:14.5,31,10,4.0,2,1,1803,left_to_right,Western United,2,False,False,False,build_up,0,high_block,10,-21.07,4.28,3,center,1,defensive_third,False,-20.08,-16.86,4,half_space_right,1,defensive_third,False,42.32,54.41,51.99,46.64,27.89,30.95,55.84,62.85
388,1959846,46715,46822,76:14.5,76:25.2,31,14,10.7,2,1,1803,left_to_right,Western United,4,True,False,False,create,1,medium_block,9,-19.66,-17.13,4,half_space_right,1,defensive_third,False,30.07,-20.91,5,wide_right,3,attacking_third,False,54.58,45.61,46.72,55.88,31.02,39.68,62.48,43.28
389,1959846,46822,46840,76:25.2,76:27.0,31,25,1.8,2,2,868,right_to_left,Melbourne V FC,1,False,False,False,chaotic,5,chaotic,5,-30.7,20.48,1,wide_left,1,defensive_third,False,-42.12,7.12,3,center,1,defensive_third,False,39.94,44.24,43.51,43.38,45.31,39.69,56.43,64.34
390,1959846,46840,46868,76:27.0,76:29.8,31,27,2.8,2,2,868,right_to_left,Melbourne V FC,1,True,False,False,direct,6,defending_direct,15,-42.23,7.01,3,center,1,defensive_third,False,-3.63,15.15,2,half_space_left,2,middle_third,False,44.75,47.22,43.18,46.13,39.38,34.5,64.83,69.35
391,1959846,46868,47030,76:29.8,76:46.0,31,29,16.2,2,1,1803,left_to_right,Western United,8,False,False,False,create,1,medium_block,9,3.13,-15.37,4,half_space_right,2,middle_third,False,14.72,31.62,1,wide_left,2,middle_third,False,34.47,54.9,69.24,56.18,46.89,40.82,46.43,42.21
392,1959846,47030,47203,76:46.0,77:03.3,31,46,17.3,2,1,1803,left_to_right,Western United,5,True,False,False,finish,2,low_block,8,14.8,31.68,1,wide_left,2,middle_third,False,49.08,5.05,3,center,3,attacking_third,True,54.78,39.61,56.48,70.29,41.03,27.81,42.32,38.05
393,1959846,47203,47445,77:03.3,77:27.5,32,3,24.2,2,2,868,right_to_left,Melbourne V FC,2,True,False,False,create,1,medium_block,9,-49.27,-4.32,3,center,1,defensive_third,False,-10.66,6.01,3,center,2,middle_third,False,27.54,60.96,37.96,44.63,39.37,39.96,70.2,53.27
394,1959846,47948,47958,78:17.8,78:18.8,33,17,1.0,2,1,1803,left_to_right,Western United,1,False,False,False,chaotic,5,chaotic,5,-11.99,-32.14,5,wide_right,2,middle_third,False,-5.03,-25.61,5,wide_right,2,middle_third,False,29.13,28.05,50.62,49.57,23.57,23.92,57.31,56.01
395,1959846,47964,48059,78:19.4,78:28.9,33,19,9.5,2,1,1803,left_to_right,Western United,3,True,False,False,create,1,medium_block,9,-2.32,-19.92,4,half_space_right,2,middle_third,False,47.97,-17.41,4,half_space_right,3,attacking_third,True,27.29,36.1,49.16,59.3,24.12,32.49,55.18,56.3
396,1959846,48059,48315,78:28.9,78:54.5,33,28,25.6,2,2,868,right_to_left,Melbourne V FC,10,False,True,True,create,1,medium_block,9,-48.28,17.37,2,half_space_left,1,defensive_third,False,23.39,4.49,3,center,3,attacking_third,False,33.03,42.16,56.2,60.68,36.07,27.48,59.19,50.85
397,1959846,48315,48364,78:54.5,78:59.4,33,54,4.9,2,2,868,right_to_left,Melbourne V FC,3,False,True,True,finish,2,low_block,8,23.89,4.74,3,center,3,attacking_third,False,53.69,1.07,3,center,3,attacking_third,False,41.58,25.87,61.0,79.47,27.08,20.12,50.77,43.8
398,1959846,49084,49193,80:11.4,80:22.3,35,11,10.9,2,1,1803,left_to_right,Western United,5,False,False,True,create,1,medium_block,9,-0.61,-0.63,3,center,2,middle_third,False,18.38,21.52,1,wide_left,3,attacking_third,False,60.44,40.06,36.8,55.93,35.13,29.98,40.16,50.15
399,1959846,49193,49233,80:22.3,80:26.3,35,22,4.0,2,1,1803,left_to_right,Western United,4,False,False,True,finish,2,low_block,8,18.49,21.73,1,wide_left,3,attacking_third,False,6.21,15.5,2,half_space_left,2,middle_third,False,39.97,42.38,56.12,54.24,29.65,29.14,50.15,44.6
400,1959846,49233,49288,80:26.3,80:31.8,35,26,5.5,2,1,1803,left_to_right,Western United,2,False,False,True,create,1,medium_block,9,5.19,14.34,2,half_space_left,2,middle_third,False,12.31,-27.86,5,wide_right,2,middle_third,False,42.64,53.42,54.06,53.99,29.32,35.41,44.44,42.93
401,1959846,49288,49337,80:31.8,80:36.7,35,31,4.9,2,1,1803,left_to_right,Western United,2,False,False,True,finish,2,low_block,8,13.51,-28.39,5,wide_right,2,middle_third,False,6.89,-23.88,5,wide_right,2,middle_third,False,53.23,50.99,54.11,57.63,35.49,34.21,42.8,38.62
402,1959846,49337,49433,80:36.7,80:46.3,35,36,9.6,2,1,1803,left_to_right,Western United,3,False,False,True,create,1,medium_block,9,5.86,-22.4,5,wide_right,2,middle_third,False,11.23,-14.76,4,half_space_right,2,middle_third,False,51.1,53.95,57.57,57.47,34.22,33.29,38.59,42.86
403,1959846,49433,49447,80:46.3,80:47.7,35,46,1.4,2,1,1803,left_to_right,Western United,1,False,False,True,finish,2,low_block,8,11.25,-14.33,4,half_space_right,2,middle_third,False,8.09,-9.22,4,half_space_right,2,middle_third,False,53.68,50.1,57.48,57.7,32.9,29.6,42.9,42.98
404,1959846,49447,49456,80:47.7,80:48.6,35,47,0.9,2,1,1803,left_to_right,Western United,1,False,False,True,create,1,medium_block,9,7.81,-9.01,3,center,2,middle_third,False,8.2,-8.42,3,center,2,middle_third,False,49.85,48.34,57.7,57.48,29.57,29.72,42.94,42.48
405,1959846,49456,49518,80:48.6,80:54.8,35,48,6.2,2,1,1803,left_to_right,Western United,2,True,False,True,finish,2,low_block,8,8.67,-7.68,3,center,2,middle_third,False,49.39,4.19,3,center,3,attacking_third,True,48.22,36.3,57.44,72.83,29.79,29.95,42.43,43.47
406,1959846,49518,49567,80:54.8,80:59.7,35,54,4.9,2,2,868,right_to_left,Melbourne V FC,2,False,False,False,chaotic,5,chaotic,5,-50.24,-4.04,3,center,1,defensive_third,False,-39.48,-31.82,5,wide_right,1,defensive_third,False,29.93,37.04,43.55,45.29,36.08,37.59,72.88,76.16
407,1959846,49659,49682,81:08.9,81:11.2,36,8,2.3,2,2,868,right_to_left,Melbourne V FC,2,False,False,False,build_up,0,high_block,10,-35.39,-22.81,5,wide_right,1,defensive_third,False,-21.57,-9.25,4,half_space_right,1,defensive_third,False,26.82,23.61,41.94,43.08,34.15,28.13,65.31,62.34
408,1959846,49682,49760,81:11.2,81:19.0,36,11,7.8,2,2,868,right_to_left,Melbourne V FC,1,False,False,False,create,1,medium_block,9,-19.88,-8.02,3,center,1,defensive_third,False,25.37,27.39,1,wide_left,3,attacking_third,False,23.74,41.47,43.32,63.48,27.88,39.77,62.28,59.99
409,1959846,49760,49789,81:19.0,81:21.9,36,19,2.9,2,2,868,right_to_left,Melbourne V FC,1,True,False,False,finish,2,low_block,8,25.89,27.21,1,wide_left,3,attacking_third,False,40.79,23.4,1,wide_left,3,attacking_third,False,41.17,41.17,63.92,74.36,39.6,35.44,59.85,55.34
410,1959846,49789,49884,81:21.9,81:31.4,36,21,9.5,2,1,1803,left_to_right,Western United,4,False,False,False,build_up,0,high_block,10,-41.19,-23.33,5,wide_right,1,defensive_third,False,-21.47,-5.31,3,center,1,defensive_third,False,35.49,47.65,55.14,38.02,41.22,31.54,74.66,70.12
411,1959846,49884,49945,81:31.4,81:37.5,36,31,6.1,2,1,1803,left_to_right,Western United,2,False,False,False,create,1,medium_block,9,-19.98,-3.9,3,center,1,defensive_third,False,23.7,23.51,1,wide_left,3,attacking_third,False,47.72,41.69,37.78,61.94,31.44,29.51,69.9,61.85
412,1959846,49945,50003,81:37.5,81:43.3,36,37,5.8,2,1,1803,left_to_right,Western United,1,False,False,False,finish,2,low_block,8,24.18,23.71,1,wide_left,3,attacking_third,False,49.08,12.4,2,half_space_left,3,attacking_third,True,41.27,25.13,62.26,79.53,29.67,22.58,61.68,48.84
413,1959846,50420,50430,82:25.0,82:26.0,37,25,1.0,2,1,1803,left_to_right,Western United,1,False,False,False,set_play,7,defending_set_play,13,52.46,32.58,1,wide_left,3,attacking_third,False,47.53,15.27,2,half_space_left,3,attacking_third,True,41.92,42.2,74.19,73.73,12.93,11.51,11.44,11.59
414,1959846,50452,50500,82:28.2,82:33.0,37,28,4.8,2,1,1803,left_to_right,Western United,2,True,False,True,finish,2,low_block,8,36.73,-11.29,4,half_space_right,3,attacking_third,True,52.08,1.75,3,center,3,attacking_third,True,39.19,33.84,70.34,68.05,12.6,18.85,11.9,15.36
415,1959846,50854,50864,83:08.4,83:09.4,38,8,1.0,2,2,868,right_to_left,Melbourne V FC,1,True,False,False,direct,6,defending_direct,15,-47.13,-12.32,4,half_space_right,1,defensive_third,False,-31.15,-15.22,4,half_space_right,1,defensive_third,False,36.41,35.34,61.7,59.31,26.19,25.66,41.95,41.5
416,1959846,51004,51014,83:23.4,83:24.4,38,23,1.0,2,1,1803,left_to_right,Western United,1,False,False,False,chaotic,5,chaotic,5,-24.27,28.1,1,wide_left,1,defensive_third,False,-30.57,22.51,1,wide_left,1,defensive_third,False,38.33,40.02,50.26,49.54,28.5,29.85,58.99,61.84
417,1959846,51024,51073,83:25.4,83:30.3,38,25,4.9,2,1,1803,left_to_right,Western United,2,False,False,False,build_up,0,high_block,10,-37.46,16.56,2,half_space_left,1,defensive_third,False,-20.17,-10.71,4,half_space_right,1,defensive_third,False,42.34,54.26,46.74,41.81,31.17,31.6,63.66,54.28
418,1959846,51073,51157,83:30.3,83:38.7,38,30,8.4,2,1,1803,left_to_right,Western United,3,False,False,False,create,1,medium_block,9,-19.19,-11.83,4,half_space_right,1,defensive_third,False,18.5,-11.21,4,half_space_right,3,attacking_third,False,54.39,47.11,41.92,52.42,31.92,30.54,54.01,49.09
419,1959846,51157,51333,83:38.7,83:56.3,38,38,17.6,2,1,1803,left_to_right,Western United,5,True,False,False,finish,2,low_block,8,19.53,-9.42,4,half_space_right,3,attacking_third,False,47.01,7.13,3,center,3,attacking_third,True,46.86,32.19,52.7,65.2,30.4,21.63,49.02,42.14
420,1959846,51333,51399,83:56.3,84:02.9,38,56,6.6,2,2,868,right_to_left,Melbourne V FC,2,False,False,False,build_up,0,high_block,10,-47.11,-6.44,3,center,1,defensive_third,False,-20.04,-13.05,4,half_space_right,1,defensive_third,False,21.51,36.63,42.17,42.5,32.08,36.64,65.47,66.37
421,1959846,51399,51418,84:02.9,84:04.8,39,2,1.9,2,2,868,right_to_left,Melbourne V FC,0,False,False,False,create,1,medium_block,9,-18.85,-11.9,4,half_space_right,1,defensive_third,False,-19.58,-10.46,4,half_space_right,1,defensive_third,False,36.94,39.26,42.3,37.88,36.65,38.03,66.43,65.16
422,1959846,51418,51471,84:04.8,84:10.1,39,4,5.3,2,2,868,right_to_left,Melbourne V FC,1,False,False,False,build_up,0,high_block,10,-20.86,-11.05,4,half_space_right,1,defensive_third,False,-20.57,-20.39,5,wide_right,1,defensive_third,False,39.23,38.4,38.25,43.41,38.05,29.31,65.03,64.33
423,1959846,51471,51544,84:10.1,84:17.4,39,10,7.3,2,2,868,right_to_left,Melbourne V FC,2,False,False,False,create,1,medium_block,9,-19.13,-20.2,5,wide_right,1,defensive_third,False,10.93,-22.91,5,wide_right,2,middle_third,False,38.55,44.22,43.55,50.85,29.3,28.94,64.4,59.14
424,1959846,51752,51797,84:38.2,84:42.7,39,38,4.5,2,2,868,right_to_left,Melbourne V FC,4,True,False,False,create,1,medium_block,9,,,2,half_space_left,2,middle_third,False,21.07,-3.58,3,center,3,attacking_third,False,,51.09,,54.16,,25.66,,44.73
425,1959846,51797,51872,84:42.7,84:50.2,39,42,7.5,2,1,1803,left_to_right,Western United,2,True,False,False,transition,4,defending_transition,11,-20.96,3.25,3,center,1,defensive_third,False,22.48,-15.41,4,half_space_right,3,attacking_third,False,25.23,27.34,44.61,58.25,50.75,31.85,54.51,60.06
426,1959846,51872,52039,84:50.2,85:06.9,39,50,16.7,2,2,868,right_to_left,Melbourne V FC,5,False,False,False,create,1,medium_block,9,-22.57,15.36,2,half_space_left,1,defensive_third,False,-14.89,14.26,2,half_space_left,2,middle_third,False,32.06,56.08,60.13,47.4,27.41,36.04,58.77,44.87
427,1959846,52039,52061,85:06.9,85:09.1,40,6,2.2,2,2,868,right_to_left,Melbourne V FC,1,True,False,False,direct,6,defending_direct,15,-14.57,14.18,2,half_space_left,2,middle_third,False,20.93,16.52,2,half_space_left,3,attacking_third,False,55.98,48.26,47.7,56.92,36.05,37.04,44.86,46.96
428,1959846,52061,52084,85:09.1,85:11.4,40,9,2.3,2,1,1803,left_to_right,Western United,1,True,False,False,chaotic,5,chaotic,5,-21.36,-16.76,4,half_space_right,1,defensive_third,False,-9.59,-24.66,5,wide_right,2,middle_third,False,37.04,40.41,47.17,49.21,47.72,49.72,57.21,56.16
429,1959846,52084,52238,85:11.4,85:26.8,40,11,15.4,2,2,868,right_to_left,Melbourne V FC,7,False,False,False,create,1,medium_block,9,9.38,24.67,1,wide_left,2,middle_third,False,14.94,-3.36,3,center,2,middle_third,False,49.93,49.08,56.22,54.8,40.53,31.09,49.18,50.53
430,1959846,52785,52922,86:21.5,86:35.2,41,21,13.7,2,2,868,right_to_left,Melbourne V FC,6,False,False,False,finish,2,low_block,8,15.62,-2.61,3,center,2,middle_third,False,5.82,14.22,2,half_space_left,2,middle_third,False,47.67,52.67,64.32,59.85,32.45,36.79,27.14,37.89
431,1959846,52922,53124,86:35.2,86:55.4,41,35,20.2,2,2,868,right_to_left,Melbourne V FC,8,False,False,False,create,1,medium_block,9,5.04,13.34,2,half_space_left,2,middle_third,False,-19.8,-16.13,4,half_space_right,1,defensive_third,False,52.87,57.16,59.65,52.28,37.03,35.83,38.24,50.32
432,1959846,53124,53366,86:55.4,87:19.6,41,55,24.2,2,2,868,right_to_left,Melbourne V FC,6,False,False,False,build_up,0,high_block,10,-20.44,-15.55,4,half_space_right,1,defensive_third,False,-43.03,8.95,3,center,1,defensive_third,False,57.48,59.2,52.25,44.05,35.86,42.62,50.15,70.02
433,1959846,53366,53393,87:19.6,87:22.3,42,19,2.7,2,2,868,right_to_left,Melbourne V FC,1,False,False,False,direct,6,defending_direct,15,-42.78,9.21,2,half_space_left,1,defensive_third,False,-1.85,21.9,1,wide_left,2,middle_third,False,59.02,49.66,43.98,45.52,42.7,39.23,70.21,67.97
434,1959846,53393,53467,87:22.3,87:29.7,42,22,7.4,2,2,868,right_to_left,Melbourne V FC,4,False,False,False,create,1,medium_block,9,-0.84,21.92,1,wide_left,2,middle_third,False,20.59,26.68,1,wide_left,3,attacking_third,False,49.41,42.01,45.78,61.24,39.14,28.21,67.85,58.64
435,1959846,53467,53560,87:29.7,87:39.0,42,29,9.3,2,2,868,right_to_left,Melbourne V FC,3,True,False,False,finish,2,low_block,8,21.2,27.05,1,wide_left,3,attacking_third,False,46.63,7.16,3,center,3,attacking_third,True,41.6,22.9,61.82,74.52,28.06,23.86,58.58,43.64
436,1959846,53560,53570,87:39.0,87:40.0,42,39,1.0,2,1,1803,left_to_right,Western United,1,False,False,False,chaotic,5,chaotic,5,-46.59,-6.99,3,center,1,defensive_third,False,-44.4,-14.57,4,half_space_right,1,defensive_third,False,23.77,23.34,43.58,43.32,22.87,22.76,74.58,73.7
437,1959846,53868,53931,88:09.8,88:16.1,43,9,6.3,2,1,1803,left_to_right,Western United,3,False,False,False,create,1,medium_block,9,-40.93,-2.53,3,center,1,defensive_third,False,-12.34,19.09,2,half_space_left,2,middle_third,False,58.91,60.54,45.63,47.87,38.27,35.93,58.16,48.68
438,1959846,53931,53954,88:16.1,88:18.4,43,16,2.3,2,1,1803,left_to_right,Western United,1,True,False,False,direct,6,defending_direct,15,-11.77,19.09,2,half_space_left,2,middle_third,False,25.05,11.11,2,half_space_left,3,attacking_third,False,60.42,55.2,48.12,60.63,35.9,34.51,48.49,48.47
439,1959846,53954,54063,88:18.4,88:29.3,43,18,10.9,2,2,868,right_to_left,Melbourne V FC,4,True,False,False,chaotic,5,chaotic,5,-25.86,-10.66,4,half_space_right,1,defensive_third,False,-4.18,5.39,3,center,2,middle_third,False,34.42,32.83,48.63,48.09,54.87,32.85,61.35,55.76
440,1959846,54063,54082,88:29.3,88:31.2,43,29,1.9,2,1,1803,left_to_right,Western United,1,False,False,False,chaotic,5,chaotic,5,4.13,-5.9,3,center,2,middle_third,False,12.32,-10.03,4,half_space_right,2,middle_third,False,32.76,33.15,55.75,56.23,32.91,30.9,48.31,48.13
441,1959846,54244,54254,88:47.4,88:48.4,43,47,1.0,2,1,1803,left_to_right,Western United,1,False,False,False,finish,2,low_block,8,7.55,-11.58,4,half_space_right,2,middle_third,False,8.09,2.62,3,center,2,middle_third,False,52.97,54.24,58.83,59.29,33.03,33.26,35.62,34.8
442,1959846,54256,54509,88:48.6,89:13.9,43,48,25.3,2,1,1803,left_to_right,Western United,8,False,False,False,finish,2,low_block,8,8.02,5.38,3,center,2,middle_third,False,-16.95,-2.28,3,center,2,middle_third,False,54.75,29.8,59.36,31.03,33.26,41.45,34.52,65.38
443,1959846,54509,54521,89:13.9,89:15.1,44,13,1.2,2,1,1803,left_to_right,Western United,1,True,False,False,chaotic,5,chaotic,5,16.84,1.93,3,center,2,middle_third,False,27.87,-3.55,3,center,3,attacking_third,False,41.43,41.81,65.23,63.48,29.84,31.17,31.27,33.55
444,1959846,54521,54592,89:15.1,89:22.2,44,15,7.1,2,2,868,right_to_left,Melbourne V FC,3,True,False,False,chaotic,5,chaotic,5,-28.67,3.95,3,center,1,defensive_third,False,-11.53,1.37,3,center,2,middle_third,False,31.34,28.74,33.81,40.27,41.88,28.63,63.47,61.35
445,1959846,54592,54626,89:22.2,89:25.6,44,22,3.4,2,1,1803,left_to_right,Western United,1,False,False,True,finish,2,low_block,8,11.38,-1.28,3,center,2,middle_third,False,6.02,-0.41,3,center,2,middle_third,False,28.72,31.16,61.2,61.23,28.53,26.75,39.87,33.93
446,1959846,54626,54649,89:25.6,89:27.9,44,25,2.3,2,1,1803,left_to_right,Western United,2,False,False,True,create,1,medium_block,9,5.23,-0.12,3,center,2,middle_third,False,4.91,10.36,2,half_space_left,2,middle_third,False,31.29,32.44,61.17,60.73,26.83,27.59,33.89,36.19
447,1959846,54649,54802,89:27.9,89:43.2,44,27,15.3,2,1,1803,left_to_right,Western United,4,False,False,True,finish,2,low_block,8,5.12,10.7,2,half_space_left,2,middle_third,False,32.96,11.41,2,half_space_left,3,attacking_third,False,32.4,30.56,60.76,68.44,27.58,21.47,36.18,33.97
448,1959846,54884,55072,89:51.4,90:10.2,44,51,18.8,2,1,1803,left_to_right,Western United,6,False,False,False,finish,2,low_block,8,29.19,30.72,1,wide_left,3,attacking_third,False,48.14,-4.62,3,center,3,attacking_third,True,47.45,33.61,67.37,73.64,33.36,31.73,33.13,28.61
449,1959846,55409,55419,90:43.9,90:44.9,45,43,1.0,2,1,1803,left_to_right,Western United,1,False,False,False,set_play,7,defending_set_play,13,52.43,32.03,1,wide_left,3,attacking_third,False,49.27,14.89,2,half_space_left,3,attacking_third,True,42.94,41.02,73.12,71.9,14.73,11.86,11.15,11.14
450,1959846,55427,55438,90:45.7,90:46.8,45,45,1.1,2,1,1803,left_to_right,Western United,2,True,True,True,finish,2,low_block,8,50.19,1.58,3,center,3,attacking_third,True,52.9,-4.11,3,center,3,attacking_third,False,38.17,36.61,71.3,70.54,9.28,8.32,11.95,12.97
451,1959846,56122,56173,91:55.2,92:00.3,46,55,5.1,2,2,868,right_to_left,Melbourne V FC,3,False,False,False,create,1,medium_block,9,-0.15,0.44,3,center,2,middle_third,False,-8.38,-16.08,4,half_space_right,2,middle_third,False,57.5,52.79,41.49,53.97,45.76,37.11,42.51,54.15
452,1959846,56185,56195,92:01.5,92:02.5,47,1,1.0,2,2,868,right_to_left,Melbourne V FC,1,False,False,False,create,1,medium_block,9,-6.34,-16.29,4,half_space_right,2,middle_third,False,1.4,-20.85,5,wide_right,2,middle_third,False,50.75,49.04,55.04,55.48,35.76,34.72,53.75,53.25
453,1959846,56520,56530,92:35.0,92:36.0,47,35,1.0,2,2,868,right_to_left,Melbourne V FC,1,False,False,False,set_play,7,defending_set_play,13,13.28,-28.42,5,wide_right,2,middle_third,False,24.01,-17.93,4,half_space_right,3,attacking_third,False,45.67,43.89,54.19,56.75,33.42,32.57,26.14,25.14
454,1959846,56574,56597,92:40.4,92:42.7,47,40,2.3,2,2,868,right_to_left,Melbourne V FC,2,False,False,False,chaotic,5,chaotic,5,39.85,14.3,2,half_space_left,3,attacking_third,True,31.55,16.3,2,half_space_left,3,attacking_third,False,42.43,40.69,63.2,61.75,26.37,21.27,21.94,22.67
455,1959846,56677,56687,92:50.7,92:51.7,47,50,1.0,2,2,868,right_to_left,Melbourne V FC,1,False,False,False,chaotic,5,chaotic,5,19.78,34.68,1,wide_left,3,attacking_third,False,13.21,28.46,1,wide_left,2,middle_third,False,48.97,48.99,55.85,55.41,27.11,27.77,25.03,26.68
456,1959846,56691,56712,92:52.1,92:54.2,47,52,2.1,2,2,868,right_to_left,Melbourne V FC,1,False,False,False,finish,2,low_block,8,10.18,26.34,1,wide_left,2,middle_third,False,5.91,20.03,2,half_space_left,2,middle_third,False,49.2,51.75,55.85,56.8,29.24,33.98,28.31,34.64
457,1959846,56712,56784,92:54.2,93:01.4,47,54,7.2,2,2,868,right_to_left,Melbourne V FC,3,False,False,False,create,1,medium_block,9,5.18,19.04,2,half_space_left,2,middle_third,False,11.22,-31.78,5,wide_right,2,middle_third,False,51.94,51.43,56.83,56.11,34.11,37.56,34.82,40.52
458,1959846,56784,56795,93:01.4,93:02.5,48,1,1.1,2,2,868,right_to_left,Melbourne V FC,1,False,False,False,finish,2,low_block,8,11.31,-31.89,5,wide_right,2,middle_third,False,6.9,-29.43,5,wide_right,2,middle_third,False,51.14,48.23,56.18,56.4,37.49,38.25,40.35,38.86
459,1959846,56795,56847,93:02.5,93:07.7,48,2,5.2,2,2,868,right_to_left,Melbourne V FC,1,True,False,False,create,1,medium_block,9,5.67,-28.56,5,wide_right,2,middle_third,False,31.12,-0.35,3,center,3,attacking_third,False,47.96,38.72,56.37,65.41,38.17,31.17,38.75,37.85
460,1959846,56847,56926,93:07.7,93:15.6,48,7,7.9,2,1,1803,left_to_right,Western United,2,True,False,False,transition,4,defending_transition,11,-31.44,-0.44,3,center,1,defensive_third,False,22.36,6.83,3,center,3,attacking_third,False,30.84,30.57,37.99,63.33,38.48,26.7,65.75,62.69
461,1959846,56926,56963,93:15.6,93:19.3,48,15,3.7,2,2,868,right_to_left,Melbourne V FC,2,True,False,False,chaotic,5,chaotic,5,-23.33,-6.97,3,center,1,defensive_third,False,-42.33,-16.42,4,half_space_right,1,defensive_third,False,26.75,29.69,62.58,48.5,30.43,32.4,63.89,81.92
462,1959846,57058,57068,93:28.8,93:29.8,48,28,1.0,2,1,1803,left_to_right,Western United,1,False,False,False,chaotic,5,chaotic,5,40.36,31.97,1,wide_left,3,attacking_third,False,32.66,27.3,1,wide_left,3,attacking_third,False,42.02,42.68,73.84,72.37,32.48,30.73,34.19,32.08
463,1959846,57072,57082,93:30.2,93:31.2,48,30,1.0,2,1,1803,left_to_right,Western United,1,False,False,False,chaotic,5,chaotic,5,30.6,26.92,1,wide_left,3,attacking_third,False,36.43,32.44,1,wide_left,3,attacking_third,False,42.94,43.23,71.2,69.58,30.24,29.83,30.34,28.07
464,1959846,57277,57399,93:50.7,94:02.9,48,50,12.2,2,1,1803,left_to_right,Western United,6,False,True,True,finish,2,low_block,8,39.85,33.5,1,wide_left,3,attacking_third,False,53.73,0.88,3,center,3,attacking_third,False,44.21,32.9,69.4,76.97,32.44,26.46,20.75,30.08
465,1959846,58096,58160,95:12.6,95:19.0,50,12,6.4,2,2,868,right_to_left,Melbourne V FC,3,False,False,True,create,1,medium_block,9,-0.49,0.36,3,center,2,middle_third,False,4.88,-15.21,4,half_space_right,2,middle_third,False,42.39,45.14,39.05,60.98,37.61,31.58,43.03,45.26
466,1959846,58160,58355,95:19.0,95:38.5,50,19,19.5,2,2,868,right_to_left,Melbourne V FC,5,True,False,True,finish,2,low_block,8,6.73,-13.83,4,half_space_right,2,middle_third,False,39.31,1.14,3,center,3,attacking_third,True,45.04,21.97,61.31,64.27,31.44,17.9,45.0,27.34
467,1959846,58355,58378,95:38.5,95:40.8,50,38,2.3,2,1,1803,left_to_right,Western United,1,False,False,True,chaotic,5,chaotic,5,-39.06,-0.99,3,center,1,defensive_third,False,-33.4,5.14,3,center,1,defensive_third,False,17.86,17.24,27.3,27.89,21.83,23.0,64.16,62.55
