index,match_id,frame_start,frame_end,time_start,time_end,minute_start,second_start,duration,period,attacking_side_id,team_in_possession_id,attacking_side,team_in_possession_shortname,n_player_possessions_in_phase,team_possession_loss_in_phase,team_possession_lead_to_goal,team_possession_lead_to_shot,team_in_possession_phase_type,team_in_possession_phase_type_id,team_out_of_possession_phase_type,team_out_of_possession_phase_type_id,x_start,y_start,channel_id_start,channel_start,third_id_start,third_start,penalty_area_start,x_end,y_end,channel_id_end,channel_end,third_id_end,third_end,penalty_area_end,team_in_possession_width_start,team_in_possession_width_end,team_in_possession_length_start,team_in_possession_length_end,team_out_of_possession_width_start,team_out_of_possession_width_end,team_out_of_possession_length_start,team_out_of_possession_length_end
0,1953632,36,500,00:02.6,00:49.0,0,2,46.4,1,2,2380,right_to_left,Melbourne City,16,True,False,False,create,1,medium_block,9,-0.2,0.03,3,center,2,middle_third,False,3.83,-25.76,5,wide_right,2,middle_third,False,53.58,58.54,50.26,51.22,44.77,44.87,41.3,48.63
1,1953632,500,507,00:49.0,00:49.7,0,49,0.7,1,1,870,left_to_right,CC Mariners,1,True,False,False,chaotic,5,chaotic,5,-4.11,25.69,1,wide_left,2,middle_third,False,4.02,25.97,1,wide_left,2,middle_third,False,44.96,45.34,48.68,48.78,58.45,57.93,51.16,50.61
2,1953632,507,699,00:49.7,01:08.9,0,49,19.2,1,2,2380,right_to_left,Melbourne City,6,True,False,False,create,1,medium_block,9,-4.88,-25.96,5,wide_right,2,middle_third,False,6.37,-4.44,3,center,2,middle_third,False,57.86,53.1,50.5,50.82,45.38,35.77,48.74,45.83
3,1953632,788,849,01:17.8,01:23.9,1,17,6.1,1,1,870,left_to_right,CC Mariners,3,False,False,False,build_up,0,high_block,10,-30.19,30.15,1,wide_left,1,defensive_third,False,-20.73,-11.13,4,half_space_right,1,defensive_third,False,50.98,57.35,50.8,49.25,33.56,38.43,56.15,71.39
4,1953632,849,891,01:23.9,01:28.1,1,23,4.2,1,1,870,left_to_right,CC Mariners,2,True,False,False,create,1,medium_block,9,-19.29,-12.02,4,half_space_right,1,defensive_third,False,12.17,-23.72,5,wide_right,2,middle_third,False,57.29,41.1,49.23,50.29,38.43,39.86,71.29,65.46
5,1953632,891,1106,01:28.1,01:49.6,1,28,21.5,1,2,2380,right_to_left,Melbourne City,6,False,False,False,create,1,medium_block,9,-12.85,23.82,1,wide_left,2,middle_third,False,20.95,-31.01,5,wide_right,3,attacking_third,False,40.16,51.74,65.42,55.69,40.87,38.63,50.4,38.69
6,1953632,1106,1120,01:49.6,01:51.0,1,49,1.4,1,2,2380,right_to_left,Melbourne City,1,False,False,False,finish,2,low_block,8,21.5,-30.86,5,wide_right,3,attacking_third,False,33.31,-30.09,5,wide_right,3,attacking_third,False,51.21,44.35,55.96,60.51,38.74,40.2,38.42,36.95
7,1953632,1542,1568,02:33.2,02:35.8,2,33,2.6,1,2,2380,right_to_left,Melbourne City,1,True,False,False,set_play,7,defending_set_play,13,25.34,-26.6,5,wide_right,3,attacking_third,False,47.22,6.56,3,center,3,attacking_third,True,42.5,34.96,60.95,71.47,31.85,27.54,18.45,29.53
8,1953632,1568,1624,02:35.8,02:41.4,2,35,5.6,1,1,870,left_to_right,CC Mariners,2,True,False,False,transition,4,defending_transition,11,-46.99,-7.0,3,center,1,defensive_third,False,-3.95,17.3,2,half_space_left,2,middle_third,False,27.44,39.12,30.33,49.44,34.75,31.11,71.83,64.41
9,1953632,1624,1837,02:41.4,03:02.7,2,41,21.3,1,2,2380,right_to_left,Melbourne City,1,True,False,False,chaotic,5,chaotic,5,3.76,-17.38,4,half_space_right,2,middle_third,False,33.31,21.86,1,wide_left,3,attacking_third,False,30.9,36.25,63.99,65.76,39.4,60.08,49.43,50.77
10,1953632,1837,1916,03:02.7,03:10.6,3,2,7.9,1,1,870,left_to_right,CC Mariners,2,False,False,False,transition,4,defending_transition,11,-33.32,-22.44,5,wide_right,1,defensive_third,False,40.92,-17.31,4,half_space_right,3,attacking_third,True,60.14,40.07,50.99,80.63,36.3,34.84,65.58,60.94
11,1953632,2017,2033,03:20.7,03:22.3,3,20,1.6,1,1,870,left_to_right,CC Mariners,2,True,False,False,chaotic,5,chaotic,5,41.03,-34.08,5,wide_right,3,attacking_third,False,42.32,-32.33,5,wide_right,3,attacking_third,False,40.77,38.41,71.5,73.95,28.74,29.8,25.55,22.66
12,1953632,2033,2052,03:22.3,03:24.2,3,22,1.9,1,2,2380,right_to_left,Melbourne City,1,True,False,False,chaotic,5,chaotic,5,-42.53,32.26,1,wide_left,1,defensive_third,False,-43.48,32.65,1,wide_left,1,defensive_third,False,29.86,31.34,22.5,21.36,38.24,38.02,74.0,74.28
13,1953632,2052,2089,03:24.2,03:27.9,3,24,3.7,1,1,870,left_to_right,CC Mariners,2,True,False,False,chaotic,5,chaotic,5,43.36,-32.71,5,wide_right,3,attacking_third,False,49.13,-33.34,5,wide_right,3,attacking_third,False,38.06,38.44,74.31,73.73,31.46,30.98,21.47,20.92
14,1953632,2398,2437,03:58.8,04:02.7,3,58,3.9,1,2,2380,right_to_left,Melbourne City,1,True,False,False,direct,6,defending_direct,15,-35.16,22.56,1,wide_left,1,defensive_third,False,12.03,20.69,1,wide_left,2,middle_third,False,35.29,25.81,51.99,58.47,30.84,19.56,48.49,48.71
15,1953632,2437,2447,04:02.7,04:03.7,4,2,1.0,1,1,870,left_to_right,CC Mariners,1,True,False,False,chaotic,5,chaotic,5,-11.45,-21.41,5,wide_right,2,middle_third,False,-6.88,-27.1,5,wide_right,2,middle_third,False,19.56,21.92,48.58,47.62,25.87,28.32,58.52,58.56
16,1953632,2496,2922,04:08.6,04:51.2,4,8,42.6,1,2,2380,right_to_left,Melbourne City,14,False,False,False,create,1,medium_block,9,-7.97,34.46,1,wide_left,2,middle_third,False,-9.03,-20.22,5,wide_right,2,middle_third,False,40.98,61.95,55.13,42.49,29.04,43.26,47.1,44.04
17,1953632,2922,2961,04:51.2,04:55.1,4,51,3.9,1,2,2380,right_to_left,Melbourne City,1,True,False,False,direct,6,defending_direct,15,-8.3,-20.33,5,wide_right,2,middle_third,False,45.18,-15.07,4,half_space_right,3,attacking_third,True,61.88,47.11,43.01,66.95,43.07,36.3,43.86,46.33
18,1953632,2961,3120,04:55.1,05:11.0,4,55,15.9,1,1,870,left_to_right,CC Mariners,1,False,False,False,create,1,medium_block,9,-45.67,15.07,2,half_space_left,1,defensive_third,False,-40.2,-4.47,3,center,1,defensive_third,False,36.31,65.31,46.52,41.48,46.79,38.84,67.2,64.63
19,1953632,3120,3158,05:11.0,05:14.8,5,11,3.8,1,1,870,left_to_right,CC Mariners,1,True,False,False,direct,6,defending_direct,15,-39.9,-4.84,3,center,1,defensive_third,False,14.43,-15.17,4,half_space_right,2,middle_third,False,65.33,51.74,41.41,54.02,38.7,34.38,64.72,60.82
20,1953632,3158,3182,05:14.8,05:17.2,5,14,2.4,1,2,2380,right_to_left,Melbourne City,1,True,False,False,chaotic,5,chaotic,5,-14.95,15.48,2,half_space_left,2,middle_third,False,0.48,17.66,2,half_space_left,2,middle_third,False,34.29,31.34,60.68,54.06,51.06,34.84,54.18,52.43
21,1953632,3182,3285,05:17.2,05:27.5,5,17,10.3,1,1,870,left_to_right,CC Mariners,2,True,False,False,create,1,medium_block,9,-1.07,-17.65,4,half_space_right,2,middle_third,False,-3.48,29.21,1,wide_left,2,middle_third,False,34.5,52.87,52.35,51.88,31.09,36.87,53.67,52.14
22,1953632,3285,3504,05:27.5,05:49.4,5,27,21.9,1,2,2380,right_to_left,Melbourne City,7,False,False,False,create,1,medium_block,9,2.95,-29.17,5,wide_right,2,middle_third,False,-5.03,31.07,1,wide_left,2,middle_third,False,36.88,59.06,52.03,56.7,52.91,40.18,52.04,46.83
23,1953632,3504,3542,05:49.4,05:53.2,5,49,3.8,1,2,2380,right_to_left,Melbourne City,2,True,False,False,direct,6,defending_direct,15,-4.8,31.41,1,wide_left,2,middle_third,False,35.35,27.66,1,wide_left,3,attacking_third,False,58.88,45.52,56.71,71.09,40.21,40.1,46.9,50.96
24,1953632,3542,3645,05:53.2,06:03.5,5,53,10.3,1,1,870,left_to_right,CC Mariners,4,True,False,False,build_up,0,high_block,10,-35.44,-27.59,5,wide_right,1,defensive_third,False,-49.9,-18.65,4,half_space_right,1,defensive_third,False,39.97,56.66,50.88,43.41,45.17,30.89,71.21,81.22
25,1953632,3833,3870,06:22.3,06:26.0,6,22,3.7,1,2,2380,right_to_left,Melbourne City,2,False,False,False,finish,2,low_block,8,36.95,34.51,1,wide_left,3,attacking_third,False,5.89,20.66,1,wide_left,2,middle_third,False,36.9,47.63,70.21,64.24,30.61,34.24,19.52,32.57
26,1953632,3870,3908,06:26.0,06:29.8,6,26,3.8,1,2,2380,right_to_left,Melbourne City,2,False,False,False,create,1,medium_block,9,5.24,19.71,2,half_space_left,2,middle_third,False,4.85,27.64,1,wide_left,2,middle_third,False,48.01,56.8,64.03,57.83,34.31,40.63,32.91,35.69
27,1953632,3908,3949,06:29.8,06:33.9,6,29,4.1,1,2,2380,right_to_left,Melbourne City,1,False,False,False,finish,2,low_block,8,5.95,28.06,1,wide_left,2,middle_third,False,6.23,28.21,1,wide_left,2,middle_third,False,56.8,53.23,57.69,57.17,40.72,39.15,35.66,36.21
28,1953632,3949,4018,06:33.9,06:40.8,6,33,6.9,1,2,2380,right_to_left,Melbourne City,2,False,False,False,create,1,medium_block,9,5.23,28.05,1,wide_left,2,middle_third,False,16.03,-15.02,4,half_space_right,2,middle_third,False,53.4,56.16,57.08,54.76,39.07,44.4,36.14,35.2
29,1953632,4018,4042,06:40.8,06:43.2,6,40,2.4,1,2,2380,right_to_left,Melbourne City,1,True,False,False,finish,2,low_block,8,17.49,-15.98,4,half_space_right,2,middle_third,False,29.15,-18.23,4,half_space_right,3,attacking_third,False,56.08,50.98,54.94,56.97,44.18,37.49,35.25,37.86
30,1953632,4042,4103,06:43.2,06:49.3,6,43,6.1,1,1,870,left_to_right,CC Mariners,3,False,False,False,build_up,0,high_block,10,-29.1,18.14,2,half_space_left,1,defensive_third,False,-21.13,25.9,1,wide_left,1,defensive_third,False,37.47,36.55,38.07,45.3,50.46,33.86,57.03,62.94
31,1953632,4103,4111,06:49.3,06:50.1,6,49,0.8,1,1,870,left_to_right,CC Mariners,0,True,False,False,create,1,medium_block,9,-19.93,25.85,1,wide_left,1,defensive_third,False,-14.58,25.84,1,wide_left,2,middle_third,False,36.64,37.09,45.25,44.72,34.07,35.77,62.79,61.1
32,1953632,4111,4212,06:50.1,07:00.2,6,50,10.1,1,2,2380,right_to_left,Melbourne City,5,False,False,False,quick_break,3,defending_quick_break,12,14.75,-25.97,5,wide_right,2,middle_third,False,40.29,-31.73,5,wide_right,3,attacking_third,False,36.04,33.32,60.8,61.08,37.15,33.42,44.63,32.6
33,1953632,4409,4450,07:19.9,07:24.0,7,19,4.1,1,2,2380,right_to_left,Melbourne City,2,False,False,False,finish,2,low_block,8,38.24,-34.32,5,wide_right,3,attacking_third,False,6.07,-17.36,4,half_space_right,2,middle_third,False,35.63,44.67,60.41,54.24,32.07,34.59,19.8,33.17
34,1953632,4450,4491,07:24.0,07:28.1,7,24,4.1,1,2,2380,right_to_left,Melbourne City,1,False,False,False,create,1,medium_block,9,5.46,-16.7,4,half_space_right,2,middle_third,False,4.66,8.7,3,center,2,middle_third,False,45.0,54.69,54.13,49.25,34.68,39.47,33.52,33.81
35,1953632,4491,4539,07:28.1,07:32.9,7,28,4.8,1,2,2380,right_to_left,Melbourne City,1,False,False,False,finish,2,low_block,8,5.01,10.44,2,half_space_left,2,middle_third,False,5.91,5.82,3,center,2,middle_third,False,54.83,54.15,49.24,49.11,39.61,39.51,33.89,32.24
36,1953632,4539,4584,07:32.9,07:37.4,7,32,4.5,1,2,2380,right_to_left,Melbourne City,1,False,False,False,create,1,medium_block,9,5.43,4.41,3,center,2,middle_third,False,4.97,-15.55,4,half_space_right,2,middle_third,False,54.11,54.09,48.94,46.97,39.47,41.86,32.19,34.2
37,1953632,4584,4603,07:37.4,07:39.3,7,37,1.9,1,2,2380,right_to_left,Melbourne City,1,False,False,False,finish,2,low_block,8,5.03,-16.44,4,half_space_right,2,middle_third,False,5.03,-22.21,5,wide_right,2,middle_third,False,54.12,53.96,46.9,45.9,42.01,43.05,34.3,37.39
38,1953632,4603,4849,07:39.3,08:03.9,7,39,24.6,1,2,2380,right_to_left,Melbourne City,7,False,False,False,create,1,medium_block,9,4.48,-21.23,5,wide_right,2,middle_third,False,-19.48,15.86,2,half_space_left,1,defensive_third,False,53.91,50.26,45.73,47.62,43.05,40.81,37.65,55.29
39,1953632,4849,4933,08:03.9,08:12.3,8,3,8.4,1,2,2380,right_to_left,Melbourne City,3,True,False,False,build_up,0,high_block,10,-20.55,15.16,2,half_space_left,1,defensive_third,False,-23.3,-18.61,4,half_space_right,1,defensive_third,False,50.23,61.24,47.54,49.04,40.74,48.42,55.28,58.1
40,1953632,5063,5123,08:25.3,08:31.3,8,25,6.0,1,1,870,left_to_right,CC Mariners,3,False,False,False,create,1,medium_block,9,-3.19,34.5,1,wide_left,2,middle_third,False,-24.99,4.88,3,center,1,defensive_third,False,54.86,54.18,57.49,49.26,34.65,38.4,45.67,60.15
41,1953632,5123,5146,08:31.3,08:33.6,8,31,2.3,1,1,870,left_to_right,CC Mariners,1,True,False,False,direct,6,defending_direct,15,-24.87,4.46,3,center,1,defensive_third,False,14.95,-12.9,4,half_space_right,2,middle_third,False,53.74,44.05,49.07,58.28,38.4,35.49,60.29,60.64
42,1953632,5146,5479,08:33.6,09:06.9,8,33,33.3,1,2,2380,right_to_left,Melbourne City,9,False,False,False,create,1,medium_block,9,-16.16,13.29,2,half_space_left,2,middle_third,False,0.92,-28.66,5,wide_right,2,middle_third,False,35.5,57.71,60.66,43.33,44.01,44.72,58.48,44.42
43,1953632,5579,5759,09:16.9,09:34.9,9,16,18.0,1,2,2380,right_to_left,Melbourne City,6,False,False,False,create,1,medium_block,9,10.14,-31.85,5,wide_right,2,middle_third,False,20.74,-32.25,5,wide_right,3,attacking_third,False,50.45,50.77,54.44,54.87,39.41,36.35,40.26,42.47
44,1953632,5759,5934,09:34.9,09:52.4,9,34,17.5,1,2,2380,right_to_left,Melbourne City,7,True,False,False,finish,2,low_block,8,21.21,-32.17,5,wide_right,3,attacking_third,False,34.4,23.46,1,wide_left,3,attacking_third,False,50.3,36.13,55.28,69.61,36.16,30.99,42.42,31.78
45,1953632,5934,5981,09:52.4,09:57.1,9,52,4.7,1,1,870,left_to_right,CC Mariners,2,True,False,False,chaotic,5,chaotic,5,-34.39,-23.47,5,wide_right,1,defensive_third,False,-9.6,-23.94,5,wide_right,2,middle_third,False,31.06,31.67,31.63,31.29,36.27,36.72,69.51,63.12
46,1953632,5981,6080,09:57.1,10:07.0,9,57,9.9,1,2,2380,right_to_left,Melbourne City,3,True,False,False,finish,2,low_block,8,8.99,24.17,1,wide_left,2,middle_third,False,40.61,21.28,1,wide_left,3,attacking_third,False,37.09,33.22,63.08,66.2,31.63,29.31,31.46,33.52
47,1953632,6080,6090,10:07.0,10:08.0,10,7,1.0,1,1,870,left_to_right,CC Mariners,1,False,False,False,chaotic,5,chaotic,5,-40.9,-21.68,5,wide_right,1,defensive_third,False,-42.79,-30.71,5,wide_right,1,defensive_third,False,29.38,30.43,33.52,33.23,32.98,32.49,66.53,68.74
48,1953632,6233,6277,10:22.3,10:26.7,10,22,4.4,1,1,870,left_to_right,CC Mariners,2,True,False,False,chaotic,5,chaotic,5,-42.83,-32.83,5,wide_right,1,defensive_third,False,-43.77,0.01,3,center,1,defensive_third,False,37.62,47.76,40.52,44.24,26.97,27.35,66.3,78.14
49,1953632,6650,6674,11:04.0,11:06.4,11,4,2.4,1,2,2380,right_to_left,Melbourne City,3,True,False,False,set_play,7,defending_set_play,13,50.85,30.88,1,wide_left,3,attacking_third,False,50.27,14.56,2,half_space_left,3,attacking_third,True,40.2,41.76,67.33,63.69,25.55,30.1,4.87,7.03
50,1953632,6971,7009,11:36.1,11:39.9,11,36,3.8,1,1,870,left_to_right,CC Mariners,2,False,False,False,build_up,0,high_block,10,,,2,half_space_left,2,middle_third,False,-21.11,-30.18,5,wide_right,1,defensive_third,False,,60.87,,51.9,,33.87,,64.26
51,1953632,7009,7021,11:39.9,11:41.1,11,39,1.2,1,1,870,left_to_right,CC Mariners,2,True,False,False,create,1,medium_block,9,-19.68,-30.63,5,wide_right,1,defensive_third,False,-11.0,-27.85,5,wide_right,2,middle_third,False,60.62,57.85,51.84,50.74,33.9,32.97,64.15,63.43
52,1953632,7242,7252,12:03.2,12:04.2,12,3,1.0,1,2,2380,right_to_left,Melbourne City,1,False,False,False,chaotic,5,chaotic,5,0.49,30.9,1,wide_left,2,middle_third,False,7.54,31.44,1,wide_left,2,middle_third,False,33.04,32.09,51.68,52.05,27.91,27.05,53.35,52.89
53,1953632,7313,7332,12:10.3,12:12.2,12,10,1.9,1,2,2380,right_to_left,Melbourne City,1,False,False,False,create,1,medium_block,9,1.1,35.2,1,wide_left,2,middle_third,False,-19.51,32.9,1,wide_left,1,defensive_third,False,37.8,40.56,56.83,57.45,31.32,33.46,51.63,58.01
54,1953632,7332,7457,12:12.2,12:24.7,12,12,12.5,1,2,2380,right_to_left,Melbourne City,4,False,False,False,build_up,0,high_block,10,-20.69,32.79,1,wide_left,1,defensive_third,False,-20.26,28.37,1,wide_left,1,defensive_third,False,40.9,58.46,57.41,48.24,33.54,43.57,58.62,46.97
55,1953632,7457,7879,12:24.7,13:06.9,12,24,42.2,1,2,2380,right_to_left,Melbourne City,16,False,False,False,create,1,medium_block,9,-19.73,28.53,1,wide_left,1,defensive_third,False,16.7,26.97,1,wide_left,2,middle_third,False,58.58,52.4,48.29,56.79,43.56,41.44,46.86,43.33
56,1953632,7879,7914,13:06.9,13:10.4,13,6,3.5,1,2,2380,right_to_left,Melbourne City,1,True,False,False,finish,2,low_block,8,17.26,27.08,1,wide_left,2,middle_third,False,39.73,4.06,3,center,3,attacking_third,True,52.03,38.7,57.12,70.15,41.33,34.79,43.31,40.08
57,1953632,7914,8067,13:10.4,13:25.7,13,10,15.3,1,1,870,left_to_right,CC Mariners,3,False,False,False,transition,4,defending_transition,11,-39.92,-2.52,3,center,1,defensive_third,False,-0.35,-19.87,4,half_space_right,2,middle_third,False,34.7,36.79,40.09,47.84,38.75,38.95,70.32,53.73
58,1953632,8067,8144,13:25.7,13:33.4,13,25,7.7,1,1,870,left_to_right,CC Mariners,2,False,False,False,chaotic,5,chaotic,5,-1.01,-19.98,4,half_space_right,2,middle_third,False,-31.86,-35.48,5,wide_right,1,defensive_third,False,36.69,38.37,47.75,49.25,38.53,29.97,53.52,68.9
59,1953632,8342,8352,13:53.2,13:54.2,13,53,1.0,1,1,870,left_to_right,CC Mariners,1,False,False,False,chaotic,5,chaotic,5,,,2,half_space_left,2,middle_third,False,-17.11,-24.85,5,wide_right,2,middle_third,False,,43.99,,49.95,,24.84,,58.45
60,1953632,8520,8521,14:11.0,14:11.1,14,11,0.1,1,1,870,left_to_right,CC Mariners,1,False,False,False,create,1,medium_block,9,-19.3,-31.92,5,wide_right,1,defensive_third,False,-19.3,-31.92,5,wide_right,1,defensive_third,False,42.31,42.31,53.64,53.64,30.21,30.21,50.82,50.82
61,1953632,8521,8636,14:11.1,14:22.6,14,11,11.5,1,1,870,left_to_right,CC Mariners,3,False,False,False,build_up,0,high_block,10,-20.03,-31.52,5,wide_right,1,defensive_third,False,-33.51,34.83,1,wide_left,1,defensive_third,False,42.28,55.03,53.68,48.51,30.31,44.63,51.02,63.57
62,1953632,8756,8848,14:34.6,14:43.8,14,34,9.2,1,1,870,left_to_right,CC Mariners,6,True,False,False,build_up,0,high_block,10,-29.76,30.84,1,wide_left,1,defensive_third,False,-36.01,27.85,1,wide_left,1,defensive_third,False,50.63,47.91,45.46,41.43,25.91,34.94,58.74,60.84
63,1953632,8930,9215,14:52.0,15:20.5,14,52,28.5,1,2,2380,right_to_left,Melbourne City,11,True,False,False,create,1,medium_block,9,12.94,-32.86,5,wide_right,2,middle_third,False,3.47,-16.09,4,half_space_right,2,middle_third,False,40.32,60.82,50.39,47.32,38.72,45.98,37.03,40.45
64,1953632,9215,9243,15:20.5,15:23.3,15,20,2.8,1,1,870,left_to_right,CC Mariners,1,True,False,False,chaotic,5,chaotic,5,-2.9,16.15,2,half_space_left,2,middle_third,False,12.63,17.46,2,half_space_left,2,middle_third,False,45.88,42.96,40.42,47.47,60.71,57.25,47.5,50.83
65,1953632,9243,9762,15:23.3,16:15.2,15,23,51.9,1,2,2380,right_to_left,Melbourne City,18,True,False,False,create,1,medium_block,9,-13.28,-16.92,4,half_space_right,2,middle_third,False,21.54,12.5,2,half_space_left,3,attacking_third,False,57.19,52.08,50.87,53.04,42.8,37.71,47.93,47.44
66,1953632,9762,9818,16:15.2,16:20.8,16,15,5.6,1,1,870,left_to_right,CC Mariners,4,False,False,False,create,1,medium_block,9,-21.86,-12.37,4,half_space_right,1,defensive_third,False,-19.26,-19.34,4,half_space_right,1,defensive_third,False,37.62,37.21,47.53,47.55,51.57,34.87,53.55,53.91
67,1953632,9818,9927,16:20.8,16:31.7,16,20,10.9,1,1,870,left_to_right,CC Mariners,5,False,False,False,build_up,0,high_block,10,-20.32,-20.19,5,wide_right,1,defensive_third,False,-49.1,-9.96,4,half_space_right,1,defensive_third,False,37.36,50.81,47.57,49.39,34.92,32.55,53.99,74.73
68,1953632,9927,9947,16:31.7,16:33.7,16,31,2.0,1,1,870,left_to_right,CC Mariners,1,False,False,False,direct,6,defending_direct,15,-48.91,-9.44,4,half_space_right,1,defensive_third,False,-15.83,-0.36,3,center,2,middle_third,False,51.08,52.77,49.29,48.24,32.53,31.49,75.08,76.34
69,1953632,9947,10029,16:33.7,16:41.9,16,33,8.2,1,1,870,left_to_right,CC Mariners,3,False,False,False,create,1,medium_block,9,-15.41,-0.19,3,center,2,middle_third,False,-18.74,22.17,1,wide_left,1,defensive_third,False,52.67,51.68,48.18,51.57,31.35,39.71,76.13,55.18
70,1953632,10029,10073,16:41.9,16:46.3,16,41,4.4,1,1,870,left_to_right,CC Mariners,1,False,False,False,build_up,0,high_block,10,-20.12,22.01,1,wide_left,1,defensive_third,False,-40.7,16.33,2,half_space_left,1,defensive_third,False,51.66,56.75,51.58,44.3,39.58,37.0,55.07,71.86
71,1953632,10073,10120,16:46.3,16:51.0,16,46,4.7,1,1,870,left_to_right,CC Mariners,1,True,False,False,direct,6,defending_direct,15,-39.71,15.87,2,half_space_left,1,defensive_third,False,31.11,5.23,3,center,3,attacking_third,False,56.79,45.09,44.05,43.51,36.94,38.37,71.84,61.56
72,1953632,10120,10493,16:51.0,17:28.3,16,51,37.3,1,2,2380,right_to_left,Melbourne City,11,True,False,False,create,1,medium_block,9,-31.41,-5.34,3,center,1,defensive_third,False,15.16,26.3,1,wide_left,2,middle_third,False,38.64,56.19,61.19,46.19,44.89,43.94,43.53,46.85
73,1953632,10493,10497,17:28.3,17:28.7,17,28,0.4,1,1,870,left_to_right,CC Mariners,1,False,False,False,create,1,medium_block,9,-16.43,-26.74,5,wide_right,2,middle_third,False,-19.69,-27.78,5,wide_right,1,defensive_third,False,43.68,43.08,47.11,47.89,56.06,55.61,46.43,47.18
74,1953632,10497,10562,17:28.7,17:35.2,17,28,6.5,1,1,870,left_to_right,CC Mariners,1,False,False,False,build_up,0,high_block,10,-20.65,-28.07,5,wide_right,1,defensive_third,False,-49.11,-34.89,5,wide_right,1,defensive_third,False,42.93,49.28,48.14,48.26,55.46,46.2,47.43,68.61
75,1953632,10743,10753,17:53.3,17:54.3,17,53,1.0,1,1,870,left_to_right,CC Mariners,1,True,False,False,chaotic,5,chaotic,5,-29.22,-33.89,5,wide_right,1,defensive_third,False,-16.14,-31.98,5,wide_right,2,middle_third,False,30.8,28.89,43.63,42.68,21.96,21.7,67.6,66.92
76,1953632,10827,10970,18:01.7,18:16.0,18,1,14.3,1,2,2380,right_to_left,Melbourne City,2,False,False,False,create,1,medium_block,9,-12.22,27.55,1,wide_left,2,middle_third,False,7.5,-19.91,4,half_space_right,2,middle_third,False,36.88,60.52,54.07,48.5,32.3,44.33,51.38,37.58
77,1953632,10970,11022,18:16.0,18:21.2,18,16,5.2,1,2,2380,right_to_left,Melbourne City,2,False,False,False,finish,2,low_block,8,7.8,-20.04,4,half_space_right,2,middle_third,False,32.14,-18.02,4,half_space_right,3,attacking_third,False,60.35,47.98,48.79,55.93,44.22,38.7,37.32,35.38
78,1953632,11106,11148,18:29.6,18:33.8,18,29,4.2,1,2,2380,right_to_left,Melbourne City,2,False,False,False,create,1,medium_block,9,13.54,-30.96,5,wide_right,2,middle_third,False,4.54,-25.57,5,wide_right,2,middle_third,False,48.38,55.72,57.89,53.79,34.81,39.28,33.19,34.63
79,1953632,11148,11160,18:33.8,18:35.0,18,33,1.2,1,2,2380,right_to_left,Melbourne City,1,False,False,False,finish,2,low_block,8,5.08,-25.68,5,wide_right,2,middle_third,False,5.32,-24.66,5,wide_right,2,middle_third,False,55.89,56.9,53.71,53.26,39.37,40.09,34.54,35.13
80,1953632,11160,11279,18:35.0,18:46.9,18,35,11.9,1,2,2380,right_to_left,Melbourne City,4,False,False,False,create,1,medium_block,9,5.11,-24.4,5,wide_right,2,middle_third,False,12.18,31.82,1,wide_left,2,middle_third,False,56.96,55.17,53.24,54.24,40.12,44.29,35.2,42.01
81,1953632,11279,11306,18:46.9,18:49.6,18,46,2.7,1,2,2380,right_to_left,Melbourne City,2,False,False,False,finish,2,low_block,8,12.8,31.97,1,wide_left,2,middle_third,False,8.37,33.16,1,wide_left,2,middle_third,False,54.88,52.72,54.38,53.53,44.43,44.03,42.14,45.04
82,1953632,11306,11422,18:49.6,19:01.2,18,49,11.6,1,2,2380,right_to_left,Melbourne City,3,False,False,False,create,1,medium_block,9,8.22,33.19,1,wide_left,2,middle_third,False,6.03,-21.19,5,wide_right,2,middle_third,False,52.71,58.62,53.41,55.41,43.99,43.8,45.05,38.53
83,1953632,11422,11430,19:01.2,19:02.0,19,1,0.8,1,2,2380,right_to_left,Melbourne City,1,False,False,False,finish,2,low_block,8,6.21,-21.31,5,wide_right,2,middle_third,False,10.1,-21.28,5,wide_right,2,middle_third,False,58.62,58.78,55.74,56.86,43.72,42.74,38.41,37.72
84,1953632,11430,11447,19:02.0,19:03.7,19,2,1.7,1,2,2380,right_to_left,Melbourne City,1,False,False,False,create,1,medium_block,9,11.52,-20.64,5,wide_right,2,middle_third,False,22.77,-13.46,4,half_space_right,3,attacking_third,False,58.8,57.2,56.85,55.31,42.55,38.27,37.68,38.93
85,1953632,11447,11515,19:03.7,19:10.5,19,3,6.8,1,2,2380,right_to_left,Melbourne City,3,False,False,False,finish,2,low_block,8,22.6,-13.69,4,half_space_right,3,attacking_third,False,8.98,-26.66,5,wide_right,2,middle_third,False,57.02,51.97,55.34,58.75,37.95,37.43,39.01,36.76
86,1953632,11515,11606,19:10.5,19:19.6,19,10,9.1,1,2,2380,right_to_left,Melbourne City,3,False,False,False,create,1,medium_block,9,8.68,-27.39,5,wide_right,2,middle_third,False,5.05,16.89,2,half_space_left,2,middle_third,False,52.15,62.12,58.71,57.49,37.48,42.71,36.75,40.8
87,1953632,11606,11647,19:19.6,19:23.7,19,19,4.1,1,2,2380,right_to_left,Melbourne City,2,False,False,False,finish,2,low_block,8,5.39,16.91,2,half_space_left,2,middle_third,False,14.55,5.94,3,center,2,middle_third,False,62.13,61.24,57.87,60.67,42.51,36.45,40.81,34.05
88,1953632,11647,11648,19:23.7,19:23.8,19,23,0.1,1,2,2380,right_to_left,Melbourne City,1,True,False,False,create,1,medium_block,9,14.44,5.69,3,center,2,middle_third,False,14.44,5.69,3,center,2,middle_third,False,61.13,61.13,60.52,60.52,36.23,36.23,33.69,33.69
89,1953632,11648,11689,19:23.8,19:27.9,19,23,4.1,1,1,870,left_to_right,CC Mariners,3,False,False,False,create,1,medium_block,9,-14.39,-5.56,3,center,2,middle_third,False,-19.63,-20.41,5,wide_right,1,defensive_third,False,35.99,38.63,33.38,44.11,61.02,47.16,60.35,56.13
90,1953632,11689,11719,19:27.9,19:30.9,19,27,3.0,1,1,870,left_to_right,CC Mariners,1,False,False,False,build_up,0,high_block,10,-20.4,-20.16,5,wide_right,1,defensive_third,False,-20.08,-10.33,4,half_space_right,1,defensive_third,False,38.98,47.78,44.4,49.04,46.82,37.64,56.02,58.64
91,1953632,11719,11766,19:30.9,19:35.6,19,30,4.7,1,1,870,left_to_right,CC Mariners,2,False,False,False,create,1,medium_block,9,-19.89,-9.96,4,half_space_right,1,defensive_third,False,-15.78,-32.4,5,wide_right,2,middle_third,False,47.96,51.46,49.08,49.4,37.22,34.7,58.58,56.92
92,1953632,11766,11791,19:35.6,19:38.1,19,35,2.5,1,1,870,left_to_right,CC Mariners,1,True,False,False,direct,6,defending_direct,15,-15.15,-32.32,5,wide_right,2,middle_third,False,20.46,-17.63,4,half_space_right,3,attacking_third,False,51.42,45.87,49.72,63.36,34.6,30.91,56.82,55.62
93,1953632,11791,12041,19:38.1,20:03.1,19,38,25.0,1,2,2380,right_to_left,Melbourne City,8,False,False,False,create,1,medium_block,9,-21.05,17.43,2,half_space_left,1,defensive_third,False,18.45,1.05,3,center,3,attacking_third,False,30.73,56.18,55.6,55.93,45.67,34.89,63.94,41.59
94,1953632,12041,12332,20:03.1,20:32.2,20,3,29.1,1,2,2380,right_to_left,Melbourne City,7,True,False,False,finish,2,low_block,8,18.12,1.16,3,center,3,attacking_third,False,32.66,16.04,2,half_space_left,3,attacking_third,False,55.99,30.07,56.08,71.25,34.77,25.08,41.66,22.82
95,1953632,12332,12349,20:32.2,20:33.9,20,32,1.7,1,1,870,left_to_right,CC Mariners,1,False,False,False,chaotic,5,chaotic,5,-32.97,-15.97,4,half_space_right,1,defensive_third,False,-28.99,-11.89,4,half_space_right,1,defensive_third,False,25.05,25.42,22.87,23.52,30.14,28.64,71.05,67.9
96,1953632,12514,12595,20:50.4,20:58.5,20,50,8.1,1,1,870,left_to_right,CC Mariners,4,False,False,False,build_up,0,high_block,10,,,2,half_space_left,2,middle_third,False,-20.73,7.14,3,center,1,defensive_third,False,,60.37,,47.11,,38.75,,72.44
97,1953632,12595,12602,20:58.5,20:59.2,20,58,0.7,1,1,870,left_to_right,CC Mariners,0,True,False,False,create,1,medium_block,9,-19.74,7.77,3,center,1,defensive_third,False,-14.27,11.95,2,half_space_left,2,middle_third,False,60.02,57.65,47.02,46.13,38.78,39.33,72.33,71.46
98,1953632,12602,12694,20:59.2,21:08.4,20,59,9.2,1,2,2380,right_to_left,Melbourne City,3,True,False,False,finish,2,low_block,8,13.78,-12.34,4,half_space_right,2,middle_third,False,40.37,-2.89,3,center,3,attacking_third,True,39.46,46.03,71.29,70.35,57.18,29.88,45.9,30.53
99,1953632,13012,13013,21:40.2,21:40.3,21,40,0.1,1,1,870,left_to_right,CC Mariners,1,False,False,False,direct,6,defending_direct,15,,,2,half_space_left,2,middle_third,False,,,2,half_space_left,2,middle_third,False,,,,,,,,
100,1953632,13013,13058,21:40.3,21:44.8,21,40,4.5,1,1,870,left_to_right,CC Mariners,1,False,False,False,create,1,medium_block,9,,,2,half_space_left,2,middle_third,False,7.04,4.24,3,center,2,middle_third,False,,49.82,,53.02,,34.58,,63.33
101,1953632,13251,13260,22:04.1,22:05.0,22,4,0.9,1,1,870,left_to_right,CC Mariners,1,False,False,False,direct,6,defending_direct,15,,,2,half_space_left,2,middle_third,False,,,2,half_space_left,2,middle_third,False,,,,,,,,
102,1953632,13260,13554,22:05.0,22:34.4,22,5,29.4,1,1,870,left_to_right,CC Mariners,12,False,False,False,create,1,medium_block,9,7.12,3.7,3,center,2,middle_third,False,-19.44,-24.63,5,wide_right,1,defensive_third,False,58.48,62.76,52.69,50.43,28.39,33.02,40.45,54.45
103,1953632,13554,13672,22:34.4,22:46.2,22,34,11.8,1,1,870,left_to_right,CC Mariners,5,False,False,False,build_up,0,high_block,10,-20.01,-24.69,5,wide_right,1,defensive_third,False,-20.68,27.34,1,wide_left,1,defensive_third,False,62.75,54.56,50.41,50.35,33.0,34.65,54.33,69.58
104,1953632,13672,13793,22:46.2,22:58.3,22,46,12.1,1,1,870,left_to_right,CC Mariners,2,False,False,False,create,1,medium_block,9,-18.9,27.17,1,wide_left,1,defensive_third,False,16.28,-25.84,5,wide_right,2,middle_third,False,54.61,41.4,50.59,60.89,34.82,36.9,69.44,54.97
105,1953632,13793,13823,22:58.3,23:01.3,22,58,3.0,1,1,870,left_to_right,CC Mariners,1,True,False,False,finish,2,low_block,8,16.82,-25.77,5,wide_right,2,middle_third,False,46.72,0.35,3,center,3,attacking_third,True,41.23,37.89,61.2,75.76,37.18,38.08,54.78,49.71
106,1953632,13823,13904,23:01.3,23:09.4,23,1,8.1,1,2,2380,right_to_left,Melbourne City,2,False,False,False,build_up,0,high_block,10,-47.12,-0.6,3,center,1,defensive_third,False,-20.45,29.26,1,wide_left,1,defensive_third,False,38.05,55.26,49.53,41.44,37.79,42.16,76.13,62.43
107,1953632,13904,14131,23:09.4,23:32.1,23,9,22.7,1,2,2380,right_to_left,Melbourne City,6,False,False,False,create,1,medium_block,9,-19.93,29.41,1,wide_left,1,defensive_third,False,-19.97,-22.79,5,wide_right,1,defensive_third,False,55.36,59.7,41.51,41.81,42.15,46.08,62.24,45.25
108,1953632,14131,14189,23:32.1,23:37.9,23,32,5.8,1,2,2380,right_to_left,Melbourne City,3,False,False,False,build_up,0,high_block,10,-20.08,-22.52,5,wide_right,1,defensive_third,False,-20.06,15.25,2,half_space_left,1,defensive_third,False,59.69,56.78,41.66,37.22,46.09,45.18,45.31,49.63
109,1953632,14189,14252,23:37.9,23:44.2,23,37,6.3,1,2,2380,right_to_left,Melbourne City,1,True,False,False,create,1,medium_block,9,-19.46,15.65,2,half_space_left,1,defensive_third,False,28.98,-0.79,3,center,3,attacking_third,False,56.66,50.67,37.34,57.55,45.11,42.68,49.57,50.84
110,1953632,14252,14388,23:44.2,23:57.8,23,44,13.6,1,1,870,left_to_right,CC Mariners,5,False,False,False,build_up,0,high_block,10,-29.21,1.47,3,center,1,defensive_third,False,-20.57,-23.88,5,wide_right,1,defensive_third,False,42.57,43.22,50.75,46.27,50.35,36.95,57.73,67.79
111,1953632,14388,14394,23:57.8,23:58.4,23,57,0.6,1,1,870,left_to_right,CC Mariners,0,True,False,False,create,1,medium_block,9,-19.8,-23.26,5,wide_right,1,defensive_third,False,-16.43,-20.89,5,wide_right,2,middle_third,False,43.14,42.7,46.04,44.71,36.89,36.55,67.65,66.99
112,1953632,14394,14425,23:58.4,24:01.5,23,58,3.1,1,2,2380,right_to_left,Melbourne City,2,False,False,False,finish,2,low_block,8,15.92,20.48,1,wide_left,2,middle_third,False,5.54,27.95,1,wide_left,2,middle_third,False,36.49,39.53,66.86,62.88,42.58,38.63,44.41,36.81
113,1953632,14425,14733,24:01.5,24:32.3,24,1,30.8,1,2,2380,right_to_left,Melbourne City,8,False,False,False,create,1,medium_block,9,4.89,27.82,1,wide_left,2,middle_third,False,-19.86,-2.53,3,center,1,defensive_third,False,39.92,63.32,62.71,43.3,38.6,41.86,36.73,51.75
114,1953632,14733,14769,24:32.3,24:35.9,24,32,3.6,1,2,2380,right_to_left,Melbourne City,2,False,False,False,build_up,0,high_block,10,-20.67,-1.87,3,center,1,defensive_third,False,-20.15,-13.29,4,half_space_right,1,defensive_third,False,63.36,65.48,43.22,39.24,41.92,43.74,51.87,49.8
115,1953632,14769,14893,24:35.9,24:48.3,24,35,12.4,1,2,2380,right_to_left,Melbourne City,2,True,False,False,create,1,medium_block,9,-19.99,-13.67,4,half_space_right,1,defensive_third,False,-0.88,11.98,2,half_space_left,2,middle_third,False,65.6,54.27,39.36,44.79,43.81,35.9,49.83,42.74
116,1953632,14893,14942,24:48.3,24:53.2,24,48,4.9,1,1,870,left_to_right,CC Mariners,1,True,False,False,chaotic,5,chaotic,5,1.64,-12.13,4,half_space_right,2,middle_third,False,35.37,-24.91,5,wide_right,3,attacking_third,False,35.98,41.51,42.51,60.36,54.31,55.77,44.88,50.49
117,1953632,14942,14985,24:53.2,24:57.5,24,53,4.3,1,2,2380,right_to_left,Melbourne City,3,True,False,False,chaotic,5,chaotic,5,-35.17,25.32,1,wide_left,1,defensive_third,False,-4.21,25.42,1,wide_left,2,middle_third,False,55.84,42.42,50.43,48.23,41.58,42.88,60.66,59.65
118,1953632,14985,15028,24:57.5,25:01.8,24,57,4.3,1,1,870,left_to_right,CC Mariners,3,False,False,False,chaotic,5,chaotic,5,4.09,-25.61,5,wide_right,2,middle_third,False,7.49,-26.89,5,wide_right,2,middle_third,False,42.67,38.69,59.66,55.89,41.96,38.12,48.18,46.48
119,1953632,15408,15446,25:39.8,25:43.6,25,39,3.8,1,1,870,left_to_right,CC Mariners,2,True,False,False,set_play,7,defending_set_play,13,19.64,-13.09,4,half_space_right,3,attacking_third,False,-40.79,-17.14,4,half_space_right,1,defensive_third,False,58.07,41.41,63.25,37.59,37.62,42.1,34.88,69.89
120,1953632,15558,15908,25:54.8,26:29.8,25,54,35.0,1,2,2380,right_to_left,Melbourne City,12,False,False,False,create,1,medium_block,9,-29.67,-25.07,5,wide_right,1,defensive_third,False,-19.77,17.33,2,half_space_left,1,defensive_third,False,53.05,56.76,44.79,46.92,45.03,41.71,61.13,55.66
121,1953632,15908,15931,26:29.8,26:32.1,26,29,2.3,1,2,2380,right_to_left,Melbourne City,1,False,False,False,build_up,0,high_block,10,-20.38,16.48,2,half_space_left,1,defensive_third,False,-20.61,-1.08,3,center,1,defensive_third,False,56.81,57.77,46.86,41.86,41.72,44.31,56.11,61.11
122,1953632,15931,16212,26:32.1,27:00.2,26,32,28.1,1,2,2380,right_to_left,Melbourne City,5,False,False,False,create,1,medium_block,9,-19.52,-2.73,3,center,1,defensive_third,False,4.98,7.96,3,center,2,middle_third,False,57.8,62.44,41.74,54.89,44.49,44.68,61.07,34.52
123,1953632,16212,16333,27:00.2,27:12.3,27,0,12.1,1,2,2380,right_to_left,Melbourne City,6,False,False,False,finish,2,low_block,8,5.23,8.01,3,center,2,middle_third,False,6.75,-31.9,5,wide_right,2,middle_third,False,62.32,49.96,54.89,52.98,44.68,41.79,34.48,35.49
124,1953632,16333,16728,27:12.3,27:51.8,27,12,39.5,1,2,2380,right_to_left,Melbourne City,14,False,False,False,create,1,medium_block,9,5.75,-31.57,5,wide_right,2,middle_third,False,26.37,24.03,1,wide_left,3,attacking_third,False,50.05,53.95,52.8,57.77,41.89,37.07,36.03,49.12
125,1953632,16728,16788,27:51.8,27:57.8,27,51,6.0,1,2,2380,right_to_left,Melbourne City,1,False,False,False,finish,2,low_block,8,27.44,24.52,1,wide_left,3,attacking_third,False,40.84,35.19,1,wide_left,3,attacking_third,False,53.49,45.93,58.41,67.63,37.2,38.4,49.36,43.85
126,1953632,16961,17000,28:15.1,28:19.0,28,15,3.9,1,2,2380,right_to_left,Melbourne City,2,False,False,True,finish,2,low_block,8,33.52,34.41,1,wide_left,3,attacking_third,False,6.6,25.51,1,wide_left,2,middle_third,False,36.92,50.8,61.11,50.85,29.1,35.88,28.45,32.77
127,1953632,17000,17215,28:19.0,28:40.5,28,19,21.5,1,2,2380,right_to_left,Melbourne City,8,False,False,True,create,1,medium_block,9,5.78,24.1,1,wide_left,2,middle_third,False,24.09,-31.98,5,wide_right,3,attacking_third,False,51.14,58.25,50.54,55.21,36.24,44.87,33.08,42.69
128,1953632,17215,17276,28:40.5,28:46.6,28,40,6.1,1,2,2380,right_to_left,Melbourne City,3,False,False,True,finish,2,low_block,8,24.46,-32.16,5,wide_right,3,attacking_third,False,50.21,-10.24,4,half_space_right,3,attacking_third,True,58.04,37.63,55.45,75.97,44.82,22.84,42.54,37.9
129,1953632,17582,17654,29:17.2,29:24.4,29,17,7.2,1,2,2380,right_to_left,Melbourne City,3,True,False,False,set_play,7,defending_set_play,13,50.84,-29.35,5,wide_right,3,attacking_third,False,35.53,-5.62,3,center,3,attacking_third,False,36.6,50.55,75.27,65.59,23.36,30.01,5.62,28.19
130,1953632,18025,18068,30:01.5,30:05.8,30,1,4.3,1,1,870,left_to_right,CC Mariners,1,True,False,False,direct,6,defending_direct,15,-35.98,-21.11,5,wide_right,1,defensive_third,False,12.57,-22.82,5,wide_right,2,middle_third,False,63.93,53.12,58.11,51.3,39.86,40.14,71.25,64.07
131,1953632,18068,18437,30:05.8,30:42.7,30,5,36.9,1,2,2380,right_to_left,Melbourne City,11,True,False,False,create,1,medium_block,9,-12.97,22.64,1,wide_left,2,middle_third,False,3.81,21.2,1,wide_left,2,middle_third,False,40.24,62.12,63.84,50.64,52.92,36.23,51.3,44.5
132,1953632,18437,18495,30:42.7,30:48.5,30,42,5.8,1,1,870,left_to_right,CC Mariners,1,True,False,False,chaotic,5,chaotic,5,-3.86,-21.5,5,wide_right,2,middle_third,False,13.82,-33.12,5,wide_right,2,middle_third,False,36.17,48.97,44.55,54.98,62.01,57.93,50.79,56.01
133,1953632,18533,18901,30:52.3,31:29.1,30,52,36.8,1,2,2380,right_to_left,Melbourne City,13,True,False,False,create,1,medium_block,9,-27.75,25.48,1,wide_left,1,defensive_third,False,2.29,22.49,1,wide_left,2,middle_third,False,57.76,57.8,49.72,49.16,41.29,46.5,53.09,60.59
134,1953632,18901,18951,31:29.1,31:34.1,31,29,5.0,1,1,870,left_to_right,CC Mariners,1,True,False,False,chaotic,5,chaotic,5,-2.9,-22.96,5,wide_right,2,middle_third,False,4.92,-11.29,4,half_space_right,2,middle_third,False,46.46,48.67,60.62,58.04,57.73,49.68,49.37,49.56
135,1953632,18951,18995,31:34.1,31:38.5,31,34,4.4,1,2,2380,right_to_left,Melbourne City,1,False,False,False,create,1,medium_block,9,-4.8,10.93,2,half_space_left,2,middle_third,False,19.39,12.28,2,half_space_left,3,attacking_third,False,49.49,45.08,49.5,62.67,48.45,30.73,58.03,58.07
136,1953632,18995,19032,31:38.5,31:42.2,31,38,3.7,1,2,2380,right_to_left,Melbourne City,2,False,False,False,finish,2,low_block,8,19.9,12.29,2,half_space_left,3,attacking_third,False,37.25,8.34,3,center,3,attacking_third,True,44.86,36.99,63.23,71.13,30.47,26.12,58.01,54.14
137,1953632,19748,19775,32:53.8,32:56.5,32,53,2.7,1,2,2380,right_to_left,Melbourne City,3,False,True,True,set_play,7,defending_set_play,13,25.0,13.81,2,half_space_left,3,attacking_third,False,53.43,3.22,3,center,3,attacking_third,False,23.07,22.8,63.22,72.92,18.58,13.63,17.24,18.26
138,1953632,20541,20612,34:13.1,34:20.2,34,13,7.1,1,1,870,left_to_right,CC Mariners,3,True,False,False,create,1,medium_block,9,-4.71,-1.17,3,center,2,middle_third,False,1.61,1.93,3,center,2,middle_third,False,54.13,58.43,39.82,51.18,42.19,35.37,42.1,52.96
139,1953632,20612,20637,34:20.2,34:22.7,34,20,2.5,1,2,2380,right_to_left,Melbourne City,1,False,False,False,chaotic,5,chaotic,5,-2.33,-2.55,3,center,2,middle_third,False,11.38,-17.37,4,half_space_right,2,middle_third,False,35.35,34.93,53.01,56.65,58.2,49.57,51.19,48.68
140,1953632,20789,20799,34:37.9,34:38.9,34,37,1.0,1,2,2380,right_to_left,Melbourne City,1,True,False,False,set_play,7,defending_set_play,13,,,2,half_space_left,2,middle_third,False,,,2,half_space_left,2,middle_third,False,,,,,,,,
141,1953632,22116,22414,36:50.6,37:20.4,36,50,29.8,1,1,870,left_to_right,CC Mariners,8,False,False,False,create,1,medium_block,9,-16.79,10.5,2,half_space_left,2,middle_third,False,14.4,30.96,1,wide_left,2,middle_third,False,54.8,56.0,51.23,51.3,45.45,39.77,51.52,44.32
142,1953632,22414,22432,37:20.4,37:22.2,37,20,1.8,1,1,870,left_to_right,CC Mariners,1,False,False,False,finish,2,low_block,8,14.61,30.88,1,wide_left,2,middle_third,False,6.35,21.35,1,wide_left,2,middle_third,False,55.67,52.47,51.58,59.63,39.66,38.81,44.22,42.24
143,1953632,22432,22480,37:22.2,37:27.0,37,22,4.8,1,1,870,left_to_right,CC Mariners,1,True,False,False,create,1,medium_block,9,5.32,20.34,1,wide_left,2,middle_third,False,25.41,-8.12,3,center,3,attacking_third,False,52.46,57.34,59.76,52.22,38.83,41.51,42.13,40.56
144,1953632,22480,22533,37:27.0,37:32.3,37,27,5.3,1,2,2380,right_to_left,Melbourne City,3,True,False,False,chaotic,5,chaotic,5,-25.76,8.09,3,center,1,defensive_third,False,-0.9,14.0,2,half_space_left,2,middle_third,False,41.43,45.24,40.61,44.43,57.11,33.08,52.45,52.31
145,1953632,22533,22548,37:32.3,37:33.8,37,32,1.5,1,1,870,left_to_right,CC Mariners,1,True,False,False,chaotic,5,chaotic,5,0.84,-13.72,4,half_space_right,2,middle_third,False,10.74,-7.13,3,center,2,middle_third,False,33.3,38.24,52.18,50.55,45.12,41.91,44.45,44.13
146,1953632,22548,22563,37:33.8,37:35.3,37,33,1.5,1,2,2380,right_to_left,Melbourne City,1,False,False,False,create,1,medium_block,9,-11.05,6.92,3,center,2,middle_third,False,-19.53,14.18,2,half_space_left,1,defensive_third,False,41.73,41.98,44.1,44.09,38.5,39.33,50.41,49.37
147,1953632,22563,22650,37:35.3,37:44.0,37,35,8.7,1,2,2380,right_to_left,Melbourne City,1,False,False,False,build_up,0,high_block,10,-20.61,15.19,2,half_space_left,1,defensive_third,False,-48.97,27.77,1,wide_left,1,defensive_third,False,42.11,52.4,44.14,50.07,39.23,37.99,49.53,72.24
148,1953632,22650,22678,37:44.0,37:46.8,37,44,2.8,1,2,2380,right_to_left,Melbourne City,1,False,False,False,direct,6,defending_direct,15,-48.79,27.97,1,wide_left,1,defensive_third,False,-13.36,22.94,1,wide_left,2,middle_third,False,52.47,46.29,50.01,44.75,38.01,36.11,72.62,70.21
149,1953632,22678,22732,37:46.8,37:52.2,37,46,5.4,1,2,2380,right_to_left,Melbourne City,1,True,False,False,create,1,medium_block,9,-12.68,22.41,1,wide_left,2,middle_third,False,5.74,19.1,2,half_space_left,2,middle_third,False,46.0,40.37,44.57,48.78,35.96,29.99,69.89,57.09
150,1953632,22732,22743,37:52.2,37:53.3,37,52,1.1,1,1,870,left_to_right,CC Mariners,1,False,False,False,create,1,medium_block,9,-6.64,-19.13,4,half_space_right,2,middle_third,False,-19.18,-16.8,4,half_space_right,1,defensive_third,False,30.07,31.64,56.95,55.03,40.37,40.15,49.02,51.62
151,1953632,22743,22773,37:53.3,37:56.3,37,53,3.0,1,1,870,left_to_right,CC Mariners,1,False,False,False,build_up,0,high_block,10,-20.08,-16.58,4,half_space_right,1,defensive_third,False,-20.87,-0.05,3,center,1,defensive_third,False,31.86,47.78,54.74,40.71,40.13,39.78,51.89,64.42
152,1953632,22773,22987,37:56.3,38:17.7,37,56,21.4,1,1,870,left_to_right,CC Mariners,6,False,False,False,create,1,medium_block,9,-19.83,1.85,3,center,1,defensive_third,False,10.49,-30.22,5,wide_right,2,middle_third,False,48.17,47.59,40.68,53.47,39.87,56.4,64.57,49.8
153,1953632,22987,23073,38:17.7,38:26.3,38,17,8.6,1,1,870,left_to_right,CC Mariners,4,False,False,False,finish,2,low_block,8,10.44,-30.1,5,wide_right,2,middle_third,False,5.36,-27.99,5,wide_right,2,middle_third,False,47.53,54.98,53.56,56.07,56.48,47.95,49.7,36.35
154,1953632,23073,23144,38:26.3,38:33.4,38,26,7.1,1,1,870,left_to_right,CC Mariners,2,True,False,False,create,1,medium_block,9,4.23,-27.44,5,wide_right,2,middle_third,False,-3.74,3.3,3,center,2,middle_third,False,55.03,63.04,56.03,49.69,47.81,35.07,36.44,45.31
155,1953632,23144,23239,38:33.4,38:42.9,38,33,9.5,1,2,2380,right_to_left,Melbourne City,3,True,False,True,quick_break,3,defending_quick_break,12,3.72,-3.55,3,center,2,middle_third,False,47.83,-3.3,3,center,3,attacking_third,True,35.11,37.99,45.59,67.88,63.09,25.23,49.76,47.57
156,1953632,24016,24052,40:00.6,40:04.2,40,0,3.6,1,1,870,left_to_right,CC Mariners,1,True,False,False,direct,6,defending_direct,15,-33.55,-2.95,3,center,1,defensive_third,False,20.02,-2.49,3,center,3,attacking_third,False,62.68,46.92,60.28,64.08,42.03,31.54,69.62,64.15
157,1953632,24052,24170,40:04.2,40:16.0,40,4,11.8,1,2,2380,right_to_left,Melbourne City,4,False,False,False,build_up,0,high_block,10,-20.44,1.76,3,center,1,defensive_third,False,-20.07,-4.84,3,center,1,defensive_third,False,31.52,53.8,63.98,47.84,46.42,44.14,64.12,60.97
158,1953632,24170,24179,40:16.0,40:16.9,40,16,0.9,1,2,2380,right_to_left,Melbourne City,1,False,False,False,create,1,medium_block,9,-19.98,-4.53,3,center,1,defensive_third,False,-19.84,-1.31,3,center,1,defensive_third,False,53.77,53.73,47.8,47.55,44.09,43.58,60.83,60.26
159,1953632,24179,24207,40:16.9,40:19.7,40,16,2.8,1,2,2380,right_to_left,Melbourne City,2,False,False,False,build_up,0,high_block,10,-20.25,-0.73,3,center,1,defensive_third,False,-20.66,14.62,2,half_space_left,1,defensive_third,False,53.74,56.09,47.56,50.43,43.5,40.79,60.26,58.73
160,1953632,24207,24228,40:19.7,40:21.8,40,19,2.1,1,2,2380,right_to_left,Melbourne City,1,True,False,False,create,1,medium_block,9,-19.45,14.14,2,half_space_left,1,defensive_third,False,-9.7,6.89,3,center,2,middle_third,False,56.18,55.42,50.43,50.18,40.62,36.22,58.51,52.57
161,1953632,24228,24245,40:21.8,40:23.5,40,21,1.7,1,1,870,left_to_right,CC Mariners,1,True,False,False,chaotic,5,chaotic,5,9.22,-6.88,3,center,2,middle_third,False,2.52,-10.11,4,half_space_right,2,middle_third,False,35.96,32.71,52.28,51.96,55.29,51.23,50.2,50.74
162,1953632,24245,24284,40:23.5,40:27.4,40,23,3.9,1,2,2380,right_to_left,Melbourne City,2,False,False,False,create,1,medium_block,9,-2.19,10.3,2,half_space_left,2,middle_third,False,18.01,28.32,1,wide_left,3,attacking_third,False,50.86,43.71,50.81,62.04,32.51,28.4,52.1,56.62
163,1953632,24284,24333,40:27.4,40:32.3,40,27,4.9,1,2,2380,right_to_left,Melbourne City,1,True,False,False,finish,2,low_block,8,18.65,28.35,1,wide_left,3,attacking_third,False,50.29,4.71,3,center,3,attacking_third,True,43.48,30.65,62.53,80.4,28.43,22.34,56.63,49.66
164,1953632,24333,24598,40:32.3,40:58.8,40,32,26.5,1,1,870,left_to_right,CC Mariners,3,False,False,False,build_up,0,high_block,10,-50.41,-3.88,3,center,1,defensive_third,False,-20.35,-2.18,3,center,1,defensive_third,False,22.04,59.38,49.48,50.05,30.8,37.11,80.72,70.25
165,1953632,24598,24619,40:58.8,41:00.9,40,58,2.1,1,1,870,left_to_right,CC Mariners,1,False,False,False,create,1,medium_block,9,-19.17,-2.06,3,center,1,defensive_third,False,-19.44,5.39,3,center,1,defensive_third,False,59.18,56.45,49.87,46.92,37.04,33.99,69.98,65.06
166,1953632,24619,24647,41:00.9,41:03.7,41,0,2.8,1,1,870,left_to_right,CC Mariners,2,False,False,False,build_up,0,high_block,10,-20.0,5.76,3,center,1,defensive_third,False,-20.77,17.96,2,half_space_left,1,defensive_third,False,56.39,57.74,46.81,45.61,33.91,31.31,64.85,61.54
167,1953632,24647,24777,41:03.7,41:16.7,41,3,13.0,1,1,870,left_to_right,CC Mariners,4,False,False,False,create,1,medium_block,9,-19.66,19.66,2,half_space_left,1,defensive_third,False,-5.49,34.92,1,wide_left,2,middle_third,False,57.85,60.1,45.68,52.23,31.14,42.06,61.48,47.91
168,1953632,24839,24853,41:22.9,41:24.3,41,22,1.4,1,1,870,left_to_right,CC Mariners,2,False,False,False,create,1,medium_block,9,-15.04,28.69,1,wide_left,2,middle_third,False,-19.88,21.19,1,wide_left,1,defensive_third,False,64.72,62.67,48.86,48.25,38.3,38.04,49.92,51.95
169,1953632,24853,24881,41:24.3,41:27.1,41,24,2.8,1,1,870,left_to_right,CC Mariners,2,False,False,False,build_up,0,high_block,10,-20.49,20.24,1,wide_left,1,defensive_third,False,-20.5,-0.39,3,center,1,defensive_third,False,62.58,65.54,48.21,46.66,38.03,39.1,52.12,60.86
170,1953632,24881,24940,41:27.1,41:33.0,41,27,5.9,1,1,870,left_to_right,CC Mariners,2,False,False,False,create,1,medium_block,9,-19.23,-2.04,3,center,1,defensive_third,False,-19.27,-23.09,5,wide_right,1,defensive_third,False,65.54,59.85,46.64,49.86,39.23,40.24,60.93,56.18
171,1953632,24940,24987,41:33.0,41:37.7,41,33,4.7,1,1,870,left_to_right,CC Mariners,2,False,False,False,build_up,0,high_block,10,-20.31,-22.47,5,wide_right,1,defensive_third,False,-20.36,9.53,2,half_space_left,1,defensive_third,False,59.86,64.04,49.78,48.08,39.95,39.95,56.16,66.68
172,1953632,24987,25072,41:37.7,41:46.2,41,37,8.5,1,1,870,left_to_right,CC Mariners,4,False,False,False,create,1,medium_block,9,-18.79,10.66,2,half_space_left,1,defensive_third,False,10.13,-16.42,4,half_space_right,2,middle_third,False,64.0,53.46,48.1,62.63,40.17,31.14,66.68,57.77
173,1953632,25072,25195,41:46.2,41:58.5,41,46,12.3,1,1,870,left_to_right,CC Mariners,5,True,False,False,finish,2,low_block,8,10.47,-16.71,4,half_space_right,2,middle_third,False,30.61,-9.78,4,half_space_right,3,attacking_third,False,53.49,35.93,62.73,67.55,31.19,24.06,57.6,28.08
174,1953632,25195,25293,41:58.5,42:08.3,41,58,9.8,1,2,2380,right_to_left,Melbourne City,2,False,False,False,transition,4,defending_transition,11,-30.43,10.19,2,half_space_left,1,defensive_third,False,,,2,half_space_left,2,middle_third,False,23.86,,27.86,,35.67,,67.54,
175,1953632,25476,25733,42:26.6,42:52.3,42,26,25.7,1,2,2380,right_to_left,Melbourne City,9,False,False,False,create,1,medium_block,9,,,2,half_space_left,2,middle_third,False,-19.49,-10.85,4,half_space_right,1,defensive_third,False,,51.06,,41.21,,43.1,,52.29
176,1953632,25733,25767,42:52.3,42:55.7,42,52,3.4,1,2,2380,right_to_left,Melbourne City,1,False,False,False,build_up,0,high_block,10,-20.44,-10.05,4,half_space_right,1,defensive_third,False,-20.28,10.57,2,half_space_left,1,defensive_third,False,51.05,53.34,41.06,38.98,43.03,44.51,52.46,51.07
177,1953632,25767,25914,42:55.7,43:10.4,42,55,14.7,1,2,2380,right_to_left,Melbourne City,3,True,False,False,create,1,medium_block,9,-19.98,11.07,2,half_space_left,1,defensive_third,False,11.67,-0.2,3,center,2,middle_third,False,53.38,56.26,39.01,44.93,44.48,38.05,50.98,43.74
178,1953632,26008,26050,43:19.8,43:24.0,43,19,4.2,1,1,870,left_to_right,CC Mariners,2,True,False,False,chaotic,5,chaotic,5,-33.28,-29.47,5,wide_right,1,defensive_third,False,-4.11,-10.24,4,half_space_right,2,middle_third,False,51.35,48.82,50.79,46.63,37.1,30.86,58.62,58.99
179,1953632,26050,26217,43:24.0,43:40.7,43,24,16.7,1,2,2380,right_to_left,Melbourne City,7,False,False,False,create,1,medium_block,9,4.05,10.12,2,half_space_left,2,middle_third,False,-19.73,-14.24,4,half_space_right,1,defensive_third,False,30.78,61.03,58.92,47.45,48.59,46.62,46.66,52.99
180,1953632,26217,26330,43:40.7,43:52.0,43,40,11.3,1,2,2380,right_to_left,Melbourne City,5,True,False,False,build_up,0,high_block,10,-20.68,-12.98,4,half_space_right,1,defensive_third,False,-20.78,-33.66,5,wide_right,1,defensive_third,False,61.07,61.42,47.2,47.54,46.55,52.67,53.34,66.25
181,1953632,26405,26510,43:59.5,44:10.0,43,59,10.5,1,1,870,left_to_right,CC Mariners,4,True,False,False,create,1,medium_block,9,5.09,31.25,1,wide_left,2,middle_third,False,14.9,-24.95,5,wide_right,2,middle_third,False,52.71,57.68,60.22,54.8,36.82,38.88,40.17,50.63
182,1953632,26510,26543,44:10.0,44:13.3,44,10,3.3,1,2,2380,right_to_left,Melbourne City,3,False,False,False,create,1,medium_block,9,-15.03,24.87,1,wide_left,2,middle_third,False,-19.8,18.34,2,half_space_left,1,defensive_third,False,38.66,37.63,50.63,48.07,57.41,43.83,54.86,54.23
183,1953632,26543,26594,44:13.3,44:18.4,44,13,5.1,1,2,2380,right_to_left,Melbourne City,2,False,False,False,build_up,0,high_block,10,-20.29,19.05,2,half_space_left,1,defensive_third,False,-20.33,16.68,2,half_space_left,1,defensive_third,False,37.95,50.14,48.0,48.71,43.57,43.94,54.08,53.25
184,1953632,26594,27049,44:18.4,45:03.9,44,18,45.5,1,2,2380,right_to_left,Melbourne City,16,False,False,False,create,1,medium_block,9,-19.91,16.61,2,half_space_left,1,defensive_third,False,-19.7,15.42,2,half_space_left,1,defensive_third,False,50.31,60.13,48.74,47.04,43.79,40.27,52.84,52.72
185,1953632,27049,27173,45:03.9,45:16.3,45,3,12.4,1,2,2380,right_to_left,Melbourne City,4,False,False,False,build_up,0,high_block,10,-20.69,14.42,2,half_space_left,1,defensive_third,False,-20.15,5.34,3,center,1,defensive_third,False,60.21,61.03,46.94,43.33,40.34,43.32,53.1,57.86
186,1953632,27173,27397,45:16.3,45:38.7,45,16,22.4,1,2,2380,right_to_left,Melbourne City,7,False,False,False,create,1,medium_block,9,-19.79,5.05,3,center,1,defensive_third,False,5.07,5.29,3,center,2,middle_third,False,61.04,52.57,43.39,54.52,43.2,43.12,57.69,36.73
187,1953632,27397,27456,45:38.7,45:44.6,45,38,5.9,1,2,2380,right_to_left,Melbourne City,2,False,False,False,finish,2,low_block,8,5.39,5.48,3,center,2,middle_third,False,5.06,21.19,1,wide_left,2,middle_third,False,52.29,45.59,54.63,57.68,43.04,37.85,36.63,36.82
188,1953632,27456,27557,45:44.6,45:54.7,45,44,10.1,1,2,2380,right_to_left,Melbourne City,5,False,False,False,create,1,medium_block,9,4.61,20.34,1,wide_left,2,middle_third,False,-19.95,-8.84,3,center,1,defensive_third,False,45.99,65.72,57.49,44.4,37.94,44.74,36.95,50.76
189,1953632,27557,27605,45:54.7,45:59.5,45,54,4.8,1,2,2380,right_to_left,Melbourne City,1,False,False,False,build_up,0,high_block,10,-20.62,-7.91,3,center,1,defensive_third,False,-21.68,5.1,3,center,1,defensive_third,False,65.77,66.01,44.08,35.76,44.73,45.51,50.98,59.26
190,1953632,27605,27626,45:59.5,46:01.6,45,59,2.1,1,2,2380,right_to_left,Melbourne City,0,True,False,False,create,1,medium_block,9,-19.92,6.5,3,center,1,defensive_third,False,-1.47,23.75,1,wide_left,2,middle_third,False,65.85,56.77,35.62,39.96,45.47,43.56,59.25,57.32
191,1953632,27626,27681,46:01.6,46:07.1,46,1,5.5,1,1,870,left_to_right,CC Mariners,3,True,False,False,create,1,medium_block,9,1.05,-23.88,5,wide_right,2,middle_third,False,2.89,-4.41,3,center,2,middle_third,False,43.47,43.08,57.23,55.94,56.12,32.76,40.42,40.8
192,1953632,27681,27835,46:07.1,46:22.5,46,7,15.4,1,2,2380,right_to_left,Melbourne City,3,True,False,True,transition,4,defending_transition,11,-2.48,4.09,3,center,2,middle_third,False,38.85,-3.23,3,center,3,attacking_third,True,32.47,27.05,40.87,70.66,43.17,18.82,55.93,30.3
193,1953632,27835,27874,46:22.5,46:26.4,46,22,3.9,1,1,870,left_to_right,CC Mariners,2,True,False,False,chaotic,5,chaotic,5,-38.03,3.76,3,center,1,defensive_third,False,-26.6,16.61,2,half_space_left,1,defensive_third,False,18.86,20.89,30.04,28.6,27.15,26.68,70.83,65.82
194,1953632,27874,27956,46:26.4,46:34.6,46,26,8.2,1,2,2380,right_to_left,Melbourne City,4,False,False,False,finish,2,low_block,8,26.44,-16.49,4,half_space_right,3,attacking_third,False,5.59,-2.71,3,center,2,middle_third,False,26.72,49.84,65.57,58.63,21.13,36.08,28.72,33.01
195,1953632,27956,27964,46:34.6,46:35.4,46,34,0.8,1,2,2380,right_to_left,Melbourne City,1,False,False,False,create,1,medium_block,9,5.25,-2.14,3,center,2,middle_third,False,4.99,-0.9,3,center,2,middle_third,False,49.96,50.79,58.53,57.82,36.07,35.98,33.12,33.7
196,1953632,27964,28040,46:35.4,46:43.0,46,35,7.6,1,2,2380,right_to_left,Melbourne City,4,True,False,False,finish,2,low_block,8,5.09,-0.96,3,center,2,middle_third,False,39.25,-28.85,5,wide_right,3,attacking_third,False,50.88,55.3,57.72,67.62,35.97,41.68,33.75,35.52
197,1953632,28040,28085,46:43.0,46:47.5,46,43,4.5,1,1,870,left_to_right,CC Mariners,1,False,False,False,build_up,0,high_block,10,-39.43,28.87,1,wide_left,1,defensive_third,False,-49.5,31.9,1,wide_left,1,defensive_third,False,41.48,40.47,35.47,33.59,55.06,44.89,67.75,75.2
198,1953632,28451,28478,47:24.1,47:26.8,47,24,2.7,1,1,870,left_to_right,CC Mariners,1,True,False,False,direct,6,defending_direct,15,,,2,half_space_left,2,middle_third,False,11.87,-4.49,3,center,2,middle_third,False,,25.34,,59.34,,28.65,,48.17
199,1953632,28478,28504,47:26.8,47:29.4,47,26,2.6,1,2,2380,right_to_left,Melbourne City,1,True,False,False,chaotic,5,chaotic,5,-12.84,4.05,3,center,2,middle_third,False,-3.03,4.74,3,center,2,middle_third,False,28.9,26.71,48.26,44.94,25.54,28.14,59.48,59.21
200,1953632,28504,28513,47:29.4,47:30.3,47,29,0.9,1,1,870,left_to_right,CC Mariners,1,True,False,False,chaotic,5,chaotic,5,3.04,-4.82,3,center,2,middle_third,False,10.5,-5.27,3,center,2,middle_third,False,28.1,27.68,59.08,58.28,26.48,25.5,45.0,45.19
201,1953632,28513,28556,47:30.3,47:34.6,47,30,4.3,1,2,2380,right_to_left,Melbourne City,1,True,False,False,direct,6,defending_direct,15,-11.16,5.6,3,center,2,middle_third,False,28.87,18.81,2,half_space_left,3,attacking_third,False,25.48,27.31,45.2,65.31,27.63,28.3,58.18,57.16
202,1953632,28556,28620,47:34.6,47:41.0,47,34,6.4,1,1,870,left_to_right,CC Mariners,1,True,False,False,chaotic,5,chaotic,5,-29.36,-19.32,4,half_space_right,1,defensive_third,False,-33.16,-18.39,4,half_space_right,1,defensive_third,False,28.43,32.85,56.96,52.09,27.38,31.48,65.83,77.18
203,1953632,28892,28902,48:08.2,48:09.2,48,8,1.0,1,2,2380,right_to_left,Melbourne City,1,True,False,False,chaotic,5,chaotic,5,2.2,34.3,1,wide_left,2,middle_third,False,11.81,31.28,1,wide_left,2,middle_third,False,24.52,24.45,59.84,60.02,27.61,27.04,45.97,45.9
204,1953632,28956,28966,48:14.6,48:15.6,48,14,1.0,1,1,870,left_to_right,CC Mariners,1,False,False,False,chaotic,5,chaotic,5,-27.3,-21.32,5,wide_right,1,defensive_third,False,,,2,half_space_left,2,middle_third,False,29.69,,47.55,,28.11,,55.69,
205,1953632,28969,29038,48:15.9,48:22.8,48,15,6.9,1,1,870,left_to_right,CC Mariners,3,False,False,False,build_up,0,high_block,10,,,2,half_space_left,2,middle_third,False,-30.08,0.19,3,center,1,defensive_third,False,,49.15,,50.7,,34.58,,64.28
206,1953632,29038,29061,45:05.8,45:08.1,0,5,2.3,2,2,870,right_to_left,CC Mariners,1,True,False,False,direct,6,defending_direct,15,-29.23,0.15,3,center,1,defensive_third,False,18.88,14.22,2,half_space_left,3,attacking_third,False,48.86,40.42,50.88,55.56,34.5,31.83,64.61,65.88
207,1953632,29352,29420,45:37.2,45:44.0,0,37,6.8,2,1,2380,left_to_right,Melbourne City,1,True,False,False,direct,6,defending_direct,15,-42.47,-1.45,3,center,1,defensive_third,False,25.36,20.39,1,wide_left,3,attacking_third,False,34.39,25.62,60.31,61.04,39.24,38.01,69.23,55.7
208,1953632,29420,29448,45:44.0,45:46.8,0,44,2.8,2,2,870,right_to_left,CC Mariners,2,False,False,False,build_up,0,high_block,10,-25.59,-20.69,5,wide_right,1,defensive_third,False,-20.24,-19.35,4,half_space_right,1,defensive_third,False,38.57,50.66,55.64,54.42,26.1,30.51,60.9,57.76
209,1953632,29448,29477,45:46.8,45:49.7,0,46,2.9,2,2,870,right_to_left,CC Mariners,1,False,False,False,create,1,medium_block,9,-19.52,-20.66,5,wide_right,1,defensive_third,False,-19.35,-28.97,5,wide_right,1,defensive_third,False,51.0,56.75,54.4,54.01,30.6,35.18,57.74,55.69
210,1953632,29477,29588,45:49.7,46:00.8,0,49,11.1,2,2,870,right_to_left,CC Mariners,3,False,False,False,build_up,0,high_block,10,-20.05,-28.76,5,wide_right,1,defensive_third,False,-20.32,29.69,1,wide_left,1,defensive_third,False,56.91,61.17,53.99,55.66,35.19,39.67,55.73,68.12
211,1953632,29588,29607,46:00.8,46:02.7,1,0,1.9,2,2,870,right_to_left,CC Mariners,1,False,False,False,create,1,medium_block,9,-18.96,30.59,1,wide_left,1,defensive_third,False,-19.87,30.67,1,wide_left,1,defensive_third,False,61.15,57.14,55.75,56.07,40.02,41.87,67.86,63.42
212,1953632,29607,29658,46:02.7,46:07.8,1,2,5.1,2,2,870,right_to_left,CC Mariners,2,False,False,False,build_up,0,high_block,10,-20.14,30.46,1,wide_left,1,defensive_third,False,-31.39,26.27,1,wide_left,1,defensive_third,False,56.77,57.57,56.11,56.42,41.59,36.88,63.22,63.6
213,1953632,29658,29689,46:07.8,46:10.9,1,7,3.1,2,2,870,right_to_left,CC Mariners,1,True,False,False,direct,6,defending_direct,15,-31.44,26.55,1,wide_left,1,defensive_third,False,16.53,24.13,1,wide_left,2,middle_third,False,57.64,51.2,56.48,67.78,36.9,35.88,63.58,62.66
214,1953632,29689,29802,46:10.9,46:22.2,1,10,11.3,2,1,2380,left_to_right,Melbourne City,4,False,False,False,transition,4,defending_transition,11,-17.36,-24.16,5,wide_right,2,middle_third,False,53.45,-12.61,4,half_space_right,3,attacking_third,False,35.84,29.06,62.64,86.45,50.88,28.75,68.04,61.06
215,1953632,30187,30307,47:00.7,47:12.7,2,0,12.0,2,1,2380,left_to_right,Melbourne City,3,False,False,False,set_play,7,defending_set_play,13,51.15,-32.79,5,wide_right,3,attacking_third,False,5.02,3.33,3,center,2,middle_third,False,36.64,31.03,70.17,57.52,17.79,28.3,9.28,33.32
216,1953632,30307,30398,47:12.7,47:21.8,2,12,9.1,2,1,2380,left_to_right,Melbourne City,2,True,False,False,create,1,medium_block,9,4.88,4.08,3,center,2,middle_third,False,34.89,-24.89,5,wide_right,3,attacking_third,False,31.21,51.91,57.44,64.77,28.26,45.49,33.38,43.2
217,1953632,30574,30593,47:39.4,47:41.3,2,39,1.9,2,2,870,right_to_left,CC Mariners,2,True,False,False,chaotic,5,chaotic,5,-40.23,34.3,1,wide_left,1,defensive_third,False,-27.37,32.21,1,wide_left,1,defensive_third,False,41.67,40.17,36.05,35.41,22.89,23.77,65.76,66.91
218,1953632,30684,30693,47:50.4,47:51.3,2,50,0.9,2,1,2380,left_to_right,Melbourne City,2,False,False,False,finish,2,low_block,8,11.95,-33.21,5,wide_right,2,middle_third,False,5.73,-30.26,5,wide_right,2,middle_third,False,33.85,34.74,59.36,58.63,29.68,30.14,31.66,32.36
219,1953632,30693,30793,47:51.3,48:01.3,2,51,10.0,2,1,2380,left_to_right,Melbourne City,4,True,False,False,create,1,medium_block,9,4.77,-30.04,5,wide_right,2,middle_third,False,-6.11,-32.51,5,wide_right,2,middle_third,False,34.9,64.49,58.5,49.34,30.26,44.29,32.72,52.6
220,1953632,30876,30901,48:09.6,48:12.1,3,9,2.5,2,2,870,right_to_left,CC Mariners,3,True,False,False,chaotic,5,chaotic,5,6.25,34.49,1,wide_left,2,middle_third,False,8.65,31.88,1,wide_left,2,middle_third,False,45.72,46.88,64.37,66.41,42.49,37.6,43.37,41.97
221,1953632,30901,31219,48:12.1,48:43.9,3,12,31.8,2,1,2380,left_to_right,Melbourne City,9,False,False,False,create,1,medium_block,9,-8.94,-31.75,5,wide_right,2,middle_third,False,-19.91,-15.81,4,half_space_right,1,defensive_third,False,37.48,55.53,41.94,46.36,46.9,39.85,66.75,51.37
222,1953632,31219,31265,48:43.9,48:48.5,3,43,4.6,2,1,2380,left_to_right,Melbourne City,1,False,False,False,build_up,0,high_block,10,-20.54,-14.56,4,half_space_right,1,defensive_third,False,-20.44,-12.48,4,half_space_right,1,defensive_third,False,55.84,65.13,46.07,38.52,39.92,40.37,51.65,59.01
223,1953632,31265,31309,48:48.5,48:52.9,3,48,4.4,2,1,2380,left_to_right,Melbourne City,1,False,False,False,create,1,medium_block,9,-19.5,-14.24,4,half_space_right,1,defensive_third,False,-19.89,-24.57,5,wide_right,1,defensive_third,False,65.17,61.19,38.51,46.64,40.7,41.2,59.06,54.15
224,1953632,31309,31338,48:52.9,48:55.8,3,52,2.9,2,1,2380,left_to_right,Melbourne City,1,False,False,False,build_up,0,high_block,10,-20.76,-24.78,5,wide_right,1,defensive_third,False,-21.84,-28.59,5,wide_right,1,defensive_third,False,61.18,61.01,46.72,48.54,40.99,40.18,54.11,57.21
225,1953632,31338,31387,48:55.8,49:00.7,3,55,4.9,2,1,2380,left_to_right,Melbourne City,1,True,False,False,direct,6,defending_direct,15,-20.97,-28.59,5,wide_right,1,defensive_third,False,40.9,-26.7,5,wide_right,3,attacking_third,False,60.96,45.94,48.73,76.25,40.19,41.56,57.22,60.94
226,1953632,31387,31425,49:00.7,49:04.5,4,0,3.8,2,2,870,right_to_left,CC Mariners,1,False,False,False,chaotic,5,chaotic,5,-41.24,26.54,1,wide_left,1,defensive_third,False,-41.74,30.98,1,wide_left,1,defensive_third,False,41.58,44.41,60.79,53.54,45.49,37.38,76.75,73.96
227,1953632,31602,31672,49:22.2,49:29.2,4,22,7.0,2,2,870,right_to_left,CC Mariners,2,True,False,False,chaotic,5,chaotic,5,-34.54,34.42,1,wide_left,1,defensive_third,False,-2.14,12.32,2,half_space_left,2,middle_third,False,43.27,37.73,50.82,44.03,29.44,33.27,64.9,64.44
228,1953632,31672,31677,49:29.2,49:29.7,4,29,0.5,2,1,2380,left_to_right,Melbourne City,1,False,False,False,create,1,medium_block,9,2.19,-12.17,4,half_space_right,2,middle_third,False,4.51,-12.36,4,half_space_right,2,middle_third,False,33.45,34.14,64.38,64.17,37.61,37.09,43.67,42.2
229,1953632,31677,31688,49:29.7,49:30.8,4,29,1.1,2,1,2380,left_to_right,Melbourne City,1,False,False,False,finish,2,low_block,8,5.16,-12.34,4,half_space_right,2,middle_third,False,5.66,-9.27,4,half_space_right,2,middle_third,False,34.3,36.11,64.11,63.38,36.95,35.82,41.84,38.65
230,1953632,31688,31795,49:30.8,49:41.5,4,30,10.7,2,1,2380,left_to_right,Melbourne City,4,True,False,False,create,1,medium_block,9,5.38,-8.45,3,center,2,middle_third,False,45.79,-16.84,4,half_space_right,3,attacking_third,True,36.25,45.99,63.3,71.01,35.71,40.52,38.39,43.52
231,1953632,31795,31964,49:41.5,49:58.4,4,41,16.9,2,2,870,right_to_left,CC Mariners,3,False,False,False,build_up,0,high_block,10,-46.31,16.82,2,half_space_left,1,defensive_third,False,-21.58,16.72,2,half_space_left,1,defensive_third,False,40.73,59.54,43.55,50.88,45.56,35.04,71.38,65.01
232,1953632,31964,31967,49:58.4,49:58.7,4,58,0.3,2,2,870,right_to_left,CC Mariners,0,True,False,False,create,1,medium_block,9,-19.93,16.46,2,half_space_left,1,defensive_third,False,-17.34,15.88,2,half_space_left,2,middle_third,False,59.34,58.93,50.91,50.9,35.2,35.47,64.72,64.13
233,1953632,31967,31991,49:58.7,50:01.1,4,58,2.4,2,1,2380,left_to_right,Melbourne City,1,False,False,False,finish,2,low_block,8,16.34,-15.48,4,half_space_right,2,middle_third,False,6.29,-10.77,4,half_space_right,2,middle_third,False,35.55,34.56,63.83,57.77,58.72,50.71,50.87,47.65
234,1953632,31991,32038,50:01.1,50:05.8,5,1,4.7,2,1,2380,left_to_right,Melbourne City,3,False,False,False,create,1,medium_block,9,5.88,-11.22,4,half_space_right,2,middle_third,False,16.13,-28.47,5,wide_right,2,middle_third,False,34.66,43.73,57.62,57.91,50.16,38.51,47.49,48.21
235,1953632,32038,32096,50:05.8,50:11.6,5,5,5.8,2,1,2380,left_to_right,Melbourne City,2,False,False,False,finish,2,low_block,8,17.26,-29.08,5,wide_right,2,middle_third,False,22.93,-34.94,5,wide_right,3,attacking_third,False,43.87,46.47,57.98,60.8,38.39,39.27,48.23,45.35
236,1953632,32260,32425,50:28.0,50:44.5,5,28,16.5,2,1,2380,left_to_right,Melbourne City,7,False,False,False,create,1,medium_block,9,13.26,-34.3,5,wide_right,2,middle_third,False,-19.7,-10.37,4,half_space_right,1,defensive_third,False,41.01,53.36,60.13,50.36,36.44,33.39,34.53,52.99
237,1953632,32425,32501,50:44.5,50:52.1,5,44,7.6,2,1,2380,left_to_right,Melbourne City,2,False,False,False,build_up,0,high_block,10,-21.17,-9.76,4,half_space_right,1,defensive_third,False,-20.3,-14.15,4,half_space_right,1,defensive_third,False,53.56,64.19,50.41,53.59,33.45,40.01,53.61,63.29
238,1953632,32501,32646,50:52.1,51:06.6,5,52,14.5,2,1,2380,left_to_right,Melbourne City,4,True,False,False,create,1,medium_block,9,-19.78,-13.4,4,half_space_right,1,defensive_third,False,19.95,16.97,2,half_space_left,3,attacking_third,False,64.01,45.23,53.51,63.78,40.04,44.67,63.02,61.12
239,1953632,32646,32699,51:06.6,51:11.9,6,6,5.3,2,2,870,right_to_left,CC Mariners,1,False,False,False,create,1,medium_block,9,-19.87,-16.69,4,half_space_right,1,defensive_third,False,-9.15,-9.18,4,half_space_right,2,middle_third,False,44.57,38.54,61.09,55.42,45.03,39.62,64.08,59.55
240,1953632,32876,32969,51:29.6,51:38.9,6,29,9.3,2,2,870,right_to_left,CC Mariners,4,True,False,False,create,1,medium_block,9,,,2,half_space_left,2,middle_third,False,3.29,-19.07,4,half_space_right,2,middle_third,False,,55.95,,50.76,,38.08,,57.1
241,1953632,32969,33052,51:38.9,51:47.2,6,38,8.3,2,1,2380,left_to_right,Melbourne City,2,True,False,False,transition,4,defending_transition,11,-3.81,19.89,2,half_space_left,2,middle_third,False,40.34,29.62,1,wide_left,3,attacking_third,False,38.17,38.71,57.04,70.43,55.49,37.83,50.71,46.68
242,1953632,33052,33102,51:47.2,51:52.2,6,47,5.0,2,2,870,right_to_left,CC Mariners,1,True,False,False,chaotic,5,chaotic,5,-40.73,-29.29,5,wide_right,1,defensive_third,False,-43.01,-30.52,5,wide_right,1,defensive_third,False,37.6,35.58,46.58,41.24,38.33,35.99,70.51,75.87
243,1953632,33579,33658,52:39.9,52:47.8,7,39,7.9,2,1,2380,left_to_right,Melbourne City,2,True,False,False,set_play,7,defending_set_play,13,43.63,30.34,1,wide_left,3,attacking_third,False,44.98,8.9,3,center,3,attacking_third,True,39.36,46.58,65.76,61.82,30.08,24.21,8.07,25.89
244,1953632,33658,33811,52:47.8,53:03.1,7,47,15.3,2,2,870,right_to_left,CC Mariners,3,False,False,False,build_up,0,high_block,10,-45.66,-9.39,4,half_space_right,1,defensive_third,False,-20.39,2.14,3,center,1,defensive_third,False,24.27,58.1,25.66,44.89,46.1,32.04,62.16,58.45
245,1953632,33811,33881,53:03.1,53:10.1,8,3,7.0,2,2,870,right_to_left,CC Mariners,2,False,False,False,create,1,medium_block,9,-19.03,0.93,3,center,1,defensive_third,False,15.99,-26.01,5,wide_right,2,middle_third,False,57.97,42.37,44.91,59.85,32.08,37.65,58.22,52.07
246,1953632,33881,34032,53:10.1,53:25.2,8,10,15.1,2,2,870,right_to_left,CC Mariners,4,False,False,False,finish,2,low_block,8,17.49,-26.22,5,wide_right,2,middle_third,False,28.14,18.03,2,half_space_left,3,attacking_third,False,42.02,52.55,60.06,62.88,37.63,33.62,51.85,31.3
247,1953632,34490,34513,54:11.0,54:13.3,9,11,2.3,2,2,870,right_to_left,CC Mariners,2,False,False,False,set_play,7,defending_set_play,13,28.71,17.17,2,half_space_left,3,attacking_third,False,-54.36,5.05,3,center,1,defensive_third,False,29.08,18.08,61.53,14.04,21.16,20.21,19.87,69.88
248,1953632,34879,34958,54:49.9,54:57.8,9,49,7.9,2,2,870,right_to_left,CC Mariners,4,True,False,False,set_play,7,defending_set_play,13,48.92,-30.29,5,wide_right,3,attacking_third,False,44.67,2.46,3,center,3,attacking_third,True,42.71,26.22,72.07,60.6,22.5,21.32,11.59,26.3
249,1953632,34958,34990,54:57.8,55:01.0,9,57,3.2,2,1,2380,left_to_right,Melbourne City,1,True,False,False,chaotic,5,chaotic,5,-45.77,-3.19,3,center,1,defensive_third,False,-38.88,-26.14,5,wide_right,1,defensive_third,False,21.17,27.86,26.27,29.54,26.05,32.53,60.93,68.25
250,1953632,35077,35518,55:09.7,55:53.8,10,9,44.1,2,2,870,right_to_left,CC Mariners,12,False,False,False,create,1,medium_block,9,13.62,19.26,2,half_space_left,2,middle_third,False,20.84,21.89,1,wide_left,3,attacking_third,False,41.71,45.18,65.76,61.9,32.0,31.26,35.45,56.66
251,1953632,35518,35531,55:53.8,55:55.1,10,53,1.3,2,2,870,right_to_left,CC Mariners,1,False,False,False,finish,2,low_block,8,21.11,21.49,1,wide_left,3,attacking_third,False,21.84,20.65,1,wide_left,3,attacking_third,False,44.67,40.8,62.14,65.09,31.15,29.58,56.66,55.33
252,1953632,36008,36072,56:42.8,56:49.2,11,42,6.4,2,2,870,right_to_left,CC Mariners,3,False,False,False,set_play,7,defending_set_play,13,23.14,18.18,2,half_space_left,3,attacking_third,False,41.73,3.23,3,center,3,attacking_third,True,35.26,38.98,59.28,63.45,23.69,21.51,19.85,16.8
253,1953632,36384,36481,57:20.4,57:30.1,12,20,9.7,2,2,870,right_to_left,CC Mariners,4,False,False,False,create,1,medium_block,9,,,2,half_space_left,2,middle_third,False,9.64,18.62,2,half_space_left,2,middle_third,False,,50.59,,55.53,,31.02,,52.72
254,1953632,36481,36556,57:30.1,57:37.6,12,30,7.5,2,2,870,right_to_left,CC Mariners,2,True,False,False,finish,2,low_block,8,11.0,16.11,2,half_space_left,2,middle_third,False,46.34,-11.24,4,half_space_right,3,attacking_third,True,50.74,43.28,55.62,72.25,31.16,29.66,52.66,42.0
255,1953632,36556,36618,57:37.6,57:43.8,12,37,6.2,2,1,2380,left_to_right,Melbourne City,1,True,False,False,direct,6,defending_direct,15,-46.01,11.23,2,half_space_left,1,defensive_third,False,8.53,12.12,2,half_space_left,2,middle_third,False,29.4,30.52,41.79,52.14,43.13,50.12,72.03,57.26
256,1953632,36618,36736,57:43.8,57:55.6,12,43,11.8,2,2,870,right_to_left,CC Mariners,3,True,False,False,create,1,medium_block,9,-8.67,-11.94,4,half_space_right,2,middle_third,False,-5.29,27.07,1,wide_left,2,middle_third,False,50.36,55.61,57.02,53.38,30.51,38.3,51.98,49.58
257,1953632,36736,36746,57:55.6,57:56.6,12,55,1.0,2,1,2380,left_to_right,Melbourne City,1,True,False,False,chaotic,5,chaotic,5,5.7,-27.32,5,wide_right,2,middle_third,False,13.65,-32.64,5,wide_right,2,middle_third,False,37.84,38.82,49.63,50.37,55.04,51.09,53.42,53.66
258,1953632,36898,36903,58:11.8,58:12.3,13,11,0.5,2,2,870,right_to_left,CC Mariners,1,False,False,False,create,1,medium_block,9,-15.62,32.78,1,wide_left,2,middle_third,False,-19.02,31.69,1,wide_left,1,defensive_third,False,55.58,55.59,53.13,52.85,33.32,33.23,52.61,52.81
259,1953632,36903,36992,58:12.3,58:21.2,13,12,8.9,2,2,870,right_to_left,CC Mariners,3,False,False,False,build_up,0,high_block,10,-20.01,31.07,1,wide_left,1,defensive_third,False,-20.45,24.74,1,wide_left,1,defensive_third,False,55.59,59.81,52.82,48.26,33.24,36.58,52.86,60.64
260,1953632,36992,37032,58:21.2,58:25.2,13,21,4.0,2,2,870,right_to_left,CC Mariners,1,False,False,False,create,1,medium_block,9,-19.61,25.56,1,wide_left,1,defensive_third,False,-19.87,25.15,1,wide_left,1,defensive_third,False,59.73,56.15,48.22,50.49,36.55,34.63,60.56,55.71
261,1953632,37032,37100,58:25.2,58:32.0,13,25,6.8,2,2,870,right_to_left,CC Mariners,2,False,False,False,build_up,0,high_block,10,-20.61,24.61,1,wide_left,1,defensive_third,False,-20.25,-21.07,5,wide_right,1,defensive_third,False,56.14,58.93,50.5,51.71,34.68,40.43,55.56,63.87
262,1953632,37100,37123,58:32.0,58:34.3,13,32,2.3,2,2,870,right_to_left,CC Mariners,1,False,False,False,create,1,medium_block,9,-19.65,-21.89,5,wide_right,1,defensive_third,False,-19.71,-30.81,5,wide_right,1,defensive_third,False,58.77,57.05,51.77,51.22,40.57,41.43,63.84,62.23
263,1953632,37123,37152,58:34.3,58:37.2,13,34,2.9,2,2,870,right_to_left,CC Mariners,1,False,False,False,build_up,0,high_block,10,-20.87,-30.33,5,wide_right,1,defensive_third,False,-37.98,-19.43,4,half_space_right,1,defensive_third,False,57.12,59.61,51.13,49.71,41.36,38.72,62.19,69.57
264,1953632,37152,37179,58:37.2,58:39.9,13,37,2.7,2,2,870,right_to_left,CC Mariners,1,True,False,False,direct,6,defending_direct,15,-37.7,-19.2,4,half_space_right,1,defensive_third,False,-3.26,-6.24,3,center,2,middle_third,False,59.55,54.22,49.58,47.06,38.63,39.24,69.9,66.63
265,1953632,37179,37285,58:39.9,58:50.5,13,39,10.6,2,1,2380,left_to_right,Melbourne City,4,False,False,False,create,1,medium_block,9,2.53,6.0,3,center,2,middle_third,False,-19.69,15.27,2,half_space_left,1,defensive_third,False,39.2,55.11,66.41,53.78,53.93,39.92,47.07,54.73
266,1953632,37285,37356,58:50.5,58:57.6,13,50,7.1,2,1,2380,left_to_right,Melbourne City,3,False,False,False,build_up,0,high_block,10,-20.75,14.78,2,half_space_left,1,defensive_third,False,-20.21,-29.13,5,wide_right,1,defensive_third,False,55.19,64.82,53.7,52.59,39.72,46.23,55.14,69.73
267,1953632,37356,37396,58:57.6,59:01.6,13,57,4.0,2,1,2380,left_to_right,Melbourne City,0,False,False,False,create,1,medium_block,9,-17.72,-29.31,5,wide_right,1,defensive_third,False,34.65,-23.7,5,wide_right,3,attacking_third,False,64.63,51.81,52.91,74.8,46.53,48.75,69.71,74.26
268,1953632,37396,37427,59:01.6,59:04.7,14,1,3.1,2,1,2380,left_to_right,Melbourne City,1,True,False,False,finish,2,low_block,8,35.18,-23.63,5,wide_right,3,attacking_third,False,48.09,-23.49,5,wide_right,3,attacking_third,False,51.29,40.38,75.48,87.75,48.64,45.93,74.13,67.09
269,1953632,38315,38390,60:33.5,60:41.0,15,33,7.5,2,2,870,right_to_left,CC Mariners,3,False,False,False,build_up,0,high_block,10,,,2,half_space_left,2,middle_third,False,-20.95,9.63,2,half_space_left,1,defensive_third,False,,61.46,,50.6,,35.28,,61.22
270,1953632,38390,38451,60:41.0,60:47.1,15,41,6.1,2,2,870,right_to_left,CC Mariners,2,False,False,False,create,1,medium_block,9,-19.8,10.31,2,half_space_left,1,defensive_third,False,19.46,-28.66,5,wide_right,3,attacking_third,False,61.33,54.72,50.56,62.76,35.16,30.8,61.1,55.71
271,1953632,38451,38531,60:47.1,60:55.1,15,47,8.0,2,2,870,right_to_left,CC Mariners,4,True,False,False,finish,2,low_block,8,19.79,-28.85,5,wide_right,3,attacking_third,False,33.07,-31.69,5,wide_right,3,attacking_third,False,54.55,49.06,63.16,68.8,31.03,39.73,55.62,45.32
272,1953632,38531,38593,60:55.1,61:01.3,15,55,6.2,2,1,2380,left_to_right,Melbourne City,2,True,False,False,build_up,0,high_block,10,-34.06,31.57,1,wide_left,1,defensive_third,False,-37.7,21.97,1,wide_left,1,defensive_third,False,39.66,35.02,45.23,40.58,49.13,42.53,68.74,83.61
273,1953632,38653,38729,61:07.3,61:14.9,16,7,7.6,2,2,870,right_to_left,CC Mariners,5,True,False,True,finish,2,low_block,8,35.68,-31.5,5,wide_right,3,attacking_third,False,32.44,7.25,3,center,3,attacking_third,False,45.86,43.65,72.99,68.87,32.05,26.47,30.41,31.35
274,1953632,38999,39121,61:41.9,61:54.1,16,41,12.2,2,1,2380,left_to_right,Melbourne City,6,False,False,False,build_up,0,high_block,10,-49.07,-2.34,3,center,1,defensive_third,False,-32.45,36.1,1,wide_left,1,defensive_third,False,68.43,50.5,53.58,49.06,45.84,39.48,70.07,66.32
275,1953632,39297,39307,62:11.7,62:12.7,17,11,1.0,2,1,2380,left_to_right,Melbourne City,1,False,False,False,chaotic,5,chaotic,5,-24.18,33.4,1,wide_left,1,defensive_third,False,-9.69,32.94,1,wide_left,2,middle_third,False,33.63,33.27,46.64,46.85,31.15,31.0,65.12,64.45
276,1953632,39544,39577,62:36.4,62:39.7,17,36,3.3,2,1,2380,left_to_right,Melbourne City,3,False,False,False,create,1,medium_block,9,-5.15,32.62,1,wide_left,2,middle_third,False,-19.51,32.16,1,wide_left,1,defensive_third,False,33.71,41.95,55.22,55.14,28.59,30.68,53.89,57.31
277,1953632,39577,39657,62:39.7,62:47.7,17,39,8.0,2,1,2380,left_to_right,Melbourne City,3,False,False,False,build_up,0,high_block,10,-20.59,32.23,1,wide_left,1,defensive_third,False,-20.15,-35.48,5,wide_right,1,defensive_third,False,42.33,59.31,55.14,49.68,30.75,55.53,57.7,67.78
278,1953632,39657,39669,62:47.7,62:48.9,17,47,1.2,2,1,2380,left_to_right,Melbourne City,0,True,False,False,create,1,medium_block,9,-19.87,-35.65,5,wide_right,1,defensive_third,False,-14.46,-33.28,5,wide_right,2,middle_third,False,59.22,54.97,49.59,48.12,55.9,58.02,67.66,66.32
279,1953632,39669,39689,62:48.9,62:50.9,17,48,2.0,2,2,870,right_to_left,CC Mariners,1,True,False,False,chaotic,5,chaotic,5,14.01,33.04,1,wide_left,2,middle_third,False,21.64,26.76,1,wide_left,3,attacking_third,False,58.16,56.9,66.24,65.51,54.48,46.54,47.95,43.81
280,1953632,39689,39746,62:50.9,62:56.6,17,50,5.7,2,1,2380,left_to_right,Melbourne City,2,False,False,False,build_up,0,high_block,10,-22.65,-26.15,5,wide_right,1,defensive_third,False,-20.38,-34.08,5,wide_right,1,defensive_third,False,46.09,41.47,43.53,39.33,56.53,50.78,65.44,62.5
281,1953632,39746,39766,62:56.6,62:58.6,17,56,2.0,2,1,2380,left_to_right,Melbourne City,1,True,False,False,create,1,medium_block,9,-19.96,-34.19,5,wide_right,1,defensive_third,False,-13.54,-27.28,5,wide_right,2,middle_third,False,41.53,37.57,39.33,38.37,50.75,48.56,62.49,62.0
282,1953632,39816,39927,63:03.6,63:14.7,18,3,11.1,2,2,870,right_to_left,CC Mariners,4,False,False,False,create,1,medium_block,9,5.3,28.66,1,wide_left,2,middle_third,False,19.22,31.33,1,wide_left,3,attacking_third,False,49.5,47.61,62.52,58.14,36.15,36.62,37.49,44.77
283,1953632,39927,39973,63:14.7,63:19.3,18,14,4.6,2,2,870,right_to_left,CC Mariners,2,False,False,False,finish,2,low_block,8,19.18,31.25,1,wide_left,3,attacking_third,False,6.07,22.84,1,wide_left,2,middle_third,False,47.47,42.3,58.22,59.13,36.68,34.49,44.62,39.8
284,1953632,39973,40190,63:19.3,63:41.0,18,19,21.7,2,2,870,right_to_left,CC Mariners,6,False,False,False,create,1,medium_block,9,4.73,22.14,1,wide_left,2,middle_third,False,-19.64,23.57,1,wide_left,1,defensive_third,False,42.39,59.05,59.08,52.04,34.52,40.25,39.93,51.07
285,1953632,40190,40243,63:41.0,63:46.3,18,41,5.3,2,2,870,right_to_left,CC Mariners,2,False,False,False,build_up,0,high_block,10,-20.02,23.84,1,wide_left,1,defensive_third,False,-20.5,-13.4,4,half_space_right,1,defensive_third,False,59.01,59.68,52.13,50.39,40.42,44.56,51.49,65.21
286,1953632,40243,40309,63:46.3,63:52.9,18,46,6.6,2,2,870,right_to_left,CC Mariners,3,True,False,False,create,1,medium_block,9,-19.68,-14.56,4,half_space_right,1,defensive_third,False,-4.76,-6.83,3,center,2,middle_third,False,59.76,51.13,50.37,49.04,44.84,39.91,65.14,57.92
287,1953632,40309,40313,63:52.9,63:53.3,18,52,0.4,2,1,2380,left_to_right,Melbourne City,1,True,False,False,chaotic,5,chaotic,5,4.83,6.43,3,center,2,middle_third,False,6.1,6.99,3,center,2,middle_third,False,39.83,39.57,57.8,57.41,50.89,49.95,48.98,48.73
288,1953632,40313,40371,63:53.3,63:59.1,18,53,5.8,2,2,870,right_to_left,CC Mariners,3,False,False,False,create,1,medium_block,9,-6.61,-7.29,3,center,2,middle_third,False,-19.85,0.38,3,center,1,defensive_third,False,49.59,50.61,48.64,49.88,39.47,33.83,57.28,55.29
289,1953632,40371,40404,63:59.1,64:02.4,18,59,3.3,2,2,870,right_to_left,CC Mariners,1,False,False,False,build_up,0,high_block,10,-20.4,1.57,3,center,1,defensive_third,False,-20.18,11.67,2,half_space_left,1,defensive_third,False,50.8,56.48,49.86,50.7,33.87,35.98,55.34,60.64
290,1953632,40404,40465,64:02.4,64:08.5,19,2,6.1,2,2,870,right_to_left,CC Mariners,2,False,False,False,create,1,medium_block,9,-19.78,11.61,2,half_space_left,1,defensive_third,False,13.33,22.42,1,wide_left,2,middle_third,False,56.63,51.06,50.73,65.12,35.98,27.44,60.52,44.33
291,1953632,40465,40507,64:08.5,64:12.7,19,8,4.2,2,2,870,right_to_left,CC Mariners,1,True,False,False,finish,2,low_block,8,13.9,22.68,1,wide_left,2,middle_third,False,38.67,5.1,3,center,3,attacking_third,True,50.89,42.39,65.26,70.71,27.48,25.31,44.22,38.3
292,1953632,40507,40568,64:12.7,64:18.8,19,12,6.1,2,1,2380,left_to_right,Melbourne City,2,True,False,False,chaotic,5,chaotic,5,-39.11,-3.66,3,center,1,defensive_third,False,-20.7,-14.82,4,half_space_right,1,defensive_third,False,25.27,27.25,38.15,37.28,42.29,34.63,70.91,65.94
293,1953632,40568,40614,64:18.8,64:23.4,19,18,4.6,2,2,870,right_to_left,CC Mariners,2,True,False,True,quick_break,3,defending_quick_break,12,20.88,14.76,2,half_space_left,3,attacking_third,False,49.84,-0.72,3,center,3,attacking_third,True,34.56,35.63,65.77,70.66,27.34,22.7,37.42,43.02
294,1953632,41086,41118,65:10.6,65:13.8,20,10,3.2,2,1,2380,left_to_right,Melbourne City,1,True,False,False,direct,6,defending_direct,15,-40.71,-8.57,3,center,1,defensive_third,False,17.66,-20.54,5,wide_right,3,attacking_third,False,25.73,21.8,64.19,62.31,24.72,23.52,45.8,46.68
295,1953632,41118,41163,65:13.8,65:18.3,20,13,4.5,2,2,870,right_to_left,CC Mariners,2,True,False,False,chaotic,5,chaotic,5,-18.68,20.63,1,wide_left,1,defensive_third,False,-24.94,33.85,1,wide_left,1,defensive_third,False,23.43,29.97,46.82,49.28,21.84,30.14,62.42,61.35
296,1953632,41367,41370,65:38.7,65:39.0,20,38,0.3,2,1,2380,left_to_right,Melbourne City,1,False,False,False,create,1,medium_block,9,,,2,half_space_left,2,middle_third,False,,,2,half_space_left,2,middle_third,False,,,,,,,,
297,1953632,41370,41414,65:39.0,65:43.4,20,39,4.4,2,1,2380,left_to_right,Melbourne City,2,True,False,False,finish,2,low_block,8,31.33,-30.65,5,wide_right,3,attacking_third,False,53.68,-16.98,4,half_space_right,3,attacking_third,False,33.37,29.14,67.33,83.15,27.86,24.73,34.81,38.11
298,1953632,41547,41579,65:56.7,65:59.9,20,56,3.2,2,2,870,right_to_left,CC Mariners,2,False,False,False,build_up,0,high_block,10,,,2,half_space_left,2,middle_third,False,-20.4,29.36,1,wide_left,1,defensive_third,False,,54.78,,51.05,,41.25,,64.58
299,1953632,41579,41624,65:59.9,66:04.4,20,59,4.5,2,2,870,right_to_left,CC Mariners,1,False,False,False,create,1,medium_block,9,-18.4,29.03,1,wide_left,1,defensive_third,False,28.3,33.6,1,wide_left,3,attacking_third,False,54.41,48.62,51.26,68.44,41.2,41.45,64.47,63.17
300,1953632,41624,41658,66:04.4,66:07.8,21,4,3.4,2,2,870,right_to_left,CC Mariners,1,True,False,False,finish,2,low_block,8,28.76,33.55,1,wide_left,3,attacking_third,False,40.99,16.92,2,half_space_left,3,attacking_third,True,48.33,32.24,68.76,75.5,41.37,34.75,63.0,55.44
301,1953632,41658,41675,66:07.8,66:09.5,21,7,1.7,2,1,2380,left_to_right,Melbourne City,1,True,False,False,chaotic,5,chaotic,5,-41.23,-16.51,4,half_space_right,1,defensive_third,False,-47.71,-10.04,4,half_space_right,1,defensive_third,False,34.45,32.47,55.24,52.44,32.03,30.57,75.76,82.23
302,1953632,42206,42232,67:02.6,67:05.2,22,2,2.6,2,2,870,right_to_left,CC Mariners,3,False,True,True,set_play,7,defending_set_play,13,36.66,25.09,1,wide_left,3,attacking_third,False,54.03,6.64,3,center,3,attacking_third,False,33.27,27.82,61.71,67.98,24.22,21.31,10.26,12.08
303,1953632,42969,43021,68:18.9,68:24.1,23,18,5.2,2,1,2380,left_to_right,Melbourne City,2,True,False,False,create,1,medium_block,9,0.39,-0.43,3,center,2,middle_third,False,12.55,-25.01,5,wide_right,2,middle_third,False,61.3,45.74,45.73,58.19,40.09,44.75,42.08,60.84
304,1953632,43127,43146,68:34.7,68:36.6,23,34,1.9,2,2,870,right_to_left,CC Mariners,2,False,False,False,build_up,0,high_block,10,-36.24,27.72,1,wide_left,1,defensive_third,False,-36.04,26.04,1,wide_left,1,defensive_third,False,49.64,48.0,53.53,52.64,34.82,35.15,65.26,66.1
305,1953632,43146,43174,68:36.6,68:39.4,23,36,2.8,2,2,870,right_to_left,CC Mariners,1,False,False,False,direct,6,defending_direct,15,-35.16,25.8,1,wide_left,1,defensive_third,False,4.31,16.76,2,half_space_left,2,middle_third,False,47.93,41.5,52.56,54.32,35.01,30.7,66.24,61.81
306,1953632,43174,43218,68:39.4,68:43.8,23,39,4.4,2,2,870,right_to_left,CC Mariners,1,True,False,False,create,1,medium_block,9,5.37,16.5,2,half_space_left,2,middle_third,False,24.02,7.22,3,center,3,attacking_third,False,41.3,35.11,54.49,69.85,30.55,32.64,61.66,61.92
307,1953632,43465,43521,69:08.5,69:14.1,24,8,5.6,2,1,2380,left_to_right,Melbourne City,3,False,False,False,build_up,0,high_block,10,,,2,half_space_left,2,middle_third,False,-27.95,-28.43,5,wide_right,1,defensive_third,False,,64.63,,47.3,,44.93,,61.29
308,1953632,43521,43550,69:14.1,69:17.0,24,14,2.9,2,1,2380,left_to_right,Melbourne City,1,True,False,False,direct,6,defending_direct,15,-27.18,-28.72,5,wide_right,1,defensive_third,False,17.12,-22.43,5,wide_right,2,middle_third,False,64.47,52.3,47.5,58.62,45.16,47.97,61.22,59.11
309,1953632,43550,43584,69:17.0,69:20.4,24,17,3.4,2,2,870,right_to_left,CC Mariners,1,True,False,False,chaotic,5,chaotic,5,-17.46,22.51,1,wide_left,2,middle_third,False,-0.17,15.28,2,half_space_left,2,middle_third,False,47.92,41.6,59.02,54.81,51.74,39.07,59.05,60.35
310,1953632,43584,43621,69:20.4,69:24.1,24,20,3.7,2,1,2380,left_to_right,Melbourne City,2,False,False,True,create,1,medium_block,9,0.21,-14.77,4,half_space_right,2,middle_third,False,20.03,-30.54,5,wide_right,3,attacking_third,False,38.92,41.19,60.19,58.05,41.25,34.8,54.6,52.33
311,1953632,43621,43721,69:24.1,69:34.1,24,24,10.0,2,1,2380,left_to_right,Melbourne City,5,False,False,True,finish,2,low_block,8,20.18,-30.88,5,wide_right,3,attacking_third,False,5.72,-0.18,3,center,2,middle_third,False,41.47,50.56,58.16,62.8,34.79,37.22,52.29,42.13
312,1953632,43721,43738,69:34.1,69:35.8,24,34,1.7,2,1,2380,left_to_right,Melbourne City,1,False,False,True,create,1,medium_block,9,5.31,0.69,3,center,2,middle_third,False,4.96,9.24,2,half_space_left,2,middle_third,False,50.91,55.05,62.68,61.29,37.4,40.38,42.01,40.77
313,1953632,43738,43804,69:35.8,69:42.4,24,35,6.6,2,1,2380,left_to_right,Melbourne City,1,False,False,True,finish,2,low_block,8,5.46,10.78,2,half_space_left,2,middle_third,False,43.38,12.65,2,half_space_left,3,attacking_third,True,55.19,30.61,61.23,70.49,40.53,28.68,40.75,42.11
314,1953632,44190,44255,70:21.0,70:27.5,25,21,6.5,2,1,2380,left_to_right,Melbourne City,3,False,False,False,set_play,7,defending_set_play,13,51.97,31.8,1,wide_left,3,attacking_third,False,5.35,3.22,3,center,2,middle_third,False,36.07,46.51,68.26,58.13,18.63,33.44,8.25,35.55
315,1953632,44255,44345,70:27.5,70:36.5,25,27,9.0,2,1,2380,left_to_right,Melbourne City,4,False,False,False,create,1,medium_block,9,4.25,2.77,3,center,2,middle_third,False,19.43,32.16,1,wide_left,3,attacking_third,False,46.84,50.05,57.9,49.58,33.79,43.24,36.14,39.25
316,1953632,44345,44368,70:36.5,70:38.8,25,36,2.3,2,1,2380,left_to_right,Melbourne City,1,True,False,False,finish,2,low_block,8,19.64,32.1,1,wide_left,3,attacking_third,False,29.66,24.5,1,wide_left,3,attacking_third,False,50.08,46.67,49.79,53.4,43.14,42.35,39.38,42.18
317,1953632,44368,44506,70:38.8,70:52.6,25,38,13.8,2,2,870,right_to_left,CC Mariners,7,False,False,False,build_up,0,high_block,10,-29.79,-24.35,5,wide_right,1,defensive_third,False,-38.5,-6.09,3,center,1,defensive_third,False,42.28,60.28,42.32,48.64,46.32,34.43,53.51,66.15
318,1953632,44506,44542,70:52.6,70:56.2,25,52,3.6,2,2,870,right_to_left,CC Mariners,1,True,False,False,direct,6,defending_direct,15,-38.14,-6.7,3,center,1,defensive_third,False,-5.29,-21.23,5,wide_right,2,middle_third,False,60.35,57.25,48.58,48.06,34.6,37.13,66.42,63.51
319,1953632,44542,44569,70:56.2,70:58.9,25,56,2.7,2,1,2380,left_to_right,Melbourne City,2,False,False,False,finish,2,low_block,8,5.16,21.42,1,wide_left,2,middle_third,False,7.58,30.15,1,wide_left,2,middle_third,False,37.01,39.26,63.38,58.9,56.92,48.61,48.03,46.67
320,1953632,44569,44705,70:58.9,71:12.5,25,58,13.6,2,1,2380,left_to_right,Melbourne City,5,True,False,False,create,1,medium_block,9,7.66,30.59,1,wide_left,2,middle_third,False,7.76,9.81,2,half_space_left,2,middle_third,False,39.58,52.33,58.74,57.89,48.55,40.58,46.58,37.9
321,1953632,44705,44824,71:12.5,71:24.4,26,12,11.9,2,2,870,right_to_left,CC Mariners,5,False,False,False,transition,4,defending_transition,11,-7.88,-9.82,4,half_space_right,2,middle_third,False,31.07,-12.34,4,half_space_right,3,attacking_third,False,40.44,37.18,37.76,67.76,52.1,29.07,57.89,50.11
322,1953632,44824,45048,71:24.4,71:46.8,26,24,22.4,2,2,870,right_to_left,CC Mariners,8,True,False,False,finish,2,low_block,8,30.23,-11.33,4,half_space_right,3,attacking_third,False,40.42,-5.04,3,center,3,attacking_third,True,37.13,35.75,67.58,64.44,28.97,23.17,49.89,21.9
323,1953632,45048,45260,71:46.8,72:08.0,26,46,21.2,2,1,2380,left_to_right,Melbourne City,3,False,False,False,build_up,0,high_block,10,-41.15,5.48,3,center,1,defensive_third,False,-20.1,11.36,2,half_space_left,1,defensive_third,False,22.91,59.43,21.85,49.71,35.71,45.43,64.38,61.77
324,1953632,45260,45268,72:08.0,72:08.8,27,8,0.8,2,1,2380,left_to_right,Melbourne City,1,False,False,False,create,1,medium_block,9,-19.56,11.15,2,half_space_left,1,defensive_third,False,-17.26,10.1,2,half_space_left,2,middle_third,False,59.37,58.55,49.74,50.59,45.38,45.04,61.56,60.15
325,1953632,45268,45299,72:08.8,72:11.9,27,8,3.1,2,1,2380,left_to_right,Melbourne City,1,True,False,False,direct,6,defending_direct,15,-16.72,9.79,2,half_space_left,2,middle_third,False,25.58,-14.86,4,half_space_right,3,attacking_third,False,58.37,48.34,50.83,65.57,44.97,36.8,59.98,59.87
326,1953632,45299,45321,72:11.9,72:14.1,27,11,2.2,2,2,870,right_to_left,CC Mariners,1,False,False,False,chaotic,5,chaotic,5,-26.38,14.72,2,half_space_left,1,defensive_third,False,-37.5,3.44,3,center,1,defensive_third,False,36.31,37.66,59.83,50.13,47.93,39.26,65.86,68.48
327,1953632,45321,45358,72:14.1,72:17.8,27,14,3.7,2,2,870,right_to_left,CC Mariners,1,True,False,False,direct,6,defending_direct,15,-37.3,3.31,3,center,1,defensive_third,False,0.69,-5.46,3,center,2,middle_third,False,37.82,35.28,49.47,48.06,38.95,30.27,68.9,64.91
328,1953632,45358,45398,72:17.8,72:21.8,27,17,4.0,2,1,2380,left_to_right,Melbourne City,1,True,False,False,chaotic,5,chaotic,5,-1.01,5.61,3,center,2,middle_third,False,8.47,5.93,3,center,2,middle_third,False,30.06,26.26,64.52,52.94,35.23,30.8,48.16,43.97
329,1953632,45398,45432,72:21.8,72:25.2,27,21,3.4,2,2,870,right_to_left,CC Mariners,2,True,False,False,chaotic,5,chaotic,5,-8.41,-5.95,3,center,2,middle_third,False,3.77,-9.66,4,half_space_right,2,middle_third,False,30.7,30.57,43.93,44.59,26.26,27.88,52.77,48.43
330,1953632,45432,45610,72:25.2,72:43.0,27,25,17.8,2,1,2380,left_to_right,Melbourne City,6,True,False,False,create,1,medium_block,9,-3.91,9.23,2,half_space_left,2,middle_third,False,22.27,13.4,2,half_space_left,3,attacking_third,False,27.79,46.5,48.38,61.44,30.59,39.63,44.78,49.57
331,1953632,45610,45643,72:43.0,72:46.3,27,43,3.3,2,2,870,right_to_left,CC Mariners,1,False,False,False,chaotic,5,chaotic,5,-23.74,-13.62,4,half_space_right,1,defensive_third,False,-44.24,-3.47,3,center,1,defensive_third,False,39.65,40.9,49.74,49.51,46.09,36.73,62.08,73.63
332,1953632,45643,45680,72:46.3,72:50.0,27,46,3.7,2,2,870,right_to_left,CC Mariners,1,True,False,False,direct,6,defending_direct,15,-44.43,-3.08,3,center,1,defensive_third,False,4.0,9.53,2,half_space_left,2,middle_third,False,40.92,36.68,49.22,49.41,36.45,31.81,73.98,72.31
333,1953632,45680,45690,72:50.0,72:51.0,27,50,1.0,2,1,2380,left_to_right,Melbourne City,1,True,False,False,chaotic,5,chaotic,5,-4.13,-10.31,4,half_space_right,2,middle_third,False,2.23,-17.41,4,half_space_right,2,middle_third,False,31.85,32.59,72.11,70.75,36.68,37.51,49.41,49.25
334,1953632,46464,46520,74:08.4,74:14.0,29,8,5.6,2,2,870,right_to_left,CC Mariners,3,False,False,False,chaotic,5,chaotic,5,-9.48,33.48,1,wide_left,2,middle_third,False,21.34,35.29,1,wide_left,3,attacking_third,False,36.43,34.61,57.26,63.36,27.34,30.38,51.65,55.91
335,1953632,46923,46943,74:54.3,74:56.3,29,54,2.0,2,2,870,right_to_left,CC Mariners,1,True,False,False,set_play,7,defending_set_play,13,26.76,27.68,1,wide_left,3,attacking_third,False,47.78,-1.28,3,center,3,attacking_third,True,38.46,37.53,59.1,68.86,29.03,24.81,17.5,16.7
336,1953632,46943,47104,74:56.3,75:12.4,29,56,16.1,2,1,2380,left_to_right,Melbourne City,3,False,False,False,build_up,0,high_block,10,-48.25,2.0,3,center,1,defensive_third,False,-37.75,-33.18,5,wide_right,1,defensive_third,False,24.6,49.97,16.61,48.4,37.29,46.99,69.43,67.74
337,1953632,47274,47303,75:29.4,75:32.3,30,29,2.9,2,1,2380,left_to_right,Melbourne City,2,False,False,False,chaotic,5,chaotic,5,-30.84,-33.07,5,wide_right,1,defensive_third,False,-48.61,-19.08,4,half_space_right,1,defensive_third,False,32.1,33.38,46.83,48.78,25.18,27.32,64.22,76.01
338,1953632,47514,47549,75:53.4,75:56.9,30,53,3.5,2,1,2380,left_to_right,Melbourne City,2,True,False,False,create,1,medium_block,9,,,2,half_space_left,2,middle_third,False,-2.71,-25.18,5,wide_right,2,middle_third,False,,54.32,,53.96,,36.23,,53.33
339,1953632,47549,47757,75:56.9,76:17.7,30,56,20.8,2,2,870,right_to_left,CC Mariners,6,True,False,False,create,1,medium_block,9,1.66,25.16,1,wide_left,2,middle_third,False,15.19,-22.55,5,wide_right,2,middle_third,False,36.0,51.06,53.14,55.38,53.98,34.75,54.22,48.59
340,1953632,47757,47791,76:17.7,76:21.1,31,17,3.4,2,1,2380,left_to_right,Melbourne City,1,False,False,False,chaotic,5,chaotic,5,-15.6,22.67,1,wide_left,2,middle_third,False,-13.93,21.73,1,wide_left,2,middle_third,False,34.71,35.37,48.32,41.22,51.15,46.03,55.5,56.49
341,1953632,48891,48930,78:11.1,78:15.0,33,11,3.9,2,1,2380,left_to_right,Melbourne City,1,True,False,False,direct,6,defending_direct,15,,,2,half_space_left,2,middle_third,False,35.56,18.88,2,half_space_left,3,attacking_third,False,,23.89,,73.41,,28.29,,43.13
342,1953632,48930,48941,78:15.0,78:16.1,33,15,1.1,2,2,870,right_to_left,CC Mariners,1,False,False,False,chaotic,5,chaotic,5,-35.74,-18.85,4,half_space_right,1,defensive_third,False,-37.96,-17.71,4,half_space_right,1,defensive_third,False,28.31,28.76,43.22,44.41,23.8,23.37,73.39,72.75
343,1953632,48941,48973,78:16.1,78:19.3,33,16,3.2,2,2,870,right_to_left,CC Mariners,1,True,False,False,direct,6,defending_direct,15,-37.2,-17.34,4,half_space_right,1,defensive_third,False,2.85,-0.05,3,center,2,middle_third,False,28.81,30.12,44.54,49.67,23.37,26.91,72.68,68.56
344,1953632,48973,49016,78:19.3,78:23.6,33,19,4.3,2,1,2380,left_to_right,Melbourne City,2,False,False,False,create,1,medium_block,9,-3.33,-0.58,3,center,2,middle_third,False,-19.5,-6.47,3,center,1,defensive_third,False,27.07,32.69,68.47,62.06,30.17,33.05,49.72,56.55
345,1953632,49016,49060,78:23.6,78:28.0,33,23,4.4,2,1,2380,left_to_right,Melbourne City,2,False,False,False,build_up,0,high_block,10,-20.01,-6.04,3,center,1,defensive_third,False,-46.37,13.32,2,half_space_left,1,defensive_third,False,32.95,49.19,61.9,55.42,33.07,41.19,56.87,73.71
346,1953632,49060,49106,78:28.0,78:32.6,33,28,4.6,2,1,2380,left_to_right,Melbourne City,1,True,False,False,direct,6,defending_direct,15,-45.94,13.79,2,half_space_left,1,defensive_third,False,0.57,23.77,1,wide_left,2,middle_third,False,49.24,46.23,55.2,51.01,41.31,43.71,73.88,67.03
347,1953632,49106,49116,78:32.6,78:33.6,33,32,1.0,2,2,870,right_to_left,CC Mariners,1,True,False,False,chaotic,5,chaotic,5,-0.76,-23.4,5,wide_right,2,middle_third,False,7.85,-20.17,5,wide_right,2,middle_third,False,43.63,42.98,66.69,63.96,45.93,43.35,50.91,49.91
348,1953632,49116,49228,78:33.6,78:44.8,33,33,11.2,2,1,2380,left_to_right,Melbourne City,4,False,False,False,create,1,medium_block,9,-8.72,20.13,2,half_space_left,2,middle_third,False,16.51,27.48,1,wide_left,2,middle_third,False,43.11,42.95,49.82,62.87,42.88,38.44,63.67,52.93
349,1953632,49516,49566,79:13.6,79:18.6,34,13,5.0,2,1,2380,left_to_right,Melbourne City,2,False,False,True,set_play,7,defending_set_play,13,17.96,27.67,1,wide_left,3,attacking_third,False,45.2,-0.33,3,center,3,attacking_third,True,40.15,30.87,60.62,72.37,27.54,22.2,21.94,21.91
350,1953632,49808,50006,79:42.8,80:02.6,34,42,19.8,2,1,2380,left_to_right,Melbourne City,5,False,False,True,set_play,7,defending_set_play,13,52.29,33.69,1,wide_left,3,attacking_third,False,-45.36,20.69,1,wide_left,1,defensive_third,False,39.99,28.88,73.13,19.24,22.82,42.54,9.35,61.85
351,1953632,50297,50307,80:31.7,80:32.7,35,31,1.0,2,1,2380,left_to_right,Melbourne City,1,True,False,False,set_play,7,defending_set_play,13,50.62,-32.86,5,wide_right,3,attacking_third,False,51.5,-15.34,4,half_space_right,3,attacking_third,True,36.26,33.24,67.22,68.57,18.66,16.67,8.51,8.73
352,1953632,50570,50588,80:59.0,81:00.8,35,59,1.8,2,2,870,right_to_left,CC Mariners,1,True,False,False,direct,6,defending_direct,15,,,2,half_space_left,2,middle_third,False,5.98,1.79,3,center,2,middle_third,False,,44.68,,59.89,,36.96,,65.87
353,1953632,50588,50617,81:00.8,81:03.7,36,0,2.9,2,1,2380,left_to_right,Melbourne City,1,True,False,False,chaotic,5,chaotic,5,-6.98,-2.0,3,center,2,middle_third,False,14.46,8.85,3,center,2,middle_third,False,36.5,28.71,65.57,58.51,44.18,36.25,59.87,53.65
354,1953632,50617,50708,81:03.7,81:12.8,36,3,9.1,2,2,870,right_to_left,CC Mariners,4,True,False,False,create,1,medium_block,9,-14.71,-8.92,3,center,2,middle_third,False,2.89,-25.9,5,wide_right,2,middle_third,False,36.19,47.84,53.44,53.96,28.69,35.17,58.4,49.48
355,1953632,50708,50794,81:12.8,81:21.4,36,12,8.6,2,1,2380,left_to_right,Melbourne City,2,False,False,False,create,1,medium_block,9,-3.27,25.72,1,wide_left,2,middle_third,False,9.1,-21.15,5,wide_right,2,middle_third,False,35.09,55.73,49.57,56.49,47.55,45.13,53.88,45.72
356,1953632,50794,50823,81:21.4,81:24.3,36,21,2.9,2,1,2380,left_to_right,Melbourne City,1,False,False,False,finish,2,low_block,8,9.33,-22.21,5,wide_right,2,middle_third,False,5.45,-28.96,5,wide_right,2,middle_third,False,55.78,51.65,56.52,54.19,45.4,45.25,45.66,43.76
357,1953632,50823,50981,81:24.3,81:40.1,36,24,15.8,2,1,2380,left_to_right,Melbourne City,6,False,False,False,create,1,medium_block,9,4.34,-28.48,5,wide_right,2,middle_third,False,-21.02,-28.19,5,wide_right,1,defensive_third,False,51.36,60.44,54.0,47.73,44.98,43.57,43.66,54.68
358,1953632,50981,51010,81:40.1,81:43.0,36,40,2.9,2,1,2380,left_to_right,Melbourne City,1,True,False,False,direct,6,defending_direct,15,-20.46,-28.33,5,wide_right,1,defensive_third,False,21.46,-16.9,4,half_space_right,3,attacking_third,False,60.22,48.16,48.05,61.97,43.42,41.76,54.64,54.02
359,1953632,51010,51060,81:43.0,81:48.0,36,43,5.0,2,2,870,right_to_left,CC Mariners,1,False,False,False,create,1,medium_block,9,-21.84,16.94,2,half_space_left,1,defensive_third,False,-19.73,24.53,1,wide_left,1,defensive_third,False,41.69,46.36,54.06,52.91,47.69,36.34,62.23,54.54
360,1953632,51060,51235,81:48.0,82:05.5,36,48,17.5,2,2,870,right_to_left,CC Mariners,6,True,False,False,build_up,0,high_block,10,-20.36,24.66,1,wide_left,1,defensive_third,False,-28.28,-30.3,5,wide_right,1,defensive_third,False,46.5,56.99,52.95,46.35,36.32,41.77,54.48,65.24
361,1953632,51235,51305,82:05.5,82:12.5,37,5,7.0,2,1,2380,left_to_right,Melbourne City,1,False,False,False,quick_break,3,defending_quick_break,12,28.17,29.84,1,wide_left,3,attacking_third,False,39.56,19.37,2,half_space_left,3,attacking_third,True,41.44,33.23,64.75,71.0,56.77,22.98,46.19,39.87
362,1953632,51305,51385,82:12.5,82:20.5,37,12,8.0,2,1,2380,left_to_right,Melbourne City,4,True,False,False,finish,2,low_block,8,39.32,19.48,2,half_space_left,3,attacking_third,True,36.5,10.8,2,half_space_left,3,attacking_third,True,33.3,34.48,70.91,65.99,23.18,32.92,39.8,33.15
363,1953632,51679,51701,82:49.9,82:52.1,37,49,2.2,2,2,870,right_to_left,CC Mariners,1,True,False,False,direct,6,defending_direct,15,,,2,half_space_left,2,middle_third,False,0.47,-17.79,4,half_space_right,2,middle_third,False,,31.01,,61.86,,34.32,,62.95
364,1953632,51701,51800,82:52.1,83:02.0,37,52,9.9,2,1,2380,left_to_right,Melbourne City,5,False,False,False,create,1,medium_block,9,-1.37,18.36,2,half_space_left,2,middle_third,False,-19.9,21.53,1,wide_left,1,defensive_third,False,34.57,50.48,62.77,47.27,30.78,37.98,61.82,52.86
365,1953632,51800,51934,83:02.0,83:15.4,38,2,13.4,2,1,2380,left_to_right,Melbourne City,4,False,False,False,build_up,0,high_block,10,-20.54,20.62,1,wide_left,1,defensive_third,False,-33.82,6.32,3,center,1,defensive_third,False,50.67,62.23,47.13,42.58,38.08,43.43,52.87,64.6
366,1953632,51934,51955,83:15.4,83:17.5,38,15,2.1,2,1,2380,left_to_right,Melbourne City,1,True,False,False,direct,6,defending_direct,15,-33.61,5.97,3,center,1,defensive_third,False,-0.01,6.99,3,center,2,middle_third,False,62.16,53.42,42.52,46.76,43.45,41.03,64.82,62.98
367,1953632,51955,51984,83:17.5,83:20.4,38,17,2.9,2,2,870,right_to_left,CC Mariners,1,False,False,False,create,1,medium_block,9,-1.12,-6.93,3,center,2,middle_third,False,-19.5,-12.41,4,half_space_right,1,defensive_third,False,40.76,36.74,62.77,58.04,52.8,33.91,47.09,51.48
368,1953632,51984,52046,83:20.4,83:26.6,38,20,6.2,2,2,870,right_to_left,CC Mariners,1,False,False,False,build_up,0,high_block,10,-20.6,-11.7,4,half_space_right,1,defensive_third,False,-42.32,-3.66,3,center,1,defensive_third,False,36.82,56.43,57.94,45.72,33.83,36.66,51.62,66.54
369,1953632,52046,52085,83:26.6,83:30.5,38,26,3.9,2,2,870,right_to_left,CC Mariners,1,True,False,False,direct,6,defending_direct,15,-42.11,-3.66,3,center,1,defensive_third,False,9.31,-2.13,3,center,2,middle_third,False,56.58,41.41,45.41,52.58,36.67,32.9,66.86,65.97
370,1953632,52426,52432,84:04.6,84:05.2,39,4,0.6,2,1,2380,left_to_right,Melbourne City,2,False,False,False,create,1,medium_block,9,3.53,-0.62,3,center,2,middle_third,False,4.91,-1.2,3,center,2,middle_third,False,59.7,58.71,59.98,59.65,38.45,38.21,41.67,41.2
371,1953632,52432,52441,84:05.2,84:06.1,39,5,0.9,2,1,2380,left_to_right,Melbourne City,1,False,False,False,finish,2,low_block,8,5.34,-1.38,3,center,2,middle_third,False,5.63,-2.66,3,center,2,middle_third,False,58.5,58.02,59.55,59.26,38.18,38.48,41.08,40.33
372,1953632,52441,52535,84:06.1,84:15.5,39,6,9.4,2,1,2380,left_to_right,Melbourne City,4,False,False,False,create,1,medium_block,9,5.01,-3.34,3,center,2,middle_third,False,18.52,23.55,1,wide_left,3,attacking_third,False,57.99,44.0,59.21,60.13,38.54,38.47,40.24,44.01
373,1953632,52535,52681,84:15.5,84:30.1,39,15,14.6,2,1,2380,left_to_right,Melbourne City,4,False,False,False,finish,2,low_block,8,18.87,23.76,1,wide_left,3,attacking_third,False,5.2,-19.96,4,half_space_right,2,middle_third,False,43.98,50.09,60.22,53.96,38.35,40.3,44.12,37.37
374,1953632,52681,52885,84:30.1,84:50.5,39,30,20.4,2,1,2380,left_to_right,Melbourne City,5,False,False,False,create,1,medium_block,9,4.32,-19.27,4,half_space_right,2,middle_third,False,-19.73,18.23,2,half_space_left,1,defensive_third,False,50.35,55.01,53.82,50.58,40.42,42.09,37.56,59.8
375,1953632,52885,52949,84:50.5,84:56.9,39,50,6.4,2,1,2380,left_to_right,Melbourne City,2,False,False,False,build_up,0,high_block,10,-20.9,18.49,2,half_space_left,1,defensive_third,False,-20.33,-3.59,3,center,1,defensive_third,False,54.88,54.38,50.54,48.85,41.96,37.74,59.8,63.59
376,1953632,52949,52977,84:56.9,84:59.7,39,56,2.8,2,1,2380,left_to_right,Melbourne City,1,False,False,False,create,1,medium_block,9,-19.19,-4.92,3,center,1,defensive_third,False,-16.54,-9.76,4,half_space_right,2,middle_third,False,54.32,49.92,48.79,45.49,37.78,38.43,63.5,60.51
377,1953632,53392,53417,85:41.2,85:43.7,40,41,2.5,2,1,2380,left_to_right,Melbourne City,2,False,False,False,build_up,0,high_block,10,-30.67,1.34,3,center,1,defensive_third,False,-20.89,19.22,2,half_space_left,1,defensive_third,False,64.75,59.37,39.3,43.7,44.59,45.25,60.8,63.69
378,1953632,53417,53424,85:43.7,85:44.4,40,43,0.7,2,1,2380,left_to_right,Melbourne City,0,True,False,False,create,1,medium_block,9,-19.44,19.35,2,half_space_left,1,defensive_third,False,-12.22,20.23,1,wide_left,2,middle_third,False,59.04,56.28,43.78,44.66,45.11,44.18,63.7,63.74
379,1953632,53424,53474,85:44.4,85:49.4,40,44,5.0,2,2,870,right_to_left,CC Mariners,2,True,False,False,chaotic,5,chaotic,5,11.67,-20.47,5,wide_right,2,middle_third,False,17.54,-21.11,5,wide_right,3,attacking_third,False,44.02,47.57,63.74,59.71,55.79,38.62,44.78,43.21
380,1953632,53474,53545,85:49.4,85:56.5,40,49,7.1,2,1,2380,left_to_right,Melbourne City,1,True,False,False,create,1,medium_block,9,-17.86,20.75,1,wide_left,1,defensive_third,False,12.96,20.52,1,wide_left,2,middle_third,False,38.22,40.39,43.02,63.76,47.29,29.0,59.55,53.71
381,1953632,53657,53669,86:07.7,86:08.9,41,7,1.2,2,2,870,right_to_left,CC Mariners,1,False,False,False,create,1,medium_block,9,-12.26,-23.33,5,wide_right,2,middle_third,False,-19.51,-21.2,5,wide_right,1,defensive_third,False,51.81,53.63,51.93,51.88,35.3,35.33,47.88,48.44
382,1953632,53669,53824,86:08.9,86:24.4,41,8,15.5,2,2,870,right_to_left,CC Mariners,4,True,False,False,build_up,0,high_block,10,-20.02,-21.06,5,wide_right,1,defensive_third,False,-25.29,-29.11,5,wide_right,1,defensive_third,False,53.88,54.93,51.87,51.57,35.35,44.71,48.53,68.79
383,1953632,53824,53844,86:24.4,86:26.4,41,24,2.0,2,1,2380,left_to_right,Melbourne City,1,True,False,False,chaotic,5,chaotic,5,25.3,29.34,1,wide_left,3,attacking_third,False,37.84,28.72,1,wide_left,3,attacking_third,False,44.71,40.62,68.72,68.28,54.7,51.45,51.52,50.33
384,1953632,53844,53854,86:26.4,86:27.4,41,26,1.0,2,2,870,right_to_left,CC Mariners,1,True,False,False,chaotic,5,chaotic,5,-38.41,-29.08,5,wide_right,1,defensive_third,False,-29.24,-33.1,5,wide_right,1,defensive_third,False,51.35,50.29,50.25,49.48,40.42,39.47,68.29,68.21
385,1953632,54254,54467,87:07.4,87:28.7,42,7,21.3,2,1,2380,left_to_right,Melbourne City,9,False,False,False,finish,2,low_block,8,36.06,34.18,1,wide_left,3,attacking_third,False,48.99,11.32,2,half_space_left,3,attacking_third,True,35.53,32.38,75.41,72.99,29.22,28.16,27.75,27.48
386,1953632,54739,54804,87:55.9,88:02.4,42,55,6.5,2,1,2380,left_to_right,Melbourne City,2,False,False,False,set_play,7,defending_set_play,13,52.01,32.0,1,wide_left,3,attacking_third,False,-24.93,28.59,1,wide_left,1,defensive_third,False,40.25,34.54,71.04,24.9,19.0,48.2,11.57,55.45
387,1953632,54916,55043,88:13.6,88:26.3,43,13,12.7,2,1,2380,left_to_right,Melbourne City,4,False,False,False,create,1,medium_block,9,7.7,-31.9,5,wide_right,2,middle_third,False,-19.63,20.8,1,wide_left,1,defensive_third,False,56.17,58.43,48.5,47.27,38.46,42.75,35.16,47.94
388,1953632,55043,55167,88:26.3,88:38.7,43,26,12.4,2,1,2380,left_to_right,Melbourne City,4,False,False,False,build_up,0,high_block,10,-20.67,20.06,2,half_space_left,1,defensive_third,False,-26.38,31.25,1,wide_left,1,defensive_third,False,58.39,50.48,47.25,51.37,42.65,43.27,47.94,62.71
389,1953632,55167,55195,88:38.7,88:41.5,43,38,2.8,2,1,2380,left_to_right,Melbourne City,1,False,False,False,direct,6,defending_direct,15,-25.64,31.44,1,wide_left,1,defensive_third,False,10.69,22.48,1,wide_left,2,middle_third,False,50.45,41.65,51.52,55.54,43.06,40.99,62.81,64.65
390,1953632,55195,55234,88:41.5,88:45.4,43,41,3.9,2,1,2380,left_to_right,Melbourne City,1,False,False,False,create,1,medium_block,9,11.16,22.26,1,wide_left,2,middle_third,False,23.37,0.56,3,center,3,attacking_third,False,41.12,33.69,55.46,70.87,40.83,35.1,64.63,64.23
391,1953632,55234,55290,88:45.4,88:51.0,43,45,5.6,2,1,2380,left_to_right,Melbourne City,3,False,False,False,finish,2,low_block,8,24.47,-0.62,3,center,3,attacking_third,False,-32.14,1.72,3,center,1,defensive_third,False,33.69,32.1,71.26,54.55,35.14,31.36,64.23,71.29
392,1953632,55290,55335,88:51.0,88:55.5,43,51,4.5,2,1,2380,left_to_right,Melbourne City,2,True,False,True,quick_break,3,defending_quick_break,12,31.68,-1.21,3,center,3,attacking_third,False,47.88,-0.92,3,center,3,attacking_third,True,31.09,28.19,71.26,69.07,32.0,28.29,54.34,48.59
393,1953632,55576,55597,89:19.6,89:21.7,44,19,2.1,2,2,870,right_to_left,CC Mariners,2,False,False,False,build_up,0,high_block,10,,,2,half_space_left,2,middle_third,False,-40.42,-12.05,4,half_space_right,1,defensive_third,False,,58.17,,47.82,,30.73,,68.3
394,1953632,55597,55625,89:21.7,89:24.5,44,21,2.8,2,2,870,right_to_left,CC Mariners,1,True,False,False,direct,6,defending_direct,15,-39.05,-12.35,4,half_space_right,1,defensive_third,False,8.33,-10.19,4,half_space_right,2,middle_third,False,58.13,49.61,47.85,51.7,30.48,28.91,68.53,66.59
395,1953632,55625,55717,89:24.5,89:33.7,44,24,9.2,2,1,2380,left_to_right,Melbourne City,3,False,False,False,create,1,medium_block,9,-8.87,9.92,2,half_space_left,2,middle_third,False,10.15,30.31,1,wide_left,2,middle_third,False,29.1,41.89,66.5,60.93,49.27,38.09,51.81,48.05
396,1953632,55717,56290,89:33.7,90:31.0,44,33,57.3,2,1,2380,left_to_right,Melbourne City,17,False,False,False,finish,2,low_block,8,10.61,30.36,1,wide_left,2,middle_third,False,30.63,-28.58,5,wide_right,3,attacking_third,False,41.93,38.41,61.06,66.71,37.99,29.46,48.01,22.03
397,1953632,56353,56432,90:37.3,90:45.2,45,37,7.9,2,1,2380,left_to_right,Melbourne City,4,False,False,False,finish,2,low_block,8,16.24,-32.83,5,wide_right,2,middle_third,False,5.02,-20.65,5,wide_right,2,middle_third,False,47.92,51.96,59.3,59.62,34.06,39.84,27.45,33.72
398,1953632,56432,56507,90:45.2,90:52.7,45,45,7.5,2,1,2380,left_to_right,Melbourne City,3,False,False,False,create,1,medium_block,9,4.22,-19.24,4,half_space_right,2,middle_third,False,5.64,-32.87,5,wide_right,2,middle_third,False,52.24,55.44,59.54,52.84,39.76,42.24,34.18,44.9
399,1953632,56561,56702,90:58.1,91:12.2,45,58,14.1,2,1,2380,left_to_right,Melbourne City,4,False,False,False,create,1,medium_block,9,8.32,-34.17,5,wide_right,2,middle_third,False,-11.77,24.13,1,wide_left,2,middle_third,False,52.0,61.91,53.26,47.82,36.66,45.29,44.15,54.51
400,1953632,56702,56726,91:12.2,91:14.6,46,12,2.4,2,1,2380,left_to_right,Melbourne City,1,False,False,False,direct,6,defending_direct,15,-11.21,24.34,1,wide_left,2,middle_third,False,23.26,26.02,1,wide_left,3,attacking_third,False,61.77,51.49,48.0,56.84,45.31,46.54,54.53,56.14
401,1953632,56726,56737,91:14.6,91:15.7,46,14,1.1,2,1,2380,left_to_right,Melbourne City,0,False,False,False,create,1,medium_block,9,23.88,26.42,1,wide_left,3,attacking_third,False,26.73,32.69,1,wide_left,3,attacking_third,False,50.91,46.99,57.19,59.69,46.45,45.38,56.21,56.48
402,1953632,56737,56917,91:15.7,91:33.7,46,15,18.0,2,1,2380,left_to_right,Melbourne City,7,False,False,False,finish,2,low_block,8,26.89,33.21,1,wide_left,3,attacking_third,False,26.9,30.16,1,wide_left,3,attacking_third,False,46.99,46.27,59.88,62.38,45.26,37.17,56.46,32.56
403,1953632,56967,56997,91:38.7,91:41.7,46,38,3.0,2,1,2380,left_to_right,Melbourne City,2,False,False,False,create,1,medium_block,9,14.54,32.7,1,wide_left,2,middle_third,False,4.95,29.52,1,wide_left,2,middle_third,False,49.29,48.23,60.06,57.84,38.63,43.17,33.52,36.16
404,1953632,56997,57028,91:41.7,91:44.8,46,41,3.1,2,1,2380,left_to_right,Melbourne City,2,True,False,False,finish,2,low_block,8,5.04,29.41,1,wide_left,2,middle_third,False,19.19,5.4,3,center,3,attacking_third,False,48.09,51.02,57.79,61.68,43.32,44.11,36.2,36.33
405,1953632,57249,57261,92:06.9,92:08.1,47,6,1.2,2,2,870,right_to_left,CC Mariners,1,True,False,False,chaotic,5,chaotic,5,-21.52,34.49,1,wide_left,1,defensive_third,False,-8.32,27.76,1,wide_left,2,middle_third,False,37.53,35.5,51.8,50.76,27.95,26.87,61.09,59.69
406,1953632,57261,57284,92:08.1,92:10.4,47,8,2.3,2,1,2380,left_to_right,Melbourne City,2,False,False,False,finish,2,low_block,8,7.55,-26.96,5,wide_right,2,middle_third,False,5.03,-13.43,4,half_space_right,2,middle_third,False,26.75,25.0,59.5,56.06,35.31,30.23,50.65,49.04
407,1953632,57284,57320,92:10.4,92:14.0,47,10,3.6,2,1,2380,left_to_right,Melbourne City,3,False,False,False,create,1,medium_block,9,4.44,-12.8,4,half_space_right,2,middle_third,False,-19.98,-3.8,3,center,1,defensive_third,False,25.11,42.88,56.02,55.77,30.05,32.08,49.19,56.84
408,1953632,57320,57396,92:14.0,92:21.6,47,14,7.6,2,1,2380,left_to_right,Melbourne City,4,False,False,False,build_up,0,high_block,10,-20.62,-4.06,3,center,1,defensive_third,False,-20.36,17.11,2,half_space_left,1,defensive_third,False,43.43,59.24,55.73,42.28,32.23,41.73,57.33,60.89
409,1953632,57396,57440,92:21.6,92:26.0,47,21,4.4,2,1,2380,left_to_right,Melbourne City,2,False,False,False,create,1,medium_block,9,-19.84,17.76,2,half_space_left,1,defensive_third,False,-7.39,19.05,2,half_space_left,2,middle_third,False,59.36,51.25,42.28,46.44,41.7,38.45,60.9,59.35
410,1953632,57585,57588,92:40.5,92:40.8,47,40,0.3,2,1,2380,left_to_right,Melbourne City,1,False,False,False,direct,6,defending_direct,15,,,2,half_space_left,2,middle_third,False,,,2,half_space_left,2,middle_third,False,,,,,,,,
411,1953632,57588,57592,92:40.8,92:41.2,47,40,0.4,2,1,2380,left_to_right,Melbourne City,1,False,False,False,create,1,medium_block,9,10.19,-25.07,5,wide_right,2,middle_third,False,14.22,-28.19,5,wide_right,2,middle_third,False,49.36,49.35,52.92,53.48,36.96,36.61,48.07,47.97
412,1953632,57592,57629,92:41.2,92:44.9,47,41,3.7,2,1,2380,left_to_right,Melbourne City,1,False,False,False,finish,2,low_block,8,15.67,-29.36,5,wide_right,2,middle_third,False,7.01,-24.36,5,wide_right,2,middle_third,False,49.36,47.84,53.65,55.93,36.68,33.76,47.9,39.85
413,1953632,57629,57960,92:44.9,93:18.0,47,44,33.1,2,1,2380,left_to_right,Melbourne City,8,True,False,False,create,1,medium_block,9,5.86,-23.64,5,wide_right,2,middle_third,False,29.45,22.49,1,wide_left,3,attacking_third,False,48.14,49.56,55.74,62.42,33.73,39.8,39.64,55.65
414,1953632,57960,57970,93:18.0,93:19.0,48,18,1.0,2,2,870,right_to_left,CC Mariners,1,True,False,False,chaotic,5,chaotic,5,-29.59,-22.6,5,wide_right,1,defensive_third,False,-25.23,-26.21,5,wide_right,1,defensive_third,False,39.58,37.7,55.68,55.5,49.15,45.39,62.74,64.28
415,1953632,57970,57998,93:19.0,93:21.8,48,19,2.8,2,1,2380,left_to_right,Melbourne City,1,False,False,False,chaotic,5,chaotic,5,24.98,26.49,1,wide_left,3,attacking_third,False,30.4,25.27,1,wide_left,3,attacking_third,False,44.98,36.96,64.3,65.94,37.49,30.46,55.44,53.09
416,1953632,58406,58544,94:02.6,94:16.4,49,2,13.8,2,1,2380,left_to_right,Melbourne City,3,False,False,False,set_play,7,defending_set_play,13,28.67,26.98,1,wide_left,3,attacking_third,False,47.46,4.12,3,center,3,attacking_third,True,36.6,31.26,61.39,66.03,25.51,27.52,14.89,27.73
417,1953632,58846,58866,94:46.6,94:48.6,49,46,2.0,2,1,2380,left_to_right,Melbourne City,1,False,False,True,set_play,7,defending_set_play,13,51.88,33.31,1,wide_left,3,attacking_third,False,43.58,-1.06,3,center,3,attacking_third,True,38.74,40.68,69.07,68.43,7.49,8.55,14.33,15.12
