index,match_id,frame_start,frame_end,time_start,time_end,minute_start,second_start,duration,period,attacking_side_id,team_in_possession_id,attacking_side,team_in_possession_shortname,n_player_possessions_in_phase,team_possession_loss_in_phase,team_possession_lead_to_goal,team_possession_lead_to_shot,team_in_possession_phase_type,team_in_possession_phase_type_id,team_out_of_possession_phase_type,team_out_of_possession_phase_type_id,x_start,y_start,channel_id_start,channel_start,third_id_start,third_start,penalty_area_start,x_end,y_end,channel_id_end,channel_end,third_id_end,third_end,penalty_area_end,team_in_possession_width_start,team_in_possession_width_end,team_in_possession_length_start,team_in_possession_length_end,team_out_of_possession_width_start,team_out_of_possession_width_end,team_out_of_possession_length_start,team_out_of_possession_length_end
0,1996436,35,93,00:02.5,00:08.3,0,2,5.8,1,1,1804,left_to_right,Macarthur FC,4,False,False,False,create,1,medium_block,9,-0.05,-0.74,3,center,2,middle_third,False,27.22,-2.13,3,center,3,attacking_third,False,52.1,45.74,39.74,65.74,36.0,30.58,39.82,44.06
1,1996436,93,108,00:08.3,00:09.8,0,8,1.5,1,1,1804,left_to_right,Macarthur FC,1,True,False,False,finish,2,low_block,8,28.2,-2.25,3,center,3,attacking_third,False,35.49,-7.44,3,center,3,attacking_third,False,45.41,38.61,66.21,70.79,30.19,28.35,43.86,40.96
2,1996436,108,118,00:09.8,00:10.8,0,9,1.0,1,2,4177,right_to_left,Auckland FC,1,True,False,False,chaotic,5,chaotic,5,-36.02,7.62,3,center,1,defensive_third,False,-47.88,9.23,2,half_space_left,1,defensive_third,False,28.28,27.62,41.09,42.27,38.5,37.66,70.93,71.27
3,1996436,472,487,00:46.2,00:47.7,0,46,1.5,1,1,1804,left_to_right,Macarthur FC,1,True,False,False,set_play,7,defending_set_play,13,50.6,-30.24,5,wide_right,3,attacking_third,False,49.02,-20.59,5,wide_right,3,attacking_third,False,40.55,37.79,68.32,67.93,18.46,25.16,23.33,23.83
4,1996436,487,556,00:47.7,00:54.6,0,47,6.9,1,2,4177,right_to_left,Auckland FC,2,False,False,False,build_up,0,high_block,10,-48.91,20.68,1,wide_left,1,defensive_third,False,-28.75,36.21,1,wide_left,1,defensive_third,False,25.73,38.7,23.81,35.94,37.6,35.02,67.95,55.61
5,1996436,679,751,01:06.9,01:14.1,1,6,7.2,1,2,4177,right_to_left,Auckland FC,2,False,False,False,chaotic,5,chaotic,5,-21.01,34.64,1,wide_left,1,defensive_third,False,34.53,34.62,1,wide_left,3,attacking_third,False,37.33,30.55,50.54,68.12,28.27,29.76,60.97,58.86
6,1996436,961,1161,01:35.1,01:55.1,1,35,20.0,1,2,4177,right_to_left,Auckland FC,7,True,False,False,set_play,7,defending_set_play,13,35.09,34.99,1,wide_left,3,attacking_third,False,-44.6,-27.91,5,wide_right,1,defensive_third,False,33.26,29.58,72.26,34.98,24.68,31.62,30.94,72.77
7,1996436,1161,1213,01:55.1,02:00.3,1,55,5.2,1,1,1804,left_to_right,Macarthur FC,1,True,False,False,chaotic,5,chaotic,5,-44.4,-28.18,5,wide_right,1,defensive_third,False,-33.06,-15.69,4,half_space_right,1,defensive_third,False,29.97,36.53,34.96,29.25,31.95,29.26,72.33,64.23
8,1996436,1213,1252,02:00.3,02:04.2,2,0,3.9,1,2,4177,right_to_left,Auckland FC,1,True,False,False,chaotic,5,chaotic,5,33.07,15.32,2,half_space_left,3,attacking_third,False,46.66,20.23,1,wide_left,3,attacking_third,False,29.0,27.91,64.25,71.21,36.37,29.42,29.05,29.54
9,1996436,1252,1297,02:04.2,02:08.7,2,4,4.5,1,1,1804,left_to_right,Macarthur FC,1,True,False,False,chaotic,5,chaotic,5,-46.75,-18.72,4,half_space_right,1,defensive_third,False,-20.23,-11.5,4,half_space_right,1,defensive_third,False,29.49,32.75,29.59,34.5,27.93,34.79,71.54,68.81
10,1996436,1297,1377,02:08.7,02:16.7,2,8,8.0,1,2,4177,right_to_left,Auckland FC,2,True,False,False,finish,2,low_block,8,19.46,11.41,2,half_space_left,3,attacking_third,False,45.04,20.01,2,half_space_left,3,attacking_third,True,34.97,30.58,68.52,70.81,32.74,25.2,34.65,40.5
11,1996436,1377,1428,02:16.7,02:21.8,2,16,5.1,1,1,1804,left_to_right,Macarthur FC,2,False,False,False,chaotic,5,chaotic,5,-44.88,-19.78,4,half_space_right,1,defensive_third,False,-7.62,-30.94,5,wide_right,2,middle_third,False,24.9,38.65,40.52,45.67,30.54,32.52,70.85,71.63
12,1996436,1572,1608,02:36.2,02:39.8,2,36,3.6,1,1,1804,left_to_right,Macarthur FC,3,True,False,False,create,1,medium_block,9,-6.68,-32.8,5,wide_right,2,middle_third,False,2.09,-28.7,5,wide_right,2,middle_third,False,42.34,41.26,50.5,49.28,33.66,32.35,58.72,56.87
13,1996436,1608,1633,02:39.8,02:42.3,2,39,2.5,1,2,4177,right_to_left,Auckland FC,1,False,False,False,chaotic,5,chaotic,5,-2.54,28.37,1,wide_left,2,middle_third,False,0.17,30.06,1,wide_left,2,middle_third,False,32.33,32.11,56.84,56.59,41.26,37.5,49.26,50.39
14,1996436,1699,1718,02:48.9,02:50.8,2,48,1.9,1,2,4177,right_to_left,Auckland FC,1,False,False,False,create,1,medium_block,9,3.16,33.52,1,wide_left,2,middle_third,False,26.45,28.53,1,wide_left,3,attacking_third,False,34.63,33.1,60.69,66.11,28.15,27.66,50.66,51.3
15,1996436,1718,1776,02:50.8,02:56.6,2,50,5.8,1,2,4177,right_to_left,Auckland FC,1,False,False,False,finish,2,low_block,8,27.54,28.27,1,wide_left,3,attacking_third,False,53.38,32.22,1,wide_left,3,attacking_third,False,32.96,32.13,66.46,82.29,27.66,28.41,51.32,47.28
16,1996436,2022,2134,03:21.2,03:32.4,3,21,11.2,1,2,4177,right_to_left,Auckland FC,4,True,False,False,set_play,7,defending_set_play,13,52.13,31.0,1,wide_left,3,attacking_third,False,35.41,12.32,2,half_space_left,3,attacking_third,False,40.48,31.59,72.5,62.51,31.76,31.08,10.26,34.86
17,1996436,2134,2202,03:32.4,03:39.2,3,32,6.8,1,1,1804,left_to_right,Macarthur FC,4,False,False,False,build_up,0,high_block,10,-35.56,-12.21,4,half_space_right,1,defensive_third,False,-20.99,-31.61,5,wide_right,1,defensive_third,False,31.05,41.16,35.02,45.83,31.31,30.81,62.88,63.49
18,1996436,2202,2233,03:39.2,03:42.3,3,39,3.1,1,1,1804,left_to_right,Macarthur FC,0,True,False,False,create,1,medium_block,9,-19.84,-30.13,5,wide_right,1,defensive_third,False,10.79,11.73,2,half_space_left,2,middle_third,False,41.13,46.14,46.09,56.14,30.94,38.3,63.43,60.55
19,1996436,2233,2235,03:42.3,03:42.5,3,42,0.2,1,2,4177,right_to_left,Auckland FC,1,True,False,False,chaotic,5,chaotic,5,-11.42,-12.82,4,half_space_right,2,middle_third,False,-11.82,-13.7,4,half_space_right,2,middle_third,False,38.69,39.09,60.48,60.4,46.41,46.67,56.32,56.48
20,1996436,2235,2344,03:42.5,03:53.4,3,42,10.9,1,1,1804,left_to_right,Macarthur FC,2,False,False,False,create,1,medium_block,9,11.94,14.42,2,half_space_left,2,middle_third,False,16.14,-12.49,4,half_space_right,2,middle_third,False,46.91,50.04,56.6,57.82,39.48,27.78,60.32,44.85
21,1996436,2344,2415,03:53.4,04:00.5,3,53,7.1,1,1,1804,left_to_right,Macarthur FC,2,False,False,False,finish,2,low_block,8,16.14,-12.84,4,half_space_right,2,middle_third,False,12.67,-15.46,4,half_space_right,2,middle_third,False,49.85,47.55,57.82,59.34,27.75,30.05,44.93,39.85
22,1996436,2415,2429,04:00.5,04:01.9,4,0,1.4,1,1,1804,left_to_right,Macarthur FC,1,False,False,False,create,1,medium_block,9,12.69,-14.65,4,half_space_right,2,middle_third,False,27.87,-22.11,5,wide_right,3,attacking_third,False,47.51,45.61,59.21,59.66,29.73,26.79,40.0,41.47
23,1996436,2429,2497,04:01.9,04:08.7,4,1,6.8,1,1,1804,left_to_right,Macarthur FC,2,False,False,False,finish,2,low_block,8,29.23,-22.66,5,wide_right,3,attacking_third,False,-30.83,-8.45,3,center,1,defensive_third,False,45.41,24.51,60.15,40.05,26.81,40.33,41.59,72.15
24,1996436,2497,2548,04:08.7,04:13.8,4,8,5.1,1,1,1804,left_to_right,Macarthur FC,2,True,False,False,chaotic,5,chaotic,5,30.34,8.7,3,center,3,attacking_third,False,50.0,-2.87,3,center,3,attacking_third,True,40.42,30.39,71.8,71.55,24.6,25.63,40.2,43.82
25,1996436,2548,2720,04:13.8,04:31.0,4,13,17.2,1,2,4177,right_to_left,Auckland FC,2,False,False,False,create,1,medium_block,9,-50.42,2.38,3,center,1,defensive_third,False,-35.27,15.59,2,half_space_left,1,defensive_third,False,25.78,57.83,44.02,51.27,30.33,41.82,71.63,60.62
26,1996436,2720,2757,04:31.0,04:34.7,4,31,3.7,1,2,4177,right_to_left,Auckland FC,1,False,False,False,direct,6,defending_direct,15,-34.96,15.77,2,half_space_left,1,defensive_third,False,23.51,-12.23,4,half_space_right,3,attacking_third,False,57.88,47.57,51.37,68.96,41.91,35.7,60.6,60.19
27,1996436,2757,2761,04:34.7,04:35.1,4,34,0.4,1,2,4177,right_to_left,Auckland FC,1,False,False,False,create,1,medium_block,9,24.79,-12.83,4,half_space_right,3,attacking_third,False,28.35,-13.54,4,half_space_right,3,attacking_third,False,47.22,46.12,69.57,71.42,35.73,35.85,60.13,59.9
28,1996436,2761,2793,04:35.1,04:38.3,4,35,3.2,1,2,4177,right_to_left,Auckland FC,1,True,False,False,finish,2,low_block,8,29.52,-13.65,4,half_space_right,3,attacking_third,False,44.54,-9.63,4,half_space_right,3,attacking_third,True,45.77,42.18,72.03,84.68,35.88,37.87,59.81,58.2
29,1996436,2793,2847,04:38.3,04:43.7,4,38,5.4,1,1,1804,left_to_right,Macarthur FC,2,True,False,False,build_up,0,high_block,10,-44.49,8.95,3,center,1,defensive_third,False,-28.84,8.64,3,center,1,defensive_third,False,37.87,45.28,57.96,47.48,42.22,40.27,84.84,65.66
30,1996436,2847,2995,04:43.7,04:58.5,4,43,14.8,1,2,4177,right_to_left,Auckland FC,6,False,False,False,finish,2,low_block,8,28.47,-8.36,3,center,3,attacking_third,False,6.29,-23.83,5,wide_right,2,middle_third,False,40.28,43.42,65.53,60.97,45.35,35.38,47.31,40.93
31,1996436,2995,3011,04:58.5,05:00.1,4,58,1.6,1,2,4177,right_to_left,Auckland FC,1,True,False,False,create,1,medium_block,9,5.28,-22.98,5,wide_right,2,middle_third,False,14.14,-20.19,5,wide_right,2,middle_third,False,43.37,42.24,60.93,59.38,35.09,30.74,41.28,45.39
32,1996436,3422,3458,05:41.2,05:44.8,5,41,3.6,1,1,1804,left_to_right,Macarthur FC,1,True,False,False,direct,6,defending_direct,15,-46.32,-7.22,3,center,1,defensive_third,False,2.13,-22.82,5,wide_right,2,middle_third,False,38.67,36.23,51.96,53.81,29.04,26.63,46.66,49.84
33,1996436,3458,3481,05:44.8,05:47.1,5,44,2.3,1,2,4177,right_to_left,Auckland FC,1,True,False,False,chaotic,5,chaotic,5,-2.47,23.33,1,wide_left,2,middle_third,False,12.64,22.03,1,wide_left,2,middle_third,False,26.49,25.83,50.05,50.99,36.19,36.95,53.83,50.56
34,1996436,3481,3510,05:47.1,05:50.0,5,47,2.9,1,1,1804,left_to_right,Macarthur FC,1,False,False,False,chaotic,5,chaotic,5,-13.2,-21.93,5,wide_right,2,middle_third,False,6.31,-21.69,5,wide_right,2,middle_third,False,36.91,37.18,50.45,51.65,25.88,26.55,50.86,52.02
35,1996436,3813,3823,06:20.3,06:21.3,6,20,1.0,1,1,1804,left_to_right,Macarthur FC,1,False,False,False,set_play,7,defending_set_play,13,,,2,half_space_left,2,middle_third,False,,,2,half_space_left,2,middle_third,False,,,,,,,,
36,1996436,4651,4661,07:44.1,07:45.1,7,44,1.0,1,1,1804,left_to_right,Macarthur FC,1,False,False,False,chaotic,5,chaotic,5,,,2,half_space_left,2,middle_third,False,,,2,half_space_left,2,middle_third,False,,,,,,,,
37,1996436,4967,5003,08:15.7,08:19.3,8,15,3.6,1,1,1804,left_to_right,Macarthur FC,2,True,False,False,chaotic,5,chaotic,5,-6.52,2.3,3,center,2,middle_third,False,26.94,2.89,3,center,3,attacking_third,False,56.51,51.58,51.79,64.17,46.48,44.77,45.42,44.05
38,1996436,5003,5126,08:19.3,08:31.6,8,19,12.3,1,2,4177,right_to_left,Auckland FC,3,False,False,False,transition,4,defending_transition,11,-27.34,-2.59,3,center,1,defensive_third,False,42.53,-32.14,5,wide_right,3,attacking_third,False,44.12,41.44,44.18,76.1,50.96,37.41,64.51,64.93
39,1996436,5407,5448,08:59.7,09:03.8,8,59,4.1,1,2,4177,right_to_left,Auckland FC,3,False,True,True,set_play,7,defending_set_play,13,44.11,-31.82,5,wide_right,3,attacking_third,False,53.36,-3.44,3,center,3,attacking_third,False,39.64,29.8,72.88,78.75,21.73,20.67,25.14,24.06
40,1996436,6190,6248,10:18.0,10:23.8,10,18,5.8,1,1,1804,left_to_right,Macarthur FC,3,False,False,False,create,1,medium_block,9,0.03,-0.22,3,center,2,middle_third,False,-19.58,11.94,2,half_space_left,1,defensive_third,False,53.52,43.6,43.01,53.22,32.28,33.81,41.97,52.06
41,1996436,6248,6277,10:23.8,10:26.7,10,23,2.9,1,1,1804,left_to_right,Macarthur FC,1,False,False,False,build_up,0,high_block,10,-20.04,11.56,2,half_space_left,1,defensive_third,False,-39.21,2.65,3,center,1,defensive_third,False,43.86,53.81,53.0,46.56,33.91,37.23,52.19,67.87
42,1996436,6277,6315,10:26.7,10:30.5,10,26,3.8,1,1,1804,left_to_right,Macarthur FC,1,True,False,False,direct,6,defending_direct,15,-39.29,2.61,3,center,1,defensive_third,False,4.68,15.5,2,half_space_left,2,middle_third,False,53.99,45.75,46.19,48.06,37.27,33.1,68.36,64.79
43,1996436,6315,6372,10:30.5,10:36.2,10,30,5.7,1,2,4177,right_to_left,Auckland FC,2,True,False,False,chaotic,5,chaotic,5,-5.12,-15.32,4,half_space_right,2,middle_third,False,11.13,-34.48,5,wide_right,2,middle_third,False,32.65,37.67,64.41,56.44,45.34,47.75,48.26,44.59
44,1996436,6549,6559,10:53.9,10:54.9,10,53,1.0,1,1,1804,left_to_right,Macarthur FC,1,False,False,False,chaotic,5,chaotic,5,-6.66,31.34,1,wide_left,2,middle_third,False,2.05,30.86,1,wide_left,2,middle_third,False,45.14,45.27,47.51,47.73,28.18,28.53,52.34,52.11
45,1996436,6728,6738,11:11.8,11:12.8,11,11,1.0,1,1,1804,left_to_right,Macarthur FC,1,False,False,False,chaotic,5,chaotic,5,-2.83,31.0,1,wide_left,2,middle_third,False,2.72,31.83,1,wide_left,2,middle_third,False,48.42,48.66,49.1,48.99,32.27,32.17,50.72,50.66
46,1996436,6854,6904,11:24.4,11:29.4,11,24,5.0,1,1,1804,left_to_right,Macarthur FC,3,True,False,False,chaotic,5,chaotic,5,-1.41,33.18,1,wide_left,2,middle_third,False,15.45,3.81,3,center,2,middle_third,False,45.87,39.37,49.91,51.96,28.95,30.26,51.44,47.36
47,1996436,6904,6924,11:29.4,11:31.4,11,29,2.0,1,2,4177,right_to_left,Auckland FC,1,True,False,False,chaotic,5,chaotic,5,-15.36,-2.84,3,center,2,middle_third,False,3.82,-4.11,3,center,2,middle_third,False,30.09,30.74,47.33,48.22,39.22,39.46,52.13,53.26
48,1996436,6924,6953,11:31.4,11:34.3,11,31,2.9,1,1,1804,left_to_right,Macarthur FC,1,True,False,False,chaotic,5,chaotic,5,-4.3,4.07,3,center,2,middle_third,False,18.83,2.57,3,center,3,attacking_third,False,39.52,36.62,53.25,58.06,30.95,29.01,48.23,46.59
49,1996436,6953,6975,11:34.3,11:36.5,11,34,2.2,1,2,4177,right_to_left,Auckland FC,1,True,False,False,chaotic,5,chaotic,5,-19.04,-2.19,3,center,1,defensive_third,False,-4.61,-6.23,3,center,2,middle_third,False,28.71,23.28,46.61,45.07,36.42,31.34,58.31,58.09
50,1996436,6975,7005,11:36.5,11:39.5,11,36,3.0,1,1,1804,left_to_right,Macarthur FC,1,False,False,False,chaotic,5,chaotic,5,4.2,6.26,3,center,2,middle_third,False,5.42,1.52,3,center,2,middle_third,False,31.17,35.34,57.95,57.55,23.48,27.8,44.96,39.35
51,1996436,7200,7210,11:59.0,12:00.0,11,59,1.0,1,1,1804,left_to_right,Macarthur FC,1,True,False,False,set_play,7,defending_set_play,13,7.17,2.96,3,center,2,middle_third,False,21.52,16.84,2,half_space_left,3,attacking_third,False,58.85,57.4,55.54,56.06,35.82,35.3,36.88,37.65
52,1996436,7332,7343,12:12.2,12:13.3,12,12,1.1,1,2,4177,right_to_left,Auckland FC,1,True,False,False,chaotic,5,chaotic,5,-29.68,-30.12,5,wide_right,1,defensive_third,False,-21.27,-28.97,5,wide_right,1,defensive_third,False,39.71,39.45,41.18,40.79,28.15,26.93,61.41,61.44
53,1996436,7343,7402,12:13.3,12:19.2,12,13,5.9,1,1,1804,left_to_right,Macarthur FC,4,True,False,False,chaotic,5,chaotic,5,20.97,28.55,1,wide_left,3,attacking_third,False,36.43,7.1,3,center,3,attacking_third,True,26.76,28.59,61.34,68.64,39.33,24.66,40.68,35.65
54,1996436,7402,7449,12:19.2,12:23.9,12,19,4.7,1,2,4177,right_to_left,Auckland FC,2,True,False,False,chaotic,5,chaotic,5,-36.42,-6.97,3,center,1,defensive_third,False,-20.71,15.83,2,half_space_left,1,defensive_third,False,24.55,41.14,35.58,41.78,28.46,35.12,68.8,61.81
55,1996436,7449,7489,12:23.9,12:27.9,12,23,4.0,1,1,1804,left_to_right,Macarthur FC,1,True,False,False,chaotic,5,chaotic,5,20.31,-16.24,4,half_space_right,3,attacking_third,False,29.88,-15.11,4,half_space_right,3,attacking_third,False,35.3,37.13,61.83,62.49,41.52,31.73,42.06,47.71
56,1996436,7489,7584,12:27.9,12:37.4,12,27,9.5,1,2,4177,right_to_left,Auckland FC,4,False,False,False,build_up,0,high_block,10,-31.18,15.01,2,half_space_left,1,defensive_third,False,-20.37,22.09,1,wide_left,1,defensive_third,False,31.59,32.82,47.77,46.85,37.01,36.42,63.0,63.71
57,1996436,7584,7668,12:37.4,12:45.8,12,37,8.4,1,2,4177,right_to_left,Auckland FC,3,False,False,False,create,1,medium_block,9,-19.95,21.84,1,wide_left,1,defensive_third,False,21.76,16.34,2,half_space_left,3,attacking_third,False,32.86,39.29,46.86,69.72,36.47,32.5,63.48,62.3
58,1996436,7668,7698,12:45.8,12:48.8,12,45,3.0,1,2,4177,right_to_left,Auckland FC,1,True,False,False,finish,2,low_block,8,22.0,15.93,2,half_space_left,3,attacking_third,False,32.94,2.76,3,center,3,attacking_third,False,39.12,34.6,69.79,69.04,32.45,34.73,62.16,57.33
59,1996436,7698,7771,12:48.8,12:56.1,12,48,7.3,1,1,1804,left_to_right,Macarthur FC,2,True,False,False,build_up,0,high_block,10,-33.07,-2.5,3,center,1,defensive_third,False,-20.34,28.46,1,wide_left,1,defensive_third,False,34.89,56.91,57.13,50.09,34.72,53.59,68.98,75.58
60,1996436,7771,7834,12:56.1,13:02.4,12,56,6.3,1,2,4177,right_to_left,Auckland FC,2,True,False,False,quick_break,3,defending_quick_break,12,20.05,-29.12,5,wide_right,3,attacking_third,False,39.41,-0.36,3,center,3,attacking_third,True,53.69,40.08,75.41,82.36,57.03,41.68,49.99,46.4
61,1996436,7834,7876,13:02.4,13:06.6,13,2,4.2,1,1,1804,left_to_right,Macarthur FC,2,True,False,False,chaotic,5,chaotic,5,-38.88,0.11,3,center,1,defensive_third,False,-17.38,7.23,3,center,1,defensive_third,False,41.43,34.98,46.27,39.02,39.78,35.76,82.41,73.02
62,1996436,7876,7924,13:06.6,13:11.4,13,6,4.8,1,2,4177,right_to_left,Auckland FC,1,True,False,False,chaotic,5,chaotic,5,17.3,-7.4,3,center,2,middle_third,False,46.67,3.15,3,center,3,attacking_third,True,35.97,45.31,72.7,69.93,35.1,39.75,38.8,38.83
63,1996436,7924,8173,13:11.4,13:36.3,13,11,24.9,1,1,1804,left_to_right,Macarthur FC,6,False,False,False,build_up,0,high_block,10,-47.3,-3.66,3,center,1,defensive_third,False,-24.35,-13.8,4,half_space_right,1,defensive_third,False,39.79,49.25,38.99,50.38,45.29,35.4,69.91,65.95
64,1996436,8296,8399,13:48.6,13:58.9,13,48,10.3,1,1,1804,left_to_right,Macarthur FC,4,False,False,True,create,1,medium_block,9,-25.27,-8.7,3,center,1,defensive_third,False,19.45,16.1,2,half_space_left,3,attacking_third,False,45.57,45.77,48.55,59.43,36.76,34.23,58.31,50.26
65,1996436,8399,8663,13:58.9,14:25.3,13,58,26.4,1,1,1804,left_to_right,Macarthur FC,8,True,False,True,finish,2,low_block,8,20.65,16.39,2,half_space_left,3,attacking_third,False,50.98,-0.1,3,center,3,attacking_third,True,45.34,31.78,60.0,75.43,34.14,28.9,50.35,41.48
66,1996436,9029,9105,15:01.9,15:09.5,15,1,7.6,1,2,4177,right_to_left,Auckland FC,1,True,False,False,direct,6,defending_direct,15,-32.01,-10.34,4,half_space_right,1,defensive_third,False,13.06,-17.93,4,half_space_right,2,middle_third,False,45.91,31.91,58.59,59.78,30.15,26.59,44.87,45.92
67,1996436,9105,9122,15:09.5,15:11.2,15,9,1.7,1,1,1804,left_to_right,Macarthur FC,1,True,False,False,chaotic,5,chaotic,5,-13.05,17.4,2,half_space_left,2,middle_third,False,-5.78,22.02,1,wide_left,2,middle_third,False,26.62,27.37,45.91,45.63,31.81,31.86,59.48,56.07
68,1996436,9122,9153,15:11.2,15:14.3,15,11,3.1,1,2,4177,right_to_left,Auckland FC,1,True,False,False,chaotic,5,chaotic,5,5.72,-22.04,5,wide_right,2,middle_third,False,21.31,-19.27,4,half_space_right,3,attacking_third,False,31.89,30.39,55.97,60.56,27.42,30.79,45.61,46.3
69,1996436,9221,9260,15:21.1,15:25.0,15,21,3.9,1,1,1804,left_to_right,Macarthur FC,2,False,False,False,create,1,medium_block,9,-16.81,31.88,1,wide_left,2,middle_third,False,-19.94,15.97,2,half_space_left,1,defensive_third,False,43.6,48.59,45.3,46.12,34.97,33.48,62.51,54.06
70,1996436,9260,9443,15:25.0,15:43.3,15,25,18.3,1,1,1804,left_to_right,Macarthur FC,5,False,False,False,build_up,0,high_block,10,-20.99,16.32,2,half_space_left,1,defensive_third,False,-20.34,-21.82,5,wide_right,1,defensive_third,False,48.77,56.68,46.14,51.23,33.5,35.56,53.98,64.45
71,1996436,9443,9456,15:43.3,15:44.6,15,43,1.3,1,1,1804,left_to_right,Macarthur FC,0,True,False,False,create,1,medium_block,9,-19.86,-21.45,5,wide_right,1,defensive_third,False,-14.1,-17.79,4,half_space_right,2,middle_third,False,56.27,50.74,51.31,51.38,35.63,36.15,64.26,62.75
72,1996436,9456,9496,15:44.6,15:48.6,15,44,4.0,1,2,4177,right_to_left,Auckland FC,1,True,False,False,chaotic,5,chaotic,5,13.72,17.75,2,half_space_left,2,middle_third,False,27.43,20.85,1,wide_left,3,attacking_third,False,36.17,36.86,62.71,64.99,50.25,38.84,51.3,45.18
73,1996436,9705,9773,16:09.5,16:16.3,16,9,6.8,1,1,1804,left_to_right,Macarthur FC,2,False,False,False,build_up,0,high_block,10,,,2,half_space_left,2,middle_third,False,-20.52,21.51,1,wide_left,1,defensive_third,False,,61.41,,49.44,,39.3,,67.54
74,1996436,9773,9795,16:16.3,16:18.5,16,16,2.2,1,1,1804,left_to_right,Macarthur FC,0,True,False,False,create,1,medium_block,9,-19.25,21.08,1,wide_left,1,defensive_third,False,-0.13,10.4,2,half_space_left,2,middle_third,False,61.26,55.0,49.37,46.52,39.21,37.95,67.35,62.03
75,1996436,9795,9840,16:18.5,16:23.0,16,18,4.5,1,2,4177,right_to_left,Auckland FC,3,True,False,False,chaotic,5,chaotic,5,-0.06,-10.21,4,half_space_right,2,middle_third,False,-2.27,-5.73,3,center,2,middle_third,False,38.04,49.88,61.77,57.7,54.47,39.99,46.27,46.93
76,1996436,9840,9905,16:23.0,16:29.5,16,23,6.5,1,1,1804,left_to_right,Macarthur FC,1,False,False,False,create,1,medium_block,9,2.34,5.55,3,center,2,middle_third,False,22.88,-4.94,3,center,3,attacking_third,False,39.98,35.46,47.25,68.21,50.26,38.72,57.76,56.58
77,1996436,9905,10096,16:29.5,16:48.6,16,29,19.1,1,1,1804,left_to_right,Macarthur FC,6,False,False,False,finish,2,low_block,8,23.53,-5.09,3,center,3,attacking_third,False,-36.96,14.89,2,half_space_left,1,defensive_third,False,35.34,27.69,68.57,39.44,38.35,32.96,56.17,66.62
78,1996436,10096,10111,16:48.6,16:50.1,16,48,1.5,1,1,1804,left_to_right,Macarthur FC,1,True,False,False,chaotic,5,chaotic,5,36.74,-15.42,4,half_space_right,3,attacking_third,True,39.09,-16.18,4,half_space_right,3,attacking_third,True,33.04,33.76,66.57,66.48,27.84,25.73,39.54,40.33
79,1996436,10111,10136,16:50.1,16:52.6,16,50,2.5,1,2,4177,right_to_left,Auckland FC,1,True,False,False,chaotic,5,chaotic,5,-39.28,16.12,2,half_space_left,1,defensive_third,False,-38.74,14.75,2,half_space_left,1,defensive_third,False,25.3,21.58,40.34,39.56,33.7,29.47,66.83,69.43
80,1996436,10136,10170,16:52.6,16:56.0,16,52,3.4,1,1,1804,left_to_right,Macarthur FC,2,False,False,False,chaotic,5,chaotic,5,38.48,-15.0,4,half_space_right,3,attacking_third,True,48.01,-5.51,3,center,3,attacking_third,True,29.28,28.79,69.43,73.21,21.57,25.66,39.51,38.04
81,1996436,10754,10954,17:54.4,18:14.4,17,54,20.0,1,1,1804,left_to_right,Macarthur FC,3,False,True,True,set_play,7,defending_set_play,13,51.09,-30.69,5,wide_right,3,attacking_third,False,34.2,14.76,2,half_space_left,3,attacking_third,False,44.48,36.9,75.67,65.32,17.92,31.32,26.5,40.58
82,1996436,10954,10994,18:14.4,18:18.4,18,14,4.0,1,1,1804,left_to_right,Macarthur FC,3,False,True,True,finish,2,low_block,8,35.38,13.07,2,half_space_left,3,attacking_third,False,54.35,-1.49,3,center,3,attacking_third,False,36.73,24.0,65.71,78.82,30.94,26.03,40.6,46.17
83,1996436,11781,11871,19:37.1,19:46.1,19,37,9.0,1,2,4177,right_to_left,Auckland FC,4,False,False,False,create,1,medium_block,9,-1.71,-0.45,3,center,2,middle_third,False,-19.99,18.14,2,half_space_left,1,defensive_third,False,42.39,41.64,42.27,55.35,52.26,38.15,43.26,53.84
84,1996436,11871,11943,19:46.1,19:53.3,19,46,7.2,1,2,4177,right_to_left,Auckland FC,4,False,False,False,build_up,0,high_block,10,-20.59,17.97,2,half_space_left,1,defensive_third,False,-20.02,-29.65,5,wide_right,1,defensive_third,False,41.98,52.54,55.32,54.16,38.1,36.22,54.05,63.21
85,1996436,11943,12093,19:53.3,20:08.3,19,53,15.0,1,2,4177,right_to_left,Auckland FC,5,False,False,False,create,1,medium_block,9,-19.89,-29.76,5,wide_right,1,defensive_third,False,-19.6,-24.87,5,wide_right,1,defensive_third,False,52.37,52.79,54.22,53.33,36.31,38.25,63.13,58.06
86,1996436,12093,12133,20:08.3,20:12.3,20,8,4.0,1,2,4177,right_to_left,Auckland FC,1,False,False,False,build_up,0,high_block,10,-20.36,-24.32,5,wide_right,1,defensive_third,False,-20.26,-14.1,4,half_space_right,1,defensive_third,False,52.88,55.21,53.3,52.63,38.23,34.24,58.34,62.4
87,1996436,12133,12281,20:12.3,20:27.1,20,12,14.8,1,2,4177,right_to_left,Auckland FC,5,False,False,False,create,1,medium_block,9,-19.82,-13.55,4,half_space_right,1,defensive_third,False,-19.99,28.95,1,wide_left,1,defensive_third,False,55.29,54.99,52.64,51.29,34.18,41.45,62.2,57.49
88,1996436,12281,12393,20:27.1,20:38.3,20,27,11.2,1,2,4177,right_to_left,Auckland FC,3,False,False,False,build_up,0,high_block,10,-21.0,28.13,1,wide_left,1,defensive_third,False,-21.74,-12.81,4,half_space_right,1,defensive_third,False,54.94,54.66,51.24,49.58,41.12,38.53,57.84,63.89
89,1996436,12393,12423,20:38.3,20:41.3,20,38,3.0,1,2,4177,right_to_left,Auckland FC,1,True,False,False,direct,6,defending_direct,15,-20.86,-13.12,4,half_space_right,1,defensive_third,False,19.85,-23.31,5,wide_right,3,attacking_third,False,54.55,47.6,49.75,59.9,38.45,38.46,63.7,61.74
90,1996436,12423,12438,20:41.3,20:42.8,20,41,1.5,1,1,1804,left_to_right,Macarthur FC,1,True,False,False,chaotic,5,chaotic,5,-20.33,23.65,1,wide_left,1,defensive_third,False,-13.07,26.56,1,wide_left,2,middle_third,False,38.19,36.31,61.75,61.17,47.34,44.09,60.33,63.85
91,1996436,12438,12458,20:42.8,20:44.8,20,42,2.0,1,2,4177,right_to_left,Auckland FC,1,False,False,False,finish,2,low_block,8,12.7,-26.49,5,wide_right,2,middle_third,False,10.21,-28.56,5,wide_right,2,middle_third,False,43.91,42.98,63.95,61.92,36.33,36.94,61.05,57.85
92,1996436,12458,12619,20:44.8,21:00.9,20,44,16.1,1,2,4177,right_to_left,Auckland FC,6,False,False,False,create,1,medium_block,9,10.04,-28.38,5,wide_right,2,middle_third,False,19.79,-26.78,5,wide_right,3,attacking_third,False,43.12,51.29,61.81,59.99,36.92,35.53,57.66,54.89
93,1996436,12619,12718,21:00.9,21:10.8,21,0,9.9,1,2,4177,right_to_left,Auckland FC,4,False,False,False,finish,2,low_block,8,20.51,-27.34,5,wide_right,3,attacking_third,False,44.87,-1.8,3,center,3,attacking_third,True,51.01,40.72,60.06,75.34,35.61,34.99,54.93,45.27
94,1996436,12957,13029,21:34.7,21:41.9,21,34,7.2,1,2,4177,right_to_left,Auckland FC,3,True,False,False,set_play,7,defending_set_play,13,44.73,32.87,1,wide_left,3,attacking_third,False,29.72,2.32,3,center,3,attacking_third,False,38.58,29.07,70.86,62.91,22.49,19.83,34.68,27.01
95,1996436,13029,13085,21:41.9,21:47.5,21,41,5.6,1,1,1804,left_to_right,Macarthur FC,2,True,False,False,build_up,0,high_block,10,-29.95,-2.08,3,center,1,defensive_third,False,-26.21,9.89,2,half_space_left,1,defensive_third,False,19.85,33.56,27.16,36.85,29.21,30.11,62.73,66.67
96,1996436,13532,13608,22:32.2,22:39.8,22,32,7.6,1,2,4177,right_to_left,Auckland FC,5,False,False,False,finish,2,low_block,8,16.78,-33.7,5,wide_right,2,middle_third,False,5.95,-16.42,4,half_space_right,2,middle_third,False,38.84,47.41,66.96,57.82,33.75,34.99,44.45,41.71
97,1996436,13608,13741,22:39.8,22:53.1,22,39,13.3,1,2,4177,right_to_left,Auckland FC,4,False,False,False,create,1,medium_block,9,5.02,-16.36,4,half_space_right,2,middle_third,False,4.32,19.6,2,half_space_left,2,middle_third,False,47.57,53.42,57.76,60.2,34.99,38.63,41.69,43.23
98,1996436,13741,13751,22:53.1,22:54.1,22,53,1.0,1,2,4177,right_to_left,Auckland FC,1,True,False,False,finish,2,low_block,8,5.11,19.67,2,half_space_left,2,middle_third,False,19.79,26.36,1,wide_left,3,attacking_third,False,53.19,50.9,60.37,61.89,38.52,38.06,43.3,44.0
99,1996436,13900,13918,23:09.0,23:10.8,23,9,1.8,1,1,1804,left_to_right,Macarthur FC,2,False,False,False,build_up,0,high_block,10,-31.93,-34.4,5,wide_right,1,defensive_third,False,-29.74,-33.17,5,wide_right,1,defensive_third,False,38.86,37.32,46.83,46.53,29.83,28.92,67.01,66.36
100,1996436,13918,13940,23:10.8,23:13.0,23,10,2.2,1,1,1804,left_to_right,Macarthur FC,1,True,False,False,direct,6,defending_direct,15,-29.4,-33.34,5,wide_right,1,defensive_third,False,4.0,-21.71,5,wide_right,2,middle_third,False,37.27,35.35,46.52,47.96,28.92,28.42,66.23,63.64
101,1996436,13940,14132,23:13.0,23:32.2,23,13,19.2,1,2,4177,right_to_left,Auckland FC,4,True,False,False,create,1,medium_block,9,-5.17,21.15,1,wide_left,2,middle_third,False,15.37,17.28,2,half_space_left,2,middle_third,False,28.34,53.56,63.59,56.71,35.21,34.7,48.0,50.98
102,1996436,14132,14252,23:32.2,23:44.2,23,32,12.0,1,1,1804,left_to_right,Macarthur FC,3,True,False,True,transition,4,defending_transition,11,-15.88,-16.98,4,half_space_right,2,middle_third,False,30.35,-17.22,4,half_space_right,3,attacking_third,False,34.36,33.31,51.03,72.62,53.33,29.87,56.88,51.77
103,1996436,14252,14323,23:44.2,23:51.3,23,44,7.1,1,2,4177,right_to_left,Auckland FC,2,False,False,False,transition,4,defending_transition,11,-30.09,17.67,2,half_space_left,1,defensive_third,False,4.99,35.3,1,wide_left,2,middle_third,False,29.97,36.6,51.68,59.44,33.29,39.1,72.8,66.35
104,1996436,14405,14581,23:59.5,24:17.1,23,59,17.6,1,2,4177,right_to_left,Auckland FC,8,False,False,False,create,1,medium_block,9,-2.83,32.23,1,wide_left,2,middle_third,False,6.0,22.46,1,wide_left,2,middle_third,False,42.43,56.86,61.4,56.05,30.75,41.54,55.99,41.93
105,1996436,14581,14647,24:17.1,24:23.7,24,17,6.6,1,2,4177,right_to_left,Auckland FC,2,False,False,False,finish,2,low_block,8,5.81,22.69,1,wide_left,2,middle_third,False,36.06,24.91,1,wide_left,3,attacking_third,False,56.75,40.85,56.16,65.42,41.52,39.59,41.93,44.08
106,1996436,14714,14762,24:30.4,24:35.2,24,30,4.8,1,2,4177,right_to_left,Auckland FC,3,True,False,False,create,1,medium_block,9,4.5,26.46,1,wide_left,2,middle_third,False,16.87,6.1,3,center,2,middle_third,False,41.68,53.64,67.49,60.76,33.07,36.41,44.27,47.41
107,1996436,14762,14897,24:35.2,24:48.7,24,35,13.5,1,1,1804,left_to_right,Macarthur FC,4,False,False,False,transition,4,defending_transition,11,-16.46,-5.94,3,center,2,middle_third,False,49.73,-17.37,4,half_space_right,3,attacking_third,True,36.39,40.82,47.33,74.42,53.43,29.15,60.68,42.69
108,1996436,15251,15319,25:24.1,25:30.9,25,24,6.8,1,1,1804,left_to_right,Macarthur FC,3,False,False,False,set_play,7,defending_set_play,13,50.52,-30.88,5,wide_right,3,attacking_third,False,-20.74,-28.55,5,wide_right,1,defensive_third,False,42.85,36.43,72.64,37.12,31.18,56.4,26.17,65.46
109,1996436,15378,15426,25:36.8,25:41.6,25,36,4.8,1,1,1804,left_to_right,Macarthur FC,2,False,False,False,create,1,medium_block,9,2.3,34.55,1,wide_left,2,middle_third,False,-19.12,29.4,1,wide_left,1,defensive_third,False,55.42,50.96,57.89,55.5,37.57,41.74,42.35,58.59
110,1996436,15426,15445,25:41.6,25:43.5,25,41,1.9,1,1,1804,left_to_right,Macarthur FC,1,False,False,False,build_up,0,high_block,10,-20.54,29.18,1,wide_left,1,defensive_third,False,-25.2,31.11,1,wide_left,1,defensive_third,False,51.0,50.41,55.44,52.6,41.8,41.15,58.94,61.28
111,1996436,15445,15479,25:43.5,25:46.9,25,43,3.4,1,1,1804,left_to_right,Macarthur FC,1,True,False,False,direct,6,defending_direct,15,-24.55,31.25,1,wide_left,1,defensive_third,False,14.51,19.86,2,half_space_left,2,middle_third,False,50.32,45.55,52.36,53.96,41.08,32.79,61.17,57.25
112,1996436,15479,15640,25:46.9,26:03.0,25,46,16.1,1,2,4177,right_to_left,Auckland FC,4,True,False,False,create,1,medium_block,9,-15.02,-19.52,4,half_space_right,2,middle_third,False,5.17,-4.9,3,center,2,middle_third,False,32.46,57.48,57.16,54.93,45.61,33.27,54.1,43.82
113,1996436,15640,15748,26:03.0,26:13.8,26,3,10.8,1,1,1804,left_to_right,Macarthur FC,4,False,False,False,create,1,medium_block,9,-5.14,5.11,3,center,2,middle_third,False,20.72,18.23,2,half_space_left,3,attacking_third,False,33.13,50.04,43.81,60.91,57.39,34.23,54.87,45.98
114,1996436,15748,15755,26:13.8,26:14.5,26,13,0.7,1,1,1804,left_to_right,Macarthur FC,1,True,False,False,finish,2,low_block,8,20.94,18.14,2,half_space_left,3,attacking_third,False,21.68,17.35,2,half_space_left,3,attacking_third,False,49.89,49.31,61.09,61.96,34.07,32.53,46.01,46.14
115,1996436,15755,15779,26:14.5,26:16.9,26,14,2.4,1,2,4177,right_to_left,Auckland FC,1,False,False,False,chaotic,5,chaotic,5,-21.95,-17.04,4,half_space_right,1,defensive_third,False,-22.3,-8.12,3,center,1,defensive_third,False,32.22,29.52,46.16,46.81,49.25,45.87,62.06,61.96
116,1996436,16365,16490,27:15.5,27:28.0,27,15,12.5,1,2,4177,right_to_left,Auckland FC,4,False,False,False,set_play,7,defending_set_play,13,41.93,-20.12,4,half_space_right,3,attacking_third,True,15.19,-7.98,3,center,2,middle_third,False,34.76,42.63,67.77,61.48,18.76,23.16,29.5,35.26
117,1996436,17022,17061,28:21.2,28:25.1,28,21,3.9,1,2,4177,right_to_left,Auckland FC,2,False,False,False,set_play,7,defending_set_play,13,17.94,-10.16,4,half_space_right,3,attacking_third,False,-25.66,4.09,3,center,1,defensive_third,False,34.18,18.08,59.38,26.25,20.15,20.6,21.18,63.75
118,1996436,17180,17380,28:37.0,28:57.0,28,37,20.0,1,2,4177,right_to_left,Auckland FC,7,True,False,False,create,1,medium_block,9,-10.95,-30.24,5,wide_right,2,middle_third,False,26.11,-29.91,5,wide_right,3,attacking_third,False,47.9,52.43,55.52,60.16,31.48,38.34,38.51,43.11
119,1996436,17380,17478,28:57.0,29:06.8,28,57,9.8,1,1,1804,left_to_right,Macarthur FC,2,True,False,False,chaotic,5,chaotic,5,-26.79,29.84,1,wide_left,1,defensive_third,False,-26.68,12.16,2,half_space_left,1,defensive_third,False,38.31,34.46,43.1,35.45,52.04,33.04,60.27,65.29
120,1996436,17478,17500,29:06.8,29:09.0,29,6,2.2,1,2,4177,right_to_left,Auckland FC,1,True,False,False,chaotic,5,chaotic,5,26.15,-12.02,4,half_space_right,3,attacking_third,False,27.53,-17.49,4,half_space_right,3,attacking_third,False,32.91,33.51,65.14,60.59,34.42,36.23,35.46,35.14
121,1996436,17500,17530,29:09.0,29:12.0,29,9,3.0,1,1,1804,left_to_right,Macarthur FC,1,True,False,False,chaotic,5,chaotic,5,-27.8,17.91,2,half_space_left,1,defensive_third,False,-9.66,17.72,2,half_space_left,2,middle_third,False,36.56,41.74,35.12,36.04,33.76,39.22,60.27,57.88
122,1996436,17530,17561,29:12.0,29:15.1,29,12,3.1,1,2,4177,right_to_left,Auckland FC,2,False,False,True,finish,2,low_block,8,8.99,-17.59,4,half_space_right,2,middle_third,False,8.36,-15.14,4,half_space_right,2,middle_third,False,39.43,47.41,57.82,55.11,41.54,35.59,36.1,38.16
123,1996436,17561,17591,29:15.1,29:18.1,29,15,3.0,1,2,4177,right_to_left,Auckland FC,3,False,False,True,create,1,medium_block,9,8.21,-15.2,4,half_space_right,2,middle_third,False,16.08,-18.98,4,half_space_right,2,middle_third,False,47.63,50.66,55.08,56.42,35.55,36.9,38.24,40.76
124,1996436,17591,17633,29:18.1,29:22.3,29,18,4.2,1,2,4177,right_to_left,Auckland FC,1,True,False,True,finish,2,low_block,8,16.41,-18.35,4,half_space_right,2,middle_third,False,43.85,2.0,3,center,3,attacking_third,True,50.59,42.51,56.5,66.61,36.8,31.55,40.85,41.61
125,1996436,18114,18207,30:10.4,30:19.7,30,10,9.3,1,1,1804,left_to_right,Macarthur FC,1,True,False,False,create,1,medium_block,9,-0.57,-35.9,5,wide_right,2,middle_third,False,-2.21,-34.18,5,wide_right,2,middle_third,False,30.26,26.6,54.12,53.04,33.75,39.93,56.4,60.93
126,1996436,18207,18259,30:19.7,30:24.9,30,19,5.2,1,2,4177,right_to_left,Auckland FC,2,True,False,False,quick_break,3,defending_quick_break,12,2.47,33.93,1,wide_left,2,middle_third,False,23.15,32.52,1,wide_left,3,attacking_third,False,39.77,30.71,60.88,66.37,26.58,29.05,52.95,49.49
127,1996436,18259,18278,30:24.9,30:26.8,30,24,1.9,1,1,1804,left_to_right,Macarthur FC,1,True,False,False,chaotic,5,chaotic,5,-22.97,-32.58,5,wide_right,1,defensive_third,False,-17.29,-33.37,5,wide_right,2,middle_third,False,29.31,31.75,49.41,47.36,30.76,30.89,66.27,62.72
128,1996436,18278,18309,30:26.8,30:29.9,30,26,3.1,1,2,4177,right_to_left,Auckland FC,1,False,False,False,finish,2,low_block,8,17.04,33.4,1,wide_left,2,middle_third,False,13.07,28.77,1,wide_left,2,middle_third,False,30.81,29.13,62.58,59.61,31.77,29.63,47.27,46.08
129,1996436,18309,18331,30:29.9,30:32.1,30,29,2.2,1,2,4177,right_to_left,Auckland FC,1,False,False,False,create,1,medium_block,9,13.18,28.2,1,wide_left,2,middle_third,False,17.23,33.37,1,wide_left,2,middle_third,False,29.18,30.62,59.52,59.71,29.64,27.51,46.1,46.54
130,1996436,18331,18344,30:32.1,30:33.4,30,32,1.3,1,2,4177,right_to_left,Auckland FC,1,False,False,False,finish,2,low_block,8,17.47,33.67,1,wide_left,3,attacking_third,False,18.81,32.3,1,wide_left,3,attacking_third,False,30.67,31.04,59.84,61.7,27.87,29.75,46.56,45.72
131,1996436,18398,18421,30:38.8,30:41.1,30,38,2.3,1,2,4177,right_to_left,Auckland FC,2,True,False,False,chaotic,5,chaotic,5,21.21,31.9,1,wide_left,3,attacking_third,False,32.44,32.0,1,wide_left,3,attacking_third,False,32.08,31.11,68.34,67.9,27.01,28.27,44.55,44.89
132,1996436,18421,18448,30:41.1,30:43.8,30,41,2.7,1,1,1804,left_to_right,Macarthur FC,2,False,False,False,build_up,0,high_block,10,-32.13,-31.93,5,wide_right,1,defensive_third,False,-20.4,-22.64,5,wide_right,1,defensive_third,False,28.4,34.01,44.89,44.33,31.04,28.13,67.83,65.46
133,1996436,18448,18486,30:43.8,30:47.6,30,43,3.8,1,1,1804,left_to_right,Macarthur FC,1,True,False,False,create,1,medium_block,9,-19.45,-22.57,5,wide_right,1,defensive_third,False,0.22,-0.06,3,center,2,middle_third,False,34.06,37.03,44.26,50.64,28.16,29.73,65.42,64.04
134,1996436,19033,19040,31:42.3,31:43.0,31,42,0.7,1,2,4177,right_to_left,Auckland FC,1,False,False,False,create,1,medium_block,9,-4.37,-16.83,4,half_space_right,2,middle_third,False,4.5,-5.35,3,center,2,middle_third,False,53.36,52.32,60.53,61.36,40.92,40.89,44.96,44.64
135,1996436,19040,19106,31:43.0,31:49.6,31,43,6.6,1,2,4177,right_to_left,Auckland FC,1,False,False,False,finish,2,low_block,8,6.18,-3.42,3,center,2,middle_third,False,28.99,31.35,1,wide_left,3,attacking_third,False,52.19,43.2,61.55,66.71,40.91,44.72,44.61,46.13
136,1996436,19209,19274,31:59.9,32:06.4,31,59,6.5,1,2,4177,right_to_left,Auckland FC,5,False,False,False,finish,2,low_block,8,29.59,34.43,1,wide_left,3,attacking_third,False,5.15,22.09,1,wide_left,2,middle_third,False,38.51,42.47,69.91,60.6,34.14,30.26,38.61,41.95
137,1996436,19274,19436,32:06.4,32:22.6,32,6,16.2,1,2,4177,right_to_left,Auckland FC,5,True,False,False,create,1,medium_block,9,4.1,21.96,1,wide_left,2,middle_third,False,6.91,16.87,2,half_space_left,2,middle_third,False,42.84,53.91,60.5,56.38,30.41,33.69,42.35,42.51
138,1996436,19436,19461,32:22.6,32:25.1,32,22,2.5,1,1,1804,left_to_right,Macarthur FC,2,True,False,False,chaotic,5,chaotic,5,-6.74,-16.61,4,half_space_right,2,middle_third,False,5.77,-25.96,5,wide_right,2,middle_third,False,33.44,33.11,42.49,50.05,53.58,44.42,56.55,58.13
139,1996436,19461,19578,32:25.1,32:36.8,32,25,11.7,1,2,4177,right_to_left,Auckland FC,4,False,False,False,create,1,medium_block,9,-6.41,25.99,1,wide_left,2,middle_third,False,29.41,29.62,1,wide_left,3,attacking_third,False,44.16,44.86,58.14,68.06,33.06,38.52,50.48,55.94
140,1996436,19578,19604,32:36.8,32:39.4,32,36,2.6,1,2,4177,right_to_left,Auckland FC,1,True,False,False,finish,2,low_block,8,29.86,29.78,1,wide_left,3,attacking_third,False,34.65,18.98,2,half_space_left,3,attacking_third,False,44.61,42.19,68.34,69.92,38.44,36.14,56.0,54.15
141,1996436,19604,19734,32:39.4,32:52.4,32,39,13.0,1,1,1804,left_to_right,Macarthur FC,4,False,False,False,build_up,0,high_block,10,-34.76,-18.8,4,half_space_right,1,defensive_third,False,-20.9,-28.16,5,wide_right,1,defensive_third,False,36.21,57.29,53.94,50.4,42.07,38.88,69.73,63.61
142,1996436,19734,19934,32:52.4,33:12.4,32,52,20.0,1,1,1804,left_to_right,Macarthur FC,6,True,False,False,create,1,medium_block,9,-19.86,-28.84,5,wide_right,1,defensive_third,False,18.82,4.05,3,center,3,attacking_third,False,57.21,51.82,50.43,60.08,38.88,39.36,63.51,43.62
143,1996436,19934,20005,33:12.4,33:19.5,33,12,7.1,1,2,4177,right_to_left,Auckland FC,1,True,False,False,create,1,medium_block,9,-19.42,-3.79,3,center,1,defensive_third,False,8.15,13.67,2,half_space_left,2,middle_third,False,39.04,43.89,43.59,53.47,51.8,37.14,60.12,53.97
144,1996436,20005,20042,33:19.5,33:23.2,33,19,3.7,1,1,1804,left_to_right,Macarthur FC,2,True,False,False,chaotic,5,chaotic,5,-8.8,-14.21,4,half_space_right,2,middle_third,False,3.08,-13.34,4,half_space_right,2,middle_third,False,37.14,38.42,53.98,54.85,43.82,37.61,53.55,52.85
145,1996436,20042,20088,33:23.2,33:27.8,33,23,4.6,1,2,4177,right_to_left,Auckland FC,1,False,False,False,chaotic,5,chaotic,5,-3.23,13.34,2,half_space_left,2,middle_third,False,-5.72,11.02,2,half_space_left,2,middle_third,False,37.57,39.02,52.78,56.51,38.51,38.64,54.78,52.17
146,1996436,20581,20591,34:17.1,34:18.1,34,17,1.0,1,2,4177,right_to_left,Auckland FC,1,False,False,True,set_play,7,defending_set_play,13,-1.01,13.77,2,half_space_left,2,middle_third,False,0.15,2.18,3,center,2,middle_third,False,50.55,51.89,62.09,61.84,39.02,39.53,41.91,41.75
147,1996436,20591,20614,34:18.1,34:20.4,34,18,2.3,1,2,4177,right_to_left,Auckland FC,1,False,False,True,create,1,medium_block,9,0.23,1.23,3,center,2,middle_third,False,4.76,-10.57,4,half_space_right,2,middle_third,False,52.06,56.6,61.79,60.93,39.57,39.46,41.7,38.67
148,1996436,20614,20758,34:20.4,34:34.8,34,20,14.4,1,2,4177,right_to_left,Auckland FC,5,True,False,True,finish,2,low_block,8,5.09,-10.8,4,half_space_right,2,middle_third,False,50.11,-0.2,3,center,3,attacking_third,True,56.77,43.51,60.92,73.0,39.44,39.59,38.48,37.48
149,1996436,20758,20921,34:34.8,34:51.1,34,34,16.3,1,1,1804,left_to_right,Macarthur FC,2,False,False,False,build_up,0,high_block,10,-50.5,0.1,3,center,1,defensive_third,False,-20.38,-14.54,4,half_space_right,1,defensive_third,False,39.58,60.05,37.52,44.86,43.38,39.58,73.07,59.89
150,1996436,20921,20959,34:51.1,34:54.9,34,51,3.8,1,1,1804,left_to_right,Macarthur FC,1,True,False,False,create,1,medium_block,9,-19.72,-14.16,4,half_space_right,1,defensive_third,False,5.35,23.04,1,wide_left,2,middle_third,False,60.06,56.14,45.02,54.14,39.67,47.33,59.73,54.15
151,1996436,20959,20975,34:54.9,34:56.5,34,54,1.6,1,2,4177,right_to_left,Auckland FC,1,True,False,False,chaotic,5,chaotic,5,-5.68,-24.13,5,wide_right,2,middle_third,False,-6.59,-33.07,5,wide_right,2,middle_third,False,47.69,52.03,54.09,52.34,55.91,51.95,54.22,54.52
152,1996436,21021,21249,35:01.1,35:23.9,35,1,22.8,1,1,1804,left_to_right,Macarthur FC,8,False,False,False,create,1,medium_block,9,-1.36,31.95,1,wide_left,2,middle_third,False,1.23,14.59,2,half_space_left,2,middle_third,False,56.04,60.34,54.4,53.03,44.44,40.92,46.34,50.1
153,1996436,21401,21606,35:39.1,35:59.6,35,39,20.5,1,1,1804,left_to_right,Macarthur FC,5,True,False,False,create,1,medium_block,9,17.37,32.99,1,wide_left,3,attacking_third,False,29.06,20.38,1,wide_left,3,attacking_third,False,43.79,53.2,61.01,62.57,33.43,43.68,41.37,47.8
154,1996436,21606,21654,35:59.6,36:04.4,35,59,4.8,1,2,4177,right_to_left,Auckland FC,1,False,False,False,build_up,0,high_block,10,-29.95,-20.01,4,half_space_right,1,defensive_third,False,-20.03,-26.52,5,wide_right,1,defensive_third,False,43.55,49.87,47.88,49.23,52.75,41.1,63.2,57.68
155,1996436,21654,21673,36:04.4,36:06.3,36,4,1.9,1,2,4177,right_to_left,Auckland FC,1,True,False,False,create,1,medium_block,9,-19.72,-25.64,5,wide_right,1,defensive_third,False,-15.58,-18.31,4,half_space_right,2,middle_third,False,50.01,51.57,49.25,49.12,41.12,39.34,57.25,51.17
156,1996436,21673,21724,36:06.3,36:11.4,36,6,5.1,1,1,1804,left_to_right,Macarthur FC,1,True,False,False,quick_break,3,defending_quick_break,12,15.44,18.32,2,half_space_left,2,middle_third,False,40.49,13.54,2,half_space_left,3,attacking_third,True,39.17,32.28,50.97,70.82,51.58,45.05,49.12,51.64
157,1996436,22132,22206,36:52.2,36:59.6,36,52,7.4,1,2,4177,right_to_left,Auckland FC,2,True,False,False,direct,6,defending_direct,15,-44.12,-7.95,3,center,1,defensive_third,False,-1.75,-15.14,4,half_space_right,2,middle_third,False,30.71,30.22,66.15,57.64,26.13,26.07,42.23,41.86
158,1996436,22206,22263,36:59.6,37:05.3,36,59,5.7,1,1,1804,left_to_right,Macarthur FC,2,False,False,False,chaotic,5,chaotic,5,1.51,14.83,2,half_space_left,2,middle_third,False,13.18,18.09,2,half_space_left,2,middle_third,False,26.08,42.26,41.9,54.85,30.22,28.4,57.47,46.21
159,1996436,22580,22698,37:37.0,37:48.8,37,37,11.8,1,1,1804,left_to_right,Macarthur FC,5,True,False,False,set_play,7,defending_set_play,13,15.74,16.73,2,half_space_left,2,middle_third,False,43.03,-2.13,3,center,3,attacking_third,True,37.75,39.5,58.53,66.45,27.93,27.23,21.53,31.72
160,1996436,22698,22840,37:48.8,38:03.0,37,48,14.2,1,2,4177,right_to_left,Auckland FC,3,True,False,False,create,1,medium_block,9,-43.64,2.3,3,center,1,defensive_third,False,-1.2,-3.28,3,center,2,middle_third,False,27.39,58.21,31.56,52.12,39.46,31.47,66.59,51.34
161,1996436,23085,23153,38:27.5,38:34.3,38,27,6.8,1,1,1804,left_to_right,Macarthur FC,4,True,False,False,create,1,medium_block,9,-18.35,32.61,1,wide_left,1,defensive_third,False,11.25,32.58,1,wide_left,2,middle_third,False,32.22,27.29,41.11,49.21,29.29,27.11,55.43,52.43
162,1996436,23210,23329,38:40.0,38:51.9,38,40,11.9,1,2,4177,right_to_left,Auckland FC,4,False,False,False,create,1,medium_block,9,-26.27,-25.19,5,wide_right,1,defensive_third,False,15.27,34.12,1,wide_left,2,middle_third,False,40.6,57.37,50.87,58.87,29.16,45.98,54.67,51.97
163,1996436,23451,23453,39:04.1,39:04.3,39,4,0.2,1,2,4177,right_to_left,Auckland FC,1,False,False,False,create,1,medium_block,9,,,2,half_space_left,2,middle_third,False,,,2,half_space_left,2,middle_third,False,,,,,,,,
164,1996436,23453,23526,39:04.3,39:11.6,39,4,7.3,1,2,4177,right_to_left,Auckland FC,4,False,False,False,finish,2,low_block,8,11.79,28.83,1,wide_left,2,middle_third,False,7.52,29.65,1,wide_left,2,middle_third,False,38.28,40.37,65.29,58.99,31.43,29.9,46.05,43.8
165,1996436,23526,23551,39:11.6,39:14.1,39,11,2.5,1,2,4177,right_to_left,Auckland FC,0,False,False,False,create,1,medium_block,9,5.84,28.91,1,wide_left,2,middle_third,False,-19.53,19.19,2,half_space_left,1,defensive_third,False,40.48,47.55,58.94,55.29,30.08,32.97,43.96,47.28
166,1996436,23551,23597,39:14.1,39:18.7,39,14,4.6,1,2,4177,right_to_left,Auckland FC,2,False,False,False,build_up,0,high_block,10,-20.12,18.87,2,half_space_left,1,defensive_third,False,-20.09,-1.65,3,center,1,defensive_third,False,47.83,58.4,54.99,43.42,33.07,35.74,47.38,46.57
167,1996436,23597,23615,39:18.7,39:20.5,39,18,1.8,1,2,4177,right_to_left,Auckland FC,1,False,False,False,create,1,medium_block,9,-19.94,-1.99,3,center,1,defensive_third,False,-15.53,-7.47,3,center,2,middle_third,False,58.6,59.9,43.55,45.76,35.89,38.46,46.48,45.01
168,1996436,23615,23643,39:20.5,39:23.3,39,20,2.8,1,2,4177,right_to_left,Auckland FC,1,False,False,False,direct,6,defending_direct,15,-15.23,-7.66,3,center,2,middle_third,False,28.59,-30.58,5,wide_right,3,attacking_third,False,59.89,57.67,45.88,60.37,38.64,39.92,44.91,47.38
169,1996436,23643,23710,39:23.3,39:30.0,39,23,6.7,1,2,4177,right_to_left,Auckland FC,2,False,False,False,finish,2,low_block,8,29.4,-30.75,5,wide_right,3,attacking_third,False,48.14,-3.45,3,center,3,attacking_third,True,57.67,33.39,60.92,79.26,39.76,23.26,47.59,43.58
170,1996436,23947,23991,39:53.7,39:58.1,39,53,4.4,1,2,4177,right_to_left,Auckland FC,3,True,False,False,set_play,7,defending_set_play,13,40.65,-25.24,5,wide_right,3,attacking_third,False,-35.61,19.47,2,half_space_left,1,defensive_third,False,40.8,24.57,70.6,32.28,23.33,29.82,30.46,66.91
171,1996436,23991,24062,39:58.1,40:05.2,39,58,7.1,1,1,1804,left_to_right,Macarthur FC,2,True,False,False,transition,4,defending_transition,11,-34.99,19.82,2,half_space_left,1,defensive_third,False,2.71,33.24,1,wide_left,2,middle_third,False,24.69,42.5,32.42,51.25,29.84,38.96,66.83,61.39
172,1996436,24164,24264,40:15.4,40:25.4,40,15,10.0,1,2,4177,right_to_left,Auckland FC,5,False,False,False,create,1,medium_block,9,5.56,-32.41,5,wide_right,2,middle_third,False,6.04,24.61,1,wide_left,2,middle_third,False,44.39,54.49,56.64,57.69,41.82,39.09,46.57,43.27
173,1996436,24264,24293,40:25.4,40:28.3,40,25,2.9,1,2,4177,right_to_left,Auckland FC,1,False,False,False,finish,2,low_block,8,6.71,25.49,1,wide_left,2,middle_third,False,6.03,26.81,1,wide_left,2,middle_third,False,54.43,50.94,57.89,61.97,39.2,45.83,43.32,44.36
174,1996436,24293,24428,40:28.3,40:41.8,40,28,13.5,1,2,4177,right_to_left,Auckland FC,6,False,False,False,create,1,medium_block,9,5.19,26.16,1,wide_left,2,middle_third,False,13.5,31.89,1,wide_left,2,middle_third,False,50.91,42.53,61.99,61.57,45.7,38.97,44.31,46.53
175,1996436,24528,24551,40:51.8,40:54.1,40,51,2.3,1,2,4177,right_to_left,Auckland FC,1,True,False,False,chaotic,5,chaotic,5,15.76,34.58,1,wide_left,2,middle_third,False,25.36,14.87,2,half_space_left,3,attacking_third,False,33.58,31.24,68.03,65.5,27.2,26.11,45.82,44.98
176,1996436,24551,24609,40:54.1,40:59.9,40,54,5.8,1,1,1804,left_to_right,Macarthur FC,2,True,False,False,chaotic,5,chaotic,5,-25.31,-14.32,4,half_space_right,1,defensive_third,False,-19.08,4.78,3,center,1,defensive_third,False,26.01,33.25,44.95,44.93,31.19,31.86,65.38,60.07
177,1996436,24609,24676,40:59.9,41:06.6,40,59,6.7,1,2,4177,right_to_left,Auckland FC,5,False,False,False,create,1,medium_block,9,19.16,-4.85,3,center,3,attacking_third,False,4.73,-14.65,4,half_space_right,2,middle_third,False,32.15,53.79,59.98,59.34,33.42,36.54,44.98,40.19
178,1996436,24676,24800,41:06.6,41:19.0,41,6,12.4,1,2,4177,right_to_left,Auckland FC,5,True,False,False,finish,2,low_block,8,5.02,-15.24,4,half_space_right,2,middle_third,False,48.21,7.43,3,center,3,attacking_third,True,53.9,48.62,59.37,77.33,36.72,35.95,40.16,36.04
179,1996436,24800,24875,41:19.0,41:26.5,41,19,7.5,1,1,1804,left_to_right,Macarthur FC,2,False,False,False,build_up,0,high_block,10,-48.87,-8.0,3,center,1,defensive_third,False,-20.08,-27.91,5,wide_right,1,defensive_third,False,36.04,55.35,36.2,48.14,48.34,35.92,77.93,64.84
180,1996436,24875,25074,41:26.5,41:46.4,41,26,19.9,1,1,1804,left_to_right,Macarthur FC,6,False,False,False,create,1,medium_block,9,-19.78,-27.79,5,wide_right,1,defensive_third,False,11.58,-28.03,5,wide_right,2,middle_third,False,55.53,55.33,48.31,56.83,35.88,35.76,64.49,44.02
181,1996436,25514,25580,42:30.4,42:37.0,42,30,6.6,1,1,1804,left_to_right,Macarthur FC,2,True,False,False,finish,2,low_block,8,15.07,-27.02,5,wide_right,2,middle_third,False,33.05,24.81,1,wide_left,3,attacking_third,False,39.23,42.44,58.46,64.95,33.91,31.44,24.22,18.65
182,1996436,25580,25673,42:37.0,42:46.3,42,37,9.3,1,2,4177,right_to_left,Auckland FC,2,False,False,False,create,1,medium_block,9,-33.64,-24.85,5,wide_right,1,defensive_third,False,-26.58,-36.7,5,wide_right,1,defensive_third,False,31.59,42.41,18.57,42.59,42.51,39.15,64.84,62.27
183,1996436,25719,26012,42:50.9,43:20.2,42,50,29.3,1,2,4177,right_to_left,Auckland FC,9,False,False,True,create,1,medium_block,9,-32.36,-33.23,5,wide_right,1,defensive_third,False,18.1,-3.25,3,center,3,attacking_third,False,44.57,40.96,43.21,58.93,33.61,27.58,63.91,44.78
184,1996436,26012,26208,43:20.2,43:39.8,43,20,19.6,1,2,4177,right_to_left,Auckland FC,6,False,False,True,finish,2,low_block,8,18.55,-2.91,3,center,3,attacking_third,False,41.82,2.71,3,center,3,attacking_third,True,40.48,45.65,59.41,65.49,27.13,33.44,44.83,27.98
185,1996436,26597,26762,44:18.7,44:35.2,44,18,16.5,1,2,4177,right_to_left,Auckland FC,6,True,False,True,set_play,7,defending_set_play,13,50.65,32.25,1,wide_left,3,attacking_third,False,49.77,7.06,3,center,3,attacking_third,True,45.74,38.33,74.57,72.42,28.89,31.82,13.54,27.34
186,1996436,27206,27216,45:19.6,45:20.6,45,19,1.0,1,1,1804,left_to_right,Macarthur FC,1,True,False,False,direct,6,defending_direct,15,-28.85,-18.54,4,half_space_right,1,defensive_third,False,-11.86,-22.75,5,wide_right,2,middle_third,False,45.92,45.31,52.53,53.65,31.42,30.88,43.81,44.41
187,1996436,27372,27425,45:36.2,45:41.5,45,36,5.3,1,2,4177,right_to_left,Auckland FC,2,True,False,False,chaotic,5,chaotic,5,-7.73,33.81,1,wide_left,2,middle_third,False,28.44,12.94,2,half_space_left,3,attacking_third,False,32.77,28.34,53.6,63.31,25.35,24.9,55.92,54.98
188,1996436,27425,27466,45:41.5,45:45.6,45,41,4.1,1,1,1804,left_to_right,Macarthur FC,2,False,False,False,build_up,0,high_block,10,-28.87,-12.88,4,half_space_right,1,defensive_third,False,-20.18,-0.8,3,center,1,defensive_third,False,24.99,34.14,55.01,50.71,28.48,25.99,63.85,67.41
189,1996436,27466,27508,45:45.6,45:49.8,45,45,4.2,1,1,1804,left_to_right,Macarthur FC,2,True,False,False,create,1,medium_block,9,-19.78,-1.45,3,center,1,defensive_third,False,4.13,-16.1,4,half_space_right,2,middle_third,False,34.43,36.62,50.68,48.03,26.21,28.13,67.2,61.22
190,1996436,27508,27603,45:49.8,45:59.3,45,49,9.5,1,2,4177,right_to_left,Auckland FC,5,True,False,False,create,1,medium_block,9,-4.71,16.12,2,half_space_left,2,middle_third,False,6.59,15.47,2,half_space_left,2,middle_third,False,28.03,42.15,61.11,58.26,36.49,36.43,48.01,54.03
191,1996436,27603,27699,45:59.3,46:08.9,45,59,9.6,1,1,1804,left_to_right,Macarthur FC,5,True,False,False,create,1,medium_block,9,-7.3,-15.27,4,half_space_right,2,middle_third,False,11.63,-32.04,5,wide_right,2,middle_third,False,36.29,39.66,53.97,56.79,42.13,36.57,58.37,57.81
192,1996436,27699,27768,46:08.9,46:15.8,46,8,6.9,1,2,4177,right_to_left,Auckland FC,2,False,False,False,transition,4,defending_transition,11,-11.72,32.05,1,wide_left,2,middle_third,False,23.3,35.77,1,wide_left,3,attacking_third,False,36.67,41.32,57.76,63.65,39.51,37.68,56.89,55.8
193,1996436,27916,28023,46:30.6,46:41.3,46,30,10.7,1,2,4177,right_to_left,Auckland FC,5,False,False,False,finish,2,low_block,8,20.28,34.34,1,wide_left,3,attacking_third,False,-24.54,-32.0,5,wide_right,1,defensive_third,False,43.19,34.25,70.13,36.17,27.07,32.46,42.88,64.39
194,1996436,28023,28059,46:41.3,46:44.9,46,41,3.6,1,2,4177,right_to_left,Auckland FC,1,True,False,False,chaotic,5,chaotic,5,24.41,32.3,1,wide_left,3,attacking_third,False,19.12,34.35,1,wide_left,3,attacking_third,False,32.64,32.67,64.36,63.5,34.05,36.24,36.15,39.51
195,1996436,28146,28177,46:53.6,46:56.7,46,53,3.1,1,1,1804,left_to_right,Macarthur FC,3,False,False,False,create,1,medium_block,9,-22.94,-34.38,5,wide_right,1,defensive_third,False,-15.89,-34.44,5,wide_right,2,middle_third,False,41.6,39.34,47.43,49.59,25.68,26.11,61.03,61.59
196,1996436,28303,28324,47:09.3,47:11.4,47,9,2.1,1,1,1804,left_to_right,Macarthur FC,2,True,False,False,chaotic,5,chaotic,5,-14.64,-34.51,5,wide_right,2,middle_third,False,-10.86,-27.45,5,wide_right,2,middle_third,False,36.88,36.45,54.54,54.76,23.08,24.13,59.3,58.52
197,1996436,28324,28361,47:11.4,47:15.1,47,11,3.7,1,2,4177,right_to_left,Auckland FC,1,True,False,False,chaotic,5,chaotic,5,11.03,27.39,1,wide_left,2,middle_third,False,14.59,24.33,1,wide_left,2,middle_third,False,24.16,23.75,58.46,55.12,36.37,35.12,54.77,54.77
198,1996436,28361,28467,47:15.1,47:25.7,47,15,10.6,1,1,1804,left_to_right,Macarthur FC,3,False,False,True,create,1,medium_block,9,-14.54,-24.3,5,wide_right,2,middle_third,False,27.83,16.24,2,half_space_left,3,attacking_third,False,35.36,37.6,54.76,61.81,23.74,31.93,55.04,49.11
199,1996436,28467,28670,47:25.7,47:46.0,47,25,20.3,1,1,1804,left_to_right,Macarthur FC,7,False,False,True,finish,2,low_block,8,28.7,16.4,2,half_space_left,3,attacking_third,False,5.52,10.43,2,half_space_left,2,middle_third,False,37.07,52.98,62.35,58.92,31.58,35.67,49.25,31.07
200,1996436,28670,28730,47:46.0,47:52.0,47,46,6.0,1,1,1804,left_to_right,Macarthur FC,2,False,False,False,create,1,medium_block,9,5.26,8.84,3,center,2,middle_third,False,4.89,-23.44,5,wide_right,2,middle_third,False,53.15,64.77,58.89,58.75,35.7,35.71,31.21,38.57
201,1996436,28730,28747,47:52.0,47:53.7,47,52,1.7,1,1,1804,left_to_right,Macarthur FC,1,False,False,False,finish,2,low_block,8,5.1,-23.87,5,wide_right,2,middle_third,False,5.39,-28.25,5,wide_right,2,middle_third,False,64.86,64.67,58.71,57.26,35.68,35.26,38.6,39.37
202,1996436,28747,28837,47:53.7,48:02.7,47,53,9.0,1,1,1804,left_to_right,Macarthur FC,3,False,False,False,create,1,medium_block,9,5.22,-28.54,5,wide_right,2,middle_third,False,14.32,29.53,1,wide_left,2,middle_third,False,64.56,60.78,57.22,55.32,35.25,42.17,39.59,37.78
203,1996436,28837,28865,48:02.7,48:05.5,48,2,2.8,1,1,1804,left_to_right,Macarthur FC,1,False,False,False,finish,2,low_block,8,14.9,30.12,1,wide_left,2,middle_third,False,6.71,27.04,1,wide_left,2,middle_third,False,60.48,54.48,55.4,61.7,42.35,41.98,37.82,40.66
204,1996436,28865,28984,48:05.5,48:17.4,48,5,11.9,1,1,1804,left_to_right,Macarthur FC,3,False,False,False,create,1,medium_block,9,5.7,26.43,1,wide_left,2,middle_third,False,30.01,-32.25,5,wide_right,3,attacking_third,False,54.47,57.51,61.78,63.83,41.98,47.59,41.0,45.31
205,1996436,28984,29010,48:17.4,48:20.0,48,17,2.6,1,1,1804,left_to_right,Macarthur FC,1,True,False,False,finish,2,low_block,8,30.06,-32.41,5,wide_right,3,attacking_third,False,29.82,-29.11,5,wide_right,3,attacking_third,False,57.48,50.07,63.78,60.99,47.76,44.86,45.25,42.92
206,1996436,29010,29080,48:20.0,48:27.0,48,20,7.0,1,2,4177,right_to_left,Auckland FC,1,True,False,False,build_up,0,high_block,10,-30.06,29.03,1,wide_left,1,defensive_third,False,-34.53,34.89,1,wide_left,1,defensive_third,False,44.72,41.31,42.82,36.22,49.63,46.94,61.29,63.9
207,1996436,29168,29218,48:35.8,48:40.8,48,35,5.0,1,1,1804,left_to_right,Macarthur FC,3,True,False,True,finish,2,low_block,8,34.41,-34.15,5,wide_right,3,attacking_third,False,43.37,-6.27,3,center,3,attacking_third,True,46.73,44.64,62.08,71.26,34.21,28.82,35.94,36.41
208,1996436,29255,29511,48:44.5,49:10.1,48,44,25.6,1,2,4177,right_to_left,Auckland FC,5,False,False,False,create,1,medium_block,9,-42.1,1.46,3,center,1,defensive_third,False,-17.32,-13.85,4,half_space_right,2,middle_third,False,30.0,64.05,32.72,55.45,42.25,43.2,66.64,45.56
209,1996436,29511,29540,49:10.1,49:13.0,49,10,2.9,1,2,4177,right_to_left,Auckland FC,1,True,False,False,direct,6,defending_direct,15,-16.88,-13.59,4,half_space_right,2,middle_third,False,23.48,5.68,3,center,3,attacking_third,False,64.01,52.97,55.5,64.39,43.11,39.0,45.47,47.68
210,1996436,29540,29555,49:13.0,49:14.5,49,13,1.5,1,1,1804,left_to_right,Macarthur FC,1,True,False,False,chaotic,5,chaotic,5,-23.97,-5.98,3,center,1,defensive_third,False,-10.26,0.97,3,center,2,middle_third,False,38.69,35.32,47.84,48.45,52.31,43.19,64.48,63.65
211,1996436,29555,29560,49:14.5,49:15.0,49,14,0.5,1,2,4177,right_to_left,Auckland FC,1,False,False,True,create,1,medium_block,9,9.73,-1.42,3,center,2,middle_third,False,11.82,-1.16,3,center,2,middle_third,False,42.66,41.33,63.68,63.76,35.15,34.54,48.38,48.12
212,1996436,29560,29681,49:15.0,49:27.1,49,15,12.1,1,2,4177,right_to_left,Auckland FC,4,True,False,True,finish,2,low_block,8,12.53,-1.12,3,center,2,middle_third,False,51.95,1.05,3,center,3,attacking_third,True,41.07,31.61,63.76,80.31,34.4,26.33,48.06,45.26
213,1996436,29681,29722,49:27.1,49:31.2,49,27,4.1,1,1,1804,left_to_right,Macarthur FC,1,False,False,False,chaotic,5,chaotic,5,-51.96,-0.88,3,center,1,defensive_third,False,-52.98,-0.87,3,center,1,defensive_third,False,26.38,32.63,45.33,45.24,31.46,32.09,80.39,80.17
214,1996436,30139,30177,50:12.9,50:16.7,50,12,3.8,1,1,1804,left_to_right,Macarthur FC,1,False,False,False,create,1,medium_block,9,,,2,half_space_left,2,middle_third,False,5.68,1.77,3,center,2,middle_third,False,,41.42,,42.5,,57.57,,41.69
215,1996436,30177,30289,45:02.7,45:13.9,0,2,11.2,2,1,4177,left_to_right,Auckland FC,4,False,False,False,create,1,medium_block,9,-6.03,-1.87,3,center,2,middle_third,False,4.82,17.97,2,half_space_left,2,middle_third,False,57.69,54.33,42.0,58.18,41.27,38.63,42.56,37.01
216,1996436,30289,30343,45:13.9,45:19.3,0,13,5.4,2,1,4177,left_to_right,Auckland FC,1,False,False,False,finish,2,low_block,8,5.05,17.89,2,half_space_left,2,middle_third,False,5.41,-2.13,3,center,2,middle_third,False,54.34,50.25,58.2,60.64,38.61,31.15,36.84,37.01
217,1996436,30343,30347,45:19.3,45:19.7,0,19,0.4,2,1,4177,left_to_right,Auckland FC,1,False,False,False,create,1,medium_block,9,5.12,-2.96,3,center,2,middle_third,False,4.92,-4.89,3,center,2,middle_third,False,50.6,51.69,60.51,60.11,31.27,31.68,37.03,36.91
218,1996436,30347,30417,45:19.7,45:26.7,0,19,7.0,2,1,4177,left_to_right,Auckland FC,4,False,False,False,finish,2,low_block,8,5.07,-5.3,3,center,2,middle_third,False,7.07,-26.07,5,wide_right,2,middle_third,False,52.04,54.88,59.98,63.59,31.84,34.92,36.83,38.93
219,1996436,30417,30674,45:26.7,45:52.4,0,26,25.7,2,1,4177,left_to_right,Auckland FC,7,False,False,False,create,1,medium_block,9,5.88,-25.64,5,wide_right,2,middle_third,False,4.72,17.21,2,half_space_left,2,middle_third,False,55.08,62.22,63.49,61.12,35.09,37.5,38.72,36.86
220,1996436,30674,30740,45:52.4,45:59.0,0,52,6.6,2,1,4177,left_to_right,Auckland FC,2,True,False,False,finish,2,low_block,8,5.11,17.31,2,half_space_left,2,middle_third,False,14.2,18.44,2,half_space_left,2,middle_third,False,62.15,52.51,61.25,65.66,37.43,34.56,36.81,34.45
221,1996436,30740,30857,45:59.0,46:10.7,0,59,11.7,2,2,1804,right_to_left,Macarthur FC,3,True,False,False,transition,4,defending_transition,11,-14.0,-18.1,4,half_space_right,2,middle_third,False,47.4,-11.23,4,half_space_right,3,attacking_third,True,34.47,36.05,34.57,76.65,52.38,32.8,65.52,48.75
222,1996436,30857,30892,46:10.7,46:14.2,1,10,3.5,2,1,4177,left_to_right,Auckland FC,2,False,False,False,build_up,0,high_block,10,-47.49,10.85,2,half_space_left,1,defensive_third,False,-20.05,14.0,2,half_space_left,1,defensive_third,False,32.57,27.64,48.41,46.76,35.83,31.62,76.73,82.09
223,1996436,30892,31079,46:14.2,46:32.9,1,14,18.7,2,1,4177,left_to_right,Auckland FC,5,False,False,False,create,1,medium_block,9,-19.0,13.96,2,half_space_left,1,defensive_third,False,12.84,31.55,1,wide_left,2,middle_third,False,27.68,59.27,47.07,58.66,31.71,43.02,81.9,43.98
224,1996436,31079,31118,46:32.9,46:36.8,1,32,3.9,2,1,4177,left_to_right,Auckland FC,1,False,False,False,finish,2,low_block,8,13.5,31.59,1,wide_left,2,middle_third,False,6.94,20.77,1,wide_left,2,middle_third,False,59.3,58.4,58.77,61.08,43.28,42.3,43.78,37.15
225,1996436,31118,31196,46:36.8,46:44.6,1,36,7.8,2,1,4177,left_to_right,Auckland FC,1,True,False,False,create,1,medium_block,9,5.71,18.54,2,half_space_left,2,middle_third,False,27.46,19.11,2,half_space_left,3,attacking_third,False,58.53,50.48,61.04,62.8,42.22,41.01,36.97,37.15
226,1996436,31196,31244,46:44.6,46:49.4,1,44,4.8,2,2,1804,right_to_left,Macarthur FC,2,False,False,False,chaotic,5,chaotic,5,-27.73,-19.54,4,half_space_right,1,defensive_third,False,-4.53,-21.16,5,wide_right,2,middle_third,False,41.34,49.33,37.22,40.69,49.93,39.96,62.9,62.98
227,1996436,31382,31631,47:03.2,47:28.1,2,3,24.9,2,2,1804,right_to_left,Macarthur FC,9,False,False,False,create,1,medium_block,9,-11.0,-22.81,5,wide_right,2,middle_third,False,-2.91,-33.94,5,wide_right,2,middle_third,False,59.34,58.38,48.03,52.87,39.15,38.44,46.7,49.59
228,1996436,31704,31912,47:35.4,47:56.2,2,35,20.8,2,2,1804,right_to_left,Macarthur FC,6,False,False,False,create,1,medium_block,9,-4.8,-32.25,5,wide_right,2,middle_third,False,27.61,27.44,1,wide_left,3,attacking_third,False,57.55,48.57,52.08,64.3,34.78,44.61,44.39,47.85
229,1996436,31912,32138,47:56.2,48:18.8,2,56,22.6,2,2,1804,right_to_left,Macarthur FC,7,True,False,False,finish,2,low_block,8,27.69,27.11,1,wide_left,3,attacking_third,False,42.4,22.74,1,wide_left,3,attacking_third,False,48.29,30.89,64.87,70.27,44.6,28.75,48.0,40.89
230,1996436,32138,32322,48:18.8,48:37.2,3,18,18.4,2,1,4177,left_to_right,Auckland FC,4,True,False,False,transition,4,defending_transition,11,-42.68,-22.57,5,wide_right,1,defensive_third,False,43.96,-7.76,3,center,3,attacking_third,True,28.44,35.78,40.9,79.75,30.87,43.18,70.34,59.46
231,1996436,32322,32348,48:37.2,48:39.8,3,37,2.6,2,2,1804,right_to_left,Macarthur FC,1,True,False,False,chaotic,5,chaotic,5,-43.96,6.59,3,center,1,defensive_third,False,-22.08,4.71,3,center,1,defensive_third,False,43.14,41.05,58.95,53.36,35.85,37.49,80.08,80.31
232,1996436,32348,32425,48:39.8,48:47.5,3,39,7.7,2,1,4177,left_to_right,Auckland FC,2,False,False,False,finish,2,low_block,8,21.21,-4.73,3,center,3,attacking_third,False,46.1,17.99,2,half_space_left,3,attacking_third,True,37.49,30.9,80.14,75.37,40.91,27.14,53.26,45.2
233,1996436,32901,32911,49:35.1,49:36.1,4,35,1.0,2,1,4177,left_to_right,Auckland FC,1,False,False,False,set_play,7,defending_set_play,13,50.55,33.51,1,wide_left,3,attacking_third,False,46.42,14.04,2,half_space_left,3,attacking_third,True,38.62,37.98,71.21,69.94,27.2,25.73,14.42,13.14
234,1996436,33274,33341,50:12.4,50:19.1,5,12,6.7,2,1,4177,left_to_right,Auckland FC,2,False,False,True,set_play,7,defending_set_play,13,50.36,-32.17,5,wide_right,3,attacking_third,False,46.0,-8.07,3,center,3,attacking_third,True,37.3,32.82,67.03,59.74,27.92,25.4,11.43,16.92
235,1996436,33609,33674,50:45.9,50:52.4,5,45,6.5,2,1,4177,left_to_right,Auckland FC,2,True,False,False,set_play,7,defending_set_play,13,50.51,-31.64,5,wide_right,3,attacking_third,False,46.51,0.14,3,center,3,attacking_third,True,37.44,33.83,64.05,54.89,27.14,14.92,12.38,20.72
236,1996436,33674,33720,50:52.4,50:57.0,5,52,4.6,2,2,1804,right_to_left,Macarthur FC,1,False,False,False,chaotic,5,chaotic,5,-47.06,-0.1,3,center,1,defensive_third,False,,,2,half_space_left,2,middle_third,False,15.13,,20.9,,33.33,,54.87,
237,1996436,35222,35275,53:27.2,53:32.5,8,27,5.3,2,2,1804,right_to_left,Macarthur FC,2,False,False,False,direct,6,defending_direct,15,-44.49,9.17,2,half_space_left,1,defensive_third,False,15.73,24.16,1,wide_left,2,middle_third,False,32.12,22.54,54.55,54.55,24.79,21.71,48.49,46.93
238,1996436,35521,35583,53:57.1,54:03.3,8,57,6.2,2,2,1804,right_to_left,Macarthur FC,4,True,False,False,finish,2,low_block,8,32.62,33.87,1,wide_left,3,attacking_third,False,37.77,1.48,3,center,3,attacking_third,True,35.87,34.56,66.12,70.5,30.66,28.67,36.31,34.34
239,1996436,35870,36052,54:32.0,54:50.2,9,32,18.2,2,1,4177,left_to_right,Auckland FC,4,False,False,True,create,1,medium_block,9,-29.88,-14.02,4,half_space_right,1,defensive_third,False,15.36,3.36,3,center,2,middle_third,False,28.82,36.95,60.57,60.9,24.88,28.73,46.03,47.61
240,1996436,36052,36116,54:50.2,54:56.6,9,50,6.4,2,1,4177,left_to_right,Auckland FC,2,False,False,True,finish,2,low_block,8,16.0,4.68,3,center,2,middle_third,False,53.46,6.88,3,center,3,attacking_third,False,37.11,32.71,60.89,76.98,28.91,33.2,47.57,31.27
241,1996436,36446,36470,55:29.6,55:32.0,10,29,2.4,2,1,4177,left_to_right,Auckland FC,2,True,False,True,set_play,7,defending_set_play,13,51.51,28.83,1,wide_left,3,attacking_third,False,52.75,4.26,3,center,3,attacking_third,False,35.41,35.96,71.71,70.66,24.69,19.05,14.03,14.11
242,1996436,36831,36856,56:08.1,56:10.6,11,8,2.5,2,2,1804,right_to_left,Macarthur FC,1,True,False,False,direct,6,defending_direct,15,-23.74,13.27,2,half_space_left,1,defensive_third,False,8.95,15.13,2,half_space_left,2,middle_third,False,24.86,22.38,53.99,59.1,23.56,20.7,44.35,47.43
243,1996436,36856,36886,56:10.6,56:13.6,11,10,3.0,2,1,4177,left_to_right,Auckland FC,1,True,False,False,chaotic,5,chaotic,5,-8.69,-15.42,4,half_space_right,2,middle_third,False,19.07,-25.64,5,wide_right,3,attacking_third,False,20.6,24.58,47.59,52.93,22.24,23.37,59.18,57.84
244,1996436,36886,36910,56:13.6,56:16.0,11,13,2.4,2,2,1804,right_to_left,Macarthur FC,1,False,False,False,chaotic,5,chaotic,5,-19.92,25.57,1,wide_left,1,defensive_third,False,-20.97,32.16,1,wide_left,1,defensive_third,False,23.6,25.43,57.79,54.82,24.84,28.13,53.28,62.74
245,1996436,37125,37194,56:37.5,56:44.4,11,37,6.9,2,2,1804,right_to_left,Macarthur FC,3,True,False,False,create,1,medium_block,9,-20.25,33.5,1,wide_left,1,defensive_third,False,5.34,4.54,3,center,2,middle_third,False,31.02,31.95,42.65,48.3,25.03,29.68,55.02,57.12
246,1996436,37194,37217,56:44.4,56:46.7,11,44,2.3,2,1,4177,left_to_right,Auckland FC,1,True,False,False,chaotic,5,chaotic,5,-5.68,-4.32,3,center,2,middle_third,False,5.22,-7.73,3,center,2,middle_third,False,29.63,25.93,57.03,53.36,32.08,34.92,48.49,50.27
247,1996436,37217,37290,56:46.7,56:54.0,11,46,7.3,2,2,1804,right_to_left,Macarthur FC,6,False,False,True,create,1,medium_block,9,-5.49,7.88,3,center,2,middle_third,False,19.86,30.36,1,wide_left,3,attacking_third,False,35.15,41.16,50.23,59.16,25.99,34.01,53.28,52.1
248,1996436,37290,37349,56:54.0,56:59.9,11,54,5.9,2,2,1804,right_to_left,Macarthur FC,3,False,False,True,finish,2,low_block,8,20.33,30.14,1,wide_left,3,attacking_third,False,52.33,6.19,3,center,3,attacking_third,False,40.7,25.3,59.49,84.19,33.93,24.36,52.08,43.84
249,1996436,37666,37775,57:31.6,57:42.5,12,31,10.9,2,2,1804,right_to_left,Macarthur FC,5,True,False,False,set_play,7,defending_set_play,13,51.43,32.41,1,wide_left,3,attacking_third,False,30.65,25.72,1,wide_left,3,attacking_third,False,40.88,37.67,72.25,63.37,13.37,27.34,16.31,22.43
250,1996436,37933,38021,57:58.3,58:07.1,12,58,8.8,2,1,4177,left_to_right,Auckland FC,3,False,False,False,build_up,0,high_block,10,-31.18,-34.9,5,wide_right,1,defensive_third,False,-20.46,-27.93,5,wide_right,1,defensive_third,False,46.03,44.15,45.13,45.05,23.85,26.48,64.43,72.25
251,1996436,38021,38136,58:07.1,58:18.6,13,7,11.5,2,1,4177,left_to_right,Auckland FC,4,False,False,False,create,1,medium_block,9,-19.34,-27.48,5,wide_right,1,defensive_third,False,11.48,-12.51,4,half_space_right,2,middle_third,False,43.94,47.5,45.21,58.45,26.45,37.15,72.01,56.07
252,1996436,38136,38188,58:18.6,58:23.8,13,18,5.2,2,1,4177,left_to_right,Auckland FC,2,True,False,False,finish,2,low_block,8,11.98,-13.74,4,half_space_right,2,middle_third,False,44.88,-8.82,3,center,3,attacking_third,True,47.66,39.76,58.57,73.15,36.95,30.19,55.94,48.23
253,1996436,38188,38238,58:23.8,58:28.8,13,23,5.0,2,2,1804,right_to_left,Macarthur FC,1,False,False,False,build_up,0,high_block,10,-44.89,8.08,3,center,1,defensive_third,False,-20.34,29.01,1,wide_left,1,defensive_third,False,30.17,44.03,48.16,46.25,39.36,38.49,73.53,70.7
254,1996436,38238,38396,58:28.8,58:44.6,13,28,15.8,2,2,1804,right_to_left,Macarthur FC,6,False,False,False,create,1,medium_block,9,-19.79,27.98,1,wide_left,1,defensive_third,False,24.62,-18.06,4,half_space_right,3,attacking_third,False,44.32,51.69,46.32,61.78,38.65,39.46,70.64,49.57
255,1996436,38396,38448,58:44.6,58:49.8,13,44,5.2,2,2,1804,right_to_left,Macarthur FC,1,True,False,False,finish,2,low_block,8,25.34,-18.13,4,half_space_right,3,attacking_third,False,40.22,-23.58,5,wide_right,3,attacking_third,False,51.63,45.93,62.18,70.1,38.87,29.9,49.61,44.67
256,1996436,38448,38487,58:49.8,58:53.7,13,49,3.9,2,1,4177,left_to_right,Auckland FC,1,False,False,False,chaotic,5,chaotic,5,-40.51,23.78,1,wide_left,1,defensive_third,False,-35.6,31.49,1,wide_left,1,defensive_third,False,29.94,37.86,44.61,41.76,45.68,49.09,70.58,66.2
257,1996436,38999,39092,59:44.9,59:54.2,14,44,9.3,2,1,4177,left_to_right,Auckland FC,2,False,False,True,direct,6,defending_direct,15,-28.93,19.62,2,half_space_left,1,defensive_third,False,21.84,6.59,3,center,3,attacking_third,False,30.93,25.32,61.14,64.58,26.17,23.1,40.74,48.04
258,1996436,39092,39134,59:54.2,59:58.4,14,54,4.2,2,1,4177,left_to_right,Auckland FC,2,True,False,True,finish,2,low_block,8,21.76,6.27,3,center,3,attacking_third,False,45.18,3.09,3,center,3,attacking_third,True,25.45,27.85,64.88,73.59,23.02,22.19,48.03,45.13
259,1996436,39518,39542,60:36.8,60:39.2,15,36,2.4,2,2,1804,right_to_left,Macarthur FC,1,True,False,False,direct,6,defending_direct,15,,,2,half_space_left,2,middle_third,False,-1.53,29.13,1,wide_left,2,middle_third,False,,26.97,,57.93,,26.96,,48.98
260,1996436,39542,39606,60:39.2,60:45.6,15,39,6.4,2,1,4177,left_to_right,Auckland FC,4,False,False,False,create,1,medium_block,9,1.28,-29.43,5,wide_right,2,middle_third,False,21.4,12.64,2,half_space_left,3,attacking_third,False,27.06,38.89,49.18,60.18,27.02,34.83,57.68,46.59
261,1996436,39606,39664,60:45.6,60:51.4,15,45,5.8,2,1,4177,left_to_right,Auckland FC,2,True,False,False,finish,2,low_block,8,21.52,13.12,2,half_space_left,3,attacking_third,False,48.7,5.63,3,center,3,attacking_third,True,39.04,32.4,60.47,80.78,35.2,30.54,46.66,44.83
262,1996436,39664,39682,60:51.4,60:53.2,15,51,1.8,2,2,1804,right_to_left,Macarthur FC,1,False,False,False,chaotic,5,chaotic,5,-48.68,-4.78,3,center,1,defensive_third,False,-47.64,-7.39,3,center,1,defensive_third,False,30.43,31.65,44.95,43.77,32.18,29.62,81.13,81.22
263,1996436,39682,39708,60:53.2,60:55.8,15,53,2.6,2,2,1804,right_to_left,Macarthur FC,1,True,False,False,direct,6,defending_direct,15,-47.21,-7.39,3,center,1,defensive_third,False,-12.14,-2.52,3,center,2,middle_third,False,31.95,33.1,43.61,39.12,29.59,31.52,80.95,73.07
264,1996436,39708,39765,60:55.8,61:01.5,15,55,5.7,2,1,4177,left_to_right,Auckland FC,2,True,False,True,finish,2,low_block,8,11.71,2.56,3,center,2,middle_third,False,38.03,-4.39,3,center,3,attacking_third,True,31.69,35.15,72.68,66.42,32.92,26.2,38.83,38.91
265,1996436,40086,40096,61:33.6,61:34.6,16,33,1.0,2,2,1804,right_to_left,Macarthur FC,1,False,False,False,direct,6,defending_direct,15,-46.03,7.78,3,center,1,defensive_third,False,-27.04,15.45,2,half_space_left,1,defensive_third,False,26.45,26.47,56.09,54.22,24.96,24.77,42.7,43.19
266,1996436,40328,40347,61:57.8,61:59.7,16,57,1.9,2,2,1804,right_to_left,Macarthur FC,2,False,False,True,finish,2,low_block,8,11.51,34.01,1,wide_left,2,middle_third,False,14.93,30.64,1,wide_left,2,middle_third,False,28.44,27.04,59.68,58.17,29.38,28.62,43.02,43.87
267,1996436,40347,40412,61:59.7,62:06.2,16,59,6.5,2,2,1804,right_to_left,Macarthur FC,2,False,False,True,create,1,medium_block,9,14.01,30.88,1,wide_left,2,middle_third,False,-19.98,17.39,2,half_space_left,1,defensive_third,False,26.97,31.8,58.03,57.91,28.61,27.86,43.89,55.64
268,1996436,40412,40468,62:06.2,62:11.8,17,6,5.6,2,2,1804,right_to_left,Macarthur FC,2,False,False,True,build_up,0,high_block,10,-20.36,17.41,2,half_space_left,1,defensive_third,False,-20.89,-16.43,4,half_space_right,1,defensive_third,False,32.11,53.52,57.86,46.05,27.94,34.17,56.28,69.55
269,1996436,40468,40794,62:11.8,62:44.4,17,11,32.6,2,2,1804,right_to_left,Macarthur FC,11,False,False,True,create,1,medium_block,9,-19.77,-16.65,4,half_space_right,1,defensive_third,False,8.98,-22.56,5,wide_right,2,middle_third,False,53.47,56.0,46.15,60.31,34.16,38.15,69.18,38.72
270,1996436,40794,40931,62:44.4,62:58.1,17,44,13.7,2,2,1804,right_to_left,Macarthur FC,5,True,False,True,finish,2,low_block,8,9.15,-22.77,5,wide_right,2,middle_third,False,51.56,5.37,3,center,3,attacking_third,True,55.96,28.41,60.56,66.51,38.45,23.9,38.83,39.86
271,1996436,41403,41448,63:45.3,63:49.8,18,45,4.5,2,1,4177,left_to_right,Auckland FC,2,True,False,False,direct,6,defending_direct,15,-32.35,-9.75,4,half_space_right,1,defensive_third,False,22.39,-16.27,4,half_space_right,3,attacking_third,False,25.09,19.12,62.91,65.81,20.54,21.7,42.45,46.6
272,1996436,41448,41481,63:49.8,63:53.1,18,49,3.3,2,2,1804,right_to_left,Macarthur FC,1,True,False,False,chaotic,5,chaotic,5,-22.95,16.23,2,half_space_left,1,defensive_third,False,-4.36,13.16,2,half_space_left,2,middle_third,False,21.86,25.19,46.72,46.67,19.27,20.19,66.01,64.47
273,1996436,41481,41518,63:53.1,63:56.8,18,53,3.7,2,1,4177,left_to_right,Auckland FC,1,True,False,False,chaotic,5,chaotic,5,4.13,-13.18,4,half_space_right,2,middle_third,False,16.31,-9.37,4,half_space_right,2,middle_third,False,20.07,25.67,64.22,58.53,25.19,23.45,46.61,45.79
274,1996436,41518,41597,63:56.8,64:04.7,18,56,7.9,2,2,1804,right_to_left,Macarthur FC,3,True,False,False,create,1,medium_block,9,-16.4,9.22,2,half_space_left,2,middle_third,False,5.58,27.22,1,wide_left,2,middle_third,False,23.54,42.98,45.76,49.09,25.98,36.5,58.57,54.04
275,1996436,41597,41864,64:04.7,64:31.4,19,4,26.7,2,1,4177,left_to_right,Auckland FC,7,False,False,False,create,1,medium_block,9,-6.16,-27.02,5,wide_right,2,middle_third,False,5.76,-23.08,5,wide_right,2,middle_third,False,36.48,63.96,53.97,58.42,42.95,39.18,49.48,41.2
276,1996436,41864,41906,64:31.4,64:35.6,19,31,4.2,2,1,4177,left_to_right,Auckland FC,2,False,False,False,finish,2,low_block,8,6.18,-23.14,5,wide_right,2,middle_third,False,5.46,-30.17,5,wide_right,2,middle_third,False,63.84,58.04,58.59,61.14,39.24,36.07,41.18,44.8
277,1996436,41906,42052,64:35.6,64:50.2,19,35,14.6,2,1,4177,left_to_right,Auckland FC,3,False,False,False,create,1,medium_block,9,5.03,-29.72,5,wide_right,2,middle_third,False,13.1,25.22,1,wide_left,2,middle_third,False,57.99,57.37,61.02,57.09,35.89,36.63,44.79,40.57
278,1996436,42052,42151,64:50.2,65:00.1,19,50,9.9,2,1,4177,left_to_right,Auckland FC,2,True,False,False,finish,2,low_block,8,14.25,26.35,1,wide_left,2,middle_third,False,20.84,12.78,2,half_space_left,3,attacking_third,False,57.09,37.18,57.26,62.3,36.64,24.95,40.53,37.35
279,1996436,42151,42226,65:00.1,65:07.6,20,0,7.5,2,2,1804,right_to_left,Macarthur FC,5,True,False,False,create,1,medium_block,9,-20.73,-12.91,4,half_space_right,1,defensive_third,False,-0.66,10.96,2,half_space_left,2,middle_third,False,25.13,39.81,37.38,49.03,37.31,29.84,62.22,56.1
280,1996436,42632,42751,65:48.2,66:00.1,20,48,11.9,2,1,4177,left_to_right,Auckland FC,4,False,False,False,create,1,medium_block,9,-30.35,-30.9,5,wide_right,1,defensive_third,False,9.79,24.92,1,wide_left,2,middle_third,False,45.11,56.73,54.74,60.21,29.68,32.85,52.99,44.11
281,1996436,42751,42802,66:00.1,66:05.2,21,0,5.1,2,1,4177,left_to_right,Auckland FC,2,True,False,False,finish,2,low_block,8,10.63,25.01,1,wide_left,2,middle_third,False,45.93,6.63,3,center,3,attacking_third,True,56.48,42.04,60.36,74.86,32.73,36.68,43.96,38.24
282,1996436,43159,43209,66:40.9,66:45.9,21,40,5.0,2,2,1804,right_to_left,Macarthur FC,2,False,False,False,direct,6,defending_direct,15,-38.69,7.27,3,center,1,defensive_third,False,2.77,11.27,2,half_space_left,2,middle_third,False,25.36,22.25,70.75,62.07,23.69,21.8,46.23,47.1
283,1996436,43520,43730,67:17.0,67:38.0,22,17,21.0,2,2,1804,right_to_left,Macarthur FC,11,False,False,False,create,1,medium_block,9,5.93,7.17,3,center,2,middle_third,False,14.6,28.3,1,wide_left,2,middle_third,False,55.24,52.1,59.05,57.61,33.11,38.55,41.76,43.51
284,1996436,43730,43806,67:38.0,67:45.6,22,38,7.6,2,2,1804,right_to_left,Macarthur FC,1,True,False,False,finish,2,low_block,8,14.95,28.86,1,wide_left,2,middle_third,False,32.96,-2.83,3,center,3,attacking_third,False,51.77,38.29,57.62,64.54,38.42,26.36,43.51,40.87
285,1996436,43806,44040,67:45.6,68:09.0,22,45,23.4,2,1,4177,left_to_right,Auckland FC,4,True,False,False,create,1,medium_block,9,-33.59,3.32,3,center,1,defensive_third,False,11.51,24.54,1,wide_left,2,middle_third,False,26.29,57.31,40.82,58.83,38.41,39.51,64.45,46.8
286,1996436,44040,44165,68:09.0,68:21.5,23,9,12.5,2,2,1804,right_to_left,Macarthur FC,2,False,False,True,transition,4,defending_transition,11,-11.13,-24.66,5,wide_right,2,middle_third,False,44.35,-13.83,4,half_space_right,3,attacking_third,True,39.34,32.26,46.63,82.18,57.22,33.54,58.93,53.59
287,1996436,44165,44230,68:21.5,68:28.0,23,21,6.5,2,2,1804,right_to_left,Macarthur FC,2,False,False,True,finish,2,low_block,8,43.48,-12.77,4,half_space_right,3,attacking_third,True,41.93,-0.25,3,center,3,attacking_third,True,32.11,31.31,82.28,73.91,33.39,32.12,53.45,45.87
288,1996436,44649,44695,69:09.9,69:14.5,24,9,4.6,2,2,1804,right_to_left,Macarthur FC,4,True,False,True,set_play,7,defending_set_play,13,51.45,-31.91,5,wide_right,3,attacking_third,False,49.86,-0.14,3,center,3,attacking_third,True,42.16,35.35,73.68,68.72,25.52,29.1,18.94,23.65
289,1996436,44695,44875,69:14.5,69:32.5,24,14,18.0,2,1,4177,left_to_right,Auckland FC,3,False,False,False,create,1,medium_block,9,-50.23,-0.54,3,center,1,defensive_third,False,17.16,29.94,1,wide_left,2,middle_third,False,28.75,45.26,23.84,60.07,35.26,31.05,68.65,44.89
290,1996436,44875,45122,69:32.5,69:57.2,24,32,24.7,2,1,4177,left_to_right,Auckland FC,10,True,False,False,finish,2,low_block,8,17.83,29.9,1,wide_left,3,attacking_third,False,49.11,-0.37,3,center,3,attacking_third,True,45.24,31.81,60.36,65.49,31.37,27.42,44.68,32.14
291,1996436,45482,45534,70:33.2,70:38.4,25,33,5.2,2,2,1804,right_to_left,Macarthur FC,1,False,False,False,direct,6,defending_direct,15,-45.88,7.18,3,center,1,defensive_third,False,22.41,28.43,1,wide_left,3,attacking_third,False,28.76,26.33,54.72,64.28,23.72,22.4,39.79,45.14
292,1996436,45534,45545,70:38.4,70:39.5,25,38,1.1,2,2,1804,right_to_left,Macarthur FC,1,False,False,False,create,1,medium_block,9,23.16,28.58,1,wide_left,3,attacking_third,False,27.65,30.5,1,wide_left,3,attacking_third,False,26.27,26.82,64.68,68.41,22.57,25.04,45.4,48.19
293,1996436,45545,45610,70:39.5,70:46.0,25,39,6.5,2,2,1804,right_to_left,Macarthur FC,1,True,False,False,finish,2,low_block,8,28.04,30.69,1,wide_left,3,attacking_third,False,25.19,-11.04,4,half_space_right,3,attacking_third,False,26.95,42.41,68.64,66.23,25.38,35.11,48.41,45.85
294,1996436,45610,45639,70:46.0,70:48.9,25,46,2.9,2,1,4177,left_to_right,Auckland FC,1,True,False,False,chaotic,5,chaotic,5,-25.51,12.06,2,half_space_left,1,defensive_third,False,-30.84,34.19,1,wide_left,1,defensive_third,False,35.48,45.04,45.83,45.04,43.01,57.05,66.18,66.97
295,1996436,46227,46248,71:47.7,71:49.8,26,47,2.1,2,2,1804,right_to_left,Macarthur FC,2,True,False,False,chaotic,5,chaotic,5,25.92,-32.4,5,wide_right,3,attacking_third,False,31.98,-35.78,5,wide_right,3,attacking_third,False,45.08,45.62,70.42,66.2,30.24,35.14,31.84,31.23
296,1996436,46350,46381,72:00.0,72:03.1,27,0,3.1,2,1,4177,left_to_right,Auckland FC,3,False,False,False,build_up,0,high_block,10,-26.06,32.91,1,wide_left,1,defensive_third,False,-22.02,27.11,1,wide_left,1,defensive_third,False,39.99,38.02,50.0,51.43,27.01,26.11,66.31,64.51
297,1996436,46381,46415,72:03.1,72:06.5,27,3,3.4,2,1,4177,left_to_right,Auckland FC,0,True,False,False,create,1,medium_block,9,-19.81,25.91,1,wide_left,1,defensive_third,False,-0.68,7.05,3,center,2,middle_third,False,37.97,34.03,51.49,55.9,26.2,26.86,64.46,63.7
298,1996436,46415,46474,72:06.5,72:12.4,27,6,5.9,2,2,1804,right_to_left,Macarthur FC,2,True,False,False,chaotic,5,chaotic,5,0.92,-6.84,3,center,2,middle_third,False,11.56,26.07,1,wide_left,2,middle_third,False,26.92,56.6,63.74,64.18,33.9,42.45,55.9,44.59
299,1996436,46539,46667,72:18.9,72:31.7,27,18,12.8,2,1,4177,left_to_right,Auckland FC,5,False,False,False,create,1,medium_block,9,-23.62,-30.31,5,wide_right,1,defensive_third,False,14.96,32.04,1,wide_left,2,middle_third,False,44.31,57.8,47.92,59.83,41.72,39.03,54.22,43.97
300,1996436,46667,46791,72:31.7,72:44.1,27,31,12.4,2,1,4177,left_to_right,Auckland FC,3,True,False,False,finish,2,low_block,8,15.41,32.0,1,wide_left,2,middle_third,False,46.21,-15.44,4,half_space_right,3,attacking_third,True,57.75,43.58,60.08,69.5,39.09,37.72,43.83,30.18
301,1996436,46988,47016,73:03.8,73:06.6,28,3,2.8,2,2,1804,right_to_left,Macarthur FC,1,False,False,False,chaotic,5,chaotic,5,-41.51,-31.39,5,wide_right,1,defensive_third,False,-44.81,-17.21,4,half_space_right,1,defensive_third,False,55.76,50.32,42.93,42.4,39.01,40.67,69.17,69.61
302,1996436,47016,47043,73:06.6,73:09.3,28,6,2.7,2,2,1804,right_to_left,Macarthur FC,1,True,False,False,direct,6,defending_direct,15,-44.73,-17.14,4,half_space_right,1,defensive_third,False,-5.62,-21.77,5,wide_right,2,middle_third,False,50.2,46.74,42.4,42.59,40.51,33.94,69.67,65.31
303,1996436,47043,47074,73:09.3,73:12.4,28,9,3.1,2,1,4177,left_to_right,Auckland FC,1,False,False,False,create,1,medium_block,9,4.62,21.65,1,wide_left,2,middle_third,False,-19.52,13.45,2,half_space_left,1,defensive_third,False,33.69,30.98,65.1,62.9,46.63,42.01,42.8,57.9
304,1996436,47074,47167,73:12.4,73:21.7,28,12,9.3,2,1,4177,left_to_right,Auckland FC,2,False,False,False,build_up,0,high_block,10,-20.64,12.86,2,half_space_left,1,defensive_third,False,-30.48,31.43,1,wide_left,1,defensive_third,False,31.05,50.52,62.84,53.4,41.83,38.55,58.39,64.11
305,1996436,47167,47188,73:21.7,73:23.8,28,21,2.1,2,1,4177,left_to_right,Auckland FC,1,True,False,False,direct,6,defending_direct,15,-29.7,31.43,1,wide_left,1,defensive_third,False,2.34,20.9,1,wide_left,2,middle_third,False,50.51,47.75,53.34,51.95,38.67,37.79,64.04,63.45
306,1996436,47188,47304,73:23.8,73:35.4,28,23,11.6,2,2,1804,right_to_left,Macarthur FC,4,False,False,False,create,1,medium_block,9,-3.17,-20.27,5,wide_right,2,middle_third,False,17.01,8.13,3,center,2,middle_third,False,37.67,54.57,63.46,60.11,47.43,31.63,51.71,39.26
307,1996436,47304,47337,73:35.4,73:38.7,28,35,3.3,2,2,1804,right_to_left,Macarthur FC,2,True,False,False,finish,2,low_block,8,18.56,8.32,3,center,3,attacking_third,False,32.3,20.15,2,half_space_left,3,attacking_third,False,54.52,44.04,60.39,67.15,31.74,31.72,39.02,34.07
308,1996436,47337,47399,73:38.7,73:44.9,28,38,6.2,2,1,4177,left_to_right,Auckland FC,1,True,False,False,chaotic,5,chaotic,5,-32.87,-20.34,5,wide_right,1,defensive_third,False,4.68,-32.51,5,wide_right,2,middle_third,False,31.54,45.7,34.0,47.27,43.57,44.89,67.65,67.52
309,1996436,47399,47471,73:44.9,73:52.1,28,44,7.2,2,2,1804,right_to_left,Macarthur FC,1,True,False,False,chaotic,5,chaotic,5,-5.37,32.53,1,wide_left,2,middle_third,False,-39.39,13.55,2,half_space_left,1,defensive_third,False,45.18,43.57,67.39,60.33,45.7,40.88,47.57,57.8
310,1996436,48557,48601,75:40.7,75:45.1,30,40,4.4,2,1,4177,left_to_right,Auckland FC,1,True,False,False,chaotic,5,chaotic,5,6.81,-29.58,5,wide_right,2,middle_third,False,40.8,-17.49,4,half_space_right,3,attacking_third,True,42.74,39.94,49.76,50.93,50.5,39.6,50.2,50.14
311,1996436,48601,48754,75:45.1,76:00.4,30,45,15.3,2,2,1804,right_to_left,Macarthur FC,1,False,False,False,create,1,medium_block,9,-41.06,17.3,2,half_space_left,1,defensive_third,False,-30.05,7.71,3,center,1,defensive_third,False,39.67,42.32,50.05,46.4,39.92,32.43,50.95,54.28
312,1996436,48754,48786,76:00.4,76:03.6,31,0,3.2,2,2,1804,right_to_left,Macarthur FC,1,True,False,False,direct,6,defending_direct,15,-28.9,7.83,3,center,1,defensive_third,False,19.65,19.81,2,half_space_left,3,attacking_third,False,42.26,38.69,46.41,59.84,32.46,30.34,54.2,48.68
313,1996436,48786,48818,76:03.6,76:06.8,31,3,3.2,2,1,4177,left_to_right,Auckland FC,1,True,False,False,chaotic,5,chaotic,5,-20.82,-20.2,5,wide_right,1,defensive_third,False,-45.61,-35.16,5,wide_right,1,defensive_third,False,30.21,33.61,48.59,47.43,38.48,40.22,60.28,73.08
314,1996436,49044,49086,76:29.4,76:33.6,31,29,4.2,2,2,1804,right_to_left,Macarthur FC,3,False,False,False,finish,2,low_block,8,36.58,33.95,1,wide_left,3,attacking_third,False,47.2,32.38,1,wide_left,3,attacking_third,False,42.61,40.16,68.04,70.0,33.55,38.49,23.44,22.79
315,1996436,49220,49267,76:47.0,76:51.7,31,47,4.7,2,2,1804,right_to_left,Macarthur FC,3,True,False,False,chaotic,5,chaotic,5,40.92,34.78,1,wide_left,3,attacking_third,False,40.43,32.79,1,wide_left,3,attacking_third,False,40.0,37.99,67.18,63.16,29.51,37.33,19.39,20.44
316,1996436,49439,49453,77:08.9,77:10.3,32,8,1.4,2,1,4177,left_to_right,Auckland FC,1,True,False,False,chaotic,5,chaotic,5,-33.39,-35.12,5,wide_right,1,defensive_third,False,-23.03,-30.68,5,wide_right,1,defensive_third,False,34.38,32.88,36.64,36.44,27.88,27.87,61.5,61.69
317,1996436,49453,49489,77:10.3,77:13.9,32,10,3.6,2,2,1804,right_to_left,Macarthur FC,1,False,False,False,chaotic,5,chaotic,5,22.7,30.38,1,wide_left,3,attacking_third,False,36.2,33.43,1,wide_left,3,attacking_third,False,27.89,30.73,61.71,63.46,32.67,35.02,36.48,36.76
318,1996436,49872,49927,77:52.2,77:57.7,32,52,5.5,2,2,1804,right_to_left,Macarthur FC,3,False,False,False,set_play,7,defending_set_play,13,34.04,30.32,1,wide_left,3,attacking_third,False,-8.44,-23.58,5,wide_right,2,middle_third,False,46.11,26.21,58.33,41.54,30.76,24.53,18.44,62.26
319,1996436,50160,50188,78:21.0,78:23.8,33,21,2.8,2,2,1804,right_to_left,Macarthur FC,1,True,False,False,chaotic,5,chaotic,5,-7.7,33.4,1,wide_left,2,middle_third,False,0.6,25.89,1,wide_left,2,middle_third,False,49.01,46.51,50.26,52.72,28.5,29.82,47.94,47.33
320,1996436,50188,50332,78:23.8,78:38.2,33,23,14.4,2,1,4177,left_to_right,Auckland FC,6,True,False,False,create,1,medium_block,9,-0.79,-25.51,5,wide_right,2,middle_third,False,10.15,30.71,1,wide_left,2,middle_third,False,29.88,59.23,47.37,56.84,46.4,44.92,52.72,43.08
321,1996436,50465,50483,78:51.5,78:53.3,33,51,1.8,2,2,1804,right_to_left,Macarthur FC,2,True,False,False,chaotic,5,chaotic,5,-21.58,-31.41,5,wide_right,1,defensive_third,False,-21.1,-26.78,5,wide_right,1,defensive_third,False,44.14,41.51,49.0,49.41,30.38,30.8,58.53,56.63
322,1996436,50483,50511,78:53.3,78:56.1,33,53,2.8,2,1,4177,left_to_right,Auckland FC,1,True,False,False,chaotic,5,chaotic,5,21.39,26.72,1,wide_left,3,attacking_third,False,36.38,23.26,1,wide_left,3,attacking_third,False,30.78,30.3,56.53,66.59,41.18,38.11,49.44,51.02
323,1996436,50511,50521,78:56.1,78:57.1,33,56,1.0,2,2,1804,right_to_left,Macarthur FC,1,True,False,False,chaotic,5,chaotic,5,-36.7,-23.87,5,wide_right,1,defensive_third,False,-33.65,-33.45,5,wide_right,1,defensive_third,False,38.09,37.88,51.02,50.21,30.34,30.77,67.0,69.22
324,1996436,50560,50603,79:01.0,79:05.3,34,1,4.3,2,1,4177,left_to_right,Auckland FC,2,False,False,False,chaotic,5,chaotic,5,33.21,32.83,1,wide_left,3,attacking_third,False,31.78,20.23,1,wide_left,3,attacking_third,False,40.43,34.47,70.17,65.53,33.54,31.47,43.28,38.18
325,1996436,51068,51100,79:51.8,79:55.0,34,51,3.2,2,1,4177,left_to_right,Auckland FC,3,False,True,True,set_play,7,defending_set_play,13,33.32,23.1,1,wide_left,3,attacking_third,False,51.36,-5.35,3,center,3,attacking_third,True,35.26,28.11,64.55,72.12,23.17,18.87,11.4,12.12
326,1996436,51859,52089,81:10.9,81:33.9,36,10,23.0,2,2,1804,right_to_left,Macarthur FC,9,False,False,False,create,1,medium_block,9,0.03,0.19,3,center,2,middle_third,False,17.41,32.57,1,wide_left,3,attacking_third,False,52.45,55.07,38.98,62.07,38.61,38.87,41.73,39.73
327,1996436,52089,52193,81:33.9,81:44.3,36,33,10.4,2,2,1804,right_to_left,Macarthur FC,3,False,False,False,finish,2,low_block,8,17.87,32.37,1,wide_left,3,attacking_third,False,41.85,24.62,1,wide_left,3,attacking_third,False,54.78,34.65,62.32,76.04,38.76,34.01,39.51,20.61
328,1996436,52261,52391,81:51.1,82:04.1,36,51,13.0,2,2,1804,right_to_left,Macarthur FC,3,False,False,False,create,1,medium_block,9,16.46,31.53,1,wide_left,2,middle_third,False,11.07,19.36,2,half_space_left,2,middle_third,False,44.65,62.77,63.55,58.92,36.02,33.0,33.93,37.48
329,1996436,52391,52412,82:04.1,82:06.2,37,4,2.1,2,2,1804,right_to_left,Macarthur FC,1,True,False,False,finish,2,low_block,8,11.32,19.39,2,half_space_left,2,middle_third,False,23.23,21.81,1,wide_left,3,attacking_third,False,62.65,58.64,58.96,60.42,32.99,33.37,37.24,34.98
330,1996436,52412,52529,82:06.2,82:17.9,37,6,11.7,2,1,4177,left_to_right,Auckland FC,6,False,False,False,create,1,medium_block,9,-23.52,-21.94,5,wide_right,1,defensive_third,False,-0.26,-33.27,5,wide_right,2,middle_third,False,33.45,47.87,35.01,57.35,58.32,39.89,60.5,54.53
331,1996436,52841,52854,82:49.1,82:50.4,37,49,1.3,2,1,4177,left_to_right,Auckland FC,1,True,False,False,chaotic,5,chaotic,5,7.47,-33.69,5,wide_right,2,middle_third,False,21.68,-30.52,5,wide_right,3,attacking_third,False,43.95,42.34,57.67,58.54,27.49,28.18,43.02,42.7
332,1996436,52854,52868,82:50.4,82:51.8,37,50,1.4,2,2,1804,right_to_left,Macarthur FC,1,True,False,False,chaotic,5,chaotic,5,-22.52,30.27,1,wide_left,1,defensive_third,False,-13.96,28.03,1,wide_left,2,middle_third,False,28.12,28.3,42.75,43.23,42.07,39.1,58.6,59.57
333,1996436,53014,53015,83:06.4,83:06.5,38,6,0.1,2,1,4177,left_to_right,Auckland FC,1,False,False,True,create,1,medium_block,9,,,2,half_space_left,2,middle_third,False,,,2,half_space_left,2,middle_third,False,,,,,,,,
334,1996436,53015,53086,83:06.5,83:13.6,38,6,7.1,2,1,4177,left_to_right,Auckland FC,2,True,False,True,finish,2,low_block,8,19.52,-26.45,5,wide_right,3,attacking_third,False,49.6,-0.46,3,center,3,attacking_third,True,39.24,34.4,61.79,73.74,28.56,30.46,41.39,40.92
335,1996436,53236,53300,83:28.6,83:35.0,38,28,6.4,2,2,1804,right_to_left,Macarthur FC,2,False,False,False,build_up,0,high_block,10,,,2,half_space_left,2,middle_third,False,-20.25,-17.68,4,half_space_right,1,defensive_third,False,,62.51,,54.42,,38.66,,56.87
336,1996436,53300,53324,83:35.0,83:37.4,38,35,2.4,2,2,1804,right_to_left,Macarthur FC,1,True,False,False,create,1,medium_block,9,-19.61,-17.98,4,half_space_right,1,defensive_third,False,2.28,-23.43,5,wide_right,2,middle_third,False,62.66,62.03,54.29,53.48,38.58,35.47,56.48,49.9
337,1996436,53710,53785,84:16.0,84:23.5,39,16,7.5,2,1,4177,left_to_right,Auckland FC,2,True,False,False,direct,6,defending_direct,15,-17.04,17.08,2,half_space_left,2,middle_third,False,31.59,7.09,3,center,3,attacking_third,False,27.24,23.56,53.44,62.99,28.61,27.6,38.87,38.54
338,1996436,53785,53838,84:23.5,84:28.8,39,23,5.3,2,2,1804,right_to_left,Macarthur FC,3,False,False,False,build_up,0,high_block,10,-31.89,-7.39,3,center,1,defensive_third,False,-20.5,11.91,2,half_space_left,1,defensive_third,False,27.83,43.19,38.74,41.26,23.62,32.46,63.05,67.96
339,1996436,53838,53870,84:28.8,84:32.0,39,28,3.2,2,2,1804,right_to_left,Macarthur FC,1,True,False,False,create,1,medium_block,9,-19.04,12.39,2,half_space_left,1,defensive_third,False,1.6,-6.14,3,center,2,middle_third,False,43.72,41.66,41.73,46.6,32.79,34.94,67.89,61.53
340,1996436,53870,53914,84:32.0,84:36.4,39,32,4.4,2,1,4177,left_to_right,Auckland FC,2,True,False,False,chaotic,5,chaotic,5,-2.02,6.57,3,center,2,middle_third,False,13.48,11.86,2,half_space_left,2,middle_third,False,34.94,31.35,61.38,56.4,41.27,30.92,46.37,48.1
341,1996436,53914,53929,84:36.4,84:37.9,39,36,1.5,2,2,1804,right_to_left,Macarthur FC,1,True,False,False,chaotic,5,chaotic,5,-13.73,-11.79,4,half_space_right,2,middle_third,False,-2.22,-7.69,3,center,2,middle_third,False,30.64,28.12,48.09,47.59,30.93,27.74,56.37,55.36
342,1996436,53929,54004,84:37.9,84:45.4,39,37,7.5,2,1,4177,left_to_right,Auckland FC,4,False,False,True,create,1,medium_block,9,1.87,7.6,3,center,2,middle_third,False,-19.93,10.63,2,half_space_left,1,defensive_third,False,27.76,48.61,55.28,53.8,28.17,38.25,47.52,53.52
343,1996436,54004,54061,84:45.4,84:51.1,39,45,5.7,2,1,4177,left_to_right,Auckland FC,2,False,False,True,build_up,0,high_block,10,-20.33,10.22,2,half_space_left,1,defensive_third,False,-20.62,-17.05,4,half_space_right,1,defensive_third,False,48.73,55.71,53.87,56.51,38.12,36.26,53.68,59.43
344,1996436,54061,54110,84:51.1,84:56.0,39,51,4.9,2,1,4177,left_to_right,Auckland FC,2,False,False,True,create,1,medium_block,9,-18.43,-16.99,4,half_space_right,1,defensive_third,False,25.18,-26.87,5,wide_right,3,attacking_third,False,55.66,41.69,56.57,62.85,36.2,33.06,59.24,57.77
345,1996436,54110,54166,84:56.0,85:01.6,39,56,5.6,2,1,4177,left_to_right,Auckland FC,2,True,False,True,finish,2,low_block,8,25.41,-26.62,5,wide_right,3,attacking_third,False,46.93,-9.74,4,half_space_right,3,attacking_third,True,41.41,33.55,62.97,81.15,33.09,31.48,57.74,50.32
346,1996436,54166,54211,85:01.6,85:06.1,40,1,4.5,2,2,1804,right_to_left,Macarthur FC,4,False,False,False,build_up,0,high_block,10,-46.89,10.14,2,half_space_left,1,defensive_third,False,-46.4,26.8,1,wide_left,1,defensive_third,False,31.64,43.95,50.26,46.02,33.32,30.72,81.01,75.45
347,1996436,54376,54437,85:22.6,85:28.7,40,22,6.1,2,2,1804,right_to_left,Macarthur FC,4,False,False,False,create,1,medium_block,9,,,2,half_space_left,2,middle_third,False,26.38,29.35,1,wide_left,3,attacking_third,False,,49.59,,63.77,,43.36,,55.88
348,1996436,54437,54525,85:28.7,85:37.5,40,28,8.8,2,2,1804,right_to_left,Macarthur FC,2,True,False,False,finish,2,low_block,8,27.07,29.49,1,wide_left,3,attacking_third,False,44.77,-2.65,3,center,3,attacking_third,True,49.46,38.63,64.06,75.89,43.31,33.59,55.88,38.19
349,1996436,54525,54643,85:37.5,85:49.3,40,37,11.8,2,1,4177,left_to_right,Auckland FC,3,False,False,False,build_up,0,high_block,10,-45.11,2.96,3,center,1,defensive_third,False,-20.1,31.56,1,wide_left,1,defensive_third,False,33.66,42.93,38.04,38.0,38.7,44.58,76.11,65.72
350,1996436,54643,54653,85:49.3,85:50.3,40,49,1.0,2,1,4177,left_to_right,Auckland FC,1,False,False,False,create,1,medium_block,9,-19.52,31.56,1,wide_left,1,defensive_third,False,-14.71,31.74,1,wide_left,2,middle_third,False,42.75,41.05,37.93,37.5,44.45,43.55,65.59,64.45
351,1996436,55034,55044,86:28.4,86:29.4,41,28,1.0,2,1,4177,left_to_right,Auckland FC,1,False,False,False,create,1,medium_block,9,-13.58,22.6,1,wide_left,2,middle_third,False,3.66,20.76,1,wide_left,2,middle_third,False,28.12,28.04,48.23,50.34,37.04,35.9,41.63,41.8
352,1996436,55044,55134,86:29.4,86:38.4,41,29,9.0,2,1,4177,left_to_right,Auckland FC,1,False,False,False,finish,2,low_block,8,5.16,20.54,1,wide_left,2,middle_third,False,44.68,35.41,1,wide_left,3,attacking_third,False,27.94,34.5,50.7,72.46,35.8,44.39,41.84,44.87
353,1996436,55285,55383,86:53.5,87:03.3,41,53,9.8,2,1,4177,left_to_right,Auckland FC,4,False,False,True,finish,2,low_block,8,41.11,30.42,1,wide_left,3,attacking_third,False,49.36,5.73,3,center,3,attacking_third,True,36.08,40.44,71.18,66.93,25.98,38.88,32.53,35.0
354,1996436,55682,55728,87:33.2,87:37.8,42,33,4.6,2,1,4177,left_to_right,Auckland FC,3,True,False,False,set_play,7,defending_set_play,13,50.94,31.94,1,wide_left,3,attacking_third,False,39.37,3.43,3,center,3,attacking_third,True,41.0,38.8,75.12,70.72,16.35,17.26,24.21,31.98
355,1996436,56038,56091,88:08.8,88:14.1,43,8,5.3,2,2,1804,right_to_left,Macarthur FC,2,True,False,False,direct,6,defending_direct,15,-44.83,6.56,3,center,1,defensive_third,False,5.61,21.42,1,wide_left,2,middle_third,False,38.74,39.63,55.21,62.34,26.02,23.99,47.51,45.66
356,1996436,56091,56103,88:14.1,88:15.3,43,14,1.2,2,1,4177,left_to_right,Auckland FC,1,True,False,False,chaotic,5,chaotic,5,-5.16,-21.45,5,wide_right,2,middle_third,False,4.94,-6.38,3,center,2,middle_third,False,24.21,26.89,45.55,44.41,39.76,41.24,62.22,60.37
357,1996436,56103,56124,88:15.3,88:17.4,43,15,2.1,2,2,1804,right_to_left,Macarthur FC,1,False,False,False,create,1,medium_block,9,-5.84,5.29,3,center,2,middle_third,False,-19.74,-7.93,3,center,1,defensive_third,False,41.46,48.56,60.18,57.21,27.14,32.71,44.41,49.74
358,1996436,56124,56156,88:17.4,88:20.6,43,17,3.2,2,2,1804,right_to_left,Macarthur FC,1,False,False,False,build_up,0,high_block,10,-20.21,-8.13,3,center,1,defensive_third,False,-41.96,-7.75,3,center,1,defensive_third,False,48.95,54.93,57.14,52.19,32.98,39.55,50.36,68.23
359,1996436,56156,56190,88:20.6,88:24.0,43,20,3.4,2,2,1804,right_to_left,Macarthur FC,1,False,False,False,direct,6,defending_direct,15,-41.87,-7.75,3,center,1,defensive_third,False,1.73,18.98,2,half_space_left,2,middle_third,False,54.94,55.45,51.79,48.58,39.72,41.15,68.58,63.05
360,1996436,56236,56298,88:28.6,88:34.8,43,28,6.2,2,2,1804,right_to_left,Macarthur FC,4,False,False,False,create,1,medium_block,9,-1.35,33.41,1,wide_left,2,middle_third,False,13.8,-5.42,3,center,2,middle_third,False,58.26,56.99,54.36,62.99,44.94,34.83,53.23,44.74
361,1996436,56298,56397,88:34.8,88:44.7,43,34,9.9,2,2,1804,right_to_left,Macarthur FC,5,False,False,False,finish,2,low_block,8,13.86,-5.61,3,center,2,middle_third,False,6.63,-21.3,5,wide_right,2,middle_third,False,56.89,43.6,63.04,61.6,34.81,31.05,44.75,43.11
362,1996436,56397,56452,88:44.7,88:50.2,43,44,5.5,2,2,1804,right_to_left,Macarthur FC,2,False,False,False,create,1,medium_block,9,5.76,-20.83,5,wide_right,2,middle_third,False,7.24,14.12,2,half_space_left,2,middle_third,False,44.06,58.13,61.42,58.37,31.08,39.71,42.96,38.05
363,1996436,56452,56489,88:50.2,88:53.9,43,50,3.7,2,2,1804,right_to_left,Macarthur FC,1,True,False,False,finish,2,low_block,8,7.88,14.32,2,half_space_left,2,middle_third,False,19.22,20.87,1,wide_left,3,attacking_third,False,58.01,52.01,58.51,65.35,39.74,36.56,37.98,35.54
364,1996436,56489,56518,88:53.9,88:56.8,43,53,2.9,2,1,4177,left_to_right,Auckland FC,1,True,False,False,chaotic,5,chaotic,5,-19.91,-21.34,5,wide_right,1,defensive_third,False,-13.36,-29.0,5,wide_right,2,middle_third,False,36.55,36.22,35.46,35.41,51.98,46.55,65.36,63.82
365,1996436,56628,56685,89:07.8,89:13.5,44,7,5.7,2,2,1804,right_to_left,Macarthur FC,2,False,False,False,chaotic,5,chaotic,5,5.42,33.68,1,wide_left,2,middle_third,False,52.94,31.47,1,wide_left,3,attacking_third,False,61.09,50.92,57.94,86.03,42.09,38.14,45.27,49.25
366,1996436,56914,56981,89:36.4,89:43.1,44,36,6.7,2,2,1804,right_to_left,Macarthur FC,2,True,False,False,set_play,7,defending_set_play,13,50.85,31.82,1,wide_left,3,attacking_third,False,47.03,0.63,3,center,3,attacking_third,True,39.24,25.33,71.55,65.44,13.22,25.52,16.01,17.98
367,1996436,57378,57430,90:22.8,90:28.0,45,22,5.2,2,1,4177,left_to_right,Auckland FC,1,True,False,False,direct,6,defending_direct,15,-46.91,-7.49,3,center,1,defensive_third,False,14.39,-20.79,5,wide_right,2,middle_third,False,23.61,22.61,61.84,58.98,25.94,26.4,44.82,51.01
368,1996436,57430,57460,90:28.0,90:31.0,45,28,3.0,2,2,1804,right_to_left,Macarthur FC,1,True,False,False,chaotic,5,chaotic,5,-14.85,20.95,1,wide_left,2,middle_third,False,-1.77,21.4,1,wide_left,2,middle_third,False,26.55,27.9,51.13,46.11,22.78,24.35,59.25,59.16
369,1996436,57460,57536,90:31.0,90:38.6,45,31,7.6,2,1,4177,left_to_right,Auckland FC,3,False,False,False,create,1,medium_block,9,1.32,-21.29,5,wide_right,2,middle_third,False,22.35,-4.52,3,center,3,attacking_third,False,24.38,30.95,58.84,61.06,27.79,31.37,45.65,44.18
370,1996436,57536,57791,90:38.6,91:04.1,45,38,25.5,2,1,4177,left_to_right,Auckland FC,6,False,False,False,finish,2,low_block,8,23.16,-3.42,3,center,3,attacking_third,False,6.07,17.71,2,half_space_left,2,middle_third,False,31.16,43.03,61.47,60.72,31.38,34.24,44.14,39.76
371,1996436,57791,57843,91:04.1,91:09.3,46,4,5.2,2,1,4177,left_to_right,Auckland FC,1,True,False,False,create,1,medium_block,9,5.25,17.73,2,half_space_left,2,middle_third,False,20.98,28.89,1,wide_left,3,attacking_third,False,43.52,47.86,60.59,57.15,34.23,37.12,40.03,43.24
372,1996436,57843,57906,91:09.3,91:15.6,46,9,6.3,2,2,1804,right_to_left,Macarthur FC,2,True,False,False,chaotic,5,chaotic,5,-21.8,-28.95,5,wide_right,1,defensive_third,False,-23.34,-27.18,5,wide_right,1,defensive_third,False,37.18,41.95,43.29,48.06,47.58,38.1,57.35,62.1
373,1996436,57906,58113,91:15.6,91:36.3,46,15,20.7,2,1,4177,left_to_right,Auckland FC,3,False,False,True,finish,2,low_block,8,23.53,27.38,1,wide_left,3,attacking_third,False,39.35,31.46,1,wide_left,3,attacking_third,False,38.14,37.01,61.97,69.15,42.08,36.25,48.15,40.74
374,1996436,58514,58714,92:16.4,92:36.4,47,16,20.0,2,1,4177,left_to_right,Auckland FC,4,False,False,True,set_play,7,defending_set_play,13,38.07,31.58,1,wide_left,3,attacking_third,False,37.24,-6.42,3,center,3,attacking_third,True,40.66,27.82,67.95,70.69,17.38,32.67,21.37,33.29
375,1996436,58714,58723,92:36.4,92:37.3,47,36,0.9,2,1,4177,left_to_right,Auckland FC,0,True,False,False,finish,2,low_block,8,38.79,-6.45,3,center,3,attacking_third,True,49.41,-7.25,3,center,3,attacking_third,True,27.72,27.19,70.52,69.55,32.73,33.33,33.68,36.15
376,1996436,58780,58817,92:43.0,92:46.7,47,43,3.7,2,2,1804,right_to_left,Macarthur FC,2,False,False,False,build_up,0,high_block,10,-40.95,10.5,2,half_space_left,1,defensive_third,False,-20.07,16.58,2,half_space_left,1,defensive_third,False,46.91,51.97,50.17,54.38,30.96,35.6,69.3,61.8
377,1996436,58817,58861,92:46.7,92:51.1,47,46,4.4,2,2,1804,right_to_left,Macarthur FC,2,False,False,False,create,1,medium_block,9,-19.47,16.61,2,half_space_left,1,defensive_third,False,4.36,24.55,1,wide_left,2,middle_third,False,52.02,46.91,54.58,59.02,35.62,39.16,61.42,49.92
378,1996436,59097,59274,93:14.7,93:32.4,48,14,17.7,2,2,1804,right_to_left,Macarthur FC,6,False,False,False,set_play,7,defending_set_play,13,9.33,24.67,1,wide_left,2,middle_third,False,41.36,8.61,3,center,3,attacking_third,True,36.38,26.21,52.38,65.6,26.5,18.28,18.02,35.29
379,1996436,59526,59563,93:57.6,94:01.3,48,57,3.7,2,2,1804,right_to_left,Macarthur FC,2,True,False,True,set_play,7,defending_set_play,13,50.33,31.36,1,wide_left,3,attacking_third,False,50.94,-12.2,4,half_space_right,3,attacking_third,True,36.48,35.95,67.65,65.73,12.78,14.38,14.31,13.83
380,1996436,59962,59997,94:41.2,94:44.7,49,41,3.5,2,1,4177,left_to_right,Auckland FC,1,False,False,False,direct,6,defending_direct,15,-46.56,-8.05,3,center,1,defensive_third,False,8.03,-26.54,5,wide_right,2,middle_third,False,28.39,25.47,59.8,54.42,27.96,29.33,43.22,47.38
381,1996436,59997,60036,94:44.7,94:48.6,49,44,3.9,2,1,4177,left_to_right,Auckland FC,2,True,False,False,create,1,medium_block,9,8.62,-26.42,5,wide_right,2,middle_third,False,10.61,-10.42,4,half_space_right,2,middle_third,False,25.42,29.58,54.24,62.6,29.54,32.53,47.56,49.77
382,1996436,60036,60085,94:48.6,94:53.5,49,48,4.9,2,2,1804,right_to_left,Macarthur FC,2,False,False,False,chaotic,5,chaotic,5,-10.62,9.87,2,half_space_left,2,middle_third,False,5.78,-11.59,4,half_space_right,2,middle_third,False,32.53,41.25,49.74,54.27,29.74,25.51,62.85,54.36
