index,match_id,frame_start,frame_end,time_start,time_end,minute_start,second_start,duration,period,attacking_side_id,team_in_possession_id,attacking_side,team_in_possession_shortname,n_player_possessions_in_phase,team_possession_loss_in_phase,team_possession_lead_to_goal,team_possession_lead_to_shot,team_in_possession_phase_type,team_in_possession_phase_type_id,team_out_of_possession_phase_type,team_out_of_possession_phase_type_id,x_start,y_start,channel_id_start,channel_start,third_id_start,third_start,penalty_area_start,x_end,y_end,channel_id_end,channel_end,third_id_end,third_end,penalty_area_end,team_in_possession_width_start,team_in_possession_width_end,team_in_possession_length_start,team_in_possession_length_end,team_out_of_possession_width_start,team_out_of_possession_width_end,team_out_of_possession_length_start,team_out_of_possession_length_end
0,1925299,39,57,00:02.9,00:04.7,0,2,1.8,1,2,1802,right_to_left,Brisbane FC,1,False,False,False,create,1,medium_block,9,-0.4,-0.41,3,center,2,middle_third,False,-8.74,0.53,3,center,2,middle_third,False,42.57,39.29,39.91,47.68,31.15,32.16,43.43,46.61
1,1925299,57,89,00:04.7,00:07.9,0,4,3.2,1,2,1802,right_to_left,Brisbane FC,1,True,False,False,direct,6,defending_direct,15,-8.74,0.39,3,center,2,middle_third,False,29.45,-18.79,4,half_space_right,3,attacking_third,False,39.2,29.17,48.28,65.07,32.22,25.2,46.75,45.65
2,1925299,89,173,00:07.9,00:16.3,0,7,8.4,1,1,871,left_to_right,Perth Glory,2,True,False,False,chaotic,5,chaotic,5,-29.72,18.92,2,half_space_left,1,defensive_third,False,-2.19,20.41,1,wide_left,2,middle_third,False,25.1,24.16,45.34,32.87,28.71,28.93,65.5,65.69
3,1925299,173,281,00:16.3,00:27.1,0,16,10.8,1,2,1802,right_to_left,Brisbane FC,5,True,False,False,create,1,medium_block,9,1.64,-20.54,5,wide_right,2,middle_third,False,12.68,22.77,1,wide_left,2,middle_third,False,29.59,49.58,65.55,59.54,24.45,30.09,33.19,50.55
4,1925299,281,435,00:27.1,00:42.5,0,27,15.4,1,1,871,left_to_right,Perth Glory,5,False,False,False,transition,4,defending_transition,11,-13.22,-23.02,5,wide_right,2,middle_third,False,42.5,-3.98,3,center,3,attacking_third,True,30.03,29.08,50.57,75.45,49.17,24.96,59.53,21.64
5,1925299,435,576,00:42.5,00:56.6,0,42,14.1,1,1,871,left_to_right,Perth Glory,4,True,False,False,finish,2,low_block,8,41.55,-3.71,3,center,3,attacking_third,True,47.92,-5.75,3,center,3,attacking_third,True,28.89,26.78,75.51,73.49,24.85,22.67,21.49,34.13
6,1925299,576,594,00:56.6,00:58.4,0,56,1.8,1,2,1802,right_to_left,Brisbane FC,1,False,False,False,chaotic,5,chaotic,5,-47.58,5.39,3,center,1,defensive_third,False,-36.95,11.24,2,half_space_left,1,defensive_third,False,22.68,24.76,34.17,34.7,26.75,25.29,73.6,72.6
7,1925299,971,1010,01:36.1,01:40.0,1,36,3.9,1,2,1802,right_to_left,Brisbane FC,1,True,False,False,direct,6,defending_direct,15,,,2,half_space_left,2,middle_third,False,35.61,28.6,1,wide_left,3,attacking_third,False,,23.63,,72.93,,25.9,,43.07
8,1925299,1010,1054,01:40.0,01:44.4,1,40,4.4,1,1,871,left_to_right,Perth Glory,1,True,False,False,chaotic,5,chaotic,5,-36.12,-28.66,5,wide_right,1,defensive_third,False,-45.12,-34.07,5,wide_right,1,defensive_third,False,26.02,29.0,43.13,40.51,23.78,26.95,73.42,81.02
9,1925299,1204,1224,01:59.4,02:01.4,1,59,2.0,1,2,1802,right_to_left,Brisbane FC,1,True,False,False,set_play,7,defending_set_play,13,45.06,34.23,1,wide_left,3,attacking_third,False,38.66,14.99,2,half_space_left,3,attacking_third,True,29.07,29.43,75.95,73.04,25.33,23.07,16.47,15.75
10,1925299,1224,1345,02:01.4,02:13.5,2,1,12.1,1,1,871,left_to_right,Perth Glory,5,False,False,False,build_up,0,high_block,10,-38.18,-14.84,4,half_space_right,1,defensive_third,False,-20.3,-6.96,3,center,1,defensive_third,False,22.92,34.71,15.78,41.66,29.42,25.85,72.92,64.98
11,1925299,1345,1409,02:13.5,02:19.9,2,13,6.4,1,1,871,left_to_right,Perth Glory,2,False,False,False,create,1,medium_block,9,-19.86,-6.25,3,center,1,defensive_third,False,14.78,21.81,1,wide_left,2,middle_third,False,34.87,47.49,41.97,62.34,25.9,33.79,64.67,50.52
12,1925299,1409,1618,02:19.9,02:40.8,2,19,20.9,1,1,871,left_to_right,Perth Glory,7,False,False,False,finish,2,low_block,8,15.41,21.53,1,wide_left,2,middle_third,False,5.19,-5.23,3,center,2,middle_third,False,47.36,59.03,62.58,62.41,33.66,28.44,50.27,35.31
13,1925299,1618,1695,02:40.8,02:48.5,2,40,7.7,1,1,871,left_to_right,Perth Glory,3,False,False,False,create,1,medium_block,9,4.63,-4.29,3,center,2,middle_third,False,-19.43,13.49,2,half_space_left,1,defensive_third,False,58.94,50.78,62.34,54.36,28.58,38.48,35.45,50.15
14,1925299,1695,1744,02:48.5,02:53.4,2,48,4.9,1,1,871,left_to_right,Perth Glory,1,False,False,False,build_up,0,high_block,10,-20.7,13.07,2,half_space_left,1,defensive_third,False,-20.5,-4.54,3,center,1,defensive_third,False,51.02,57.83,54.25,44.77,38.39,37.37,50.72,70.92
15,1925299,1744,1754,02:53.4,02:54.4,2,53,1.0,1,1,871,left_to_right,Perth Glory,0,True,False,False,create,1,medium_block,9,-19.16,-4.81,3,center,1,defensive_third,False,-8.37,-5.6,3,center,2,middle_third,False,57.71,55.47,44.66,44.82,37.04,35.7,70.83,69.61
16,1925299,1754,1842,02:54.4,03:03.2,2,54,8.8,1,2,1802,right_to_left,Brisbane FC,5,False,False,False,create,1,medium_block,9,7.48,5.69,3,center,2,middle_third,False,-11.97,-4.95,3,center,2,middle_third,False,35.59,44.96,69.45,58.6,55.05,31.84,44.83,49.26
17,1925299,1842,1868,03:03.2,03:05.8,3,3,2.6,1,2,1802,right_to_left,Brisbane FC,1,True,False,False,direct,6,defending_direct,15,-11.91,-4.96,3,center,2,middle_third,False,26.76,-16.67,4,half_space_right,3,attacking_third,False,45.11,45.86,58.55,61.78,31.83,29.45,49.44,53.38
18,1925299,1868,1903,03:05.8,03:09.3,3,5,3.5,1,1,871,left_to_right,Perth Glory,1,True,False,False,chaotic,5,chaotic,5,-27.89,16.81,2,half_space_left,1,defensive_third,False,-47.01,24.52,1,wide_left,1,defensive_third,False,29.45,30.98,53.55,53.91,45.57,37.61,62.46,82.34
19,1925299,2169,2287,03:35.9,03:47.7,3,35,11.8,1,2,1802,right_to_left,Brisbane FC,4,True,False,False,finish,2,low_block,8,42.26,-31.72,5,wide_right,3,attacking_third,False,41.1,-10.62,4,half_space_right,3,attacking_third,True,39.46,31.81,71.93,60.03,20.18,32.03,14.35,42.19
20,1925299,2287,2387,03:47.7,03:57.7,3,47,10.0,1,1,871,left_to_right,Perth Glory,4,False,False,False,build_up,0,high_block,10,-41.31,10.41,2,half_space_left,1,defensive_third,False,-35.01,33.21,1,wide_left,1,defensive_third,False,32.38,56.02,42.29,46.47,31.82,32.69,60.03,63.45
21,1925299,2387,2408,03:57.7,03:59.8,3,57,2.1,1,1,871,left_to_right,Perth Glory,1,True,False,False,direct,6,defending_direct,15,-34.54,33.32,1,wide_left,1,defensive_third,False,1.43,24.59,1,wide_left,2,middle_third,False,56.0,50.68,46.28,49.88,32.79,34.05,63.2,63.7
22,1925299,2408,2418,03:59.8,04:00.8,3,59,1.0,1,2,1802,right_to_left,Brisbane FC,1,True,False,False,chaotic,5,chaotic,5,-1.94,-24.29,5,wide_right,2,middle_third,False,10.19,-24.01,5,wide_right,2,middle_third,False,33.97,33.39,63.64,62.28,50.27,47.75,50.01,49.16
23,1925299,2517,2523,04:10.7,04:11.3,4,10,0.6,1,1,871,left_to_right,Perth Glory,1,False,False,False,create,1,medium_block,9,-14.79,30.99,1,wide_left,2,middle_third,False,-19.15,28.11,1,wide_left,1,defensive_third,False,41.56,41.96,38.63,38.58,27.88,27.82,54.05,54.65
24,1925299,2523,2570,04:11.3,04:16.0,4,11,4.7,1,1,871,left_to_right,Perth Glory,1,False,False,False,build_up,0,high_block,10,-20.62,27.41,1,wide_left,1,defensive_third,False,-49.72,17.58,2,half_space_left,1,defensive_third,False,42.04,49.19,38.84,50.49,27.83,31.41,54.85,80.14
25,1925299,2570,2631,04:16.0,04:22.1,4,16,6.1,1,1,871,left_to_right,Perth Glory,2,True,False,False,direct,6,defending_direct,15,-49.88,17.13,2,half_space_left,1,defensive_third,False,-2.3,9.27,2,half_space_left,2,middle_third,False,49.25,33.91,50.48,43.24,31.43,28.04,80.48,71.13
26,1925299,2631,2817,04:22.1,04:40.7,4,22,18.6,1,2,1802,right_to_left,Brisbane FC,7,False,False,False,create,1,medium_block,9,1.86,-9.37,4,half_space_right,2,middle_third,False,-19.42,14.19,2,half_space_left,1,defensive_third,False,28.24,63.91,70.89,52.98,33.7,35.17,43.24,50.19
27,1925299,2817,2845,04:40.7,04:43.5,4,40,2.8,1,2,1802,right_to_left,Brisbane FC,1,False,False,False,build_up,0,high_block,10,-20.42,12.99,2,half_space_left,1,defensive_third,False,-20.67,3.42,3,center,1,defensive_third,False,63.82,60.63,53.01,53.2,35.14,34.23,50.28,62.35
28,1925299,2845,2962,04:43.5,04:55.2,4,43,11.7,1,2,1802,right_to_left,Brisbane FC,3,False,False,False,create,1,medium_block,9,-19.35,3.0,3,center,1,defensive_third,False,20.57,-21.42,5,wide_right,3,attacking_third,False,60.49,46.13,53.15,60.99,34.32,23.4,62.5,49.55
29,1925299,2962,3136,04:55.2,05:12.6,4,55,17.4,1,2,1802,right_to_left,Brisbane FC,5,False,False,False,finish,2,low_block,8,21.08,-21.43,5,wide_right,3,attacking_third,False,51.77,-14.64,4,half_space_right,3,attacking_third,True,45.97,32.89,61.26,71.19,23.3,31.18,49.4,17.92
30,1925299,3554,3574,05:54.4,05:56.4,5,54,2.0,1,2,1802,right_to_left,Brisbane FC,2,True,False,True,set_play,7,defending_set_play,13,51.88,-32.26,5,wide_right,3,attacking_third,False,45.46,-2.21,3,center,3,attacking_third,True,35.0,31.14,69.26,66.31,10.32,8.68,12.68,13.85
31,1925299,3574,3660,05:56.4,06:05.0,5,56,8.6,1,1,871,left_to_right,Perth Glory,2,False,False,False,build_up,0,high_block,10,-45.24,1.29,3,center,1,defensive_third,False,-20.48,-22.13,5,wide_right,1,defensive_third,False,8.72,35.45,13.96,43.82,30.87,34.41,66.31,57.63
32,1925299,3660,3726,06:05.0,06:11.6,6,5,6.6,1,1,871,left_to_right,Perth Glory,2,True,False,False,create,1,medium_block,9,-19.92,-22.12,5,wide_right,1,defensive_third,False,27.17,3.72,3,center,3,attacking_third,False,35.61,38.49,43.98,60.65,33.89,33.62,57.4,51.22
33,1925299,3726,3787,06:11.6,06:17.7,6,11,6.1,1,2,1802,right_to_left,Brisbane FC,1,False,False,False,build_up,0,high_block,10,-27.33,-4.81,3,center,1,defensive_third,False,-20.06,-17.63,4,half_space_right,1,defensive_third,False,33.92,43.6,51.21,48.82,38.42,41.4,60.79,54.66
34,1925299,3787,3994,06:17.7,06:38.4,6,17,20.7,1,2,1802,right_to_left,Brisbane FC,7,False,False,False,create,1,medium_block,9,-19.7,-16.96,4,half_space_right,1,defensive_third,False,-10.66,-29.81,5,wide_right,2,middle_third,False,43.9,51.15,48.82,54.99,41.24,35.03,54.55,51.88
35,1925299,3994,4022,06:38.4,06:41.2,6,38,2.8,1,2,1802,right_to_left,Brisbane FC,1,False,False,False,direct,6,defending_direct,15,-10.11,-29.99,5,wide_right,2,middle_third,False,31.67,-28.6,5,wide_right,3,attacking_third,False,50.97,37.07,55.44,68.86,35.28,34.01,51.57,47.87
36,1925299,4101,4209,06:49.1,06:59.9,6,49,10.8,1,2,1802,right_to_left,Brisbane FC,4,False,False,False,create,1,medium_block,9,25.1,-32.79,5,wide_right,3,attacking_third,False,-9.41,23.95,1,wide_left,2,middle_third,False,38.69,56.35,71.16,60.44,29.37,40.69,39.38,49.76
37,1925299,4209,4245,06:59.9,07:03.5,6,59,3.6,1,2,1802,right_to_left,Brisbane FC,1,True,False,False,direct,6,defending_direct,15,-10.29,23.48,1,wide_left,2,middle_third,False,25.28,23.77,1,wide_left,3,attacking_third,False,56.45,49.02,60.25,59.91,40.61,35.93,50.2,50.97
38,1925299,4245,4255,07:03.5,07:04.5,7,3,1.0,1,1,871,left_to_right,Perth Glory,1,True,False,False,chaotic,5,chaotic,5,-25.54,-24.0,5,wide_right,1,defensive_third,False,-24.98,-31.21,5,wide_right,1,defensive_third,False,35.76,35.48,50.82,49.79,48.66,45.73,60.09,61.0
39,1925299,4398,4546,07:18.8,07:33.6,7,18,14.8,1,2,1802,right_to_left,Brisbane FC,6,False,False,False,finish,2,low_block,8,27.01,33.92,1,wide_left,3,attacking_third,False,46.95,-27.38,5,wide_right,3,attacking_third,False,36.84,42.73,63.79,70.98,26.07,36.99,28.73,25.88
40,1925299,4635,4693,07:42.5,07:48.3,7,42,5.8,1,2,1802,right_to_left,Brisbane FC,2,False,False,False,finish,2,low_block,8,36.73,-32.6,5,wide_right,3,attacking_third,False,5.96,2.51,3,center,2,middle_third,False,39.57,54.99,66.17,60.99,25.55,28.4,22.12,33.04
41,1925299,4693,4715,07:48.3,07:50.5,7,48,2.2,1,2,1802,right_to_left,Brisbane FC,1,False,False,False,create,1,medium_block,9,5.35,3.18,3,center,2,middle_third,False,4.58,5.95,3,center,2,middle_third,False,55.37,60.02,60.91,58.96,28.57,32.45,33.29,38.89
42,1925299,4715,4748,07:50.5,07:53.8,7,50,3.3,1,2,1802,right_to_left,Brisbane FC,2,False,False,False,finish,2,low_block,8,5.41,5.54,3,center,2,middle_third,False,5.37,-2.7,3,center,2,middle_third,False,60.12,60.23,58.85,55.45,32.56,31.38,39.15,42.56
43,1925299,4748,4766,07:53.8,07:55.6,7,53,1.8,1,2,1802,right_to_left,Brisbane FC,1,False,False,False,create,1,medium_block,9,5.01,-3.83,3,center,2,middle_third,False,6.3,-11.2,4,half_space_right,2,middle_third,False,60.13,58.72,55.36,53.87,31.3,31.93,42.61,43.37
44,1925299,4766,4950,07:55.6,08:14.0,7,55,18.4,1,2,1802,right_to_left,Brisbane FC,8,False,False,False,finish,2,low_block,8,6.5,-11.35,4,half_space_right,2,middle_third,False,-28.04,4.28,3,center,1,defensive_third,False,58.59,18.53,53.73,30.1,32.12,31.58,43.41,64.86
45,1925299,4950,4981,08:14.0,08:17.1,8,14,3.1,1,2,1802,right_to_left,Brisbane FC,1,True,False,False,chaotic,5,chaotic,5,26.98,-5.09,3,center,3,attacking_third,False,31.52,-17.51,4,half_space_right,3,attacking_third,False,31.2,28.98,64.74,59.82,18.68,26.16,30.17,34.92
46,1925299,4981,5022,08:17.1,08:21.2,8,17,4.1,1,1,871,left_to_right,Perth Glory,2,True,False,False,chaotic,5,chaotic,5,-31.84,17.81,2,half_space_left,1,defensive_third,False,-33.14,16.92,2,half_space_left,1,defensive_third,False,26.56,36.41,35.08,39.33,29.06,30.68,59.71,70.52
47,1925299,5109,5181,08:29.9,08:37.1,8,29,7.2,1,2,1802,right_to_left,Brisbane FC,3,False,False,False,build_up,0,high_block,10,-21.52,-31.33,5,wide_right,1,defensive_third,False,-20.35,6.96,3,center,1,defensive_third,False,45.01,59.75,62.46,51.79,34.85,35.26,59.13,55.17
48,1925299,5181,5428,08:37.1,09:01.8,8,37,24.7,1,2,1802,right_to_left,Brisbane FC,7,False,False,False,create,1,medium_block,9,-19.53,6.93,3,center,1,defensive_third,False,15.06,25.74,1,wide_left,2,middle_third,False,59.69,44.97,51.74,60.51,35.13,36.2,54.91,50.38
49,1925299,5428,5438,09:01.8,09:02.8,9,1,1.0,1,2,1802,right_to_left,Brisbane FC,1,True,False,False,finish,2,low_block,8,15.53,25.18,1,wide_left,2,middle_third,False,19.8,19.0,2,half_space_left,3,attacking_third,False,44.84,43.03,60.72,62.16,35.91,33.04,50.37,50.32
50,1925299,5438,5549,09:02.8,09:13.9,9,2,11.1,1,1,871,left_to_right,Perth Glory,2,True,False,False,transition,4,defending_transition,11,-19.94,-18.62,4,half_space_right,1,defensive_third,False,29.26,-14.7,4,half_space_right,3,attacking_third,False,32.71,32.56,50.33,68.37,42.72,29.11,62.24,52.77
51,1925299,5549,5589,09:13.9,09:17.9,9,13,4.0,1,2,1802,right_to_left,Brisbane FC,2,True,False,False,chaotic,5,chaotic,5,-29.14,15.02,2,half_space_left,1,defensive_third,False,-23.09,22.74,1,wide_left,1,defensive_third,False,29.27,37.14,52.34,37.92,32.53,33.29,68.2,62.21
52,1925299,5589,5660,09:17.9,09:25.0,9,17,7.1,1,1,871,left_to_right,Perth Glory,4,True,False,True,finish,2,low_block,8,23.45,-22.63,5,wide_right,3,attacking_third,False,40.33,-4.31,3,center,3,attacking_third,True,33.25,26.16,62.13,76.48,37.27,21.49,37.91,31.82
53,1925299,5660,5705,09:25.0,09:29.5,9,25,4.5,1,2,1802,right_to_left,Brisbane FC,1,True,False,False,chaotic,5,chaotic,5,-40.41,4.09,3,center,1,defensive_third,False,0.29,-6.26,3,center,2,middle_third,False,21.33,22.06,31.72,32.81,26.13,28.13,76.43,67.63
54,1925299,5705,5826,09:29.5,09:41.6,9,29,12.1,1,1,871,left_to_right,Perth Glory,3,True,False,False,create,1,medium_block,9,-1.28,6.0,3,center,2,middle_third,False,14.67,-28.81,5,wide_right,2,middle_third,False,28.24,51.8,67.43,55.41,22.23,38.2,33.19,45.87
55,1925299,5826,6034,09:41.6,10:02.4,9,41,20.8,1,2,1802,right_to_left,Brisbane FC,9,True,False,False,create,1,medium_block,9,-15.03,28.77,1,wide_left,2,middle_third,False,17.09,27.46,1,wide_left,2,middle_third,False,38.18,50.39,45.88,58.96,51.45,39.53,55.43,51.03
56,1925299,6034,6050,10:02.4,10:04.0,10,2,1.6,1,1,871,left_to_right,Perth Glory,1,True,False,False,chaotic,5,chaotic,5,-17.54,-27.47,5,wide_right,1,defensive_third,False,-9.81,-27.72,5,wide_right,2,middle_third,False,39.45,39.23,51.08,52.11,50.09,45.49,58.78,57.77
57,1925299,6050,6194,10:04.0,10:18.4,10,4,14.4,1,2,1802,right_to_left,Brisbane FC,5,True,False,False,create,1,medium_block,9,9.26,27.66,1,wide_left,2,middle_third,False,4.44,-26.47,5,wide_right,2,middle_third,False,45.15,52.36,57.76,53.07,39.33,37.51,52.2,44.57
58,1925299,6194,6247,10:18.4,10:23.7,10,18,5.3,1,1,871,left_to_right,Perth Glory,2,False,False,False,chaotic,5,chaotic,5,-3.71,26.46,1,wide_left,2,middle_third,False,30.49,25.96,1,wide_left,3,attacking_third,False,37.14,36.98,44.76,61.96,51.82,32.74,53.13,49.51
59,1925299,6415,6438,10:40.5,10:42.8,10,40,2.3,1,1,871,left_to_right,Perth Glory,2,False,False,False,finish,2,low_block,8,20.39,33.09,1,wide_left,3,attacking_third,False,6.12,29.8,1,wide_left,2,middle_third,False,47.5,50.38,71.59,68.21,29.06,30.14,28.94,32.72
60,1925299,6438,6513,10:42.8,10:50.3,10,42,7.5,1,1,871,left_to_right,Perth Glory,3,False,False,False,create,1,medium_block,9,5.41,28.97,1,wide_left,2,middle_third,False,9.07,-25.49,5,wide_right,2,middle_third,False,50.65,55.65,67.99,58.01,30.28,40.61,33.0,44.06
61,1925299,6513,6543,10:50.3,10:53.3,10,50,3.0,1,1,871,left_to_right,Perth Glory,1,False,False,False,finish,2,low_block,8,8.96,-24.83,5,wide_right,2,middle_third,False,6.52,-23.85,5,wide_right,2,middle_third,False,55.52,53.51,57.91,58.31,40.55,32.49,43.87,37.71
62,1925299,6543,6603,10:53.3,10:59.3,10,53,6.0,1,1,871,left_to_right,Perth Glory,2,False,False,False,create,1,medium_block,9,5.46,-23.4,5,wide_right,2,middle_third,False,11.59,-30.07,5,wide_right,2,middle_third,False,53.48,54.81,58.35,56.27,32.28,37.2,37.63,37.96
63,1925299,6603,6611,10:59.3,11:00.1,10,59,0.8,1,1,871,left_to_right,Perth Glory,1,False,False,False,finish,2,low_block,8,11.24,-29.94,5,wide_right,2,middle_third,False,9.03,-28.87,5,wide_right,2,middle_third,False,54.69,53.95,56.26,56.3,37.15,36.43,37.94,38.45
64,1925299,6611,6641,11:00.1,11:03.1,11,0,3.0,1,1,871,left_to_right,Perth Glory,1,False,False,False,create,1,medium_block,9,8.14,-28.28,5,wide_right,2,middle_third,False,-19.9,-8.99,3,center,1,defensive_third,False,53.89,55.43,56.3,56.59,36.29,33.3,38.68,52.6
65,1925299,6641,6686,11:03.1,11:07.6,11,3,4.5,1,1,871,left_to_right,Perth Glory,1,False,False,False,build_up,0,high_block,10,-20.91,-8.46,3,center,1,defensive_third,False,-20.21,15.94,2,half_space_left,1,defensive_third,False,55.56,61.3,56.56,51.38,33.3,39.54,53.17,65.0
66,1925299,6686,6754,11:07.6,11:14.4,11,7,6.8,1,1,871,left_to_right,Perth Glory,2,True,False,False,create,1,medium_block,9,-19.38,17.07,2,half_space_left,1,defensive_third,False,25.54,27.91,1,wide_left,3,attacking_third,False,61.22,47.42,51.35,63.56,39.91,39.22,64.96,61.42
67,1925299,6754,6764,11:14.4,11:15.4,11,14,1.0,1,2,1802,right_to_left,Brisbane FC,1,True,False,False,chaotic,5,chaotic,5,-26.38,-28.14,5,wide_right,1,defensive_third,False,-38.97,-28.69,5,wide_right,1,defensive_third,False,39.09,38.11,61.28,60.43,47.32,46.16,63.93,66.72
68,1925299,6914,6955,11:30.4,11:34.5,11,30,4.1,1,1,871,left_to_right,Perth Glory,3,True,False,False,finish,2,low_block,8,27.65,31.74,1,wide_left,3,attacking_third,False,41.37,17.0,2,half_space_left,3,attacking_third,True,40.04,36.48,70.72,68.74,24.89,30.14,32.57,28.47
69,1925299,6955,7019,11:34.5,11:40.9,11,34,6.4,1,2,1802,right_to_left,Brisbane FC,3,True,False,False,chaotic,5,chaotic,5,-41.23,-15.68,4,half_space_right,1,defensive_third,False,-32.02,-13.52,4,half_space_right,1,defensive_third,False,30.07,30.7,28.4,38.52,36.43,24.85,68.68,60.88
70,1925299,7019,7104,11:40.9,11:49.4,11,40,8.5,1,1,871,left_to_right,Perth Glory,2,True,False,False,finish,2,low_block,8,32.22,13.59,2,half_space_left,3,attacking_third,False,42.12,2.53,3,center,3,attacking_third,True,24.79,38.45,61.02,68.64,30.41,24.2,38.74,36.42
71,1925299,7104,7146,11:49.4,11:53.6,11,49,4.2,1,2,1802,right_to_left,Brisbane FC,3,True,False,False,chaotic,5,chaotic,5,-42.58,-3.25,3,center,1,defensive_third,False,-22.38,-4.03,3,center,1,defensive_third,False,24.23,22.15,36.39,31.63,38.29,27.08,68.95,65.58
72,1925299,7146,7313,11:53.6,12:10.3,11,53,16.7,1,1,871,left_to_right,Perth Glory,4,False,False,False,create,1,medium_block,9,21.01,4.97,3,center,3,attacking_third,False,-19.43,-14.87,4,half_space_right,1,defensive_third,False,27.12,51.69,65.46,56.02,22.3,38.73,31.61,49.45
73,1925299,7313,7339,12:10.3,12:12.9,12,10,2.6,1,1,871,left_to_right,Perth Glory,1,False,False,False,build_up,0,high_block,10,-20.68,-13.83,4,half_space_right,1,defensive_third,False,-28.61,-4.64,3,center,1,defensive_third,False,51.64,57.43,55.98,53.17,38.79,41.5,49.94,59.22
74,1925299,7339,7383,12:12.9,12:17.3,12,12,4.4,1,1,871,left_to_right,Perth Glory,1,True,False,False,direct,6,defending_direct,15,-27.07,-3.32,3,center,1,defensive_third,False,23.69,21.18,1,wide_left,3,attacking_third,False,57.58,49.48,52.97,53.56,41.63,41.91,59.36,59.41
75,1925299,7383,7550,12:17.3,12:34.0,12,17,16.7,1,2,1802,right_to_left,Brisbane FC,6,False,False,False,build_up,0,high_block,10,-24.17,-21.57,5,wide_right,1,defensive_third,False,-20.26,12.1,2,half_space_left,1,defensive_third,False,41.98,54.81,59.52,46.7,49.28,41.0,53.5,60.27
76,1925299,7550,7575,12:34.0,12:36.5,12,34,2.5,1,2,1802,right_to_left,Brisbane FC,1,True,False,False,create,1,medium_block,9,-18.39,11.72,2,half_space_left,1,defensive_third,False,-12.33,-6.02,3,center,2,middle_third,False,54.81,53.84,46.77,49.48,40.97,38.81,60.19,58.22
77,1925299,7575,7602,12:36.5,12:39.2,12,36,2.7,1,1,871,left_to_right,Perth Glory,1,False,False,False,chaotic,5,chaotic,5,12.34,6.21,3,center,2,middle_third,False,15.77,2.65,3,center,2,middle_third,False,38.71,37.46,58.27,63.39,53.79,51.77,49.62,51.94
78,1925299,8250,8450,13:44.0,14:04.0,13,44,20.0,1,1,871,left_to_right,Perth Glory,1,False,False,False,set_play,7,defending_set_play,13,21.17,2.15,3,center,3,attacking_third,False,,,2,half_space_left,2,middle_third,False,34.92,,60.16,,31.2,,23.46,
79,1925299,8450,8482,14:04.0,14:07.2,14,4,3.2,1,1,871,left_to_right,Perth Glory,0,True,False,False,create,1,medium_block,9,,,2,half_space_left,2,middle_third,False,49.03,10.58,2,half_space_left,3,attacking_third,True,,36.45,,70.1,,63.39,,49.25
80,1925299,8482,8500,14:07.2,14:09.0,14,7,1.8,1,2,1802,right_to_left,Brisbane FC,1,False,False,False,chaotic,5,chaotic,5,-48.84,-11.1,4,half_space_right,1,defensive_third,False,-48.69,-17.11,4,half_space_right,1,defensive_third,False,62.97,57.45,49.34,51.06,36.51,38.28,70.21,76.28
81,1925299,8500,8534,14:09.0,14:12.4,14,9,3.4,1,2,1802,right_to_left,Brisbane FC,1,True,False,False,direct,6,defending_direct,15,-47.91,-17.89,4,half_space_right,1,defensive_third,False,5.89,-21.01,5,wide_right,2,middle_third,False,56.81,36.66,51.0,53.46,38.36,35.74,76.64,74.91
82,1925299,8534,8573,14:12.4,14:16.3,14,12,3.9,1,1,871,left_to_right,Perth Glory,1,True,False,False,chaotic,5,chaotic,5,-6.27,20.91,1,wide_left,2,middle_third,False,-10.64,24.19,1,wide_left,2,middle_third,False,35.56,34.03,74.88,65.98,36.2,30.01,53.76,54.51
83,1925299,8573,8586,14:16.3,14:17.6,14,16,1.3,1,2,1802,right_to_left,Brisbane FC,1,True,False,False,chaotic,5,chaotic,5,10.98,-24.23,5,wide_right,2,middle_third,False,12.04,-26.62,5,wide_right,2,middle_third,False,29.97,29.74,54.35,54.13,34.03,32.68,65.73,63.11
84,1925299,8586,8620,14:17.6,14:21.0,14,17,3.4,1,1,871,left_to_right,Perth Glory,1,False,False,False,create,1,medium_block,9,-12.16,26.65,1,wide_left,2,middle_third,False,-18.56,30.04,1,wide_left,1,defensive_third,False,32.53,35.86,62.9,56.51,29.74,33.44,54.15,54.25
85,1925299,8620,8766,14:21.0,14:35.6,14,21,14.6,1,1,871,left_to_right,Perth Glory,5,False,False,False,build_up,0,high_block,10,-20.03,29.11,1,wide_left,1,defensive_third,False,-20.09,-15.07,4,half_space_right,1,defensive_third,False,35.92,59.89,56.39,44.45,33.5,35.39,54.45,77.98
86,1925299,8766,8777,14:35.6,14:36.7,14,35,1.1,1,1,871,left_to_right,Perth Glory,1,True,False,False,create,1,medium_block,9,-19.71,-15.75,4,half_space_right,1,defensive_third,False,-18.98,-22.07,5,wide_right,1,defensive_third,False,59.81,58.55,44.48,44.56,35.51,37.99,77.83,75.97
87,1925299,8777,8895,14:36.7,14:48.5,14,36,11.8,1,2,1802,right_to_left,Brisbane FC,3,False,False,False,quick_break,3,defending_quick_break,12,19.24,22.29,1,wide_left,3,attacking_third,False,44.59,26.35,1,wide_left,3,attacking_third,False,38.36,37.42,75.75,77.35,58.4,27.38,44.66,37.25
88,1925299,8895,9101,14:48.5,15:09.1,14,48,20.6,1,2,1802,right_to_left,Brisbane FC,8,True,False,False,finish,2,low_block,8,43.99,26.79,1,wide_left,3,attacking_third,False,38.36,9.72,2,half_space_left,3,attacking_third,True,37.46,43.08,77.13,68.19,27.7,27.36,37.09,22.01
89,1925299,9101,9162,15:09.1,15:15.2,15,9,6.1,1,1,871,left_to_right,Perth Glory,1,False,False,False,build_up,0,high_block,10,-38.85,-9.33,4,half_space_right,1,defensive_third,False,-20.09,-5.44,3,center,1,defensive_third,False,27.09,28.22,22.22,30.77,42.76,29.42,68.41,60.15
90,1925299,9162,9236,15:15.2,15:22.6,15,15,7.4,1,1,871,left_to_right,Perth Glory,3,False,False,False,create,1,medium_block,9,-19.52,-3.86,3,center,1,defensive_third,False,-19.56,19.2,2,half_space_left,1,defensive_third,False,28.52,46.9,30.87,48.12,29.31,35.17,60.03,51.15
91,1925299,9236,9345,15:22.6,15:33.5,15,22,10.9,1,1,871,left_to_right,Perth Glory,4,False,False,False,build_up,0,high_block,10,-20.71,18.06,2,half_space_left,1,defensive_third,False,-26.12,-20.66,5,wide_right,1,defensive_third,False,47.24,61.51,48.16,51.73,35.17,33.9,51.25,57.77
92,1925299,9345,9365,15:33.5,15:35.5,15,33,2.0,1,1,871,left_to_right,Perth Glory,1,False,False,False,direct,6,defending_direct,15,-25.76,-20.92,5,wide_right,1,defensive_third,False,5.94,-17.82,4,half_space_right,2,middle_third,False,61.41,59.5,51.81,52.41,33.98,33.89,57.74,56.51
93,1925299,9365,9417,15:35.5,15:40.7,15,35,5.2,1,1,871,left_to_right,Perth Glory,1,False,False,False,create,1,medium_block,9,6.38,-17.94,4,half_space_right,2,middle_third,False,19.61,-30.11,5,wide_right,3,attacking_third,False,59.13,47.89,52.27,62.21,33.76,30.58,56.49,52.27
94,1925299,9417,9533,15:40.7,15:52.3,15,40,11.6,1,1,871,left_to_right,Perth Glory,3,True,False,False,finish,2,low_block,8,20.27,-30.14,5,wide_right,3,attacking_third,False,38.8,17.79,2,half_space_left,3,attacking_third,True,47.82,42.09,62.47,69.78,30.47,38.76,52.18,20.26
95,1925299,9533,9543,15:52.3,15:53.3,15,52,1.0,1,2,1802,right_to_left,Brisbane FC,1,False,False,False,chaotic,5,chaotic,5,-38.56,-17.59,4,half_space_right,1,defensive_third,False,-37.37,-25.15,5,wide_right,1,defensive_third,False,38.35,36.42,20.08,19.43,41.65,38.69,69.76,69.18
96,1925299,9998,10050,16:38.8,16:44.0,16,38,5.2,1,2,1802,right_to_left,Brisbane FC,2,False,False,False,chaotic,5,chaotic,5,-15.23,-32.9,5,wide_right,2,middle_third,False,-8.6,-15.95,4,half_space_right,2,middle_third,False,35.02,30.28,42.26,41.28,20.96,22.37,61.97,55.39
97,1925299,10207,10437,16:59.7,17:22.7,16,59,23.0,1,2,1802,right_to_left,Brisbane FC,9,False,False,False,create,1,medium_block,9,-6.69,-7.78,3,center,2,middle_third,False,-19.98,-24.92,5,wide_right,1,defensive_third,False,58.33,62.97,53.65,51.13,33.95,39.52,46.52,52.48
98,1925299,10437,10504,17:22.7,17:29.4,17,22,6.7,1,2,1802,right_to_left,Brisbane FC,2,False,False,False,build_up,0,high_block,10,-20.82,-24.21,5,wide_right,1,defensive_third,False,-20.39,9.36,2,half_space_left,1,defensive_third,False,62.91,63.72,51.03,40.8,39.44,37.39,52.6,66.4
99,1925299,10504,10593,17:29.4,17:38.3,17,29,8.9,1,2,1802,right_to_left,Brisbane FC,4,False,False,False,create,1,medium_block,9,-19.67,9.67,2,half_space_left,1,defensive_third,False,17.03,-10.87,4,half_space_right,2,middle_third,False,63.73,50.11,40.72,59.19,37.32,29.58,66.3,55.92
100,1925299,10593,10645,17:38.3,17:43.5,17,38,5.2,1,2,1802,right_to_left,Brisbane FC,2,True,False,False,finish,2,low_block,8,17.69,-11.02,4,half_space_right,3,attacking_third,False,47.1,-17.58,4,half_space_right,3,attacking_third,True,49.81,31.97,59.47,72.85,29.22,30.37,55.9,50.29
101,1925299,11062,11086,18:25.2,18:27.6,18,25,2.4,1,1,871,left_to_right,Perth Glory,1,True,False,False,direct,6,defending_direct,15,,,2,half_space_left,2,middle_third,False,15.91,-6.67,3,center,2,middle_third,False,,25.75,,57.44,,24.57,,45.92
102,1925299,11086,11108,18:27.6,18:29.8,18,27,2.2,1,2,1802,right_to_left,Brisbane FC,1,True,False,False,chaotic,5,chaotic,5,-16.93,6.65,3,center,2,middle_third,False,-15.61,9.36,2,half_space_left,2,middle_third,False,24.6,24.64,46.08,47.24,25.64,25.18,57.61,59.27
103,1925299,11108,11182,18:29.8,18:37.2,18,29,7.4,1,1,871,left_to_right,Perth Glory,2,True,False,True,quick_break,3,defending_quick_break,12,15.48,-9.39,4,half_space_right,2,middle_third,False,50.85,-2.79,3,center,3,attacking_third,True,25.2,30.94,59.32,78.31,24.74,31.39,47.22,39.69
104,1925299,11609,11654,19:19.9,19:24.4,19,19,4.5,1,2,1802,right_to_left,Brisbane FC,1,True,False,False,direct,6,defending_direct,15,,,2,half_space_left,2,middle_third,False,8.66,-28.75,5,wide_right,2,middle_third,False,,24.12,,57.96,,21.49,,50.46
105,1925299,11654,11703,19:24.4,19:29.3,19,24,4.9,1,1,871,left_to_right,Perth Glory,2,True,False,False,chaotic,5,chaotic,5,-8.34,28.91,1,wide_left,2,middle_third,False,11.32,18.34,2,half_space_left,2,middle_third,False,21.67,21.78,50.54,52.25,24.24,23.74,57.84,49.25
106,1925299,11703,11725,19:29.3,19:31.5,19,29,2.2,1,2,1802,right_to_left,Brisbane FC,1,False,False,False,chaotic,5,chaotic,5,-12.29,-18.2,4,half_space_right,2,middle_third,False,-3.76,-12.19,4,half_space_right,2,middle_third,False,23.73,23.0,49.1,46.41,21.77,22.81,52.35,53.23
107,1925299,11831,11862,19:42.1,19:45.2,19,42,3.1,1,2,1802,right_to_left,Brisbane FC,1,True,False,False,direct,6,defending_direct,15,-10.36,-8.39,3,center,2,middle_third,False,27.21,8.91,3,center,3,attacking_third,False,47.13,43.51,52.69,66.71,25.11,26.91,45.57,46.93
108,1925299,11862,11875,19:45.2,19:46.5,19,45,1.3,1,1,871,left_to_right,Perth Glory,2,False,False,False,build_up,0,high_block,10,-27.73,-9.28,4,half_space_right,1,defensive_third,False,-20.16,-8.78,3,center,1,defensive_third,False,26.98,27.83,46.97,47.78,43.18,38.62,66.96,67.13
109,1925299,11875,11898,19:46.5,19:48.8,19,46,2.3,1,1,871,left_to_right,Perth Glory,1,False,False,False,create,1,medium_block,9,-19.89,-9.25,4,half_space_right,1,defensive_third,False,-19.75,-14.92,4,half_space_right,1,defensive_third,False,27.85,36.33,47.83,47.23,38.29,36.24,66.93,59.36
110,1925299,11898,12004,19:48.8,19:59.4,19,48,10.6,1,1,871,left_to_right,Perth Glory,5,True,False,False,build_up,0,high_block,10,-20.06,-14.96,4,half_space_right,1,defensive_third,False,-34.49,-27.32,5,wide_right,1,defensive_third,False,36.65,36.87,47.14,40.85,36.25,34.93,59.21,69.51
111,1925299,12004,12020,19:59.4,20:01.0,19,59,1.6,1,2,1802,right_to_left,Brisbane FC,1,True,False,False,chaotic,5,chaotic,5,34.8,27.21,1,wide_left,3,attacking_third,False,38.02,28.9,1,wide_left,3,attacking_third,False,34.82,32.39,69.33,67.89,36.84,34.83,40.74,39.88
112,1925299,12020,12044,20:01.0,20:03.4,20,1,2.4,1,1,871,left_to_right,Perth Glory,1,True,False,False,chaotic,5,chaotic,5,-37.66,-28.77,5,wide_right,1,defensive_third,False,-10.21,-10.2,4,half_space_right,2,middle_third,False,34.66,31.15,39.89,39.71,32.25,30.32,67.88,66.79
113,1925299,12044,12091,20:03.4,20:08.1,20,3,4.7,1,2,1802,right_to_left,Brisbane FC,2,True,False,False,chaotic,5,chaotic,5,9.92,9.73,2,half_space_left,2,middle_third,False,20.03,-9.9,4,half_space_right,3,attacking_third,False,30.28,32.26,66.66,61.95,31.05,30.63,39.75,41.72
114,1925299,12091,12179,20:08.1,20:16.9,20,8,8.8,1,1,871,left_to_right,Perth Glory,2,True,False,False,create,1,medium_block,9,-19.81,10.64,2,half_space_left,1,defensive_third,False,14.35,13.3,2,half_space_left,2,middle_third,False,31.0,44.19,41.87,62.25,32.37,35.85,61.85,52.55
115,1925299,12179,12249,20:16.9,20:23.9,20,16,7.0,1,2,1802,right_to_left,Brisbane FC,2,True,False,False,create,1,medium_block,9,-14.63,-12.83,4,half_space_right,2,middle_third,False,4.8,3.19,3,center,2,middle_third,False,35.66,30.63,52.6,54.19,43.91,28.68,62.3,50.41
116,1925299,12249,12341,20:23.9,20:33.1,20,23,9.2,1,1,871,left_to_right,Perth Glory,3,False,False,False,create,1,medium_block,9,-4.56,-3.09,3,center,2,middle_third,False,8.7,-23.48,5,wide_right,2,middle_third,False,28.63,43.44,50.15,61.54,30.68,33.41,54.19,38.48
117,1925299,12341,12392,20:33.1,20:38.2,20,33,5.1,1,1,871,left_to_right,Perth Glory,2,False,False,False,finish,2,low_block,8,8.83,-23.34,5,wide_right,2,middle_third,False,5.37,-23.79,5,wide_right,2,middle_third,False,43.59,48.82,61.73,62.1,33.38,35.01,38.41,35.55
118,1925299,12392,12555,20:38.2,20:54.5,20,38,16.3,1,1,871,left_to_right,Perth Glory,7,False,False,False,create,1,medium_block,9,4.16,-23.11,5,wide_right,2,middle_third,False,15.05,-34.27,5,wide_right,2,middle_third,False,48.89,54.75,62.09,58.4,35.0,41.29,35.55,46.07
119,1925299,12615,12754,21:00.5,21:14.4,21,0,13.9,1,1,871,left_to_right,Perth Glory,5,False,False,False,create,1,medium_block,9,11.72,-34.27,5,wide_right,2,middle_third,False,-19.57,24.18,1,wide_left,1,defensive_third,False,48.95,53.73,62.71,53.39,32.03,39.46,38.23,55.65
120,1925299,12754,12818,21:14.4,21:20.8,21,14,6.4,1,1,871,left_to_right,Perth Glory,1,False,False,False,build_up,0,high_block,10,-21.11,22.92,1,wide_left,1,defensive_third,False,-20.91,-9.29,4,half_space_right,1,defensive_third,False,53.6,57.7,53.17,43.44,39.31,38.33,55.8,65.31
121,1925299,12818,12819,21:20.8,21:20.9,21,20,0.1,1,1,871,left_to_right,Perth Glory,0,True,False,False,create,1,medium_block,9,-19.28,-10.65,4,half_space_right,1,defensive_third,False,-19.28,-10.65,4,half_space_right,1,defensive_third,False,57.62,57.62,43.23,43.23,38.43,38.43,65.34,65.34
122,1925299,12898,12922,21:28.8,21:31.2,21,28,2.4,1,2,1802,right_to_left,Brisbane FC,2,False,False,False,chaotic,5,chaotic,5,-10.22,30.07,1,wide_left,2,middle_third,False,-6.49,26.74,1,wide_left,2,middle_third,False,48.25,48.92,63.8,60.85,40.46,40.93,45.87,48.87
123,1925299,13053,13060,21:44.3,21:45.0,21,44,0.7,1,2,1802,right_to_left,Brisbane FC,2,False,False,False,create,1,medium_block,9,-17.04,29.3,1,wide_left,2,middle_third,False,-19.92,28.52,1,wide_left,1,defensive_third,False,46.4,46.69,55.63,55.31,32.48,32.31,46.38,46.72
124,1925299,13060,13138,21:45.0,21:52.8,21,45,7.8,1,2,1802,right_to_left,Brisbane FC,3,False,False,False,build_up,0,high_block,10,-20.18,28.24,1,wide_left,1,defensive_third,False,-20.96,22.36,1,wide_left,1,defensive_third,False,46.78,62.41,55.25,54.66,32.27,33.88,46.76,58.25
125,1925299,13138,13182,21:52.8,21:57.2,21,52,4.4,1,2,1802,right_to_left,Brisbane FC,2,True,False,False,create,1,medium_block,9,-19.52,21.59,1,wide_left,1,defensive_third,False,7.23,27.37,1,wide_left,2,middle_third,False,62.4,55.16,54.74,57.95,34.07,31.0,58.46,59.88
126,1925299,13182,13253,21:57.2,22:04.3,21,57,7.1,1,1,871,left_to_right,Perth Glory,2,False,False,False,create,1,medium_block,9,-7.24,-27.44,5,wide_right,2,middle_third,False,13.88,-7.01,3,center,2,middle_third,False,31.05,30.95,59.71,57.01,54.92,32.39,58.04,51.94
127,1925299,13672,13706,22:46.2,22:49.6,22,46,3.4,1,1,871,left_to_right,Perth Glory,2,True,False,True,set_play,7,defending_set_play,13,16.69,-3.89,3,center,2,middle_third,False,54.49,8.9,3,center,3,attacking_third,False,35.34,20.44,57.36,71.64,25.36,19.16,24.26,22.91
128,1925299,13927,13978,23:11.7,23:16.8,23,11,5.1,1,2,1802,right_to_left,Brisbane FC,2,False,False,False,build_up,0,high_block,10,-47.65,2.58,3,center,1,defensive_third,False,-20.77,29.44,1,wide_left,1,defensive_third,False,66.09,54.53,49.97,51.36,35.22,37.75,66.76,72.37
129,1925299,13978,13994,23:16.8,23:18.4,23,16,1.6,1,2,1802,right_to_left,Brisbane FC,0,False,False,False,create,1,medium_block,9,-18.75,29.2,1,wide_left,1,defensive_third,False,-19.9,24.64,1,wide_left,1,defensive_third,False,54.02,44.34,51.13,47.64,37.64,34.98,71.97,66.36
130,1925299,13994,14011,23:18.4,23:20.1,23,18,1.7,1,2,1802,right_to_left,Brisbane FC,1,False,False,False,build_up,0,high_block,10,-20.45,24.48,1,wide_left,1,defensive_third,False,-20.45,21.27,1,wide_left,1,defensive_third,False,43.63,33.93,47.38,43.27,34.76,31.68,66.14,63.83
131,1925299,14011,14018,23:20.1,23:20.8,23,20,0.7,1,2,1802,right_to_left,Brisbane FC,0,True,False,False,create,1,medium_block,9,-19.11,20.95,1,wide_left,1,defensive_third,False,-12.08,18.79,2,half_space_left,2,middle_third,False,33.84,33.7,43.02,41.58,31.63,31.77,63.67,62.82
132,1925299,14018,14049,23:20.8,23:23.9,23,20,3.1,1,1,871,left_to_right,Perth Glory,2,True,False,False,chaotic,5,chaotic,5,11.71,-18.83,4,half_space_right,2,middle_third,False,25.79,-26.66,5,wide_right,3,attacking_third,False,31.85,37.69,62.7,57.81,33.71,33.71,41.33,36.05
133,1925299,14049,14141,23:23.9,23:33.1,23,23,9.2,1,2,1802,right_to_left,Brisbane FC,1,False,False,False,chaotic,5,chaotic,5,-27.09,26.45,1,wide_left,1,defensive_third,False,-53.16,29.24,1,wide_left,1,defensive_third,False,33.82,38.83,35.92,45.78,37.71,29.7,58.07,78.06
134,1925299,14221,14277,23:41.1,23:46.7,23,41,5.6,1,2,1802,right_to_left,Brisbane FC,3,False,False,False,build_up,0,high_block,10,-48.83,3.2,3,center,1,defensive_third,False,-20.13,-7.82,3,center,1,defensive_third,False,59.56,47.01,49.41,52.2,32.71,33.7,67.04,69.27
135,1925299,14277,14315,23:46.7,23:50.5,23,46,3.8,1,2,1802,right_to_left,Brisbane FC,1,False,False,False,create,1,medium_block,9,-18.48,-8.72,3,center,1,defensive_third,False,-12.07,-18.16,4,half_space_right,2,middle_third,False,46.73,44.69,52.19,51.81,33.77,37.13,69.07,61.14
136,1925299,14415,14433,24:00.5,24:02.3,24,0,1.8,1,2,1802,right_to_left,Brisbane FC,2,False,False,True,create,1,medium_block,9,7.14,-13.97,4,half_space_right,2,middle_third,False,24.03,-19.84,4,half_space_right,3,attacking_third,False,52.86,47.4,54.76,60.04,26.01,23.77,48.93,46.63
137,1925299,14433,14855,24:02.3,24:44.5,24,2,42.2,1,2,1802,right_to_left,Brisbane FC,15,False,False,True,finish,2,low_block,8,25.26,-20.47,5,wide_right,3,attacking_third,False,6.79,-7.37,3,center,2,middle_third,False,47.02,36.49,60.46,61.43,23.68,24.16,46.44,33.59
138,1925299,14855,14874,24:44.5,24:46.4,24,44,1.9,1,2,1802,right_to_left,Brisbane FC,1,False,False,False,create,1,medium_block,9,5.81,-7.58,3,center,2,middle_third,False,4.91,3.42,3,center,2,middle_third,False,36.96,47.24,61.44,60.56,24.49,29.66,33.89,37.94
139,1925299,14874,15041,24:46.4,25:03.1,24,46,16.7,1,2,1802,right_to_left,Brisbane FC,4,True,False,False,finish,2,low_block,8,5.08,4.58,3,center,2,middle_third,False,46.94,-11.89,4,half_space_right,3,attacking_third,True,47.8,34.6,60.5,76.2,29.86,25.62,38.05,29.63
140,1925299,15041,15100,25:03.1,25:09.0,25,3,5.9,1,1,871,left_to_right,Perth Glory,1,False,False,False,build_up,0,high_block,10,-46.6,11.02,2,half_space_left,1,defensive_third,False,-20.36,23.86,1,wide_left,1,defensive_third,False,25.71,32.13,29.43,37.41,34.55,27.99,76.47,73.95
141,1925299,15100,15191,25:09.0,25:18.1,25,9,9.1,1,1,871,left_to_right,Perth Glory,1,False,False,False,create,1,medium_block,9,-19.99,23.98,1,wide_left,1,defensive_third,False,22.18,26.94,1,wide_left,3,attacking_third,False,32.38,38.54,37.69,57.6,28.2,29.61,73.91,55.87
142,1925299,15191,15224,25:18.1,25:21.4,25,18,3.3,1,1,871,left_to_right,Perth Glory,1,True,False,False,finish,2,low_block,8,22.46,26.57,1,wide_left,3,attacking_third,False,22.17,31.43,1,wide_left,3,attacking_third,False,38.36,39.41,57.78,57.53,29.38,34.24,55.67,48.19
143,1925299,15224,15246,25:21.4,25:23.6,25,21,2.2,1,2,1802,right_to_left,Brisbane FC,1,False,False,False,chaotic,5,chaotic,5,-22.18,-31.61,5,wide_right,1,defensive_third,False,-21.4,-33.64,5,wide_right,1,defensive_third,False,34.6,37.7,48.07,46.54,39.76,41.89,57.52,59.15
144,1925299,15722,15759,26:11.2,26:14.9,26,11,3.7,1,2,1802,right_to_left,Brisbane FC,1,True,False,False,chaotic,5,chaotic,5,,,2,half_space_left,2,middle_third,False,-23.26,24.24,1,wide_left,1,defensive_third,False,,32.95,,41.03,,32.78,,61.01
145,1925299,15759,15832,26:14.9,26:22.2,26,14,7.3,1,1,871,left_to_right,Perth Glory,4,True,False,True,finish,2,low_block,8,23.64,-23.64,5,wide_right,3,attacking_third,False,39.84,-3.45,3,center,3,attacking_third,True,32.81,27.67,61.08,76.26,32.87,19.29,41.16,35.01
146,1925299,15832,15881,26:22.2,26:27.1,26,22,4.9,1,2,1802,right_to_left,Brisbane FC,1,True,False,False,chaotic,5,chaotic,5,-39.7,3.16,3,center,1,defensive_third,False,-14.75,4.52,3,center,2,middle_third,False,19.01,18.48,34.83,41.27,27.63,22.5,76.13,61.86
147,1925299,15881,15937,26:27.1,26:32.7,26,27,5.6,1,1,871,left_to_right,Perth Glory,2,True,False,True,quick_break,3,defending_quick_break,12,14.77,-3.91,3,center,2,middle_third,False,50.05,-0.87,3,center,3,attacking_third,True,22.36,21.75,61.68,69.31,18.74,18.6,41.34,36.66
148,1925299,16742,17017,27:53.2,28:20.7,27,53,27.5,1,2,1802,right_to_left,Brisbane FC,1,True,False,False,create,1,medium_block,9,-37.29,-32.48,5,wide_right,1,defensive_third,False,14.23,-29.81,5,wide_right,2,middle_third,False,28.86,26.84,45.22,55.87,29.04,24.81,46.28,50.38
149,1925299,17017,17026,28:20.7,28:21.6,28,20,0.9,1,1,871,left_to_right,Perth Glory,1,True,False,False,chaotic,5,chaotic,5,-14.0,29.69,1,wide_left,2,middle_third,False,-7.06,29.57,1,wide_left,2,middle_third,False,24.92,25.85,50.33,49.71,26.75,26.14,56.02,56.58
150,1925299,17183,17227,28:37.3,28:41.7,28,37,4.4,1,2,1802,right_to_left,Brisbane FC,3,True,False,False,finish,2,low_block,8,6.89,-33.09,5,wide_right,2,middle_third,False,20.38,-4.93,3,center,3,attacking_third,False,34.39,26.96,63.06,62.33,26.62,25.54,43.23,44.99
151,1925299,17227,17274,28:41.7,28:46.4,28,41,4.7,1,1,871,left_to_right,Perth Glory,1,True,False,False,chaotic,5,chaotic,5,-20.59,4.26,3,center,1,defensive_third,False,16.56,-13.48,4,half_space_right,2,middle_third,False,25.55,31.83,45.18,50.73,26.44,33.68,62.28,64.34
152,1925299,17274,17279,28:46.4,28:46.9,28,46,0.5,1,2,1802,right_to_left,Brisbane FC,1,False,False,True,create,1,medium_block,9,-17.23,13.63,2,half_space_left,2,middle_third,False,-19.98,14.27,2,half_space_left,1,defensive_third,False,33.93,34.86,64.44,64.88,31.9,32.13,50.89,51.65
153,1925299,17279,17420,28:46.9,29:01.0,28,46,14.1,1,2,1802,right_to_left,Brisbane FC,3,False,False,True,build_up,0,high_block,10,-20.61,14.4,2,half_space_left,1,defensive_third,False,-32.46,-27.54,5,wide_right,1,defensive_third,False,35.08,51.86,64.98,62.6,32.17,35.51,51.87,69.21
154,1925299,17420,17453,29:01.0,29:04.3,29,1,3.3,1,2,1802,right_to_left,Brisbane FC,1,False,False,True,direct,6,defending_direct,15,-32.06,-27.42,5,wide_right,1,defensive_third,False,13.82,-12.64,4,half_space_right,2,middle_third,False,51.44,37.2,62.68,66.34,35.52,31.91,69.47,70.9
155,1925299,17453,17489,29:04.3,29:07.9,29,4,3.6,1,2,1802,right_to_left,Brisbane FC,2,False,False,True,create,1,medium_block,9,13.97,-12.48,4,half_space_right,2,middle_third,False,21.41,-4.3,3,center,3,attacking_third,False,36.92,34.61,66.33,66.88,31.67,25.75,70.72,64.81
156,1925299,17489,17531,29:07.9,29:12.1,29,7,4.2,1,2,1802,right_to_left,Brisbane FC,1,True,False,False,finish,2,low_block,8,21.63,-4.28,3,center,3,attacking_third,False,47.59,-2.0,3,center,3,attacking_third,True,34.67,35.28,67.36,76.09,25.56,22.3,64.7,58.46
157,1925299,17531,17583,29:12.1,29:17.3,29,12,5.2,1,1,871,left_to_right,Perth Glory,3,True,False,False,chaotic,5,chaotic,5,-48.8,1.32,3,center,1,defensive_third,False,-17.05,-8.68,3,center,2,middle_third,False,22.36,21.04,58.45,45.43,35.22,28.73,76.43,72.26
158,1925299,17583,17981,29:17.3,29:57.1,29,17,39.8,1,2,1802,right_to_left,Brisbane FC,12,True,False,True,finish,2,low_block,8,16.57,8.9,3,center,2,middle_third,False,49.37,-8.44,3,center,3,attacking_third,True,28.82,40.13,72.03,69.83,21.07,31.36,45.05,20.69
159,1925299,18394,18476,30:38.4,30:46.6,30,38,8.2,1,1,871,left_to_right,Perth Glory,1,False,False,False,direct,6,defending_direct,15,,,2,half_space_left,2,middle_third,False,17.49,-14.14,4,half_space_right,2,middle_third,False,,22.79,,58.18,,22.61,,50.82
160,1925299,18476,18519,30:46.6,30:50.9,30,46,4.3,1,1,871,left_to_right,Perth Glory,1,True,False,False,create,1,medium_block,9,17.82,-14.17,4,half_space_right,3,attacking_third,False,26.14,9.13,3,center,3,attacking_third,False,22.96,26.39,57.96,64.14,22.74,26.19,50.86,46.5
161,1925299,18519,18529,30:50.9,30:51.9,30,50,1.0,1,2,1802,right_to_left,Brisbane FC,1,True,False,False,chaotic,5,chaotic,5,-26.21,-9.48,4,half_space_right,1,defensive_third,False,-8.09,-15.62,4,half_space_right,2,middle_third,False,26.84,32.03,46.25,43.09,26.73,29.16,64.29,64.92
162,1925299,18894,18904,31:28.4,31:29.4,31,28,1.0,1,1,871,left_to_right,Perth Glory,1,False,False,False,set_play,7,defending_set_play,13,,,2,half_space_left,2,middle_third,False,,,2,half_space_left,2,middle_third,False,,,,,,,,
163,1925299,20185,20312,33:37.5,33:50.2,33,37,12.7,1,1,871,left_to_right,Perth Glory,1,False,False,False,build_up,0,high_block,10,-35.47,10.6,2,half_space_left,1,defensive_third,False,-31.85,-2.12,3,center,1,defensive_third,False,42.13,46.0,40.93,48.68,34.02,33.46,59.1,67.09
164,1925299,20312,20341,33:50.2,33:53.1,33,50,2.9,1,1,871,left_to_right,Perth Glory,1,True,False,False,direct,6,defending_direct,15,-30.38,-2.92,3,center,1,defensive_third,False,18.18,-15.84,4,half_space_right,3,attacking_third,False,45.72,36.62,48.79,56.02,33.41,30.17,66.87,62.53
165,1925299,20341,20343,33:53.1,33:53.3,33,53,0.2,1,2,1802,right_to_left,Brisbane FC,1,False,False,False,create,1,medium_block,9,-19.06,15.76,2,half_space_left,1,defensive_third,False,-19.73,15.52,2,half_space_left,1,defensive_third,False,30.16,30.17,62.3,62.07,36.38,36.16,56.21,56.39
166,1925299,20343,20398,33:53.3,33:58.8,33,53,5.5,1,2,1802,right_to_left,Brisbane FC,2,False,False,False,build_up,0,high_block,10,-20.18,15.31,2,half_space_left,1,defensive_third,False,-40.6,8.32,3,center,1,defensive_third,False,30.18,53.23,61.85,50.48,35.93,30.36,56.58,68.38
167,1925299,20398,20432,33:58.8,34:02.2,33,58,3.4,1,2,1802,right_to_left,Brisbane FC,1,True,False,False,direct,6,defending_direct,15,-40.29,8.47,3,center,1,defensive_third,False,14.08,23.52,1,wide_left,2,middle_third,False,53.5,45.15,50.11,52.09,30.31,33.48,68.65,65.83
168,1925299,20432,20438,34:02.2,34:02.8,34,2,0.6,1,1,871,left_to_right,Perth Glory,1,False,False,False,create,1,medium_block,9,-14.98,-23.77,5,wide_right,2,middle_third,False,-19.18,-25.31,5,wide_right,1,defensive_third,False,33.84,35.6,65.75,65.45,44.74,42.96,52.47,54.76
169,1925299,20438,20508,34:02.8,34:09.8,34,2,7.0,1,1,871,left_to_right,Perth Glory,2,True,False,False,build_up,0,high_block,10,-20.0,-25.55,5,wide_right,1,defensive_third,False,-27.25,-31.52,5,wide_right,1,defensive_third,False,35.93,36.6,65.4,53.94,42.67,35.34,55.26,61.27
170,1925299,20508,20557,34:09.8,34:14.7,34,9,4.9,1,2,1802,right_to_left,Brisbane FC,1,True,False,False,chaotic,5,chaotic,5,27.34,31.36,1,wide_left,3,attacking_third,False,28.47,34.67,1,wide_left,3,attacking_third,False,35.15,32.66,61.11,60.05,36.4,35.9,53.73,47.65
171,1925299,20651,20704,34:24.1,34:29.4,34,24,5.3,1,1,871,left_to_right,Perth Glory,2,True,False,False,chaotic,5,chaotic,5,-22.91,-34.23,5,wide_right,1,defensive_third,False,15.98,-1.61,3,center,2,middle_third,False,31.72,27.64,42.86,57.56,27.2,23.32,55.17,51.53
172,1925299,20704,20762,34:29.4,34:35.2,34,29,5.8,1,2,1802,right_to_left,Brisbane FC,1,True,False,False,chaotic,5,chaotic,5,-16.68,0.75,3,center,2,middle_third,False,-1.73,-24.64,5,wide_right,2,middle_third,False,23.55,43.36,51.41,48.91,27.65,43.6,58.04,57.87
173,1925299,20762,20917,34:35.2,34:50.7,34,35,15.5,1,1,871,left_to_right,Perth Glory,8,False,False,True,create,1,medium_block,9,1.71,24.61,1,wide_left,2,middle_third,False,23.12,31.4,1,wide_left,3,attacking_third,False,43.66,52.83,57.5,57.22,43.19,35.78,48.83,45.97
174,1925299,20917,21000,34:50.7,34:59.0,34,50,8.3,1,1,871,left_to_right,Perth Glory,3,True,False,True,finish,2,low_block,8,23.49,31.22,1,wide_left,3,attacking_third,False,49.16,1.42,3,center,3,attacking_third,True,52.56,31.74,57.49,68.45,35.6,20.57,45.88,33.64
175,1925299,21000,21195,34:59.0,35:18.5,34,59,19.5,1,2,1802,right_to_left,Brisbane FC,7,False,False,False,build_up,0,high_block,10,-49.35,-1.3,3,center,1,defensive_third,False,-23.99,31.27,1,wide_left,1,defensive_third,False,20.63,57.36,33.57,48.52,31.6,35.72,68.38,65.84
176,1925299,21404,21508,35:39.4,35:49.8,35,39,10.4,1,2,1802,right_to_left,Brisbane FC,5,False,False,False,create,1,medium_block,9,,,2,half_space_left,2,middle_third,False,15.1,-27.12,5,wide_right,2,middle_third,False,,39.19,,63.28,,29.13,,49.59
177,1925299,21508,21537,35:49.8,35:52.7,35,49,2.9,1,2,1802,right_to_left,Brisbane FC,1,False,False,False,finish,2,low_block,8,14.89,-27.39,5,wide_right,2,middle_third,False,5.26,-27.7,5,wide_right,2,middle_third,False,39.19,45.03,63.56,65.45,29.15,32.97,49.4,42.6
178,1925299,21537,21541,35:52.7,35:53.1,35,52,0.4,1,2,1802,right_to_left,Brisbane FC,0,True,False,False,create,1,medium_block,9,4.8,-27.59,5,wide_right,2,middle_third,False,3.73,-28.0,5,wide_right,2,middle_third,False,44.96,44.71,65.45,65.42,32.89,32.68,42.67,42.98
179,1925299,21541,21573,35:53.1,35:56.3,35,53,3.2,1,1,871,left_to_right,Perth Glory,1,True,False,False,chaotic,5,chaotic,5,-3.38,28.33,1,wide_left,2,middle_third,False,7.17,35.8,1,wide_left,2,middle_third,False,32.63,37.36,43.11,49.28,44.61,42.32,65.4,64.21
180,1925299,21626,21937,36:01.6,36:32.7,36,1,31.1,1,2,1802,right_to_left,Brisbane FC,10,False,False,False,create,1,medium_block,9,-13.13,-29.97,5,wide_right,2,middle_third,False,-19.64,21.36,1,wide_left,1,defensive_third,False,45.02,54.28,59.37,53.82,36.16,39.35,44.93,53.88
181,1925299,21937,21970,36:32.7,36:36.0,36,32,3.3,1,2,1802,right_to_left,Brisbane FC,1,False,False,False,build_up,0,high_block,10,-20.66,20.5,1,wide_left,1,defensive_third,False,-20.24,8.3,3,center,1,defensive_third,False,54.26,53.42,53.89,54.2,39.23,36.46,54.16,58.37
182,1925299,21970,22003,36:36.0,36:39.3,36,36,3.3,1,2,1802,right_to_left,Brisbane FC,1,False,False,False,create,1,medium_block,9,-19.38,8.02,3,center,1,defensive_third,False,-9.73,8.89,3,center,2,middle_third,False,53.38,53.03,54.17,53.63,36.46,32.59,58.09,51.04
183,1925299,22058,22335,36:44.8,37:12.5,36,44,27.7,1,2,1802,right_to_left,Brisbane FC,11,True,False,False,create,1,medium_block,9,-8.81,9.87,2,half_space_left,2,middle_third,False,-4.0,-11.47,4,half_space_right,2,middle_third,False,53.9,57.17,53.51,51.35,30.5,31.76,45.39,48.73
184,1925299,22335,22416,37:12.5,37:20.6,37,12,8.1,1,1,871,left_to_right,Perth Glory,2,False,False,False,quick_break,3,defending_quick_break,12,4.04,11.88,2,half_space_left,2,middle_third,False,46.74,-15.96,4,half_space_right,3,attacking_third,True,31.73,33.41,49.04,76.64,57.06,34.46,51.32,39.74
185,1925299,22416,22452,37:20.6,37:24.2,37,20,3.6,1,1,871,left_to_right,Perth Glory,1,False,False,False,finish,2,low_block,8,47.31,-15.68,4,half_space_right,3,attacking_third,True,46.24,14.4,2,half_space_left,3,attacking_third,True,33.48,38.27,77.23,82.44,34.4,34.3,39.4,25.77
186,1925299,22721,22904,37:51.1,38:09.4,37,51,18.3,1,1,871,left_to_right,Perth Glory,8,False,False,False,set_play,7,defending_set_play,13,,,2,half_space_left,2,middle_third,False,5.48,-22.38,5,wide_right,2,middle_third,False,,38.57,,59.19,,33.77,,37.92
187,1925299,22904,23022,38:09.4,38:21.2,38,9,11.8,1,1,871,left_to_right,Perth Glory,3,True,False,False,create,1,medium_block,9,4.11,-21.61,5,wide_right,2,middle_third,False,23.01,-16.0,4,half_space_right,3,attacking_third,False,38.61,43.02,59.24,57.4,33.77,30.37,38.33,48.0
188,1925299,23022,23144,38:21.2,38:33.4,38,21,12.2,1,2,1802,right_to_left,Brisbane FC,6,True,False,False,create,1,medium_block,9,-23.67,15.99,2,half_space_left,1,defensive_third,False,4.86,4.96,3,center,2,middle_third,False,30.35,46.78,48.07,54.54,42.89,25.62,57.86,46.28
189,1925299,23144,23265,38:33.4,38:45.5,38,33,12.1,1,1,871,left_to_right,Perth Glory,5,False,False,False,create,1,medium_block,9,-4.76,-4.64,3,center,2,middle_third,False,-19.57,-15.2,4,half_space_right,1,defensive_third,False,25.34,51.34,46.1,48.59,46.55,34.52,54.73,52.52
190,1925299,23265,23396,38:45.5,38:58.6,38,45,13.1,1,1,871,left_to_right,Perth Glory,4,False,False,False,build_up,0,high_block,10,-20.34,-14.57,4,half_space_right,1,defensive_third,False,-20.72,26.73,1,wide_left,1,defensive_third,False,51.45,55.5,48.5,45.8,34.5,35.07,52.47,76.14
191,1925299,23396,23524,38:58.6,39:11.4,38,58,12.8,1,1,871,left_to_right,Perth Glory,4,False,False,False,create,1,medium_block,9,-19.98,27.69,1,wide_left,1,defensive_third,False,7.59,-25.82,5,wide_right,2,middle_third,False,55.55,54.32,45.82,59.28,35.13,32.62,75.97,44.23
192,1925299,23524,23615,39:11.4,39:20.5,39,11,9.1,1,1,871,left_to_right,Perth Glory,4,False,False,False,finish,2,low_block,8,7.87,-26.26,5,wide_right,2,middle_third,False,-27.82,6.49,3,center,1,defensive_third,False,54.34,27.11,59.49,29.87,32.76,37.6,44.09,62.49
193,1925299,23615,23681,39:20.5,39:27.1,39,20,6.6,1,1,871,left_to_right,Perth Glory,2,True,False,False,chaotic,5,chaotic,5,28.1,-6.17,3,center,3,attacking_third,False,49.12,-10.64,4,half_space_right,3,attacking_third,True,37.48,23.27,62.44,73.01,26.95,16.14,29.98,34.49
194,1925299,23835,23842,39:42.5,39:43.2,39,42,0.7,1,2,1802,right_to_left,Brisbane FC,1,False,False,False,direct,6,defending_direct,15,,,2,half_space_left,2,middle_third,False,,,2,half_space_left,2,middle_third,False,,,,,,,,
195,1925299,23842,23877,39:43.2,39:46.7,39,43,3.5,1,2,1802,right_to_left,Brisbane FC,1,False,False,False,create,1,medium_block,9,-2.64,-29.94,5,wide_right,2,middle_third,False,13.43,-18.62,4,half_space_right,2,middle_third,False,50.3,34.78,49.82,61.67,36.79,29.33,62.93,55.92
196,1925299,23877,23892,39:46.7,39:48.2,39,46,1.5,1,2,1802,right_to_left,Brisbane FC,1,False,False,False,finish,2,low_block,8,13.77,-18.31,4,half_space_right,2,middle_third,False,26.55,-10.35,4,half_space_right,3,attacking_third,False,35.1,37.06,61.82,63.97,28.69,21.85,55.67,52.02
197,1925299,23979,23987,39:56.9,39:57.7,39,56,0.8,1,2,1802,right_to_left,Brisbane FC,2,False,False,False,create,1,medium_block,9,6.43,-28.67,5,wide_right,2,middle_third,False,4.67,-28.58,5,wide_right,2,middle_third,False,50.46,50.76,62.71,61.78,20.8,21.11,36.19,35.65
198,1925299,23987,24046,39:57.7,40:03.6,39,57,5.9,1,2,1802,right_to_left,Brisbane FC,3,False,False,False,finish,2,low_block,8,5.21,-28.9,5,wide_right,2,middle_third,False,5.98,-19.5,4,half_space_right,2,middle_third,False,50.83,47.89,61.64,58.17,21.18,28.42,35.6,36.33
199,1925299,24046,24086,40:03.6,40:07.6,40,3,4.0,1,2,1802,right_to_left,Brisbane FC,1,False,False,False,create,1,medium_block,9,5.48,-17.92,4,half_space_right,2,middle_third,False,4.22,11.32,2,half_space_left,2,middle_third,False,47.86,56.74,58.13,58.25,28.43,31.93,36.42,37.38
200,1925299,24086,24147,40:07.6,40:13.7,40,7,6.1,1,2,1802,right_to_left,Brisbane FC,2,False,False,False,finish,2,low_block,8,5.54,13.15,2,half_space_left,2,middle_third,False,7.0,30.43,1,wide_left,2,middle_third,False,56.89,48.4,58.34,61.3,32.15,33.3,37.29,41.45
201,1925299,24147,24267,40:13.7,40:25.7,40,13,12.0,1,2,1802,right_to_left,Brisbane FC,4,False,False,False,create,1,medium_block,9,5.4,30.19,1,wide_left,2,middle_third,False,20.65,14.72,2,half_space_left,3,attacking_third,False,48.59,52.52,61.37,59.59,33.41,28.33,41.49,47.36
202,1925299,24267,24313,40:25.7,40:30.3,40,25,4.6,1,2,1802,right_to_left,Brisbane FC,1,False,False,False,finish,2,low_block,8,21.56,15.88,2,half_space_left,3,attacking_third,False,33.69,33.98,1,wide_left,3,attacking_third,False,52.41,37.25,60.06,69.94,28.35,33.82,47.33,43.18
203,1925299,24454,24638,40:44.4,41:02.8,40,44,18.4,1,2,1802,right_to_left,Brisbane FC,7,True,False,False,finish,2,low_block,8,40.78,34.34,1,wide_left,3,attacking_third,False,36.95,20.57,1,wide_left,3,attacking_third,False,39.67,45.73,69.55,67.98,25.02,24.62,25.23,33.94
204,1925299,24638,24735,41:02.8,41:12.5,41,2,9.7,1,1,871,left_to_right,Perth Glory,3,False,False,False,build_up,0,high_block,10,-37.14,-20.69,5,wide_right,1,defensive_third,False,-49.92,1.72,3,center,1,defensive_third,False,24.6,44.68,33.9,32.61,45.62,34.15,67.94,72.85
205,1925299,24735,24766,41:12.5,41:15.6,41,12,3.1,1,1,871,left_to_right,Perth Glory,1,False,False,False,direct,6,defending_direct,15,-49.79,2.12,3,center,1,defensive_third,False,-15.36,23.32,1,wide_left,2,middle_third,False,44.9,46.78,32.6,34.39,34.31,38.89,73.11,72.02
206,1925299,24766,24788,41:15.6,41:17.8,41,15,2.2,1,1,871,left_to_right,Perth Glory,0,False,False,False,create,1,medium_block,9,-15.11,23.33,1,wide_left,2,middle_third,False,-19.85,25.19,1,wide_left,1,defensive_third,False,46.65,44.32,34.38,36.94,39.59,46.16,71.82,66.74
207,1925299,24788,24822,41:17.8,41:21.2,41,17,3.4,1,1,871,left_to_right,Perth Glory,1,False,False,False,build_up,0,high_block,10,-20.64,25.37,1,wide_left,1,defensive_third,False,-20.2,28.17,1,wide_left,1,defensive_third,False,44.25,46.17,37.09,43.41,46.22,50.52,66.5,64.38
208,1925299,24822,24828,41:21.2,41:21.8,41,21,0.6,1,1,871,left_to_right,Perth Glory,0,True,False,False,create,1,medium_block,9,-18.38,27.27,1,wide_left,1,defensive_third,False,-11.38,23.58,1,wide_left,2,middle_third,False,45.94,44.53,43.51,43.23,50.55,50.61,64.38,64.19
209,1925299,24828,24852,41:21.8,41:24.2,41,21,2.4,1,2,1802,right_to_left,Brisbane FC,1,False,False,False,finish,2,low_block,8,10.86,-23.07,5,wide_right,2,middle_third,False,5.17,-10.1,4,half_space_right,2,middle_third,False,50.62,49.35,64.11,61.12,44.2,37.51,43.04,35.44
210,1925299,24852,25113,41:24.2,41:50.3,41,24,26.1,1,2,1802,right_to_left,Brisbane FC,10,True,False,False,create,1,medium_block,9,4.32,-9.31,4,half_space_right,2,middle_third,False,16.08,-19.05,4,half_space_right,2,middle_third,False,49.31,52.56,61.07,61.63,37.3,29.4,35.28,56.92
211,1925299,25113,25115,41:50.3,41:50.5,41,50,0.2,1,1,871,left_to_right,Perth Glory,0,False,False,False,create,1,medium_block,9,-17.71,18.6,2,half_space_left,1,defensive_third,False,-19.32,18.1,2,half_space_left,1,defensive_third,False,29.39,29.36,57.01,57.1,52.52,52.46,61.95,62.27
212,1925299,25115,25286,41:50.5,42:07.6,41,50,17.1,1,1,871,left_to_right,Perth Glory,5,False,False,False,build_up,0,high_block,10,-20.73,17.61,2,half_space_left,1,defensive_third,False,-20.25,-16.77,4,half_space_right,1,defensive_third,False,29.32,60.52,57.2,44.27,52.37,36.62,62.59,68.79
213,1925299,25286,25308,42:07.6,42:09.8,42,7,2.2,1,1,871,left_to_right,Perth Glory,1,True,False,False,create,1,medium_block,9,-18.88,-16.51,4,half_space_right,1,defensive_third,False,-5.78,-27.96,5,wide_right,2,middle_third,False,60.36,57.64,44.37,46.47,36.44,34.08,68.64,64.52
214,1925299,25548,25739,42:33.8,42:52.9,42,33,19.1,1,2,1802,right_to_left,Brisbane FC,7,False,False,False,create,1,medium_block,9,0.25,34.28,1,wide_left,2,middle_third,False,-19.85,25.45,1,wide_left,1,defensive_third,False,45.52,47.19,59.73,49.45,25.67,35.56,46.71,52.83
215,1925299,25739,25819,42:52.9,43:00.9,42,52,8.0,1,2,1802,right_to_left,Brisbane FC,4,False,False,False,build_up,0,high_block,10,-20.73,24.87,1,wide_left,1,defensive_third,False,-20.37,19.68,2,half_space_left,1,defensive_third,False,47.42,58.83,49.47,51.94,35.57,38.58,52.94,63.04
216,1925299,25819,25886,43:00.9,43:07.6,43,0,6.7,1,2,1802,right_to_left,Brisbane FC,2,False,False,False,create,1,medium_block,9,-19.75,18.58,2,half_space_left,1,defensive_third,False,17.59,-30.25,5,wide_right,3,attacking_third,False,58.8,49.65,51.92,61.12,38.6,40.96,63.06,58.0
217,1925299,25886,26022,43:07.6,43:21.2,43,7,13.6,1,2,1802,right_to_left,Brisbane FC,4,False,False,False,finish,2,low_block,8,18.09,-30.29,5,wide_right,3,attacking_third,False,51.35,-7.73,3,center,3,attacking_third,True,49.3,24.27,61.26,72.89,40.9,22.76,57.79,14.83
218,1925299,26321,26331,43:51.1,43:52.1,43,51,1.0,1,2,1802,right_to_left,Brisbane FC,1,True,False,False,set_play,7,defending_set_play,13,52.63,-32.37,5,wide_right,3,attacking_third,False,48.77,-13.63,4,half_space_right,3,attacking_third,True,37.01,34.34,72.81,71.36,15.44,12.68,13.49,13.28
219,1925299,26764,26803,44:35.4,44:39.3,44,35,3.9,1,1,871,left_to_right,Perth Glory,1,True,False,False,direct,6,defending_direct,15,-23.29,-15.78,4,half_space_right,1,defensive_third,False,15.31,-24.3,5,wide_right,2,middle_third,False,21.93,23.47,53.09,56.84,22.8,22.2,44.25,47.41
220,1925299,26803,26809,44:39.3,44:39.9,44,39,0.6,1,2,1802,right_to_left,Brisbane FC,1,False,False,False,create,1,medium_block,9,-16.16,23.94,1,wide_left,2,middle_third,False,-19.72,22.62,1,wide_left,1,defensive_third,False,22.33,22.88,47.47,47.72,23.53,23.81,56.94,57.66
221,1925299,26809,26837,44:39.9,44:42.7,44,39,2.8,1,2,1802,right_to_left,Brisbane FC,1,False,False,False,build_up,0,high_block,10,-20.29,22.44,1,wide_left,1,defensive_third,False,-38.25,13.89,2,half_space_left,1,defensive_third,False,23.01,28.69,47.72,46.1,23.83,24.16,57.89,71.18
222,1925299,26837,26864,44:42.7,44:45.4,44,42,2.7,1,2,1802,right_to_left,Brisbane FC,1,False,False,False,direct,6,defending_direct,15,-38.49,13.73,2,half_space_left,1,defensive_third,False,2.14,23.35,1,wide_left,2,middle_third,False,28.99,32.29,45.79,46.99,24.2,25.49,71.63,70.82
223,1925299,26864,26910,44:45.4,44:50.0,44,45,4.6,1,2,1802,right_to_left,Brisbane FC,1,True,False,False,create,1,medium_block,9,3.1,23.29,1,wide_left,2,middle_third,False,14.9,4.26,3,center,2,middle_third,False,32.28,28.79,47.26,60.2,25.62,23.25,70.62,59.81
224,1925299,26910,26990,44:50.0,44:58.0,44,50,8.0,1,1,871,left_to_right,Perth Glory,3,False,False,False,create,1,medium_block,9,-14.87,-4.07,3,center,2,middle_third,False,14.61,-32.83,5,wide_right,2,middle_third,False,23.48,39.95,59.5,60.0,28.8,35.71,60.24,49.41
225,1925299,26990,27217,44:58.0,45:20.7,44,58,22.7,1,1,871,left_to_right,Perth Glory,6,True,False,False,finish,2,low_block,8,14.6,-32.76,5,wide_right,2,middle_third,False,43.75,-0.93,3,center,3,attacking_third,True,40.01,28.49,60.06,70.89,35.77,22.55,49.18,16.39
226,1925299,27530,27601,45:52.0,45:59.1,45,52,7.1,1,2,1802,right_to_left,Brisbane FC,3,True,False,False,direct,6,defending_direct,15,-23.33,-15.16,4,half_space_right,1,defensive_third,False,17.84,-32.39,5,wide_right,3,attacking_third,False,23.95,27.92,58.5,64.0,24.67,28.4,49.2,46.4
227,1925299,27601,27985,45:59.1,46:37.5,45,59,38.4,1,1,871,left_to_right,Perth Glory,13,False,False,True,create,1,medium_block,9,-17.59,32.42,1,wide_left,1,defensive_third,False,-19.62,-24.45,5,wide_right,1,defensive_third,False,28.5,58.07,46.35,48.8,28.03,40.79,64.05,52.24
228,1925299,27985,28027,46:37.5,46:41.7,46,37,4.2,1,1,871,left_to_right,Perth Glory,1,False,False,True,build_up,0,high_block,10,-20.16,-23.76,5,wide_right,1,defensive_third,False,-21.99,-20.41,5,wide_right,1,defensive_third,False,58.15,57.31,48.68,47.94,40.86,37.3,52.27,58.17
229,1925299,28027,28164,46:41.7,46:55.4,46,41,13.7,1,1,871,left_to_right,Perth Glory,5,False,False,True,create,1,medium_block,9,-19.65,-21.03,5,wide_right,1,defensive_third,False,24.61,26.53,1,wide_left,3,attacking_third,False,57.21,48.11,48.02,60.98,37.08,38.55,58.13,58.26
230,1925299,28164,28216,46:55.4,47:00.6,46,55,5.2,1,1,871,left_to_right,Perth Glory,1,True,False,False,finish,2,low_block,8,24.92,26.33,1,wide_left,3,attacking_third,False,54.68,5.94,3,center,3,attacking_third,False,47.97,35.46,61.26,76.78,38.67,27.66,58.29,46.4
231,1925299,28598,28632,47:38.8,47:42.2,47,38,3.4,1,2,1802,right_to_left,Brisbane FC,1,True,False,False,direct,6,defending_direct,15,,,2,half_space_left,2,middle_third,False,18.3,-23.14,5,wide_right,3,attacking_third,False,,21.36,,61.79,,21.12,,44.3
232,1925299,28632,28642,47:42.2,47:43.2,47,42,1.0,1,1,871,left_to_right,Perth Glory,1,True,False,False,chaotic,5,chaotic,5,-18.93,22.98,1,wide_left,1,defensive_third,False,-12.48,25.26,1,wide_left,2,middle_third,False,21.13,21.32,44.44,45.27,21.44,22.62,61.96,63.05
233,1925299,28691,28701,47:48.1,47:49.1,47,48,1.0,1,2,1802,right_to_left,Brisbane FC,1,True,False,False,chaotic,5,chaotic,5,-3.76,-26.15,5,wide_right,2,middle_third,False,-8.73,-27.28,5,wide_right,2,middle_third,False,27.12,26.36,56.62,54.93,25.74,24.82,49.23,50.1
234,1925299,28834,28842,48:02.4,48:03.2,48,2,0.8,1,1,871,left_to_right,Perth Glory,1,False,False,False,create,1,medium_block,9,-12.75,32.67,1,wide_left,2,middle_third,False,-19.62,26.96,1,wide_left,1,defensive_third,False,34.9,35.98,57.16,56.95,28.52,29.05,47.88,49.77
235,1925299,28842,28916,48:03.2,48:10.6,48,3,7.4,1,1,871,left_to_right,Perth Glory,2,False,False,False,build_up,0,high_block,10,-20.67,26.13,1,wide_left,1,defensive_third,False,-20.63,25.1,1,wide_left,1,defensive_third,False,36.19,45.39,56.98,47.28,29.17,30.18,50.13,72.16
236,1925299,28916,28957,48:10.6,48:14.7,48,10,4.1,1,1,871,left_to_right,Perth Glory,1,False,False,False,create,1,medium_block,9,-19.29,25.89,1,wide_left,1,defensive_third,False,-15.78,34.75,1,wide_left,2,middle_third,False,45.13,42.55,47.29,51.11,30.15,34.76,71.99,67.01
237,1925299,29115,29120,48:30.5,48:31.0,48,30,0.5,1,1,871,left_to_right,Perth Glory,1,False,False,False,create,1,medium_block,9,-16.15,29.41,1,wide_left,2,middle_third,False,-19.42,25.68,1,wide_left,1,defensive_third,False,48.27,48.7,49.64,49.32,35.42,35.61,47.85,48.26
238,1925299,29120,29177,48:31.0,48:36.7,48,31,5.7,1,1,871,left_to_right,Perth Glory,2,False,False,False,build_up,0,high_block,10,-20.43,24.43,1,wide_left,1,defensive_third,False,-20.03,3.1,3,center,1,defensive_third,False,48.82,60.18,49.22,47.63,35.64,35.31,48.38,53.29
239,1925299,29177,29224,48:36.7,48:41.4,48,36,4.7,1,1,871,left_to_right,Perth Glory,2,False,False,False,create,1,medium_block,9,-19.67,2.81,3,center,1,defensive_third,False,-19.78,-13.84,4,half_space_right,1,defensive_third,False,60.26,57.68,47.77,49.77,35.34,32.26,53.22,53.89
240,1925299,29224,29504,48:41.4,49:09.4,48,41,28.0,1,1,871,left_to_right,Perth Glory,2,False,False,False,build_up,0,high_block,10,-20.1,-13.91,4,half_space_right,1,defensive_third,False,-29.04,-18.07,4,half_space_right,1,defensive_third,False,57.55,29.1,49.84,56.29,32.26,21.29,54.07,58.51
241,1925299,29504,29538,49:09.4,49:12.8,49,9,3.4,1,1,871,left_to_right,Perth Glory,1,True,False,False,direct,6,defending_direct,15,-27.27,-17.86,4,half_space_right,1,defensive_third,False,25.39,-16.12,4,half_space_right,3,attacking_third,False,28.84,23.92,56.25,61.53,21.15,19.95,58.72,58.76
242,1925299,29538,29588,49:12.8,49:17.8,49,12,5.0,1,2,1802,right_to_left,Brisbane FC,1,False,False,False,chaotic,5,chaotic,5,-26.05,15.96,2,half_space_left,1,defensive_third,False,-13.08,27.92,1,wide_left,2,middle_third,False,19.96,30.33,58.76,53.67,23.8,26.35,61.62,61.28
243,1925299,29738,29770,49:32.8,49:36.0,49,32,3.2,1,2,1802,right_to_left,Brisbane FC,1,True,False,False,direct,6,defending_direct,15,-18.47,27.66,1,wide_left,1,defensive_third,False,27.43,25.49,1,wide_left,3,attacking_third,False,51.46,45.02,54.7,67.54,32.5,30.95,56.21,58.45
244,1925299,29770,29799,49:36.0,49:38.9,49,36,2.9,1,1,871,left_to_right,Perth Glory,2,True,False,False,chaotic,5,chaotic,5,-27.86,-25.54,5,wide_right,1,defensive_third,False,-16.28,-27.56,5,wide_right,2,middle_third,False,30.82,29.71,58.4,54.54,44.73,36.06,67.54,62.04
245,1925299,29799,29857,49:38.9,49:44.7,49,38,5.8,1,2,1802,right_to_left,Brisbane FC,4,True,False,False,finish,2,low_block,8,16.69,27.77,1,wide_left,2,middle_third,False,35.38,16.27,2,half_space_left,3,attacking_third,False,36.01,31.46,61.85,72.27,29.79,20.71,54.43,49.88
246,1925299,29857,29908,49:44.7,49:49.8,49,44,5.1,1,1,871,left_to_right,Perth Glory,2,True,False,False,chaotic,5,chaotic,5,-35.36,-16.14,4,half_space_right,1,defensive_third,False,-27.43,6.72,3,center,1,defensive_third,False,20.57,27.31,49.68,40.1,31.27,25.4,72.36,65.72
247,1925299,29908,29920,49:49.8,49:51.0,49,49,1.2,1,2,1802,right_to_left,Brisbane FC,1,True,False,False,chaotic,5,chaotic,5,27.9,-7.04,3,center,3,attacking_third,False,30.18,-6.96,3,center,3,attacking_third,False,25.15,22.4,65.57,64.37,27.71,31.69,40.02,39.68
248,1925299,29920,29958,49:51.0,49:54.8,49,51,3.8,1,1,871,left_to_right,Perth Glory,1,True,False,False,chaotic,5,chaotic,5,-30.49,7.02,3,center,1,defensive_third,False,14.51,0.04,3,center,2,middle_third,False,32.0,33.58,39.74,39.93,22.25,27.98,64.25,63.74
249,1925299,29958,30046,49:54.8,50:03.6,49,54,8.8,1,2,1802,right_to_left,Brisbane FC,3,False,False,True,create,1,medium_block,9,-14.93,0.14,3,center,2,middle_third,False,22.68,-27.37,5,wide_right,3,attacking_third,False,28.32,48.8,63.7,55.62,33.54,36.19,39.96,44.44
250,1925299,30046,30135,50:03.6,50:12.5,50,3,8.9,1,2,1802,right_to_left,Brisbane FC,4,True,False,True,finish,2,low_block,8,23.3,-27.48,5,wide_right,3,attacking_third,False,44.87,3.63,3,center,3,attacking_third,True,48.73,36.05,55.79,68.28,36.32,20.0,44.47,22.49
251,1925299,30239,30326,50:22.9,50:31.6,50,22,8.7,1,1,871,left_to_right,Perth Glory,4,False,False,False,create,1,medium_block,9,-36.56,-4.02,3,center,1,defensive_third,False,-21.45,-26.13,5,wide_right,1,defensive_third,False,20.24,47.27,42.24,60.2,29.03,38.52,71.19,57.46
252,1925299,30326,30350,45:07.6,45:10.0,0,7,2.4,2,2,871,right_to_left,Perth Glory,1,True,False,False,direct,6,defending_direct,15,-20.84,-26.15,5,wide_right,1,defensive_third,False,20.67,-6.14,3,center,3,attacking_third,False,47.19,42.31,60.71,69.81,38.4,34.22,57.38,55.61
253,1925299,30350,30515,45:10.0,45:26.5,0,10,16.5,2,1,1802,left_to_right,Brisbane FC,1,False,False,False,build_up,0,high_block,10,-21.94,5.35,3,center,1,defensive_third,False,-27.57,-11.72,4,half_space_right,1,defensive_third,False,34.04,29.79,55.44,52.57,42.02,27.92,69.9,55.82
254,1925299,30515,30542,45:26.5,45:29.2,0,26,2.7,2,1,1802,left_to_right,Brisbane FC,1,True,False,False,direct,6,defending_direct,15,-26.22,-11.88,4,half_space_right,1,defensive_third,False,19.38,-22.44,5,wide_right,3,attacking_third,False,29.75,28.1,52.61,58.38,27.76,23.32,55.98,56.74
255,1925299,30542,30604,45:29.2,45:35.4,0,29,6.2,2,2,871,right_to_left,Perth Glory,1,True,False,False,chaotic,5,chaotic,5,-20.65,22.58,1,wide_left,1,defensive_third,False,-34.37,31.29,1,wide_left,1,defensive_third,False,23.23,23.41,56.61,49.39,28.04,29.61,58.73,77.52
256,1925299,30748,30768,45:49.8,45:51.8,0,49,2.0,2,1,1802,left_to_right,Brisbane FC,1,True,False,False,chaotic,5,chaotic,5,20.74,-34.54,5,wide_right,3,attacking_third,False,40.02,-30.07,5,wide_right,3,attacking_third,False,31.55,27.98,67.52,70.36,28.88,28.71,38.82,36.75
257,1925299,30768,30806,45:51.8,45:55.6,0,51,3.8,2,2,871,right_to_left,Perth Glory,2,True,False,False,chaotic,5,chaotic,5,-40.61,29.83,1,wide_left,1,defensive_third,False,-27.95,25.95,1,wide_left,1,defensive_third,False,28.71,30.02,36.64,35.82,27.73,23.81,70.62,65.9
258,1925299,30806,30842,45:55.6,45:59.2,0,55,3.6,2,1,1802,left_to_right,Brisbane FC,2,False,False,False,finish,2,low_block,8,27.87,-26.34,5,wide_right,3,attacking_third,False,5.97,-27.37,5,wide_right,2,middle_third,False,23.82,25.0,65.68,61.28,29.88,26.51,35.86,40.46
259,1925299,30842,30887,45:59.2,46:03.7,0,59,4.5,2,1,1802,left_to_right,Brisbane FC,2,False,False,False,create,1,medium_block,9,5.44,-27.41,5,wide_right,2,middle_third,False,-8.08,-26.21,5,wide_right,2,middle_third,False,25.37,41.59,61.23,58.02,26.62,31.0,40.63,46.86
260,1925299,30887,30914,46:03.7,46:06.4,1,3,2.7,2,1,1802,left_to_right,Brisbane FC,1,True,False,False,direct,6,defending_direct,15,-7.59,-26.33,5,wide_right,2,middle_third,False,32.16,-20.25,5,wide_right,3,attacking_third,False,41.66,36.48,57.97,68.79,31.06,31.38,47.08,51.32
261,1925299,30914,30968,46:06.4,46:11.8,1,6,5.4,2,2,871,right_to_left,Perth Glory,2,True,False,False,chaotic,5,chaotic,5,-32.99,20.2,1,wide_left,1,defensive_third,False,-12.18,28.17,1,wide_left,2,middle_third,False,31.3,31.46,51.38,49.52,36.28,28.98,69.09,56.34
262,1925299,30968,30980,46:11.8,46:13.0,1,11,1.2,2,1,1802,left_to_right,Brisbane FC,1,False,False,False,finish,2,low_block,8,12.17,-28.21,5,wide_right,2,middle_third,False,6.03,-26.77,5,wide_right,2,middle_third,False,29.02,29.75,56.07,54.46,31.52,31.85,49.53,50.15
263,1925299,30980,31205,46:13.0,46:35.5,1,13,22.5,2,1,1802,left_to_right,Brisbane FC,9,False,False,False,create,1,medium_block,9,4.73,-26.37,5,wide_right,2,middle_third,False,-17.12,-27.12,5,wide_right,2,middle_third,False,29.9,51.65,54.44,55.08,31.84,34.33,50.22,54.41
264,1925299,31205,31232,46:35.5,46:38.2,1,35,2.7,2,1,1802,left_to_right,Brisbane FC,1,True,False,False,direct,6,defending_direct,15,-16.51,-27.2,5,wide_right,2,middle_third,False,23.81,-31.63,5,wide_right,3,attacking_third,False,51.2,39.74,55.19,64.79,34.19,31.82,54.43,55.81
265,1925299,31232,31263,46:38.2,46:41.3,1,38,3.1,2,2,871,right_to_left,Perth Glory,3,True,False,False,chaotic,5,chaotic,5,-24.45,31.85,1,wide_left,1,defensive_third,False,-8.85,32.86,1,wide_left,2,middle_third,False,31.9,32.04,55.81,55.09,39.46,34.62,65.0,58.83
266,1925299,31263,31311,46:41.3,46:46.1,1,41,4.8,2,1,1802,left_to_right,Brisbane FC,2,True,False,False,chaotic,5,chaotic,5,8.92,-32.74,5,wide_right,2,middle_third,False,7.29,-23.07,5,wide_right,2,middle_third,False,34.56,31.52,58.51,53.42,32.07,25.21,55.02,54.26
267,1925299,31311,31328,46:46.1,46:47.8,1,46,1.7,2,2,871,right_to_left,Perth Glory,1,False,False,False,chaotic,5,chaotic,5,-7.16,22.95,1,wide_left,2,middle_third,False,-7.11,20.82,1,wide_left,2,middle_third,False,25.33,28.26,54.27,53.96,31.41,29.51,53.46,52.91
268,1925299,31471,31586,47:02.1,47:13.6,2,2,11.5,2,2,871,right_to_left,Perth Glory,6,False,False,False,create,1,medium_block,9,-5.5,17.94,2,half_space_left,2,middle_third,False,-18.97,-25.5,5,wide_right,1,defensive_third,False,49.27,53.02,56.79,50.83,33.02,36.6,43.67,50.32
269,1925299,31586,31673,47:13.6,47:22.3,2,13,8.7,2,2,871,right_to_left,Perth Glory,3,False,False,False,build_up,0,high_block,10,-20.06,-24.6,5,wide_right,1,defensive_third,False,-43.41,-2.73,3,center,1,defensive_third,False,52.88,55.82,50.66,47.36,36.47,39.04,50.48,73.61
270,1925299,31673,31700,47:22.3,47:25.0,2,22,2.7,2,2,871,right_to_left,Perth Glory,1,True,False,False,direct,6,defending_direct,15,-43.11,-3.16,3,center,1,defensive_third,False,0.14,-23.05,5,wide_right,2,middle_third,False,55.74,48.68,47.52,47.95,39.01,37.48,73.73,71.57
271,1925299,31700,31735,47:25.0,47:28.5,2,25,3.5,2,1,1802,left_to_right,Brisbane FC,1,True,False,False,chaotic,5,chaotic,5,-1.33,23.32,1,wide_left,2,middle_third,False,-18.36,35.33,1,wide_left,1,defensive_third,False,37.37,40.55,71.49,67.45,48.4,44.89,47.94,57.85
272,1925299,31779,31860,47:32.9,47:41.0,2,32,8.1,2,2,871,right_to_left,Perth Glory,4,False,False,False,finish,2,low_block,8,21.64,-30.54,5,wide_right,3,attacking_third,False,30.45,-35.74,5,wide_right,3,attacking_third,False,39.34,38.75,57.38,63.38,29.97,35.11,59.39,37.64
273,1925299,32008,32077,47:55.8,48:02.7,2,55,6.9,2,2,871,right_to_left,Perth Glory,4,False,False,False,finish,2,low_block,8,32.39,-31.48,5,wide_right,3,attacking_third,False,5.34,-18.66,4,half_space_right,2,middle_third,False,41.74,46.31,69.79,66.55,30.14,33.48,24.08,29.71
274,1925299,32077,32122,48:02.7,48:07.2,3,2,4.5,2,2,871,right_to_left,Perth Glory,2,False,False,False,create,1,medium_block,9,5.05,-18.01,4,half_space_right,2,middle_third,False,4.97,10.99,2,half_space_left,2,middle_third,False,46.43,57.48,66.5,62.68,33.6,37.75,29.84,35.18
275,1925299,32122,32169,48:07.2,48:11.9,3,7,4.7,2,2,871,right_to_left,Perth Glory,2,False,False,False,finish,2,low_block,8,5.31,11.44,2,half_space_left,2,middle_third,False,5.88,26.84,1,wide_left,2,middle_third,False,57.54,54.44,62.49,64.29,37.72,40.7,35.13,37.96
276,1925299,32169,32202,48:11.9,48:15.2,3,11,3.3,2,2,871,right_to_left,Perth Glory,1,False,False,False,create,1,medium_block,9,5.24,26.43,1,wide_left,2,middle_third,False,-19.77,8.28,3,center,1,defensive_third,False,54.46,56.94,64.35,65.11,40.55,36.25,38.11,48.04
277,1925299,32202,32242,48:15.2,48:19.2,3,15,4.0,2,2,871,right_to_left,Perth Glory,1,False,False,False,build_up,0,high_block,10,-20.62,7.74,3,center,1,defensive_third,False,-21.57,-9.05,3,center,1,defensive_third,False,57.1,62.53,65.01,56.77,36.2,40.64,48.43,60.43
278,1925299,32242,32300,48:19.2,48:25.0,3,19,5.8,2,2,871,right_to_left,Perth Glory,1,False,False,False,create,1,medium_block,9,-19.98,-10.81,4,half_space_right,1,defensive_third,False,13.2,-20.63,5,wide_right,2,middle_third,False,62.47,40.33,56.58,62.14,40.74,32.97,60.47,52.54
279,1925299,32300,32350,48:25.0,48:30.0,3,25,5.0,2,2,871,right_to_left,Perth Glory,1,True,False,False,finish,2,low_block,8,13.83,-20.46,5,wide_right,2,middle_third,False,20.56,7.76,3,center,3,attacking_third,False,39.99,30.39,62.49,66.4,32.69,23.87,52.36,41.16
280,1925299,32350,32800,48:30.0,49:15.0,3,30,45.0,2,1,1802,left_to_right,Brisbane FC,14,False,False,True,create,1,medium_block,9,-20.44,-8.34,3,center,1,defensive_third,False,4.99,13.35,2,half_space_left,2,middle_third,False,23.93,53.25,41.03,58.18,30.32,33.33,66.2,49.09
281,1925299,32800,32830,49:15.0,49:18.0,4,15,3.0,2,1,1802,left_to_right,Brisbane FC,2,False,False,True,finish,2,low_block,8,5.15,13.07,2,half_space_left,2,middle_third,False,5.75,1.76,3,center,2,middle_third,False,53.37,54.69,58.31,62.05,33.1,27.77,48.85,41.87
282,1925299,32830,32857,49:18.0,49:20.7,4,18,2.7,2,1,1802,left_to_right,Brisbane FC,1,False,False,True,create,1,medium_block,9,5.46,2.39,3,center,2,middle_third,False,4.76,14.01,2,half_space_left,2,middle_third,False,54.75,59.09,62.14,63.57,27.7,28.63,41.74,41.22
283,1925299,32857,32898,49:20.7,49:24.8,4,20,4.1,2,1,1802,left_to_right,Brisbane FC,3,False,False,True,finish,2,low_block,8,5.89,13.89,2,half_space_left,2,middle_third,False,5.5,3.0,3,center,2,middle_third,False,59.24,59.96,63.55,59.29,28.76,32.82,41.21,39.4
284,1925299,32898,32965,49:24.8,49:31.5,4,24,6.7,2,1,1802,left_to_right,Brisbane FC,3,False,False,True,create,1,medium_block,9,5.14,2.41,3,center,2,middle_third,False,5.0,19.21,2,half_space_left,2,middle_third,False,59.95,63.12,59.25,56.21,32.86,36.53,39.5,42.93
285,1925299,32965,33075,49:31.5,49:42.5,4,31,11.0,2,1,1802,left_to_right,Brisbane FC,3,True,False,True,finish,2,low_block,8,5.37,19.4,2,half_space_left,2,middle_third,False,47.52,-3.82,3,center,3,attacking_third,True,63.08,34.92,56.29,69.02,36.51,16.26,42.91,40.91
286,1925299,33443,33453,50:19.3,50:20.3,5,19,1.0,2,2,871,right_to_left,Perth Glory,1,True,False,False,direct,6,defending_direct,15,,,2,half_space_left,2,middle_third,False,-14.46,-19.38,4,half_space_right,2,middle_third,False,,31.35,,55.38,,24.74,,42.85
287,1925299,33679,33706,50:42.9,50:45.6,5,42,2.7,2,1,1802,left_to_right,Brisbane FC,1,True,False,False,chaotic,5,chaotic,5,-2.91,32.18,1,wide_left,2,middle_third,False,13.44,20.77,1,wide_left,2,middle_third,False,26.81,25.17,50.76,51.79,23.7,23.9,53.2,52.18
288,1925299,33706,33754,50:45.6,50:50.4,5,45,4.8,2,2,871,right_to_left,Perth Glory,4,True,False,False,chaotic,5,chaotic,5,-13.63,-20.74,5,wide_right,2,middle_third,False,6.76,-27.15,5,wide_right,2,middle_third,False,23.9,26.81,52.2,47.53,25.1,22.79,51.95,50.89
289,1925299,33754,33775,50:50.4,50:52.5,5,50,2.1,2,1,1802,left_to_right,Brisbane FC,1,True,False,False,chaotic,5,chaotic,5,-6.38,27.36,1,wide_left,2,middle_third,False,12.53,24.93,1,wide_left,2,middle_third,False,22.75,21.68,50.8,51.16,26.84,26.72,47.4,49.2
290,1925299,33775,33800,50:52.5,50:55.0,5,52,2.5,2,2,871,right_to_left,Perth Glory,1,True,False,False,chaotic,5,chaotic,5,-13.18,-24.69,5,wide_right,2,middle_third,False,-9.38,-28.49,5,wide_right,2,middle_third,False,26.69,26.37,49.24,49.52,21.63,24.36,51.41,54.8
291,1925299,33930,33959,51:08.0,51:10.9,6,8,2.9,2,1,1802,left_to_right,Brisbane FC,2,True,False,False,chaotic,5,chaotic,5,0.95,33.29,1,wide_left,2,middle_third,False,8.25,32.04,1,wide_left,2,middle_third,False,30.12,28.25,58.51,54.12,25.27,26.05,49.15,46.89
292,1925299,34033,34152,51:18.3,51:30.2,6,18,11.9,2,2,871,right_to_left,Perth Glory,6,False,False,False,create,1,medium_block,9,-15.89,-22.82,5,wide_right,2,middle_third,False,17.77,-28.34,5,wide_right,3,attacking_third,False,36.36,53.07,49.27,60.66,30.4,29.35,47.15,45.43
293,1925299,34152,34278,51:30.2,51:42.8,6,30,12.6,2,2,871,right_to_left,Perth Glory,3,True,False,False,finish,2,low_block,8,18.27,-28.53,5,wide_right,3,attacking_third,False,27.98,-11.88,4,half_space_right,3,attacking_third,False,52.57,37.66,60.97,65.18,29.27,29.48,45.26,34.19
294,1925299,34278,34311,51:42.8,51:46.1,6,42,3.3,2,1,1802,left_to_right,Brisbane FC,1,True,False,False,chaotic,5,chaotic,5,-29.19,9.9,2,half_space_left,1,defensive_third,False,-16.07,-10.98,4,half_space_right,2,middle_third,False,29.38,28.6,34.26,34.86,37.73,42.64,65.28,61.49
295,1925299,34311,34333,51:46.1,51:48.3,6,46,2.2,2,2,871,right_to_left,Perth Glory,1,False,False,True,finish,2,low_block,8,15.68,11.27,2,half_space_left,2,middle_third,False,6.25,8.55,3,center,2,middle_third,False,42.92,45.53,61.46,60.36,28.89,32.39,34.85,35.45
296,1925299,34333,34402,51:48.3,51:55.2,6,48,6.9,2,2,871,right_to_left,Perth Glory,3,False,False,True,create,1,medium_block,9,5.3,7.92,3,center,2,middle_third,False,9.58,-10.2,4,half_space_right,2,middle_third,False,45.52,53.24,60.26,54.07,32.43,35.02,35.64,41.22
297,1925299,34402,34523,51:55.2,52:07.3,6,55,12.1,2,2,871,right_to_left,Perth Glory,3,True,False,True,finish,2,low_block,8,10.05,-9.95,4,half_space_right,2,middle_third,False,46.58,-8.39,3,center,3,attacking_third,True,53.01,42.64,54.19,62.91,34.96,27.49,41.07,25.88
298,1925299,34630,34694,52:18.0,52:24.4,7,18,6.4,2,1,1802,left_to_right,Brisbane FC,3,False,False,False,build_up,0,high_block,10,-44.06,-14.32,4,half_space_right,1,defensive_third,False,-20.36,-31.82,5,wide_right,1,defensive_third,False,55.68,44.68,42.93,50.46,35.47,38.75,65.39,61.51
299,1925299,34694,34704,52:24.4,52:25.4,7,24,1.0,2,1,1802,left_to_right,Brisbane FC,0,True,False,False,create,1,medium_block,9,-18.93,-31.84,5,wide_right,1,defensive_third,False,-10.02,-31.03,5,wide_right,2,middle_third,False,44.64,43.38,50.43,49.14,38.94,39.87,61.5,61.59
300,1925299,34868,34892,52:41.8,52:44.2,7,41,2.4,2,2,871,right_to_left,Perth Glory,2,False,False,False,create,1,medium_block,9,,,2,half_space_left,2,middle_third,False,-19.68,24.54,1,wide_left,1,defensive_third,False,,41.39,,57.24,,27.37,,50.72
301,1925299,34892,34936,52:44.2,52:48.6,7,44,4.4,2,2,871,right_to_left,Perth Glory,2,False,False,False,build_up,0,high_block,10,-20.21,24.32,1,wide_left,1,defensive_third,False,-21.01,-10.52,4,half_space_right,1,defensive_third,False,41.52,52.86,57.1,56.26,27.44,31.63,51.17,61.24
302,1925299,34936,34938,52:48.6,52:48.8,7,48,0.2,2,2,871,right_to_left,Perth Glory,0,True,False,False,create,1,medium_block,9,-19.84,-11.64,4,half_space_right,1,defensive_third,False,-18.95,-12.55,4,half_space_right,1,defensive_third,False,53.03,53.18,56.36,56.4,32.06,32.48,61.28,61.31
303,1925299,34938,35033,52:48.8,52:58.3,7,48,9.5,2,1,1802,left_to_right,Brisbane FC,4,True,False,True,quick_break,3,defending_quick_break,12,18.45,13.32,2,half_space_left,3,attacking_third,False,52.3,-1.03,3,center,3,attacking_third,True,32.88,29.43,61.33,73.55,53.29,38.39,56.41,46.73
304,1925299,35556,35627,53:50.6,53:57.7,8,50,7.1,2,2,871,right_to_left,Perth Glory,3,False,False,False,create,1,medium_block,9,-13.94,-14.17,4,half_space_right,2,middle_third,False,8.91,13.38,2,half_space_left,2,middle_third,False,29.41,33.23,54.93,61.91,29.79,30.52,42.7,37.78
305,1925299,35627,35716,53:57.7,54:06.6,8,57,8.9,2,2,871,right_to_left,Perth Glory,3,True,False,False,finish,2,low_block,8,8.87,14.02,2,half_space_left,2,middle_third,False,28.42,22.69,1,wide_left,3,attacking_third,False,33.72,49.8,61.86,67.53,30.7,33.95,37.6,32.04
306,1925299,35838,35945,54:18.8,54:29.5,9,18,10.7,2,1,1802,left_to_right,Brisbane FC,5,False,False,False,build_up,0,high_block,10,-48.32,1.99,3,center,1,defensive_third,False,-20.87,8.75,3,center,1,defensive_third,False,62.68,51.8,46.12,51.47,37.83,40.49,68.97,72.8
307,1925299,35945,36011,54:29.5,54:36.1,9,29,6.6,2,1,1802,left_to_right,Brisbane FC,1,False,False,False,create,1,medium_block,9,-19.86,7.75,3,center,1,defensive_third,False,27.68,-24.92,5,wide_right,3,attacking_third,False,51.5,44.57,51.3,66.39,40.36,40.7,72.72,73.79
308,1925299,36011,36063,54:36.1,54:41.3,9,36,5.2,2,1,1802,left_to_right,Brisbane FC,1,True,False,False,finish,2,low_block,8,28.05,-25.24,5,wide_right,3,attacking_third,False,30.2,-17.34,4,half_space_right,3,attacking_third,False,44.45,36.47,66.65,70.35,40.97,29.3,73.6,55.91
309,1925299,36063,36089,54:41.3,54:43.9,9,41,2.6,2,2,871,right_to_left,Perth Glory,1,False,False,False,build_up,0,high_block,10,-30.32,17.49,2,half_space_left,1,defensive_third,False,-20.24,11.11,2,half_space_left,1,defensive_third,False,29.33,32.08,55.6,50.21,36.72,39.9,70.18,67.45
310,1925299,36089,36120,54:43.9,54:47.0,9,43,3.1,2,2,871,right_to_left,Perth Glory,1,False,False,False,create,1,medium_block,9,-19.51,10.02,2,half_space_left,1,defensive_third,False,-19.74,-1.84,3,center,1,defensive_third,False,32.23,35.62,50.16,51.49,39.91,37.22,67.34,65.67
311,1925299,36120,36128,54:47.0,54:47.8,9,47,0.8,2,2,871,right_to_left,Perth Glory,0,True,False,False,build_up,0,high_block,10,-20.57,-2.18,3,center,1,defensive_third,False,-25.65,-4.79,3,center,1,defensive_third,False,35.66,36.64,51.47,51.12,37.05,35.79,65.52,64.29
312,1925299,36249,36435,54:59.9,55:18.5,9,59,18.6,2,1,1802,left_to_right,Brisbane FC,6,True,False,False,create,1,medium_block,9,-12.78,-33.15,5,wide_right,2,middle_third,False,-1.27,-13.29,4,half_space_right,2,middle_third,False,48.43,53.9,55.32,52.83,37.6,36.1,49.8,55.84
313,1925299,36435,36451,55:18.5,55:20.1,10,18,1.6,2,2,871,right_to_left,Perth Glory,1,True,False,False,chaotic,5,chaotic,5,0.12,13.2,2,half_space_left,2,middle_third,False,-5.38,11.29,2,half_space_left,2,middle_third,False,36.15,35.39,55.83,54.61,53.72,49.53,52.95,53.12
314,1925299,36451,36518,55:20.1,55:26.8,10,20,6.7,2,1,1802,left_to_right,Brisbane FC,2,False,False,False,create,1,medium_block,9,5.59,-11.31,4,half_space_right,2,middle_third,False,21.74,-28.56,5,wide_right,3,attacking_third,False,49.21,43.35,53.09,57.67,35.2,36.2,54.47,53.08
315,1925299,36518,36783,55:26.8,55:53.3,10,26,26.5,2,1,1802,left_to_right,Brisbane FC,8,False,False,False,finish,2,low_block,8,22.06,-27.92,5,wide_right,3,attacking_third,False,5.56,-18.12,4,half_space_right,2,middle_third,False,43.11,57.52,57.69,61.19,35.95,32.79,53.04,37.64
316,1925299,36783,36901,55:53.3,56:05.1,10,53,11.8,2,1,1802,left_to_right,Brisbane FC,4,True,False,False,create,1,medium_block,9,4.06,-17.3,4,half_space_right,2,middle_third,False,10.53,-18.98,4,half_space_right,2,middle_third,False,57.5,58.43,61.15,53.37,32.77,35.55,37.76,46.32
317,1925299,36901,36940,56:05.1,56:09.0,11,5,3.9,2,2,871,right_to_left,Perth Glory,1,True,False,False,chaotic,5,chaotic,5,-11.15,18.32,2,half_space_left,2,middle_third,False,17.0,8.41,3,center,2,middle_third,False,35.45,33.34,46.28,51.97,58.13,45.11,53.6,55.48
318,1925299,36940,37339,56:09.0,56:48.9,11,9,39.9,2,1,1802,left_to_right,Brisbane FC,14,False,False,True,create,1,medium_block,9,-18.02,-8.33,3,center,1,defensive_third,False,19.21,-17.06,4,half_space_right,3,attacking_third,False,45.06,46.29,55.4,58.75,33.39,34.32,52.12,49.65
319,1925299,37339,37538,56:48.9,57:08.8,11,48,19.9,2,1,1802,left_to_right,Brisbane FC,5,True,False,True,finish,2,low_block,8,19.86,-16.45,4,half_space_right,3,attacking_third,False,50.02,2.26,3,center,3,attacking_third,True,46.01,36.34,58.82,71.17,34.1,21.74,49.66,18.11
320,1925299,37946,37956,57:49.6,57:50.6,12,49,1.0,2,2,871,right_to_left,Perth Glory,1,True,False,False,create,1,medium_block,9,,,2,half_space_left,2,middle_third,False,-1.45,-28.06,5,wide_right,2,middle_third,False,,27.17,,54.85,,26.84,,45.15
321,1925299,38042,38131,57:59.2,58:08.1,12,59,8.9,2,1,1802,left_to_right,Brisbane FC,4,False,False,True,create,1,medium_block,9,-6.6,32.54,1,wide_left,2,middle_third,False,-19.05,-14.72,4,half_space_right,1,defensive_third,False,36.72,58.18,51.33,48.45,31.89,35.54,47.07,49.98
322,1925299,38131,38224,58:08.1,58:17.4,13,8,9.3,2,1,1802,left_to_right,Brisbane FC,3,False,False,True,build_up,0,high_block,10,-20.01,-13.97,4,half_space_right,1,defensive_third,False,-20.68,-13.78,4,half_space_right,1,defensive_third,False,58.45,57.1,48.4,52.81,35.53,36.87,50.22,65.99
323,1925299,38224,38275,58:17.4,58:22.5,13,17,5.1,2,1,1802,left_to_right,Brisbane FC,1,False,False,True,create,1,medium_block,9,-18.8,-14.38,4,half_space_right,1,defensive_third,False,23.53,-17.3,4,half_space_right,3,attacking_third,False,57.16,46.22,52.98,67.89,36.94,29.33,66.01,65.16
324,1925299,38275,38397,58:22.5,58:34.7,13,22,12.2,2,1,1802,left_to_right,Brisbane FC,4,True,False,True,finish,2,low_block,8,23.78,-17.48,4,half_space_right,3,attacking_third,False,46.09,-2.67,3,center,3,attacking_third,True,45.67,30.24,68.12,69.54,29.15,19.82,65.02,45.37
325,1925299,38814,38853,59:16.4,59:20.3,14,16,3.9,2,2,871,right_to_left,Perth Glory,1,False,False,True,direct,6,defending_direct,15,,,2,half_space_left,2,middle_third,False,16.55,-22.89,5,wide_right,2,middle_third,False,,29.54,,64.24,,24.2,,47.79
326,1925299,38853,38955,59:20.3,59:30.5,14,20,10.2,2,2,871,right_to_left,Perth Glory,2,True,False,True,finish,2,low_block,8,16.14,-23.03,5,wide_right,2,middle_third,False,46.56,2.86,3,center,3,attacking_third,True,29.49,32.17,64.21,73.93,24.15,17.08,47.71,41.78
327,1925299,38955,39237,59:30.5,59:58.7,14,30,28.2,2,1,1802,left_to_right,Brisbane FC,7,False,False,False,build_up,0,high_block,10,-47.56,-3.0,3,center,1,defensive_third,False,-22.17,-27.22,5,wide_right,1,defensive_third,False,17.01,51.84,41.82,50.38,32.08,36.64,74.2,62.44
328,1925299,39237,39250,59:58.7,60:00.0,14,58,1.3,2,1,1802,left_to_right,Brisbane FC,0,True,False,False,create,1,medium_block,9,-19.98,-27.4,5,wide_right,1,defensive_third,False,0.72,-23.2,5,wide_right,2,middle_third,False,51.49,45.25,50.48,51.75,36.53,34.87,62.23,60.71
329,1925299,39250,39278,60:00.0,60:02.8,15,0,2.8,2,2,871,right_to_left,Perth Glory,1,False,False,False,create,1,medium_block,9,-2.01,22.68,1,wide_left,2,middle_third,False,-19.84,18.21,2,half_space_left,1,defensive_third,False,34.74,32.87,60.67,60.6,44.61,32.81,51.87,60.98
330,1925299,39278,39318,60:02.8,60:06.8,15,2,4.0,2,2,871,right_to_left,Perth Glory,2,False,False,False,build_up,0,high_block,10,-20.16,18.16,2,half_space_left,1,defensive_third,False,-21.5,-0.61,3,center,1,defensive_third,False,32.94,40.63,60.56,54.96,32.55,31.99,61.44,63.23
331,1925299,39318,39328,60:06.8,60:07.8,15,6,1.0,2,2,871,right_to_left,Perth Glory,0,True,False,False,create,1,medium_block,9,-19.82,-0.5,3,center,1,defensive_third,False,-9.01,-0.02,3,center,2,middle_third,False,40.9,43.15,54.83,54.07,32.06,32.59,63.23,62.01
332,1925299,39328,39656,60:07.8,60:40.6,15,7,32.8,2,1,1802,left_to_right,Brisbane FC,11,False,False,False,finish,2,low_block,8,8.48,0.19,3,center,2,middle_third,False,6.12,20.91,1,wide_left,2,middle_third,False,32.63,55.13,61.84,59.82,43.35,37.74,54.02,33.91
333,1925299,39656,39676,60:40.6,60:42.6,15,40,2.0,2,1,1802,left_to_right,Brisbane FC,1,False,False,False,create,1,medium_block,9,5.15,20.93,1,wide_left,2,middle_third,False,4.8,12.11,2,half_space_left,2,middle_third,False,55.2,56.42,59.79,58.89,37.57,36.31,34.01,36.52
334,1925299,39676,39719,60:42.6,60:46.9,15,42,4.3,2,1,1802,left_to_right,Brisbane FC,2,True,False,False,finish,2,low_block,8,5.7,10.5,2,half_space_left,2,middle_third,False,15.79,2.23,3,center,2,middle_third,False,56.4,54.11,58.82,59.81,36.26,33.58,36.63,31.26
335,1925299,39719,39790,60:46.9,60:54.0,15,46,7.1,2,2,871,right_to_left,Perth Glory,2,True,False,False,create,1,medium_block,9,-15.8,-2.06,3,center,2,middle_third,False,-6.49,-4.5,3,center,2,middle_third,False,33.69,32.05,31.3,47.14,54.05,29.54,59.95,52.85
336,1925299,39790,39869,60:54.0,61:01.9,15,54,7.9,2,1,1802,left_to_right,Brisbane FC,3,False,False,False,create,1,medium_block,9,6.02,4.88,3,center,2,middle_third,False,14.4,5.13,3,center,2,middle_third,False,29.33,37.03,52.78,59.22,31.93,18.75,47.12,38.69
337,1925299,39869,39985,61:01.9,61:13.5,16,1,11.6,2,1,1802,left_to_right,Brisbane FC,4,False,False,False,finish,2,low_block,8,14.43,5.05,3,center,2,middle_third,False,6.46,-24.96,5,wide_right,2,middle_third,False,37.13,46.77,59.2,63.13,18.66,36.0,38.52,31.1
338,1925299,39985,40033,61:13.5,61:18.3,16,13,4.8,2,1,1802,left_to_right,Brisbane FC,2,False,False,False,create,1,medium_block,9,5.31,-24.28,5,wide_right,2,middle_third,False,4.7,12.58,2,half_space_left,2,middle_third,False,47.02,57.77,63.01,59.21,35.98,36.98,31.25,37.66
339,1925299,40033,40074,61:18.3,61:22.4,16,18,4.1,2,1,1802,left_to_right,Brisbane FC,2,False,False,False,finish,2,low_block,8,5.01,12.82,2,half_space_left,2,middle_third,False,6.43,24.26,1,wide_left,2,middle_third,False,57.91,51.37,59.21,62.29,37.15,43.22,37.7,39.47
340,1925299,40074,40238,61:22.4,61:38.8,16,22,16.4,2,1,1802,left_to_right,Brisbane FC,5,False,False,False,create,1,medium_block,9,5.17,23.5,1,wide_left,2,middle_third,False,7.38,3.59,3,center,2,middle_third,False,51.18,57.61,62.28,60.42,43.03,26.79,39.57,52.86
341,1925299,40238,40391,61:38.8,61:54.1,16,38,15.3,2,1,1802,left_to_right,Brisbane FC,7,True,False,False,finish,2,low_block,8,7.84,3.78,3,center,2,middle_third,False,42.5,-7.8,3,center,3,attacking_third,True,57.59,30.75,60.54,68.98,26.56,26.78,52.83,28.59
342,1925299,41063,41073,63:01.3,63:02.3,18,1,1.0,2,2,871,right_to_left,Perth Glory,1,True,False,False,direct,6,defending_direct,15,-49.66,-3.71,3,center,1,defensive_third,False,-34.44,-11.28,4,half_space_right,1,defensive_third,False,34.51,34.66,60.97,58.74,27.14,26.69,39.11,39.29
343,1925299,41167,41171,63:11.7,63:12.1,18,11,0.4,2,1,1802,left_to_right,Brisbane FC,1,False,False,False,create,1,medium_block,9,-17.51,30.54,1,wide_left,1,defensive_third,False,-19.45,29.1,1,wide_left,1,defensive_third,False,34.34,35.1,52.33,52.34,27.68,27.89,55.02,55.45
344,1925299,41171,41238,63:12.1,63:18.8,18,12,6.7,2,1,1802,left_to_right,Brisbane FC,2,False,False,False,build_up,0,high_block,10,-20.27,28.69,1,wide_left,1,defensive_third,False,-20.75,-18.67,4,half_space_right,1,defensive_third,False,35.37,49.36,52.36,48.65,27.95,34.22,55.63,74.31
345,1925299,41238,41269,63:18.8,63:21.9,18,18,3.1,2,1,1802,left_to_right,Brisbane FC,1,True,False,False,create,1,medium_block,9,-19.74,-19.86,4,half_space_right,1,defensive_third,False,-5.26,-35.3,5,wide_right,2,middle_third,False,49.18,48.41,48.73,49.07,34.44,42.87,74.09,66.22
346,1925299,41302,41341,63:25.2,63:29.1,18,25,3.9,2,2,871,right_to_left,Perth Glory,2,True,False,False,chaotic,5,chaotic,5,4.76,30.14,1,wide_left,2,middle_third,False,3.8,35.24,1,wide_left,2,middle_third,False,41.2,40.62,61.78,57.74,40.21,31.44,47.0,43.64
347,1925299,41432,41584,63:38.2,63:53.4,18,38,15.2,2,1,1802,left_to_right,Brisbane FC,5,False,False,False,create,1,medium_block,9,-12.16,-30.79,5,wide_right,2,middle_third,False,-19.71,-17.63,4,half_space_right,1,defensive_third,False,40.0,62.03,56.88,53.39,25.35,33.19,44.91,51.08
348,1925299,41584,41707,63:53.4,64:05.7,18,53,12.3,2,1,1802,left_to_right,Brisbane FC,4,False,False,False,build_up,0,high_block,10,-20.3,-17.1,4,half_space_right,1,defensive_third,False,-20.55,19.59,2,half_space_left,1,defensive_third,False,62.03,61.42,53.3,55.44,33.2,40.9,51.02,58.91
349,1925299,41707,41772,64:05.7,64:12.2,19,5,6.5,2,1,1802,left_to_right,Brisbane FC,3,True,False,False,create,1,medium_block,9,-19.99,19.66,2,half_space_left,1,defensive_third,False,-11.48,-0.94,3,center,2,middle_third,False,61.24,53.01,55.52,56.53,40.66,27.35,58.91,53.29
350,1925299,41772,41806,64:12.2,64:15.6,19,12,3.4,2,2,871,right_to_left,Perth Glory,2,True,False,False,chaotic,5,chaotic,5,11.56,1.15,3,center,2,middle_third,False,23.51,14.42,2,half_space_left,3,attacking_third,False,27.05,28.95,53.56,61.26,52.73,45.22,56.45,53.73
351,1925299,41806,41835,64:15.6,64:18.5,19,15,2.9,2,1,1802,left_to_right,Brisbane FC,1,True,False,False,chaotic,5,chaotic,5,-24.48,-15.16,4,half_space_right,1,defensive_third,False,-44.47,-20.89,5,wide_right,1,defensive_third,False,45.12,45.05,53.76,53.82,28.93,30.17,61.52,74.62
352,1925299,42184,42265,64:53.4,65:01.5,19,53,8.1,2,2,871,right_to_left,Perth Glory,2,False,False,False,set_play,7,defending_set_play,13,51.27,32.83,1,wide_left,3,attacking_third,False,5.25,-13.91,4,half_space_right,2,middle_third,False,43.55,40.16,74.86,66.46,19.25,20.8,13.94,29.68
353,1925299,42265,42338,65:01.5,65:08.8,20,1,7.3,2,2,871,right_to_left,Perth Glory,3,False,False,False,create,1,medium_block,9,4.98,-14.28,4,half_space_right,2,middle_third,False,5.6,18.91,2,half_space_left,2,middle_third,False,40.09,42.65,66.18,54.01,20.85,29.55,30.07,45.7
354,1925299,42338,42464,65:08.8,65:21.4,20,8,12.6,2,2,871,right_to_left,Perth Glory,3,False,False,False,finish,2,low_block,8,5.93,18.87,2,half_space_left,2,middle_third,False,26.49,35.67,1,wide_left,3,attacking_third,False,42.65,46.88,54.07,67.25,29.54,39.47,45.57,24.75
355,1925299,42713,42732,65:46.3,65:48.2,20,46,1.9,2,2,871,right_to_left,Perth Glory,2,True,False,False,chaotic,5,chaotic,5,31.26,34.35,1,wide_left,3,attacking_third,False,40.67,32.85,1,wide_left,3,attacking_third,False,36.36,35.27,69.59,70.05,27.82,29.46,30.46,29.61
356,1925299,42972,42982,66:12.2,66:13.2,21,12,1.0,2,1,1802,left_to_right,Brisbane FC,1,True,False,False,chaotic,5,chaotic,5,,,2,half_space_left,2,middle_third,False,-9.08,-30.44,5,wide_right,2,middle_third,False,,27.72,,47.07,,21.49,,60.09
357,1925299,43553,43601,67:10.3,67:15.1,22,10,4.8,2,2,871,right_to_left,Perth Glory,2,False,False,False,finish,2,low_block,8,12.39,33.64,1,wide_left,2,middle_third,False,5.47,22.55,1,wide_left,2,middle_third,False,34.07,41.03,58.93,55.55,27.9,25.6,36.58,37.28
358,1925299,43601,43661,67:15.1,67:21.1,22,15,6.0,2,2,871,right_to_left,Perth Glory,2,False,False,False,create,1,medium_block,9,4.77,21.17,1,wide_left,2,middle_third,False,-19.98,20.85,1,wide_left,1,defensive_third,False,41.38,60.17,55.44,51.8,25.73,37.1,37.39,51.74
359,1925299,43661,43705,67:21.1,67:25.5,22,21,4.4,2,2,871,right_to_left,Perth Glory,2,False,False,False,build_up,0,high_block,10,-20.17,21.13,1,wide_left,1,defensive_third,False,-42.46,7.57,3,center,1,defensive_third,False,60.37,60.94,51.7,46.8,37.47,38.46,51.99,70.1
360,1925299,43705,43745,67:25.5,67:29.5,22,25,4.0,2,2,871,right_to_left,Perth Glory,1,True,False,False,direct,6,defending_direct,15,-42.31,7.11,3,center,1,defensive_third,False,23.87,-3.55,3,center,3,attacking_third,False,60.92,49.62,46.7,60.52,38.34,36.49,70.44,67.42
361,1925299,43745,43953,67:29.5,67:50.3,22,29,20.8,2,1,1802,left_to_right,Brisbane FC,9,True,False,False,create,1,medium_block,9,-24.51,3.6,3,center,1,defensive_third,False,0.8,25.21,1,wide_left,2,middle_third,False,36.42,51.39,67.17,55.76,49.23,32.5,61.12,52.05
362,1925299,44057,44095,68:00.7,68:04.5,23,0,3.8,2,2,871,right_to_left,Perth Glory,2,False,True,True,build_up,0,high_block,10,-21.24,-30.1,5,wide_right,1,defensive_third,False,-43.4,-11.8,4,half_space_right,1,defensive_third,False,40.93,51.06,53.88,50.34,37.87,35.03,55.4,69.71
363,1925299,44095,44130,68:04.5,68:08.0,23,4,3.5,2,2,871,right_to_left,Perth Glory,1,False,True,True,direct,6,defending_direct,15,-43.73,-11.57,4,half_space_right,1,defensive_third,False,-1.79,-13.64,4,half_space_right,2,middle_third,False,51.27,44.59,50.08,51.65,34.95,28.4,70.18,68.56
364,1925299,44130,44229,68:08.0,68:17.9,23,8,9.9,2,2,871,right_to_left,Perth Glory,3,False,True,True,create,1,medium_block,9,-1.82,-13.5,4,half_space_right,2,middle_third,False,17.49,-12.81,4,half_space_right,2,middle_third,False,44.27,41.31,51.66,62.07,28.25,27.71,68.44,56.04
365,1925299,44229,44313,68:17.9,68:26.3,23,17,8.4,2,2,871,right_to_left,Perth Glory,4,False,True,True,finish,2,low_block,8,17.87,-13.47,4,half_space_right,3,attacking_third,False,49.71,9.05,3,center,3,attacking_third,True,41.18,23.03,62.3,83.29,27.63,24.39,55.99,45.13
366,1925299,45931,45996,71:08.1,71:14.6,26,8,6.5,2,1,1802,left_to_right,Brisbane FC,3,False,False,False,create,1,medium_block,9,-7.58,-0.91,3,center,2,middle_third,False,10.62,-28.07,5,wide_right,2,middle_third,False,55.97,53.75,44.18,61.77,33.93,34.91,45.71,47.17
367,1925299,45996,46023,71:14.6,71:17.3,26,14,2.7,2,1,1802,left_to_right,Brisbane FC,1,False,False,False,finish,2,low_block,8,10.85,-27.7,5,wide_right,2,middle_third,False,13.33,-12.47,4,half_space_right,2,middle_third,False,53.55,51.83,61.58,64.15,34.66,30.27,46.85,40.24
368,1925299,46113,46140,71:26.3,71:29.0,26,26,2.7,2,1,1802,left_to_right,Brisbane FC,2,False,False,False,create,1,medium_block,9,15.08,-8.36,3,center,2,middle_third,False,4.61,10.22,2,half_space_left,2,middle_third,False,57.45,60.22,64.79,65.22,30.04,29.81,30.1,31.71
369,1925299,46140,46224,71:29.0,71:37.4,26,29,8.4,2,1,1802,left_to_right,Brisbane FC,2,False,False,False,finish,2,low_block,8,5.23,11.46,2,half_space_left,2,middle_third,False,35.25,34.13,1,wide_left,3,attacking_third,False,60.11,40.32,65.27,69.24,29.9,35.02,31.92,35.59
370,1925299,46288,46344,71:43.8,71:49.4,26,43,5.6,2,1,1802,left_to_right,Brisbane FC,3,False,False,False,finish,2,low_block,8,32.05,32.27,1,wide_left,3,attacking_third,False,6.66,16.15,2,half_space_left,2,middle_third,False,34.75,40.67,68.15,61.87,26.31,29.61,28.32,35.54
371,1925299,46344,46395,71:49.4,71:54.5,26,49,5.1,2,1,1802,left_to_right,Brisbane FC,2,False,False,False,create,1,medium_block,9,5.42,15.14,2,half_space_left,2,middle_third,False,14.48,30.91,1,wide_left,2,middle_third,False,40.91,53.53,61.8,58.18,29.79,34.51,35.81,44.71
372,1925299,46395,46507,71:54.5,72:05.7,26,54,11.2,2,1,1802,left_to_right,Brisbane FC,6,True,False,False,finish,2,low_block,8,15.29,31.4,1,wide_left,2,middle_third,False,50.9,-3.54,3,center,3,attacking_third,True,53.47,37.24,58.18,68.92,34.84,24.05,44.73,39.98
373,1925299,46583,46712,72:13.3,72:26.2,27,13,12.9,2,2,871,right_to_left,Perth Glory,1,True,False,False,create,1,medium_block,9,,,2,half_space_left,2,middle_third,False,11.92,-20.8,5,wide_right,2,middle_third,False,,30.1,,56.32,,29.88,,48.41
374,1925299,46712,46941,72:26.2,72:49.1,27,26,22.9,2,1,1802,left_to_right,Brisbane FC,7,False,False,False,create,1,medium_block,9,-12.51,20.8,1,wide_left,2,middle_third,False,9.53,24.96,1,wide_left,2,middle_third,False,29.89,57.73,48.27,60.78,30.19,36.6,56.25,36.96
375,1925299,46941,47298,72:49.1,73:24.8,27,49,35.7,2,1,1802,left_to_right,Brisbane FC,12,False,False,False,finish,2,low_block,8,9.99,25.95,1,wide_left,2,middle_third,False,5.06,-22.08,5,wide_right,2,middle_third,False,57.74,46.29,60.85,61.02,36.7,36.01,37.04,36.53
376,1925299,47298,47370,73:24.8,73:32.0,28,24,7.2,2,1,1802,left_to_right,Brisbane FC,2,False,False,False,create,1,medium_block,9,4.34,-21.64,5,wide_right,2,middle_third,False,-19.14,15.81,2,half_space_left,1,defensive_third,False,46.43,57.09,60.92,55.26,35.78,35.23,36.73,55.68
377,1925299,47370,47401,73:32.0,73:35.1,28,32,3.1,2,1,1802,left_to_right,Brisbane FC,1,False,False,False,build_up,0,high_block,10,-20.35,14.57,2,half_space_left,1,defensive_third,False,-20.23,4.06,3,center,1,defensive_third,False,57.09,59.6,55.2,49.98,35.18,33.6,56.04,56.54
378,1925299,47401,47555,73:35.1,73:50.5,28,35,15.4,2,1,1802,left_to_right,Brisbane FC,5,True,False,False,create,1,medium_block,9,-19.3,4.08,3,center,1,defensive_third,False,1.26,-31.23,5,wide_right,2,middle_third,False,59.73,51.48,49.79,56.99,33.57,41.12,56.31,43.37
379,1925299,47555,47590,73:50.5,73:54.0,28,50,3.5,2,2,871,right_to_left,Perth Glory,1,False,False,False,chaotic,5,chaotic,5,-0.93,31.41,1,wide_left,2,middle_third,False,12.69,22.84,1,wide_left,2,middle_third,False,41.18,39.27,43.33,48.19,51.37,47.54,56.98,58.3
380,1925299,47872,47876,74:22.2,74:22.6,29,22,0.4,2,2,871,right_to_left,Perth Glory,2,False,False,False,finish,2,low_block,8,5.9,28.08,1,wide_left,2,middle_third,False,5.26,28.58,1,wide_left,2,middle_third,False,39.83,40.68,61.52,61.22,38.31,39.39,37.22,37.81
381,1925299,47876,47995,74:22.6,74:34.5,29,22,11.9,2,2,871,right_to_left,Perth Glory,6,True,False,False,create,1,medium_block,9,4.94,28.89,1,wide_left,2,middle_third,False,11.17,-8.41,3,center,2,middle_third,False,40.94,45.4,61.13,53.2,39.7,30.95,38.0,55.48
382,1925299,47995,48041,74:34.5,74:39.1,29,34,4.6,2,1,1802,left_to_right,Brisbane FC,3,True,False,False,chaotic,5,chaotic,5,-11.05,7.97,3,center,2,middle_third,False,18.99,1.54,3,center,3,attacking_third,False,30.68,29.57,55.33,57.43,45.09,29.97,53.13,54.53
383,1925299,48041,48080,74:39.1,74:43.0,29,39,3.9,2,2,871,right_to_left,Perth Glory,2,True,False,False,chaotic,5,chaotic,5,-19.59,-1.37,3,center,1,defensive_third,False,-12.5,-19.0,4,half_space_right,2,middle_third,False,29.64,31.11,54.61,52.27,29.73,35.69,57.67,58.08
384,1925299,48080,48092,74:43.0,74:44.2,29,43,1.2,2,1,1802,left_to_right,Brisbane FC,1,True,False,False,chaotic,5,chaotic,5,12.57,19.78,2,half_space_left,2,middle_third,False,11.58,21.83,1,wide_left,2,middle_third,False,35.98,38.42,58.16,58.83,31.22,31.99,52.16,50.95
385,1925299,48092,48154,74:44.2,74:50.4,29,44,6.2,2,2,871,right_to_left,Perth Glory,2,True,False,False,chaotic,5,chaotic,5,-11.28,-21.71,5,wide_right,2,middle_third,False,-0.28,-1.47,3,center,2,middle_third,False,31.9,41.51,50.84,51.74,38.48,30.17,58.86,55.85
386,1925299,48154,48198,74:50.4,74:54.8,29,50,4.4,2,1,1802,left_to_right,Brisbane FC,1,False,False,False,create,1,medium_block,9,0.49,1.45,3,center,2,middle_third,False,13.5,5.58,3,center,2,middle_third,False,30.28,37.55,55.78,59.69,41.51,27.59,51.86,47.77
387,1925299,48198,48437,74:54.8,75:18.7,29,54,23.9,2,1,1802,left_to_right,Brisbane FC,8,False,False,False,finish,2,low_block,8,13.71,6.15,3,center,2,middle_third,False,47.9,-20.42,5,wide_right,3,attacking_third,False,37.65,28.01,59.57,71.67,26.96,27.02,47.58,32.64
388,1925299,49024,49034,76:17.4,76:18.4,31,17,1.0,2,1,1802,left_to_right,Brisbane FC,1,True,False,False,set_play,7,defending_set_play,13,48.52,-21.74,5,wide_right,3,attacking_third,False,49.16,-3.62,3,center,3,attacking_third,True,28.09,26.33,61.75,62.37,18.23,18.07,10.35,8.79
389,1925299,49328,49363,76:47.8,76:51.3,31,47,3.5,2,2,871,right_to_left,Perth Glory,2,True,False,False,chaotic,5,chaotic,5,-28.72,-32.51,5,wide_right,1,defensive_third,False,-6.59,-25.0,5,wide_right,2,middle_third,False,35.65,26.16,39.89,39.38,32.04,27.67,61.11,55.87
390,1925299,49363,49465,76:51.3,77:01.5,31,51,10.2,2,1,1802,left_to_right,Brisbane FC,1,False,False,False,create,1,medium_block,9,6.21,24.41,1,wide_left,2,middle_third,False,16.6,-23.69,5,wide_right,2,middle_third,False,27.59,39.13,55.65,57.9,26.26,34.47,39.34,52.69
391,1925299,49465,49514,77:01.5,77:06.4,32,1,4.9,2,1,1802,left_to_right,Brisbane FC,1,False,False,False,finish,2,low_block,8,17.19,-24.3,5,wide_right,2,middle_third,False,7.01,-24.77,5,wide_right,2,middle_third,False,39.3,42.12,58.14,63.03,34.68,36.38,52.61,44.45
392,1925299,49514,49624,77:06.4,77:17.4,32,6,11.0,2,1,1802,left_to_right,Brisbane FC,3,False,False,False,create,1,medium_block,9,5.69,-24.23,5,wide_right,2,middle_third,False,4.82,-24.58,5,wide_right,2,middle_third,False,42.4,56.23,62.93,55.84,36.38,34.47,44.2,41.39
393,1925299,49624,49654,77:17.4,77:20.4,32,17,3.0,2,1,1802,left_to_right,Brisbane FC,1,True,False,False,finish,2,low_block,8,5.14,-25.78,5,wide_right,2,middle_third,False,20.72,-20.82,5,wide_right,3,attacking_third,False,55.92,46.85,55.82,59.7,34.69,38.41,41.37,41.99
394,1925299,49654,49729,77:20.4,77:27.9,32,20,7.5,2,2,871,right_to_left,Perth Glory,4,False,False,False,create,1,medium_block,9,-21.06,20.36,1,wide_left,1,defensive_third,False,-18.94,30.8,1,wide_left,1,defensive_third,False,38.29,40.81,42.05,54.9,46.44,44.78,59.81,55.38
395,1925299,49729,49786,77:27.9,77:33.6,32,27,5.7,2,2,871,right_to_left,Perth Glory,1,False,False,False,build_up,0,high_block,10,-20.61,29.76,1,wide_left,1,defensive_third,False,-20.46,1.44,3,center,1,defensive_third,False,40.87,58.47,54.92,49.47,44.78,40.83,55.22,73.08
396,1925299,49786,49793,77:33.6,77:34.3,32,33,0.7,2,2,871,right_to_left,Perth Glory,0,True,False,False,create,1,medium_block,9,-18.28,1.3,3,center,1,defensive_third,False,-7.13,1.11,3,center,2,middle_third,False,58.51,57.68,49.32,48.82,40.77,40.14,73.09,72.4
397,1925299,49793,49919,77:34.3,77:46.9,32,34,12.6,2,1,1802,left_to_right,Brisbane FC,2,True,False,True,quick_break,3,defending_quick_break,12,6.07,-0.73,3,center,2,middle_third,False,50.93,6.37,3,center,3,attacking_third,True,39.99,26.59,72.14,71.75,57.39,19.94,48.74,28.56
398,1925299,49919,50140,77:46.9,78:09.0,32,46,22.1,2,2,871,right_to_left,Perth Glory,1,False,False,False,build_up,0,high_block,10,-51.55,-5.9,3,center,1,defensive_third,False,-39.01,3.25,3,center,1,defensive_third,False,19.72,33.82,28.58,43.51,26.52,37.77,71.92,63.8
399,1925299,50140,50175,78:09.0,78:12.5,33,9,3.5,2,2,871,right_to_left,Perth Glory,1,False,False,False,direct,6,defending_direct,15,-37.51,3.15,3,center,1,defensive_third,False,15.87,19.75,2,half_space_left,2,middle_third,False,33.78,30.88,43.5,55.0,37.64,35.21,63.62,56.43
400,1925299,50175,50229,78:12.5,78:17.9,33,12,5.4,2,2,871,right_to_left,Perth Glory,1,False,False,False,create,1,medium_block,9,16.11,20.05,2,half_space_left,2,middle_third,False,19.61,13.46,2,half_space_left,3,attacking_third,False,30.73,32.66,55.1,55.79,35.25,33.32,56.32,51.66
401,1925299,50229,50285,78:17.9,78:23.5,33,17,5.6,2,2,871,right_to_left,Perth Glory,3,False,False,False,finish,2,low_block,8,20.22,13.23,2,half_space_left,3,attacking_third,False,5.38,19.85,2,half_space_left,2,middle_third,False,32.74,31.73,55.95,62.6,33.23,31.44,51.56,40.41
402,1925299,50285,50345,78:23.5,78:29.5,33,23,6.0,2,2,871,right_to_left,Perth Glory,3,True,False,False,create,1,medium_block,9,4.85,19.9,2,half_space_left,2,middle_third,False,-3.14,16.86,2,half_space_left,2,middle_third,False,31.74,41.58,62.57,59.43,31.29,36.62,40.31,52.38
403,1925299,50345,50594,78:29.5,78:54.4,33,29,24.9,2,1,1802,left_to_right,Brisbane FC,8,False,False,True,quick_break,3,defending_quick_break,12,3.45,-17.56,4,half_space_right,2,middle_third,False,45.84,16.81,2,half_space_left,3,attacking_third,True,36.76,39.01,52.21,73.61,41.72,28.25,59.36,19.64
404,1925299,50594,50633,78:54.4,78:58.3,33,54,3.9,2,1,1802,left_to_right,Brisbane FC,2,True,False,True,finish,2,low_block,8,44.89,16.52,2,half_space_left,3,attacking_third,True,52.77,-5.2,3,center,3,attacking_third,False,39.01,34.83,73.42,71.87,28.18,22.2,19.48,18.78
405,1925299,51555,51565,80:30.5,80:31.5,35,30,1.0,2,2,871,right_to_left,Perth Glory,1,False,False,False,direct,6,defending_direct,15,-42.38,-4.94,3,center,1,defensive_third,False,-23.77,-14.18,4,half_space_right,1,defensive_third,False,24.14,24.2,61.12,59.25,22.71,22.09,40.78,41.51
406,1925299,51760,51769,80:51.0,80:51.9,35,51,0.9,2,2,871,right_to_left,Perth Glory,2,False,False,False,finish,2,low_block,8,11.75,-31.69,5,wide_right,2,middle_third,False,8.9,-30.14,5,wide_right,2,middle_third,False,27.78,26.5,60.4,59.18,25.7,26.45,40.76,39.6
407,1925299,51769,51806,80:51.9,80:55.6,35,51,3.7,2,2,871,right_to_left,Perth Glory,1,False,False,False,create,1,medium_block,9,8.0,-30.22,5,wide_right,2,middle_third,False,-19.37,-24.87,5,wide_right,1,defensive_third,False,26.45,31.61,59.04,56.21,26.51,27.73,39.52,51.0
408,1925299,51806,51821,80:55.6,80:57.1,35,55,1.5,2,2,871,right_to_left,Perth Glory,1,False,False,False,build_up,0,high_block,10,-20.13,-24.37,5,wide_right,1,defensive_third,False,-22.64,-20.17,5,wide_right,1,defensive_third,False,31.8,33.53,56.15,54.69,27.74,30.22,51.55,57.53
409,1925299,51821,51866,80:57.1,81:01.6,35,57,4.5,2,2,871,right_to_left,Perth Glory,2,False,False,False,create,1,medium_block,9,-19.79,-20.15,4,half_space_right,1,defensive_third,False,26.79,-21.52,5,wide_right,3,attacking_third,False,33.56,28.33,54.55,65.18,30.29,27.33,57.69,55.99
410,1925299,51866,51901,81:01.6,81:05.1,36,1,3.5,2,2,871,right_to_left,Perth Glory,1,True,False,False,finish,2,low_block,8,27.09,-20.94,5,wide_right,3,attacking_third,False,34.4,-13.55,4,half_space_right,3,attacking_third,False,28.17,27.5,65.55,74.21,27.34,29.95,56.05,53.92
411,1925299,51901,51933,81:05.1,81:08.3,36,5,3.2,2,1,1802,left_to_right,Brisbane FC,2,False,False,False,chaotic,5,chaotic,5,-34.05,13.56,2,half_space_left,1,defensive_third,False,-7.17,12.86,2,half_space_left,2,middle_third,False,30.11,39.75,53.65,46.52,27.49,30.46,74.06,62.63
412,1925299,52052,52085,81:20.2,81:23.5,36,20,3.3,2,1,1802,left_to_right,Brisbane FC,2,False,False,False,chaotic,5,chaotic,5,-48.25,21.39,1,wide_left,1,defensive_third,False,-47.92,11.89,2,half_space_left,1,defensive_third,False,52.33,53.5,48.25,47.53,32.07,34.1,66.85,70.79
413,1925299,52085,52113,81:23.5,81:26.3,36,23,2.8,2,1,1802,left_to_right,Brisbane FC,1,True,False,False,direct,6,defending_direct,15,-46.98,10.81,2,half_space_left,1,defensive_third,False,-15.48,-16.05,4,half_space_right,2,middle_third,False,53.43,49.02,47.46,49.36,34.19,38.77,71.0,69.74
414,1925299,52113,52155,81:26.3,81:30.5,36,26,4.2,2,2,871,right_to_left,Perth Glory,2,True,False,False,chaotic,5,chaotic,5,14.46,16.45,2,half_space_left,2,middle_third,False,26.91,-5.44,3,center,3,attacking_third,False,38.87,30.0,69.7,64.08,48.84,39.03,49.4,51.74
415,1925299,52155,52279,81:30.5,81:42.9,36,30,12.4,2,1,1802,left_to_right,Brisbane FC,2,False,False,False,build_up,0,high_block,10,-27.75,6.39,3,center,1,defensive_third,False,-20.1,-24.76,5,wide_right,1,defensive_third,False,39.08,59.12,51.53,40.22,29.79,38.74,63.93,52.81
416,1925299,52279,52296,81:42.9,81:44.6,36,42,1.7,2,1,1802,left_to_right,Brisbane FC,1,False,False,False,create,1,medium_block,9,-19.65,-25.43,5,wide_right,1,defensive_third,False,-19.37,-27.22,5,wide_right,1,defensive_third,False,58.9,56.81,40.53,45.63,39.24,43.22,52.84,53.27
417,1925299,52296,52341,81:44.6,81:49.1,36,44,4.5,2,1,1802,left_to_right,Brisbane FC,1,False,False,False,build_up,0,high_block,10,-20.4,-26.41,5,wide_right,1,defensive_third,False,-20.78,-19.77,4,half_space_right,1,defensive_third,False,56.79,61.92,45.9,47.35,43.12,37.42,53.28,52.34
418,1925299,52341,52416,81:49.1,81:56.6,36,49,7.5,2,1,1802,left_to_right,Brisbane FC,4,False,False,False,create,1,medium_block,9,-19.6,-21.29,5,wide_right,1,defensive_third,False,-19.93,-27.7,5,wide_right,1,defensive_third,False,61.89,61.13,47.41,58.54,37.58,38.88,52.29,54.3
419,1925299,52416,52493,81:56.6,82:04.3,36,56,7.7,2,1,1802,left_to_right,Brisbane FC,3,False,False,False,build_up,0,high_block,10,-21.42,-26.89,5,wide_right,1,defensive_third,False,-20.27,20.72,1,wide_left,1,defensive_third,False,61.12,63.43,58.59,50.07,38.71,35.28,54.43,51.36
420,1925299,52493,52661,82:04.3,82:21.1,37,4,16.8,2,1,1802,left_to_right,Brisbane FC,6,False,False,False,create,1,medium_block,9,-19.96,20.82,1,wide_left,1,defensive_third,False,9.72,-3.0,3,center,2,middle_third,False,63.28,51.53,50.05,59.9,35.16,29.9,51.3,52.66
421,1925299,52661,52797,82:21.1,82:34.7,37,21,13.6,2,1,1802,left_to_right,Brisbane FC,3,False,False,False,finish,2,low_block,8,9.71,-3.2,3,center,2,middle_third,False,42.29,-15.82,4,half_space_right,3,attacking_third,True,51.54,45.04,60.05,67.96,29.7,26.01,52.53,23.1
422,1925299,53110,53173,83:06.0,83:12.3,38,6,6.3,2,1,1802,left_to_right,Brisbane FC,2,True,False,False,set_play,7,defending_set_play,13,,,2,half_space_left,2,middle_third,False,43.55,3.38,3,center,3,attacking_third,True,,37.1,,72.07,,23.21,,25.82
423,1925299,53473,53503,83:42.3,83:45.3,38,42,3.0,2,2,871,right_to_left,Perth Glory,1,True,False,False,chaotic,5,chaotic,5,-20.84,-34.1,5,wide_right,1,defensive_third,False,-15.36,-29.13,5,wide_right,2,middle_third,False,28.51,26.62,38.83,38.89,24.13,22.57,65.62,61.55
424,1925299,53503,53531,83:45.3,83:48.1,38,45,2.8,2,1,1802,left_to_right,Brisbane FC,1,True,False,False,chaotic,5,chaotic,5,15.77,29.09,1,wide_left,2,middle_third,False,22.94,33.0,1,wide_left,3,attacking_third,False,22.62,27.2,61.4,56.74,26.58,30.13,38.96,40.22
425,1925299,53531,53594,83:48.1,83:54.4,38,48,6.3,2,2,871,right_to_left,Perth Glory,1,False,False,False,create,1,medium_block,9,-23.18,-33.0,5,wide_right,1,defensive_third,False,11.42,-30.79,5,wide_right,2,middle_third,False,30.23,29.35,40.26,54.8,27.32,27.94,56.7,53.81
426,1925299,53917,53930,84:26.7,84:28.0,39,26,1.3,2,2,871,right_to_left,Perth Glory,2,True,False,False,chaotic,5,chaotic,5,25.49,-32.91,5,wide_right,3,attacking_third,False,29.52,-28.67,5,wide_right,3,attacking_third,False,38.81,34.43,65.64,65.24,31.61,31.05,32.92,32.01
427,1925299,53930,53985,84:28.0,84:33.5,39,28,5.5,2,1,1802,left_to_right,Brisbane FC,4,False,False,False,build_up,0,high_block,10,-29.59,28.84,1,wide_left,1,defensive_third,False,-20.1,14.67,2,half_space_left,1,defensive_third,False,30.98,39.43,31.89,35.07,34.08,26.2,65.12,64.83
428,1925299,53985,54011,84:33.5,84:36.1,39,33,2.6,2,1,1802,left_to_right,Brisbane FC,1,True,False,False,create,1,medium_block,9,-18.34,15.0,2,half_space_left,1,defensive_third,False,-9.54,8.3,3,center,2,middle_third,False,39.64,39.19,35.14,45.6,26.08,25.42,64.88,65.76
429,1925299,54011,54024,84:36.1,84:37.4,39,36,1.3,2,2,871,right_to_left,Perth Glory,1,False,False,False,finish,2,low_block,8,9.19,-7.79,3,center,2,middle_third,False,5.13,0.54,3,center,2,middle_third,False,25.39,25.51,65.7,64.63,39.09,39.48,46.18,52.43
430,1925299,54024,54111,84:37.4,84:46.1,39,37,8.7,2,2,871,right_to_left,Perth Glory,4,True,False,False,create,1,medium_block,9,4.94,1.07,3,center,2,middle_third,False,10.51,-27.71,5,wide_right,2,middle_third,False,25.87,56.53,64.47,54.35,39.68,39.04,52.84,47.96
431,1925299,54111,54154,84:46.1,84:50.4,39,46,4.3,2,1,1802,left_to_right,Brisbane FC,2,False,False,False,chaotic,5,chaotic,5,-11.11,27.37,1,wide_left,2,middle_third,False,-7.97,27.81,1,wide_left,2,middle_third,False,38.99,41.3,47.75,47.99,56.37,40.71,54.47,56.47
432,1925299,54204,54428,84:55.4,85:17.8,39,55,22.4,2,1,1802,left_to_right,Brisbane FC,9,False,False,False,create,1,medium_block,9,-13.06,23.5,1,wide_left,2,middle_third,False,9.83,30.65,1,wide_left,2,middle_third,False,47.65,55.84,50.47,58.83,35.03,35.05,51.55,42.45
433,1925299,54428,54500,85:17.8,85:25.0,40,17,7.2,2,1,1802,left_to_right,Brisbane FC,2,False,False,False,finish,2,low_block,8,9.93,30.41,1,wide_left,2,middle_third,False,7.19,25.36,1,wide_left,2,middle_third,False,55.58,53.25,58.84,59.4,35.1,35.56,42.37,40.79
434,1925299,54500,54558,85:25.0,85:30.8,40,25,5.8,2,1,1802,left_to_right,Brisbane FC,2,False,False,False,create,1,medium_block,9,5.98,24.97,1,wide_left,2,middle_third,False,3.92,-15.29,4,half_space_right,2,middle_third,False,53.24,54.98,59.33,57.35,35.55,34.63,40.72,40.82
435,1925299,54558,54632,85:30.8,85:38.2,40,30,7.4,2,1,1802,left_to_right,Brisbane FC,1,True,False,False,finish,2,low_block,8,5.35,-16.75,4,half_space_right,2,middle_third,False,22.05,4.16,3,center,3,attacking_third,False,54.86,39.27,57.47,65.08,34.6,23.12,40.76,38.29
436,1925299,54632,54642,85:38.2,85:39.2,40,38,1.0,2,2,871,right_to_left,Perth Glory,1,True,False,False,chaotic,5,chaotic,5,-21.85,-4.65,3,center,1,defensive_third,False,-20.18,-13.26,4,half_space_right,1,defensive_third,False,23.15,23.71,38.27,37.58,39.1,37.83,65.06,63.93
437,1925299,55042,55052,86:19.2,86:20.2,41,19,1.0,2,1,1802,left_to_right,Brisbane FC,1,True,False,False,set_play,7,defending_set_play,13,26.85,-6.3,3,center,3,attacking_third,False,45.76,1.74,3,center,3,attacking_third,True,27.76,24.04,60.26,63.63,21.71,20.06,18.04,17.79
438,1925299,55397,55442,86:54.7,86:59.2,41,54,4.5,2,2,871,right_to_left,Perth Glory,2,True,False,False,direct,6,defending_direct,15,,,2,half_space_left,2,middle_third,False,6.76,-30.5,5,wide_right,2,middle_third,False,,23.98,,59.23,,26.35,,48.97
439,1925299,55442,55478,86:59.2,87:02.8,41,59,3.6,2,1,1802,left_to_right,Brisbane FC,2,False,False,False,chaotic,5,chaotic,5,-6.86,30.95,1,wide_left,2,middle_third,False,0.05,28.81,1,wide_left,2,middle_third,False,26.49,27.14,49.09,51.15,24.35,24.96,59.24,57.38
440,1925299,55538,55620,87:08.8,87:17.0,42,8,8.2,2,1,1802,left_to_right,Brisbane FC,4,False,False,True,create,1,medium_block,9,-10.83,30.83,1,wide_left,2,middle_third,False,19.62,-32.62,5,wide_right,3,attacking_third,False,38.66,56.89,54.76,56.81,24.45,36.99,51.26,44.27
441,1925299,55620,55992,87:17.0,87:54.2,42,17,37.2,2,1,1802,left_to_right,Brisbane FC,11,True,False,True,finish,2,low_block,8,20.25,-32.87,5,wide_right,3,attacking_third,False,48.51,5.85,3,center,3,attacking_third,True,56.63,23.52,57.0,79.26,37.26,27.18,44.09,17.05
442,1925299,55992,56099,87:54.2,88:04.9,42,54,10.7,2,2,871,right_to_left,Perth Glory,2,False,False,False,build_up,0,high_block,10,-47.79,-5.66,3,center,1,defensive_third,False,-43.18,18.72,2,half_space_left,1,defensive_third,False,27.07,45.93,16.94,33.12,23.36,34.74,79.51,69.6
443,1925299,56099,56125,88:04.9,88:07.5,43,4,2.6,2,2,871,right_to_left,Perth Glory,1,True,False,False,direct,6,defending_direct,15,-43.24,18.72,2,half_space_left,1,defensive_third,False,-6.64,14.68,2,half_space_left,2,middle_third,False,46.05,43.14,33.27,38.8,34.66,34.86,69.84,67.38
444,1925299,56125,56227,88:07.5,88:17.7,43,7,10.2,2,1,1802,left_to_right,Brisbane FC,2,True,False,False,quick_break,3,defending_quick_break,12,6.2,-14.23,4,half_space_right,2,middle_third,False,49.29,-5.5,3,center,3,attacking_third,True,34.94,44.3,67.19,72.16,42.8,37.51,39.24,18.11
445,1925299,56227,56237,88:17.7,88:18.7,43,17,1.0,2,2,871,right_to_left,Perth Glory,1,True,False,False,chaotic,5,chaotic,5,-49.38,6.58,3,center,1,defensive_third,False,-52.41,13.4,2,half_space_left,1,defensive_third,False,37.59,38.26,18.0,17.8,44.27,43.52,72.14,72.6
446,1925299,56461,56556,88:41.1,88:50.6,43,41,9.5,2,1,1802,left_to_right,Brisbane FC,4,False,False,True,set_play,7,defending_set_play,13,47.25,-8.8,3,center,3,attacking_third,True,48.28,-7.84,3,center,3,attacking_third,True,38.72,30.93,70.75,63.61,11.82,17.07,12.01,12.22
447,1925299,56726,56792,89:07.6,89:14.2,44,7,6.6,2,1,1802,left_to_right,Brisbane FC,4,True,False,True,set_play,7,defending_set_play,13,50.75,-30.95,5,wide_right,3,attacking_third,False,49.71,4.49,3,center,3,attacking_third,True,38.22,26.1,65.36,59.34,24.71,24.0,12.7,17.73
448,1925299,56792,56963,89:14.2,89:31.3,44,14,17.1,2,2,871,right_to_left,Perth Glory,2,False,False,False,create,1,medium_block,9,-50.34,-4.21,3,center,1,defensive_third,False,-37.38,-7.9,3,center,1,defensive_third,False,23.91,25.79,17.79,40.78,25.89,29.44,59.43,60.6
449,1925299,56963,57009,89:31.3,89:35.9,44,31,4.6,2,2,871,right_to_left,Perth Glory,1,True,False,False,direct,6,defending_direct,15,-36.63,-7.96,3,center,1,defensive_third,False,21.33,-11.08,4,half_space_right,3,attacking_third,False,25.68,20.7,40.67,59.91,29.41,26.62,60.58,55.94
450,1925299,57009,57038,89:35.9,89:38.8,44,35,2.9,2,1,1802,left_to_right,Brisbane FC,2,True,False,False,chaotic,5,chaotic,5,-22.16,10.72,2,half_space_left,1,defensive_third,False,-16.48,-1.85,3,center,2,middle_third,False,26.58,25.78,55.87,52.01,20.76,21.8,60.14,59.65
451,1925299,57038,57109,89:38.8,89:45.9,44,38,7.1,2,2,871,right_to_left,Perth Glory,2,True,False,True,quick_break,3,defending_quick_break,12,16.8,2.26,3,center,2,middle_third,False,46.76,6.0,3,center,3,attacking_third,True,21.95,32.05,59.67,74.13,25.83,29.53,51.94,47.78
452,1925299,57109,57178,89:45.9,89:52.8,44,45,6.9,2,1,1802,left_to_right,Brisbane FC,2,False,False,False,build_up,0,high_block,10,-47.31,-5.28,3,center,1,defensive_third,False,-20.24,-13.24,4,half_space_right,1,defensive_third,False,29.64,40.39,47.59,42.35,32.09,30.01,74.3,63.33
453,1925299,57178,57246,89:52.8,89:59.6,44,52,6.8,2,1,1802,left_to_right,Brisbane FC,3,False,False,False,create,1,medium_block,9,-19.95,-13.32,4,half_space_right,1,defensive_third,False,8.98,-11.04,4,half_space_right,2,middle_third,False,40.57,42.07,42.74,56.42,29.81,27.94,63.1,45.3
454,1925299,57246,57338,89:59.6,90:08.8,44,59,9.2,2,1,1802,left_to_right,Brisbane FC,2,False,False,False,finish,2,low_block,8,9.39,-10.9,4,half_space_right,2,middle_third,False,-48.66,27.14,1,wide_left,1,defensive_third,False,42.22,29.3,56.52,21.5,27.79,32.75,44.94,69.52
455,1925299,57338,57389,90:08.8,90:13.9,45,8,5.1,2,1,1802,left_to_right,Brisbane FC,1,False,False,False,chaotic,5,chaotic,5,48.72,-27.53,5,wide_right,3,attacking_third,False,49.65,-34.61,5,wide_right,3,attacking_third,False,33.0,35.83,69.68,72.29,29.55,34.3,21.48,18.11
456,1925299,57438,57623,90:18.8,90:37.3,45,18,18.5,2,1,1802,left_to_right,Brisbane FC,5,True,False,False,finish,2,low_block,8,43.46,-32.71,5,wide_right,3,attacking_third,False,47.33,-34.73,5,wide_right,3,attacking_third,False,39.38,39.0,66.48,65.05,33.68,37.04,16.29,18.58
457,1925299,57786,57804,90:53.6,90:55.4,45,53,1.8,2,2,871,right_to_left,Perth Glory,1,True,False,False,chaotic,5,chaotic,5,-36.0,34.71,1,wide_left,1,defensive_third,False,-15.6,30.18,1,wide_left,2,middle_third,False,33.27,31.48,31.59,34.38,25.59,24.86,60.44,58.68
458,1925299,57804,57868,90:55.4,91:01.8,45,55,6.4,2,1,1802,left_to_right,Brisbane FC,2,True,False,False,chaotic,5,chaotic,5,14.86,-29.97,5,wide_right,2,middle_third,False,20.78,-25.07,5,wide_right,3,attacking_third,False,24.86,23.21,58.52,56.41,31.36,28.86,34.56,33.81
459,1925299,57868,58180,91:01.8,91:33.0,46,1,31.2,2,2,871,right_to_left,Perth Glory,2,False,False,False,build_up,0,high_block,10,-20.6,24.97,1,wide_left,1,defensive_third,False,-21.46,-3.71,3,center,1,defensive_third,False,28.85,33.98,33.8,46.95,23.13,31.52,56.33,62.36
460,1925299,58180,58215,91:33.0,91:36.5,46,33,3.5,2,2,871,right_to_left,Perth Glory,0,False,False,False,create,1,medium_block,9,-19.89,-3.49,3,center,1,defensive_third,False,25.64,2.61,3,center,3,attacking_third,False,33.8,25.93,47.2,62.62,31.45,27.7,62.31,56.1
461,1925299,58215,58277,91:36.5,91:42.7,46,36,6.2,2,2,871,right_to_left,Perth Glory,2,True,False,False,finish,2,low_block,8,25.77,2.43,3,center,3,attacking_third,False,27.09,3.36,3,center,3,attacking_third,False,25.73,30.44,62.97,66.74,27.53,28.66,56.0,51.73
462,1925299,58277,58404,91:42.7,91:55.4,46,42,12.7,2,1,1802,left_to_right,Brisbane FC,4,True,False,False,create,1,medium_block,9,-27.0,-3.43,3,center,1,defensive_third,False,-2.55,-13.01,4,half_space_right,2,middle_third,False,28.73,47.53,51.61,51.42,30.6,31.84,66.6,55.23
463,1925299,58404,58433,91:55.4,91:58.3,46,55,2.9,2,2,871,right_to_left,Perth Glory,1,True,False,False,chaotic,5,chaotic,5,2.52,13.01,2,half_space_left,2,middle_third,False,9.98,18.87,2,half_space_left,2,middle_third,False,31.73,30.12,55.05,49.95,47.69,56.31,51.42,51.44
464,1925299,58433,58494,91:58.3,92:04.4,46,58,6.1,2,1,1802,left_to_right,Brisbane FC,3,False,False,True,create,1,medium_block,9,-10.12,-18.92,4,half_space_right,2,middle_third,False,5.25,18.68,2,half_space_left,2,middle_third,False,56.65,64.84,51.41,54.58,30.16,31.04,49.8,37.94
465,1925299,58494,58698,92:04.4,92:24.8,47,4,20.4,2,1,1802,left_to_right,Brisbane FC,6,True,False,True,finish,2,low_block,8,5.99,19.82,2,half_space_left,2,middle_third,False,53.15,-3.85,3,center,3,attacking_third,False,64.86,34.44,54.72,73.94,30.91,26.86,37.78,19.32
466,1925299,59082,59092,93:03.2,93:04.2,48,3,1.0,2,2,871,right_to_left,Perth Glory,1,True,False,False,direct,6,defending_direct,15,-13.54,-15.38,4,half_space_right,2,middle_third,False,0.14,-21.11,5,wide_right,2,middle_third,False,23.93,24.53,54.59,57.5,24.12,26.54,43.89,44.32
467,1925299,59597,59682,93:54.7,94:03.2,48,54,8.5,2,1,1802,left_to_right,Brisbane FC,3,False,False,False,create,1,medium_block,9,-9.4,29.67,1,wide_left,2,middle_third,False,4.73,-23.48,5,wide_right,2,middle_third,False,55.79,53.66,55.97,54.71,26.35,35.25,43.2,40.49
468,1925299,59682,59742,94:03.2,94:09.2,49,3,6.0,2,1,1802,left_to_right,Brisbane FC,2,False,False,False,finish,2,low_block,8,5.12,-23.69,5,wide_right,2,middle_third,False,12.58,-34.15,5,wide_right,2,middle_third,False,53.43,52.26,54.82,58.28,35.24,37.53,40.3,41.43
469,1925299,59806,59820,94:15.6,94:17.0,49,15,1.4,2,1,1802,left_to_right,Brisbane FC,1,True,False,False,chaotic,5,chaotic,5,19.38,-33.97,5,wide_right,3,attacking_third,False,32.07,-26.59,5,wide_right,3,attacking_third,False,54.09,50.79,62.47,63.32,34.65,32.96,36.05,33.01
470,1925299,59820,59840,94:17.0,94:19.0,49,17,2.0,2,2,871,right_to_left,Perth Glory,1,True,False,False,chaotic,5,chaotic,5,-32.66,26.15,1,wide_left,1,defensive_third,False,-24.67,24.84,1,wide_left,1,defensive_third,False,32.78,29.69,32.73,25.91,50.45,46.7,63.43,62.86
471,1925299,59840,59884,94:19.0,94:23.4,49,19,4.4,2,1,1802,left_to_right,Brisbane FC,2,False,False,False,finish,2,low_block,8,24.35,-24.71,5,wide_right,3,attacking_third,False,5.17,-18.63,4,half_space_right,2,middle_third,False,46.62,47.47,62.75,60.76,29.63,32.59,25.81,36.17
472,1925299,59884,59927,94:23.4,94:27.7,49,23,4.3,2,1,1802,left_to_right,Brisbane FC,2,False,False,False,create,1,medium_block,9,5.01,-18.73,4,half_space_right,2,middle_third,False,4.93,6.49,3,center,2,middle_third,False,47.87,58.32,60.63,57.67,32.73,34.68,36.33,34.74
473,1925299,59927,60219,94:27.7,94:56.9,49,27,29.2,2,1,1802,left_to_right,Brisbane FC,9,True,False,False,finish,2,low_block,8,5.19,6.94,3,center,2,middle_third,False,35.22,1.63,3,center,3,attacking_third,False,58.33,33.32,57.71,61.94,34.7,28.89,34.61,26.36
474,1925299,60219,60293,94:56.9,95:04.3,49,56,7.4,2,2,871,right_to_left,Perth Glory,3,True,False,False,chaotic,5,chaotic,5,-35.21,-1.55,3,center,1,defensive_third,False,-18.14,14.54,2,half_space_left,1,defensive_third,False,28.55,29.43,26.57,38.07,33.15,28.56,62.04,56.62
475,1925299,60293,60335,95:04.3,95:08.5,50,4,4.2,2,1,1802,left_to_right,Brisbane FC,1,False,False,False,finish,2,low_block,8,18.21,-14.87,4,half_space_right,3,attacking_third,False,6.1,-17.14,4,half_space_right,2,middle_third,False,28.61,35.52,56.5,57.71,29.59,32.62,38.33,34.44
476,1925299,60335,60363,95:08.5,95:11.3,50,8,2.8,2,1,1802,left_to_right,Brisbane FC,1,False,False,False,create,1,medium_block,9,5.5,-16.71,4,half_space_right,2,middle_third,False,4.75,-16.15,4,half_space_right,2,middle_third,False,35.72,44.11,57.61,55.43,32.79,32.79,34.57,33.26
477,1925299,60363,60827,95:11.3,95:57.7,50,11,46.4,2,1,1802,left_to_right,Brisbane FC,12,False,False,False,finish,2,low_block,8,5.11,-16.55,4,half_space_right,2,middle_third,False,42.87,-9.92,4,half_space_right,3,attacking_third,True,44.24,31.39,55.41,66.32,32.78,27.25,33.11,21.35
478,1925299,60909,61011,96:05.9,96:16.1,51,5,10.2,2,1,1802,left_to_right,Brisbane FC,6,True,False,False,finish,2,low_block,8,18.73,-31.64,5,wide_right,3,attacking_third,False,29.81,-22.78,5,wide_right,3,attacking_third,False,42.25,47.2,63.95,58.92,30.49,31.22,25.27,27.73
479,1925299,61011,61094,96:16.1,96:24.4,51,16,8.3,2,2,871,right_to_left,Perth Glory,2,True,False,False,chaotic,5,chaotic,5,-30.75,22.14,1,wide_left,1,defensive_third,False,-15.54,13.76,2,half_space_left,2,middle_third,False,31.04,26.31,27.52,30.39,47.03,39.75,59.02,57.59
480,1925299,61094,61109,96:24.4,96:25.9,51,24,1.5,2,1,1802,left_to_right,Brisbane FC,2,True,False,False,chaotic,5,chaotic,5,15.3,-13.95,4,half_space_right,2,middle_third,False,26.93,-11.61,4,half_space_right,3,attacking_third,False,39.95,43.0,57.48,56.17,26.37,25.98,30.7,32.81
481,1925299,61109,61175,96:25.9,96:32.5,51,25,6.6,2,2,871,right_to_left,Perth Glory,3,False,False,False,build_up,0,high_block,10,-27.35,11.7,2,half_space_left,1,defensive_third,False,-20.63,7.01,3,center,1,defensive_third,False,25.97,26.96,32.88,41.44,43.17,33.23,56.22,58.36
482,1925299,61175,61219,96:32.5,96:36.9,51,32,4.4,2,2,871,right_to_left,Perth Glory,0,False,False,False,create,1,medium_block,9,-19.11,7.15,3,center,1,defensive_third,False,-4.67,16.35,2,half_space_left,2,middle_third,False,26.89,27.68,41.72,57.84,33.04,35.71,58.36,56.06
