index,match_id,frame_start,frame_end,time_start,time_end,minute_start,second_start,duration,period,attacking_side_id,team_in_possession_id,attacking_side,team_in_possession_shortname,n_player_possessions_in_phase,team_possession_loss_in_phase,team_possession_lead_to_goal,team_possession_lead_to_shot,team_in_possession_phase_type,team_in_possession_phase_type_id,team_out_of_possession_phase_type,team_out_of_possession_phase_type_id,x_start,y_start,channel_id_start,channel_start,third_id_start,third_start,penalty_area_start,x_end,y_end,channel_id_end,channel_end,third_id_end,third_end,penalty_area_end,team_in_possession_width_start,team_in_possession_width_end,team_in_possession_length_start,team_in_possession_length_end,team_out_of_possession_width_start,team_out_of_possession_width_end,team_out_of_possession_length_start,team_out_of_possession_length_end
0,1886347,28,89,00:01.8,00:07.9,0,1,6.1,1,1,1805,left_to_right,Newcastle,3,False,False,False,create,1,medium_block,9,0.12,-0.04,3,center,2,middle_third,False,-10.63,23.78,1,wide_left,2,middle_third,False,51.79,54.55,41.27,57.68,34.83,32.85,42.41,52.21
1,1886347,89,124,00:07.9,00:11.4,0,7,3.5,1,1,1805,left_to_right,Newcastle,1,True,False,False,direct,6,defending_direct,15,-9.79,23.94,1,wide_left,2,middle_third,False,23.03,17.69,2,half_space_left,3,attacking_third,False,54.86,46.34,57.89,63.08,33.01,32.53,51.86,46.57
2,1886347,189,232,00:17.9,00:22.2,0,17,4.3,1,2,4177,right_to_left,Auckland FC,2,False,False,False,build_up,0,high_block,10,-23.67,-5.62,3,center,1,defensive_third,False,-20.29,18.18,2,half_space_left,1,defensive_third,False,46.25,50.94,49.33,50.89,31.49,36.22,53.84,50.87
3,1886347,232,283,00:22.2,00:27.3,0,22,5.1,1,2,4177,right_to_left,Auckland FC,1,True,False,False,create,1,medium_block,9,-19.06,19.9,2,half_space_left,1,defensive_third,False,29.36,26.23,1,wide_left,3,attacking_third,False,50.96,42.53,50.92,63.94,36.44,39.09,50.95,53.99
4,1886347,283,299,00:27.3,00:28.9,0,27,1.6,1,1,1805,left_to_right,Newcastle,1,True,False,False,chaotic,5,chaotic,5,-29.88,-26.28,5,wide_right,1,defensive_third,False,-36.75,-29.5,5,wide_right,1,defensive_third,False,38.97,37.27,54.1,54.85,42.31,39.95,64.57,71.37
5,1886347,299,366,00:28.9,00:35.6,0,28,6.7,1,2,4177,right_to_left,Auckland FC,2,True,False,False,finish,2,low_block,8,36.67,29.49,1,wide_left,3,attacking_third,False,48.19,6.21,3,center,3,attacking_third,True,39.83,32.93,71.63,77.76,37.14,26.83,54.79,46.1
6,1886347,366,503,00:35.6,00:49.3,0,35,13.7,1,1,1805,left_to_right,Newcastle,3,False,False,False,create,1,medium_block,9,-48.27,-5.78,3,center,1,defensive_third,False,-42.92,14.29,2,half_space_left,1,defensive_third,False,26.83,58.36,45.96,50.47,32.82,36.5,77.79,67.34
7,1886347,503,524,00:49.3,00:51.4,0,49,2.1,1,1,1805,left_to_right,Newcastle,1,True,False,False,direct,6,defending_direct,15,-42.55,14.59,2,half_space_left,1,defensive_third,False,-5.19,22.9,1,wide_left,2,middle_third,False,58.42,56.41,50.55,52.56,36.37,34.6,67.45,66.09
8,1886347,524,605,00:51.4,00:59.5,0,51,8.1,1,2,4177,right_to_left,Auckland FC,2,False,False,False,chaotic,5,chaotic,5,4.5,-22.56,5,wide_right,2,middle_third,False,-9.78,-30.8,5,wide_right,2,middle_third,False,34.61,45.66,65.96,55.09,56.08,39.58,52.54,50.75
9,1886347,735,805,01:12.5,01:19.5,1,12,7.0,1,2,4177,right_to_left,Auckland FC,4,True,False,False,create,1,medium_block,9,-15.82,-32.93,5,wide_right,2,middle_third,False,-22.89,2.51,3,center,1,defensive_third,False,42.67,47.87,46.82,49.93,27.58,29.78,59.04,48.72
10,1886347,977,1025,01:36.7,01:41.5,1,36,4.8,1,1,1805,left_to_right,Newcastle,3,False,False,False,chaotic,5,chaotic,5,34.1,-31.45,5,wide_right,3,attacking_third,False,29.66,-35.64,5,wide_right,3,attacking_third,False,39.05,36.85,64.9,58.42,27.08,32.83,42.16,41.34
11,1886347,1089,1136,01:47.9,01:52.6,1,47,4.7,1,1,1805,left_to_right,Newcastle,3,False,False,True,finish,2,low_block,8,34.09,-33.59,5,wide_right,3,attacking_third,False,6.13,-21.95,5,wide_right,2,middle_third,False,36.35,40.88,61.3,57.92,26.08,28.98,33.71,38.55
12,1886347,1136,1199,01:52.6,01:58.9,1,52,6.3,1,1,1805,left_to_right,Newcastle,2,False,False,True,create,1,medium_block,9,5.45,-20.28,5,wide_right,2,middle_third,False,10.31,23.02,1,wide_left,2,middle_third,False,41.17,58.16,57.72,53.99,29.06,35.44,38.97,37.1
13,1886347,1199,1217,01:58.9,02:00.7,1,58,1.8,1,1,1805,left_to_right,Newcastle,1,False,False,True,finish,2,low_block,8,10.74,24.2,1,wide_left,2,middle_third,False,6.87,27.81,1,wide_left,2,middle_third,False,58.24,58.5,54.06,56.42,35.73,37.84,37.19,38.82
14,1886347,1217,1288,02:00.7,02:07.8,2,0,7.1,1,1,1805,left_to_right,Newcastle,3,False,False,True,create,1,medium_block,9,5.9,27.12,1,wide_left,2,middle_third,False,-19.62,-8.55,3,center,1,defensive_third,False,58.56,60.2,56.49,52.78,37.82,43.61,39.0,54.7
15,1886347,1288,1316,02:07.8,02:10.6,2,7,2.8,1,1,1805,left_to_right,Newcastle,1,False,False,True,build_up,0,high_block,10,-20.24,-8.21,3,center,1,defensive_third,False,-20.87,-7.89,3,center,1,defensive_third,False,60.13,60.96,52.76,52.04,44.27,48.69,54.87,59.22
16,1886347,1316,1327,02:10.6,02:11.7,2,10,1.1,1,1,1805,left_to_right,Newcastle,1,False,False,True,create,1,medium_block,9,-19.86,-8.65,3,center,1,defensive_third,False,-19.99,-12.76,4,half_space_right,1,defensive_third,False,60.97,59.6,52.0,51.34,48.2,34.71,59.3,59.98
17,1886347,1327,1348,02:11.7,02:13.8,2,11,2.1,1,1,1805,left_to_right,Newcastle,2,False,False,True,build_up,0,high_block,10,-20.32,-13.12,4,half_space_right,1,defensive_third,False,-21.27,-21.25,5,wide_right,1,defensive_third,False,59.38,55.7,51.3,50.43,33.36,29.87,60.07,59.83
18,1886347,1348,1426,02:13.8,02:21.6,2,13,7.8,1,1,1805,left_to_right,Newcastle,1,False,False,True,create,1,medium_block,9,-19.48,-21.05,5,wide_right,1,defensive_third,False,20.65,3.41,3,center,3,attacking_third,False,55.56,37.73,50.36,62.57,29.82,24.16,59.53,56.54
19,1886347,1426,1546,02:21.6,02:33.6,2,21,12.0,1,1,1805,left_to_right,Newcastle,5,True,False,True,finish,2,low_block,8,22.23,3.59,3,center,3,attacking_third,False,33.25,15.75,2,half_space_left,3,attacking_third,False,37.54,27.95,62.95,65.78,24.13,25.49,56.33,43.88
20,1886347,1546,1608,02:33.6,02:39.8,2,33,6.2,1,2,4177,right_to_left,Auckland FC,3,False,False,False,build_up,0,high_block,10,-33.47,-15.69,4,half_space_right,1,defensive_third,False,-20.38,-28.62,5,wide_right,1,defensive_third,False,25.45,38.37,43.83,41.38,27.94,33.12,65.5,61.3
21,1886347,1608,1618,02:39.8,02:40.8,2,39,1.0,1,2,4177,right_to_left,Auckland FC,1,True,False,False,create,1,medium_block,9,-19.59,-27.88,5,wide_right,1,defensive_third,False,-19.37,-21.17,5,wide_right,1,defensive_third,False,38.5,39.23,41.27,39.99,33.34,33.71,61.18,59.31
22,1886347,1618,1668,02:40.8,02:45.8,2,40,5.0,1,1,1805,left_to_right,Newcastle,2,True,False,False,chaotic,5,chaotic,5,20.1,20.69,1,wide_left,3,attacking_third,False,34.59,17.69,2,half_space_left,3,attacking_third,False,33.6,33.13,59.09,61.48,39.22,27.75,39.85,42.05
23,1886347,1668,1730,02:45.8,02:52.0,2,45,6.2,1,2,4177,right_to_left,Auckland FC,1,True,False,False,build_up,0,high_block,10,-35.43,-17.69,4,half_space_right,1,defensive_third,False,-27.72,-29.11,5,wide_right,1,defensive_third,False,27.61,38.01,42.08,40.9,33.3,40.92,61.81,73.41
24,1886347,1730,1804,02:52.0,02:59.4,2,52,7.4,1,1,1805,left_to_right,Newcastle,4,False,False,False,finish,2,low_block,8,27.52,29.13,1,wide_left,3,attacking_third,False,6.03,16.58,2,half_space_left,2,middle_third,False,40.92,46.55,73.18,59.23,38.2,32.92,40.77,39.06
25,1886347,1804,1935,02:59.4,03:12.5,2,59,13.1,1,1,1805,left_to_right,Newcastle,5,False,False,False,create,1,medium_block,9,5.31,15.18,2,half_space_left,2,middle_third,False,-19.86,-13.2,4,half_space_right,1,defensive_third,False,46.75,57.84,59.02,43.27,32.95,31.89,39.1,48.27
26,1886347,1935,2234,03:12.5,03:42.4,3,12,29.9,1,1,1805,left_to_right,Newcastle,8,False,False,False,build_up,0,high_block,10,-20.58,-12.58,4,half_space_right,1,defensive_third,False,-20.86,-14.22,4,half_space_right,1,defensive_third,False,57.89,60.67,43.12,44.76,31.92,30.87,48.53,54.56
27,1886347,2234,2262,03:42.4,03:45.2,3,42,2.8,1,1,1805,left_to_right,Newcastle,2,False,False,False,create,1,medium_block,9,-19.85,-13.91,4,half_space_right,1,defensive_third,False,-19.49,-28.1,5,wide_right,1,defensive_third,False,60.52,56.25,44.86,46.96,30.82,34.48,54.61,55.25
28,1886347,2262,2354,03:45.2,03:54.4,3,45,9.2,1,1,1805,left_to_right,Newcastle,3,False,False,False,build_up,0,high_block,10,-20.62,-27.43,5,wide_right,1,defensive_third,False,-20.96,11.44,2,half_space_left,1,defensive_third,False,56.16,58.82,47.02,48.3,34.61,30.56,55.27,63.17
29,1886347,2354,2616,03:54.4,04:20.6,3,54,26.2,1,1,1805,left_to_right,Newcastle,10,False,False,False,create,1,medium_block,9,-19.03,10.58,2,half_space_left,1,defensive_third,False,27.3,-34.45,5,wide_right,3,attacking_third,False,58.76,58.96,48.36,60.78,30.27,34.72,63.06,48.74
30,1886347,2616,2638,04:20.6,04:22.8,4,20,2.2,1,1,1805,left_to_right,Newcastle,1,True,False,False,finish,2,low_block,8,27.95,-34.92,5,wide_right,3,attacking_third,False,32.52,-36.16,5,wide_right,3,attacking_third,False,58.86,54.37,61.17,65.32,34.91,37.95,48.85,49.68
31,1886347,2838,2862,04:42.8,04:45.2,4,42,2.4,1,2,4177,right_to_left,Auckland FC,2,True,False,False,chaotic,5,chaotic,5,-24.77,34.63,1,wide_left,1,defensive_third,False,-13.4,28.57,1,wide_left,2,middle_third,False,31.51,31.11,43.84,45.05,24.0,22.5,62.51,60.6
32,1886347,2862,2880,04:45.2,04:47.0,4,45,1.8,1,1,1805,left_to_right,Newcastle,2,False,False,False,finish,2,low_block,8,13.26,-28.84,5,wide_right,2,middle_third,False,7.53,-27.97,5,wide_right,2,middle_third,False,22.51,23.38,60.55,58.93,31.06,30.52,44.99,43.85
33,1886347,2880,2928,04:47.0,04:51.8,4,47,4.8,1,1,1805,left_to_right,Newcastle,5,False,False,False,create,1,medium_block,9,7.5,-27.89,5,wide_right,2,middle_third,False,14.88,-29.2,5,wide_right,2,middle_third,False,23.47,29.13,58.8,56.21,30.58,26.5,43.77,39.28
34,1886347,3052,3098,05:04.2,05:08.8,5,4,4.6,1,1,1805,left_to_right,Newcastle,3,False,False,False,finish,2,low_block,8,21.6,-34.58,5,wide_right,3,attacking_third,False,15.52,-29.94,5,wide_right,2,middle_third,False,32.89,32.58,61.94,59.69,29.04,30.78,38.08,41.98
35,1886347,3098,3101,05:08.8,05:09.1,5,8,0.3,1,1,1805,left_to_right,Newcastle,0,True,False,False,create,1,medium_block,9,15.63,-29.21,5,wide_right,2,middle_third,False,15.68,-27.95,5,wide_right,2,middle_third,False,32.66,32.81,59.65,59.48,30.82,30.8,42.15,42.49
36,1886347,3101,3263,05:09.1,05:25.3,5,9,16.2,1,2,4177,right_to_left,Auckland FC,2,False,False,False,chaotic,5,chaotic,5,-15.45,27.54,1,wide_left,2,middle_third,False,-3.13,30.58,1,wide_left,2,middle_third,False,30.74,43.29,42.66,53.28,32.86,27.74,59.32,49.93
37,1886347,3402,3804,05:39.2,06:19.4,5,39,40.2,1,2,4177,right_to_left,Auckland FC,11,True,False,False,create,1,medium_block,9,-10.21,28.46,1,wide_left,2,middle_third,False,-6.25,25.19,1,wide_left,2,middle_third,False,45.55,44.61,54.74,47.89,26.84,39.12,51.28,55.08
38,1886347,3804,3853,06:19.4,06:24.3,6,19,4.9,1,1,1805,left_to_right,Newcastle,2,True,False,False,chaotic,5,chaotic,5,6.55,-24.66,5,wide_right,2,middle_third,False,12.3,-3.7,3,center,2,middle_third,False,38.95,31.12,55.16,61.75,44.04,12.51,47.71,49.77
39,1886347,3853,3887,06:24.3,06:27.7,6,24,3.4,1,2,4177,right_to_left,Auckland FC,1,True,False,False,chaotic,5,chaotic,5,-11.96,3.58,3,center,2,middle_third,False,9.55,-14.75,4,half_space_right,2,middle_third,False,12.57,25.64,49.89,57.19,30.95,33.23,61.76,61.07
40,1886347,3887,3923,06:27.7,06:31.3,6,27,3.6,1,1,1805,left_to_right,Newcastle,1,False,False,False,create,1,medium_block,9,-10.03,14.98,2,half_space_left,2,middle_third,False,-19.55,22.08,1,wide_left,1,defensive_third,False,33.49,39.86,61.07,56.73,25.97,33.99,57.37,54.68
41,1886347,3923,3954,06:31.3,06:34.4,6,31,3.1,1,1,1805,left_to_right,Newcastle,0,False,False,False,build_up,0,high_block,10,-20.9,21.58,1,wide_left,1,defensive_third,False,-39.59,10.19,2,half_space_left,1,defensive_third,False,40.16,50.97,56.57,45.96,34.24,37.91,55.14,65.73
42,1886347,3954,3987,06:34.4,06:37.7,6,34,3.3,1,1,1805,left_to_right,Newcastle,1,False,False,False,direct,6,defending_direct,15,-39.59,10.19,2,half_space_left,1,defensive_third,False,5.95,21.09,1,wide_left,2,middle_third,False,51.17,45.68,45.35,45.98,38.01,39.4,66.07,65.86
43,1886347,3987,4039,06:37.7,06:42.9,6,37,5.2,1,1,1805,left_to_right,Newcastle,2,False,False,False,create,1,medium_block,9,6.83,21.2,1,wide_left,2,middle_third,False,1.06,34.31,1,wide_left,2,middle_third,False,45.47,46.19,46.37,51.26,39.37,37.33,65.79,60.6
44,1886347,4148,4162,06:53.8,06:55.2,6,53,1.4,1,1,1805,left_to_right,Newcastle,2,True,False,False,chaotic,5,chaotic,5,-2.93,32.31,1,wide_left,2,middle_third,False,-4.15,27.32,1,wide_left,2,middle_third,False,46.08,45.07,54.27,54.26,28.86,28.83,52.22,52.68
45,1886347,4162,4210,06:55.2,07:00.0,6,55,4.8,1,2,4177,right_to_left,Auckland FC,2,False,False,True,create,1,medium_block,9,4.31,-27.37,5,wide_right,2,middle_third,False,22.34,-19.77,4,half_space_right,3,attacking_third,False,28.86,30.31,52.76,58.0,44.98,32.21,54.23,54.92
46,1886347,4210,4245,07:00.0,07:03.5,7,0,3.5,1,2,4177,right_to_left,Auckland FC,2,True,False,True,finish,2,low_block,8,22.64,-19.26,4,half_space_right,3,attacking_third,False,46.84,-3.92,3,center,3,attacking_third,True,30.25,34.17,58.69,71.07,31.69,25.76,54.95,50.14
47,1886347,4377,4433,07:16.7,07:22.3,7,16,5.6,1,1,1805,left_to_right,Newcastle,4,False,False,False,build_up,0,high_block,10,,,2,half_space_left,2,middle_third,False,-20.47,27.1,1,wide_left,1,defensive_third,False,,57.01,,51.18,,29.37,,67.78
48,1886347,4433,4545,07:22.3,07:33.5,7,22,11.2,1,1,1805,left_to_right,Newcastle,4,False,False,False,create,1,medium_block,9,-19.14,27.25,1,wide_left,1,defensive_third,False,19.16,-20.07,4,half_space_right,3,attacking_third,False,56.94,36.99,51.04,62.69,29.1,29.47,67.63,58.76
49,1886347,4545,4584,07:33.5,07:37.4,7,33,3.9,1,1,1805,left_to_right,Newcastle,2,True,False,False,finish,2,low_block,8,19.6,-20.18,5,wide_right,3,attacking_third,False,28.17,7.9,3,center,3,attacking_third,False,36.85,32.99,63.01,69.82,29.59,21.65,58.64,53.02
50,1886347,4584,4649,07:37.4,07:43.9,7,37,6.5,1,2,4177,right_to_left,Auckland FC,1,True,False,False,chaotic,5,chaotic,5,-27.93,-8.21,3,center,1,defensive_third,False,-12.58,-22.19,5,wide_right,2,middle_third,False,21.51,34.84,52.81,36.23,32.86,36.44,69.57,60.55
51,1886347,4649,4666,07:43.9,07:45.6,7,43,1.7,1,1,1805,left_to_right,Newcastle,1,False,False,False,finish,2,low_block,8,12.29,22.29,1,wide_left,2,middle_third,False,8.84,26.35,1,wide_left,2,middle_third,False,36.28,33.6,60.43,59.11,34.73,32.59,35.96,36.53
52,1886347,4666,4715,07:45.6,07:50.5,7,45,4.9,1,1,1805,left_to_right,Newcastle,3,True,False,False,create,1,medium_block,9,8.68,26.58,1,wide_left,2,middle_third,False,19.04,30.64,1,wide_left,3,attacking_third,False,33.41,38.13,59.06,58.96,32.59,34.59,36.62,39.04
53,1886347,4715,4841,07:50.5,08:03.1,7,50,12.6,1,2,4177,right_to_left,Auckland FC,3,True,False,False,build_up,0,high_block,10,-20.01,-30.79,5,wide_right,1,defensive_third,False,-26.52,-34.57,5,wide_right,1,defensive_third,False,34.44,46.37,38.81,42.07,38.11,36.72,59.1,66.34
54,1886347,4993,4994,08:18.3,08:18.4,8,18,0.1,1,1,1805,left_to_right,Newcastle,1,False,False,False,create,1,medium_block,9,,,2,half_space_left,2,middle_third,False,,,2,half_space_left,2,middle_third,False,,,,,,,,
55,1886347,4994,5045,08:18.4,08:23.5,8,18,5.1,1,1,1805,left_to_right,Newcastle,3,False,False,False,finish,2,low_block,8,25.57,30.65,1,wide_left,3,attacking_third,False,5.36,18.39,2,half_space_left,2,middle_third,False,35.32,39.91,65.43,60.18,28.65,27.74,39.28,39.11
56,1886347,5045,5182,08:23.5,08:37.2,8,23,13.7,1,1,1805,left_to_right,Newcastle,3,True,False,False,create,1,medium_block,9,4.58,17.64,2,half_space_left,2,middle_third,False,25.43,-33.83,5,wide_right,3,attacking_third,False,40.08,54.29,60.08,58.37,27.79,42.68,39.16,55.69
57,1886347,5182,5202,08:37.2,08:39.2,8,37,2.0,1,2,4177,right_to_left,Auckland FC,1,False,False,False,chaotic,5,chaotic,5,-25.8,34.09,1,wide_left,1,defensive_third,False,-30.69,34.84,1,wide_left,1,defensive_third,False,42.89,44.38,55.68,54.6,54.27,50.53,58.83,61.54
58,1886347,5230,5253,08:42.0,08:44.3,8,42,2.3,1,2,4177,right_to_left,Auckland FC,2,True,False,False,chaotic,5,chaotic,5,-25.15,33.52,1,wide_left,1,defensive_third,False,-12.94,35.81,1,wide_left,2,middle_third,False,42.32,39.06,53.17,52.58,43.26,41.3,59.6,59.52
59,1886347,5385,5397,08:57.5,08:58.7,8,57,1.2,1,1,1805,left_to_right,Newcastle,1,True,False,False,chaotic,5,chaotic,5,18.33,-34.17,5,wide_right,3,attacking_third,False,24.72,-28.35,5,wide_right,3,attacking_third,False,32.38,31.37,59.78,57.78,31.37,31.4,46.13,46.07
60,1886347,5397,5482,08:58.7,09:07.2,8,58,8.5,1,2,4177,right_to_left,Auckland FC,3,False,False,False,create,1,medium_block,9,-25.0,28.16,1,wide_left,1,defensive_third,False,34.03,25.02,1,wide_left,3,attacking_third,False,31.31,28.99,46.07,73.97,31.24,30.2,57.73,61.01
61,1886347,5482,5514,09:07.2,09:10.4,9,7,3.2,1,2,4177,right_to_left,Auckland FC,1,True,False,False,finish,2,low_block,8,34.54,24.58,1,wide_left,3,attacking_third,False,48.95,-4.22,3,center,3,attacking_third,True,29.07,30.18,74.39,82.41,30.22,31.39,60.91,53.79
62,1886347,5745,5783,09:33.5,09:37.3,9,33,3.8,1,1,1805,left_to_right,Newcastle,2,True,False,False,chaotic,5,chaotic,5,-49.91,30.19,1,wide_left,1,defensive_third,False,-19.46,31.2,1,wide_left,1,defensive_third,False,37.65,32.12,35.83,32.38,29.48,24.91,73.58,70.93
63,1886347,5956,5993,09:54.6,09:58.3,9,54,3.7,1,2,4177,right_to_left,Auckland FC,3,False,False,False,finish,2,low_block,8,20.27,-33.18,5,wide_right,3,attacking_third,False,8.27,-30.17,5,wide_right,2,middle_third,False,39.19,38.96,61.08,60.97,27.66,30.77,37.31,39.28
64,1886347,5993,6088,09:58.3,10:07.8,9,58,9.5,1,2,4177,right_to_left,Auckland FC,4,False,False,False,create,1,medium_block,9,6.41,-29.93,5,wide_right,2,middle_third,False,17.3,30.47,1,wide_left,2,middle_third,False,39.19,55.03,60.96,56.63,30.93,36.44,39.62,41.47
65,1886347,6088,6142,10:07.8,10:13.2,10,7,5.4,1,2,4177,right_to_left,Auckland FC,1,False,False,False,finish,2,low_block,8,17.8,30.56,1,wide_left,3,attacking_third,False,6.26,21.07,1,wide_left,2,middle_third,False,54.75,51.79,56.85,59.68,36.39,31.58,41.44,38.29
66,1886347,6142,6156,10:13.2,10:14.6,10,13,1.4,1,2,4177,right_to_left,Auckland FC,1,False,False,False,create,1,medium_block,9,5.58,20.98,1,wide_left,2,middle_third,False,4.44,22.76,1,wide_left,2,middle_third,False,51.96,54.02,59.58,58.88,31.63,33.13,38.41,40.38
67,1886347,6156,6209,10:14.6,10:19.9,10,14,5.3,1,2,4177,right_to_left,Auckland FC,2,False,False,False,finish,2,low_block,8,5.24,23.34,1,wide_left,2,middle_third,False,15.44,14.29,2,half_space_left,2,middle_third,False,54.08,39.04,58.69,58.39,33.31,35.99,40.48,44.0
68,1886347,6209,6221,10:19.9,10:21.1,10,19,1.2,1,2,4177,right_to_left,Auckland FC,1,False,False,False,create,1,medium_block,9,15.31,13.76,2,half_space_left,2,middle_third,False,12.9,5.5,3,center,2,middle_third,False,38.97,37.14,58.28,56.95,35.75,31.68,44.06,44.25
69,1886347,6221,6237,10:21.1,10:22.7,10,21,1.6,1,2,4177,right_to_left,Auckland FC,1,False,False,False,finish,2,low_block,8,12.24,3.95,3,center,2,middle_third,False,5.45,-8.69,3,center,2,middle_third,False,36.88,36.99,56.9,56.92,31.29,28.61,44.25,43.47
70,1886347,6237,6362,10:22.7,10:35.2,10,22,12.5,1,2,4177,right_to_left,Auckland FC,5,False,False,False,create,1,medium_block,9,5.15,-9.15,3,center,2,middle_third,False,16.72,28.12,1,wide_left,2,middle_third,False,37.2,51.93,56.94,57.19,28.72,38.73,43.35,40.48
71,1886347,6362,6367,10:35.2,10:35.7,10,35,0.5,1,2,4177,right_to_left,Auckland FC,1,True,False,False,finish,2,low_block,8,16.69,28.22,1,wide_left,2,middle_third,False,16.55,28.41,1,wide_left,2,middle_third,False,51.92,51.91,57.15,57.52,38.42,37.52,40.39,40.16
72,1886347,6367,6418,10:35.7,10:40.8,10,35,5.1,1,1,1805,left_to_right,Newcastle,2,False,False,False,create,1,medium_block,9,-16.28,-28.47,5,wide_right,2,middle_third,False,-19.57,-13.31,4,half_space_right,1,defensive_third,False,37.35,36.53,40.14,45.73,51.89,34.5,57.66,53.32
73,1886347,6418,6715,10:40.8,11:10.5,10,40,29.7,1,1,1805,left_to_right,Newcastle,10,False,False,False,build_up,0,high_block,10,-20.04,-12.67,4,half_space_right,1,defensive_third,False,-20.23,8.89,3,center,1,defensive_third,False,36.67,62.62,45.78,48.78,34.03,39.83,53.39,57.8
74,1886347,6715,6897,11:10.5,11:28.7,11,10,18.2,1,1,1805,left_to_right,Newcastle,7,True,False,False,create,1,medium_block,9,-19.79,8.84,3,center,1,defensive_third,False,-5.57,-4.61,3,center,2,middle_third,False,62.6,60.39,48.78,47.81,39.73,36.87,57.73,49.44
75,1886347,7153,7166,11:54.3,11:55.6,11,54,1.3,1,2,4177,right_to_left,Auckland FC,1,True,False,False,chaotic,5,chaotic,5,-23.67,34.85,1,wide_left,1,defensive_third,False,-13.51,30.26,1,wide_left,2,middle_third,False,31.66,31.18,41.74,37.92,24.24,24.5,61.44,60.64
76,1886347,7166,7169,11:55.6,11:55.9,11,55,0.3,1,1,1805,left_to_right,Newcastle,1,False,False,False,chaotic,5,chaotic,5,13.09,-29.95,5,wide_right,2,middle_third,False,13.12,-29.52,5,wide_right,2,middle_third,False,24.51,24.5,60.58,60.46,31.11,30.93,37.87,37.82
77,1886347,7229,7421,12:01.9,12:21.1,12,1,19.2,1,1,1805,left_to_right,Newcastle,7,True,False,False,create,1,medium_block,9,11.21,-32.75,5,wide_right,2,middle_third,False,-5.37,-30.51,5,wide_right,2,middle_third,False,29.53,59.76,62.03,50.04,27.68,35.46,37.4,50.23
78,1886347,7421,7460,12:21.1,12:25.0,12,21,3.9,1,2,4177,right_to_left,Auckland FC,1,True,False,False,chaotic,5,chaotic,5,4.89,30.74,1,wide_left,2,middle_third,False,3.96,28.95,1,wide_left,2,middle_third,False,35.65,31.98,50.31,51.99,59.44,51.99,50.18,52.67
79,1886347,7460,7524,12:25.0,12:31.4,12,25,6.4,1,1,1805,left_to_right,Newcastle,2,False,False,False,create,1,medium_block,9,-4.39,-27.91,5,wide_right,2,middle_third,False,23.45,16.45,2,half_space_left,3,attacking_third,False,51.92,40.5,52.67,61.31,31.86,34.88,52.02,49.19
80,1886347,7524,7540,12:31.4,12:33.0,12,31,1.6,1,1,1805,left_to_right,Newcastle,1,False,False,False,finish,2,low_block,8,24.07,15.68,2,half_space_left,3,attacking_third,False,37.15,16.59,2,half_space_left,3,attacking_third,True,40.16,38.26,61.82,69.14,34.81,36.02,49.16,49.01
81,1886347,7905,8077,13:09.5,13:26.7,13,9,17.2,1,1,1805,left_to_right,Newcastle,5,True,False,False,set_play,7,defending_set_play,13,50.4,32.68,1,wide_left,3,attacking_third,False,-31.11,23.81,1,wide_left,1,defensive_third,False,39.61,25.28,72.19,39.0,25.4,28.88,21.77,60.76
82,1886347,8307,8548,13:49.7,14:13.8,13,49,24.1,1,2,4177,right_to_left,Auckland FC,8,False,False,False,create,1,medium_block,9,-20.48,34.81,1,wide_left,1,defensive_third,False,23.79,-22.06,5,wide_right,3,attacking_third,False,32.97,47.34,50.32,58.29,24.12,36.12,61.59,48.6
83,1886347,8548,8659,14:13.8,14:24.9,14,13,11.1,1,2,4177,right_to_left,Auckland FC,2,False,False,False,finish,2,low_block,8,23.8,-22.1,5,wide_right,3,attacking_third,False,5.94,-21.95,5,wide_right,2,middle_third,False,47.25,48.85,58.55,59.63,36.19,32.59,48.64,34.95
84,1886347,8659,8792,14:24.9,14:38.2,14,24,13.3,1,2,4177,right_to_left,Auckland FC,5,True,False,False,create,1,medium_block,9,4.78,-21.51,5,wide_right,2,middle_third,False,2.91,17.53,2,half_space_left,2,middle_third,False,48.99,62.12,59.58,50.88,32.64,35.68,35.33,43.81
85,1886347,8792,8824,14:38.2,14:41.4,14,38,3.2,1,1,1805,left_to_right,Newcastle,1,True,False,False,chaotic,5,chaotic,5,-3.97,-16.73,4,half_space_right,2,middle_third,False,0.35,-24.97,5,wide_right,2,middle_third,False,35.59,33.54,43.93,46.59,61.96,47.23,50.85,50.98
86,1886347,8824,8852,14:41.4,14:44.2,14,41,2.8,1,2,4177,right_to_left,Auckland FC,1,True,False,False,chaotic,5,chaotic,5,-0.61,25.63,1,wide_left,2,middle_third,False,13.14,19.02,2,half_space_left,2,middle_third,False,46.59,35.9,51.05,51.82,33.5,35.31,46.82,48.18
87,1886347,8852,8935,14:44.2,14:52.5,14,44,8.3,1,1,1805,left_to_right,Newcastle,5,True,False,False,create,1,medium_block,9,-13.42,-18.9,4,half_space_right,2,middle_third,False,5.17,-26.11,5,wide_right,2,middle_third,False,35.36,42.58,48.11,51.17,35.8,34.67,51.92,59.02
88,1886347,8935,8981,14:52.5,14:57.1,14,52,4.6,1,2,4177,right_to_left,Auckland FC,1,False,False,False,create,1,medium_block,9,-6.35,25.72,1,wide_left,2,middle_third,False,-19.23,10.75,2,half_space_left,1,defensive_third,False,34.68,39.2,58.95,53.29,42.38,35.9,51.42,53.22
89,1886347,8981,9126,14:57.1,15:11.6,14,57,14.5,1,2,4177,right_to_left,Auckland FC,3,False,False,False,build_up,0,high_block,10,-20.14,9.86,2,half_space_left,1,defensive_third,False,-20.0,-3.6,3,center,1,defensive_third,False,39.49,58.7,53.1,49.52,35.87,38.14,53.27,49.46
90,1886347,9126,9181,15:11.6,15:17.1,15,11,5.5,1,2,4177,right_to_left,Auckland FC,2,True,False,False,create,1,medium_block,9,-19.98,-3.59,3,center,1,defensive_third,False,10.58,21.55,1,wide_left,2,middle_third,False,58.75,57.42,49.53,54.94,38.11,38.12,49.46,45.63
91,1886347,9234,9285,15:22.4,15:27.5,15,22,5.1,1,1,1805,left_to_right,Newcastle,3,False,False,False,build_up,0,high_block,10,-37.94,-33.85,5,wide_right,1,defensive_third,False,-20.9,-12.06,4,half_space_right,1,defensive_third,False,43.06,42.12,48.04,46.09,47.04,31.1,71.75,67.78
92,1886347,9285,9288,15:27.5,15:27.8,15,27,0.3,1,1,1805,left_to_right,Newcastle,0,True,False,False,create,1,medium_block,9,-19.35,-11.7,4,half_space_right,1,defensive_third,False,-17.18,-11.08,4,half_space_right,2,middle_third,False,42.06,41.84,46.03,45.95,30.87,30.39,67.64,67.34
93,1886347,9288,9330,15:27.8,15:32.0,15,27,4.2,1,2,4177,right_to_left,Auckland FC,2,False,False,False,finish,2,low_block,8,16.63,10.77,2,half_space_left,2,middle_third,False,19.87,15.46,2,half_space_left,3,attacking_third,False,30.15,30.31,67.17,62.32,41.66,23.31,45.91,42.86
94,1886347,9395,9568,15:38.5,15:55.8,15,38,17.3,1,2,4177,right_to_left,Auckland FC,5,False,False,False,finish,2,low_block,8,30.76,34.89,1,wide_left,3,attacking_third,False,5.71,-5.11,3,center,2,middle_third,False,40.5,55.71,70.42,56.13,32.5,32.61,33.43,32.86
95,1886347,9568,9594,15:55.8,15:58.4,15,55,2.6,1,2,4177,right_to_left,Auckland FC,1,False,False,False,create,1,medium_block,9,5.07,-5.51,3,center,2,middle_third,False,4.85,-10.14,4,half_space_right,2,middle_third,False,56.14,63.38,56.1,54.86,32.76,37.57,32.96,34.78
96,1886347,9594,9628,15:58.4,16:01.8,15,58,3.4,1,2,4177,right_to_left,Auckland FC,1,False,False,False,finish,2,low_block,8,5.37,-10.89,4,half_space_right,2,middle_third,False,5.77,-19.03,4,half_space_right,2,middle_third,False,63.46,63.03,54.82,53.7,37.76,45.01,34.87,36.29
97,1886347,9628,9685,16:01.8,16:07.5,16,1,5.7,1,2,4177,right_to_left,Auckland FC,2,True,False,False,create,1,medium_block,9,5.2,-18.23,4,half_space_right,2,middle_third,False,26.99,-11.36,4,half_space_right,3,attacking_third,False,62.96,54.61,53.61,59.32,45.08,33.98,36.42,34.22
98,1886347,9685,9721,16:07.5,16:11.1,16,7,3.6,1,1,1805,left_to_right,Newcastle,2,False,False,False,build_up,0,high_block,10,-27.54,11.48,2,half_space_left,1,defensive_third,False,-20.18,3.69,3,center,1,defensive_third,False,33.69,24.9,34.1,36.31,53.94,28.81,59.82,61.35
99,1886347,9721,9832,16:11.1,16:22.2,16,11,11.1,1,1,1805,left_to_right,Newcastle,2,False,False,False,create,1,medium_block,9,-19.84,3.78,3,center,1,defensive_third,False,13.59,-29.42,5,wide_right,2,middle_third,False,24.74,44.51,36.48,62.55,28.41,32.14,61.23,45.01
100,1886347,9832,9851,16:22.2,16:24.1,16,22,1.9,1,1,1805,left_to_right,Newcastle,1,True,False,False,finish,2,low_block,8,13.78,-29.43,5,wide_right,2,middle_third,False,7.77,-22.23,5,wide_right,2,middle_third,False,44.41,42.77,62.73,65.55,32.18,32.01,44.6,43.96
101,1886347,10092,10133,16:48.2,16:52.3,16,48,4.1,1,2,4177,right_to_left,Auckland FC,1,True,False,False,direct,6,defending_direct,15,-6.38,-8.52,3,center,2,middle_third,False,41.98,-11.95,4,half_space_right,3,attacking_third,True,57.07,46.32,51.26,73.31,47.91,48.8,48.04,46.3
102,1886347,10133,10196,16:52.3,16:58.6,16,52,6.3,1,1,1805,left_to_right,Newcastle,3,False,False,False,build_up,0,high_block,10,-41.66,12.16,2,half_space_left,1,defensive_third,False,-20.54,3.38,3,center,1,defensive_third,False,48.76,44.33,46.09,45.6,46.06,35.33,73.62,66.74
103,1886347,10196,10272,16:58.6,17:06.2,16,58,7.6,1,1,1805,left_to_right,Newcastle,1,True,False,False,create,1,medium_block,9,-19.8,1.43,3,center,1,defensive_third,False,3.64,-10.13,4,half_space_right,2,middle_third,False,44.23,45.7,45.58,53.55,35.4,31.93,66.54,59.93
104,1886347,10272,10410,17:06.2,17:20.0,17,6,13.8,1,2,4177,right_to_left,Auckland FC,2,True,False,True,transition,4,defending_transition,11,-3.98,10.03,2,half_space_left,2,middle_third,False,47.46,1.56,3,center,3,attacking_third,True,31.72,35.2,59.78,71.31,45.58,23.43,53.53,44.56
105,1886347,10410,10563,17:20.0,17:35.3,17,20,15.3,1,1,1805,left_to_right,Newcastle,3,False,False,False,build_up,0,high_block,10,-48.19,-1.3,3,center,1,defensive_third,False,-20.3,21.26,1,wide_left,1,defensive_third,False,23.57,57.68,44.59,49.71,35.14,30.97,71.49,64.22
106,1886347,10563,10591,17:35.3,17:38.1,17,35,2.8,1,1,1805,left_to_right,Newcastle,1,False,False,False,create,1,medium_block,9,-19.13,22.62,1,wide_left,1,defensive_third,False,-19.9,30.42,1,wide_left,1,defensive_third,False,57.56,56.95,49.77,51.22,30.94,35.27,64.11,63.01
107,1886347,10591,10625,17:38.1,17:41.5,17,38,3.4,1,1,1805,left_to_right,Newcastle,1,False,False,False,build_up,0,high_block,10,-21.29,30.11,1,wide_left,1,defensive_third,False,-20.0,12.46,2,half_space_left,1,defensive_third,False,56.98,56.2,51.22,51.49,35.35,28.8,62.97,61.15
108,1886347,10625,10683,17:41.5,17:47.3,17,41,5.8,1,1,1805,left_to_right,Newcastle,2,False,False,False,create,1,medium_block,9,-19.83,11.7,2,half_space_left,1,defensive_third,False,30.88,26.37,1,wide_left,3,attacking_third,False,56.19,48.8,51.5,66.12,28.72,28.07,60.78,61.08
109,1886347,10683,10740,17:47.3,17:53.0,17,47,5.7,1,1,1805,left_to_right,Newcastle,2,True,False,False,finish,2,low_block,8,31.37,26.9,1,wide_left,3,attacking_third,False,46.91,17.11,2,half_space_left,3,attacking_third,True,48.52,37.05,66.56,78.78,28.22,30.19,61.17,52.13
110,1886347,10740,10818,17:53.0,18:00.8,17,53,7.8,1,2,4177,right_to_left,Auckland FC,4,True,False,False,build_up,0,high_block,10,-46.98,-16.97,4,half_space_right,1,defensive_third,False,-36.87,-8.88,3,center,1,defensive_third,False,29.82,38.28,51.94,49.67,36.61,17.99,79.15,66.94
111,1886347,10818,10850,18:00.8,18:04.0,18,0,3.2,1,1,1805,left_to_right,Newcastle,2,True,False,True,finish,2,low_block,8,36.89,9.05,3,center,3,attacking_third,True,43.35,-1.04,3,center,3,attacking_third,True,17.98,19.5,67.08,67.58,38.18,33.0,49.66,48.99
112,1886347,11082,11133,18:27.2,18:32.3,18,27,5.1,1,2,4177,right_to_left,Auckland FC,2,False,False,False,build_up,0,high_block,10,-46.72,1.43,3,center,1,defensive_third,False,-21.05,20.75,1,wide_left,1,defensive_third,False,57.99,50.89,51.98,50.44,36.88,38.08,67.48,65.4
113,1886347,11133,11147,18:32.3,18:33.7,18,32,1.4,1,2,4177,right_to_left,Auckland FC,1,False,False,False,create,1,medium_block,9,-19.64,20.48,1,wide_left,1,defensive_third,False,-18.16,19.34,2,half_space_left,1,defensive_third,False,50.6,46.1,50.41,49.48,38.07,37.82,65.26,62.47
114,1886347,11619,11644,19:20.9,19:23.4,19,20,2.5,1,2,4177,right_to_left,Auckland FC,2,False,False,False,create,1,medium_block,9,-15.95,21.07,1,wide_left,2,middle_third,False,-5.17,32.2,1,wide_left,2,middle_third,False,46.86,43.32,50.99,52.99,32.0,36.56,48.12,47.04
115,1886347,11644,11669,19:23.4,19:25.9,19,23,2.5,1,2,4177,right_to_left,Auckland FC,1,True,False,False,direct,6,defending_direct,15,-4.89,32.41,1,wide_left,2,middle_third,False,28.71,24.31,1,wide_left,3,attacking_third,False,43.23,40.24,53.46,66.03,36.73,36.49,46.99,47.83
116,1886347,11669,11773,19:25.9,19:36.3,19,25,10.4,1,1,1805,left_to_right,Newcastle,3,False,False,False,build_up,0,high_block,10,-29.51,-24.1,5,wide_right,1,defensive_third,False,-20.55,-22.48,5,wide_right,1,defensive_third,False,36.41,28.78,47.81,38.34,39.91,28.0,66.49,64.72
117,1886347,11773,11778,19:36.3,19:36.8,19,36,0.5,1,1,1805,left_to_right,Newcastle,0,False,False,False,create,1,medium_block,9,-19.97,-22.2,5,wide_right,1,defensive_third,False,-19.6,-21.31,5,wide_right,1,defensive_third,False,28.67,28.18,38.25,37.88,27.94,27.55,64.67,64.49
118,1886347,11778,11840,19:36.8,19:43.0,19,36,6.2,1,1,1805,left_to_right,Newcastle,2,False,False,False,build_up,0,high_block,10,-20.14,-21.12,5,wide_right,1,defensive_third,False,-20.28,16.13,2,half_space_left,1,defensive_third,False,28.05,37.84,37.8,47.38,27.43,35.54,64.44,60.7
119,1886347,11840,11857,19:43.0,19:44.7,19,43,1.7,1,1,1805,left_to_right,Newcastle,2,True,False,False,create,1,medium_block,9,-19.75,16.61,2,half_space_left,1,defensive_third,False,-17.19,24.84,1,wide_left,2,middle_third,False,38.09,43.12,47.57,49.99,35.9,41.04,60.68,61.4
120,1886347,11857,11879,19:44.7,19:46.9,19,44,2.2,1,2,4177,right_to_left,Auckland FC,1,False,False,False,finish,2,low_block,8,16.42,-25.23,5,wide_right,2,middle_third,False,5.88,-30.23,5,wide_right,2,middle_third,False,41.35,45.35,61.46,61.63,43.52,48.66,50.11,51.51
121,1886347,11879,12011,19:46.9,20:00.1,19,46,13.2,1,2,4177,right_to_left,Auckland FC,4,True,False,False,create,1,medium_block,9,5.3,-30.22,5,wide_right,2,middle_third,False,29.15,18.91,2,half_space_left,3,attacking_third,False,45.27,53.19,61.59,64.64,48.66,39.03,51.51,47.22
122,1886347,12011,12061,20:00.1,20:05.1,20,0,5.0,1,1,1805,left_to_right,Newcastle,2,True,False,False,chaotic,5,chaotic,5,-29.74,-18.42,4,half_space_right,1,defensive_third,False,-26.28,-34.93,5,wide_right,1,defensive_third,False,38.81,34.24,47.37,46.58,52.9,39.99,65.04,63.34
123,1886347,12140,12213,20:13.0,20:20.3,20,13,7.3,1,2,4177,right_to_left,Auckland FC,2,True,False,True,set_play,7,defending_set_play,13,26.22,34.39,1,wide_left,3,attacking_third,False,46.62,1.81,3,center,3,attacking_third,True,37.57,34.17,62.3,66.15,30.31,27.76,42.55,38.85
124,1886347,12213,12407,20:20.3,20:39.7,20,20,19.4,1,1,1805,left_to_right,Newcastle,3,True,False,False,create,1,medium_block,9,-47.51,-1.07,3,center,1,defensive_third,False,-15.32,-27.47,5,wide_right,2,middle_third,False,27.76,46.85,38.89,47.69,34.09,34.51,66.02,65.46
125,1886347,12407,12414,20:39.7,20:40.4,20,39,0.7,1,2,4177,right_to_left,Auckland FC,1,False,False,False,finish,2,low_block,8,13.82,28.07,1,wide_left,2,middle_third,False,6.73,30.33,1,wide_left,2,middle_third,False,34.36,33.51,65.41,64.93,46.57,45.36,47.66,47.11
126,1886347,12414,12468,20:40.4,20:45.8,20,40,5.4,1,2,4177,right_to_left,Auckland FC,1,False,False,False,create,1,medium_block,9,5.78,30.47,1,wide_left,2,middle_third,False,-19.09,27.37,1,wide_left,1,defensive_third,False,33.38,41.04,64.88,60.09,45.22,37.63,47.05,53.03
127,1886347,12468,12643,20:45.8,21:03.3,20,45,17.5,1,2,4177,right_to_left,Auckland FC,5,False,False,False,build_up,0,high_block,10,-20.3,25.76,1,wide_left,1,defensive_third,False,-20.12,18.27,2,half_space_left,1,defensive_third,False,41.18,63.54,59.78,43.21,37.5,40.33,53.42,49.2
128,1886347,12643,12736,21:03.3,21:12.6,21,3,9.3,1,2,4177,right_to_left,Auckland FC,5,False,False,False,create,1,medium_block,9,-19.78,18.5,2,half_space_left,1,defensive_third,False,23.39,22.48,1,wide_left,3,attacking_third,False,63.5,50.13,43.41,56.19,40.28,34.43,49.12,52.4
129,1886347,12736,12788,21:12.6,21:17.8,21,12,5.2,1,2,4177,right_to_left,Auckland FC,1,True,False,False,finish,2,low_block,8,23.92,22.43,1,wide_left,3,attacking_third,False,41.05,-6.07,3,center,3,attacking_third,True,49.72,36.76,56.54,72.32,34.29,23.88,52.45,48.35
130,1886347,12788,12835,21:17.8,21:22.5,21,17,4.7,1,1,1805,left_to_right,Newcastle,1,True,False,True,chaotic,5,chaotic,5,-40.98,6.44,3,center,1,defensive_third,False,-25.87,12.33,2,half_space_left,1,defensive_third,False,24.17,32.14,48.4,46.73,36.75,47.19,72.26,67.21
131,1886347,12835,13290,21:22.5,22:08.0,21,22,45.5,1,2,4177,right_to_left,Auckland FC,7,False,False,True,quick_break,3,defending_quick_break,12,25.72,-12.08,4,half_space_right,3,attacking_third,False,40.42,-32.21,5,wide_right,3,attacking_third,False,47.11,43.14,66.97,66.33,31.7,34.77,46.61,38.63
132,1886347,13891,13921,23:08.1,23:11.1,23,8,3.0,1,2,4177,right_to_left,Auckland FC,2,False,False,True,set_play,7,defending_set_play,13,35.75,-29.19,5,wide_right,3,attacking_third,False,50.55,3.61,3,center,3,attacking_third,True,43.05,33.0,63.58,71.57,31.4,27.88,10.34,13.63
133,1886347,14280,14450,23:47.0,24:04.0,23,47,17.0,1,2,4177,right_to_left,Auckland FC,5,False,False,True,set_play,7,defending_set_play,13,51.87,32.14,1,wide_left,3,attacking_third,False,6.06,-21.47,5,wide_right,2,middle_third,False,42.96,34.06,68.07,61.31,28.38,31.55,9.76,31.44
134,1886347,14450,14714,24:04.0,24:30.4,24,4,26.4,1,2,4177,right_to_left,Auckland FC,8,False,False,False,create,1,medium_block,9,4.84,-20.89,5,wide_right,2,middle_third,False,-14.36,-10.15,4,half_space_right,2,middle_third,False,34.44,57.42,61.23,52.03,31.69,36.78,31.75,49.68
135,1886347,14714,14746,24:30.4,24:33.6,24,30,3.2,1,2,4177,right_to_left,Auckland FC,1,True,False,False,direct,6,defending_direct,15,-14.29,-10.18,4,half_space_right,2,middle_third,False,21.34,-23.59,5,wide_right,3,attacking_third,False,57.54,47.3,52.22,59.07,36.78,35.44,49.92,53.24
136,1886347,14746,14769,24:33.6,24:35.9,24,33,2.3,1,1,1805,left_to_right,Newcastle,1,True,False,False,chaotic,5,chaotic,5,-21.69,23.57,1,wide_left,1,defensive_third,False,-13.86,15.4,2,half_space_left,2,middle_third,False,35.38,29.86,53.21,51.56,46.92,41.41,58.94,60.04
137,1886347,14769,14777,24:35.9,24:36.7,24,35,0.8,1,2,4177,right_to_left,Auckland FC,1,False,False,False,create,1,medium_block,9,13.85,-15.15,4,half_space_right,2,middle_third,False,15.47,-13.44,4,half_space_right,2,middle_third,False,41.33,40.99,59.76,57.73,29.52,27.43,51.41,50.49
138,1886347,14777,14917,24:36.7,24:50.7,24,36,14.0,1,2,4177,right_to_left,Auckland FC,3,True,False,False,finish,2,low_block,8,15.68,-13.26,4,half_space_right,2,middle_third,False,52.08,25.92,1,wide_left,3,attacking_third,False,41.05,46.14,57.93,73.65,27.18,38.01,50.38,33.05
139,1886347,15195,15223,25:18.5,25:21.3,25,18,2.8,1,1,1805,left_to_right,Newcastle,1,False,False,False,direct,6,defending_direct,15,-46.67,-0.97,3,center,1,defensive_third,False,-7.67,-27.59,5,wide_right,2,middle_third,False,51.11,45.3,50.14,50.96,33.53,34.5,66.56,61.9
140,1886347,15223,15277,25:21.3,25:26.7,25,21,5.4,1,1,1805,left_to_right,Newcastle,3,False,False,False,create,1,medium_block,9,-6.71,-28.19,5,wide_right,2,middle_third,False,5.11,-37.15,5,wide_right,2,middle_third,False,45.15,46.11,51.07,53.72,34.71,37.72,61.73,55.49
141,1886347,15459,15476,25:44.9,25:46.6,25,44,1.7,1,1,1805,left_to_right,Newcastle,1,True,False,False,chaotic,5,chaotic,5,,,2,half_space_left,2,middle_third,False,17.69,-29.54,5,wide_right,3,attacking_third,False,,32.42,,48.91,,28.2,,46.59
142,1886347,15476,15480,25:46.6,25:47.0,25,46,0.4,1,2,4177,right_to_left,Auckland FC,1,False,False,True,create,1,medium_block,9,-18.28,29.2,1,wide_left,1,defensive_third,False,-19.97,28.54,1,wide_left,1,defensive_third,False,28.28,28.59,46.55,46.39,32.31,31.98,48.93,49.1
143,1886347,15480,15572,25:47.0,25:56.2,25,47,9.2,1,2,4177,right_to_left,Auckland FC,3,False,False,True,build_up,0,high_block,10,-20.51,28.37,1,wide_left,1,defensive_third,False,-20.14,-15.2,4,half_space_right,1,defensive_third,False,28.73,57.97,46.33,46.93,31.88,35.59,49.2,66.14
144,1886347,15572,15627,25:56.2,26:01.7,25,56,5.5,1,2,4177,right_to_left,Auckland FC,2,False,False,True,create,1,medium_block,9,-19.65,-15.11,4,half_space_right,1,defensive_third,False,-19.83,-29.31,5,wide_right,1,defensive_third,False,57.9,54.85,46.96,49.79,35.4,36.15,65.9,55.96
145,1886347,15627,15708,26:01.7,26:09.8,26,1,8.1,1,2,4177,right_to_left,Auckland FC,3,False,False,True,build_up,0,high_block,10,-20.98,-28.81,5,wide_right,1,defensive_third,False,-20.22,25.1,1,wide_left,1,defensive_third,False,54.82,59.37,49.7,50.55,36.04,40.2,56.14,57.92
146,1886347,15708,15939,26:09.8,26:32.9,26,9,23.1,1,2,4177,right_to_left,Auckland FC,6,False,False,True,create,1,medium_block,9,-18.61,25.8,1,wide_left,1,defensive_third,False,16.28,32.02,1,wide_left,2,middle_third,False,59.26,56.92,50.64,56.97,40.4,41.51,57.74,38.8
147,1886347,15939,15970,26:32.9,26:36.0,26,32,3.1,1,2,4177,right_to_left,Auckland FC,1,False,False,True,finish,2,low_block,8,16.52,32.03,1,wide_left,2,middle_third,False,6.53,23.45,1,wide_left,2,middle_third,False,56.69,52.94,57.31,59.33,41.56,37.23,38.74,33.82
148,1886347,15970,16046,26:36.0,26:43.6,26,36,7.6,1,2,4177,right_to_left,Auckland FC,3,False,False,True,create,1,medium_block,9,5.5,22.5,1,wide_left,2,middle_third,False,20.85,-31.67,5,wide_right,3,attacking_third,False,53.08,62.14,59.29,56.57,37.06,42.11,33.84,45.14
149,1886347,16046,16315,26:43.6,27:10.5,26,43,26.9,1,2,4177,right_to_left,Auckland FC,9,False,False,True,finish,2,low_block,8,21.16,-32.02,5,wide_right,3,attacking_third,False,48.81,16.69,2,half_space_left,3,attacking_third,True,61.85,31.62,56.63,70.43,42.2,26.89,44.99,24.12
150,1886347,16682,16852,27:47.2,28:04.2,27,47,17.0,1,2,4177,right_to_left,Auckland FC,7,False,False,True,set_play,7,defending_set_play,13,49.22,32.3,1,wide_left,3,attacking_third,False,-41.05,-25.25,5,wide_right,1,defensive_third,False,43.23,18.54,71.84,17.54,29.85,27.95,8.27,65.1
151,1886347,16910,16985,28:10.0,28:17.5,28,10,7.5,1,2,4177,right_to_left,Auckland FC,3,True,False,False,finish,2,low_block,8,41.48,33.04,1,wide_left,3,attacking_third,False,44.79,-4.7,3,center,3,attacking_third,True,38.33,33.21,61.27,64.71,27.12,30.06,24.61,20.25
152,1886347,16985,17027,28:17.5,28:21.7,28,17,4.2,1,1,1805,left_to_right,Newcastle,1,False,False,False,chaotic,5,chaotic,5,-45.07,5.76,3,center,1,defensive_third,False,-53.48,26.83,1,wide_left,1,defensive_third,False,30.38,46.6,20.35,25.66,33.31,45.69,64.68,71.89
153,1886347,17339,17370,28:52.9,28:56.0,28,52,3.1,1,1,1805,left_to_right,Newcastle,2,False,False,False,build_up,0,high_block,10,-45.85,0.38,3,center,1,defensive_third,False,-41.86,-20.15,4,half_space_right,1,defensive_third,False,61.26,58.6,49.79,49.76,39.2,35.45,70.61,70.7
154,1886347,17370,17391,28:56.0,28:58.1,28,56,2.1,1,1,1805,left_to_right,Newcastle,1,True,False,False,direct,6,defending_direct,15,-41.07,-20.13,4,half_space_right,1,defensive_third,False,-9.0,-13.01,4,half_space_right,2,middle_third,False,58.43,51.51,49.68,44.91,35.26,31.41,70.55,67.07
155,1886347,17391,17468,28:58.1,29:05.8,28,58,7.7,1,2,4177,right_to_left,Auckland FC,2,False,False,False,finish,2,low_block,8,8.09,12.71,2,half_space_left,2,middle_third,False,13.59,28.15,1,wide_left,2,middle_third,False,31.32,39.89,66.96,58.77,51.1,35.89,44.57,38.25
156,1886347,17468,17674,29:05.8,29:26.4,29,5,20.6,1,2,4177,right_to_left,Auckland FC,9,False,False,False,create,1,medium_block,9,13.35,28.04,1,wide_left,2,middle_third,False,21.56,22.62,1,wide_left,3,attacking_third,False,40.0,42.99,58.77,57.92,35.88,31.74,38.16,40.36
157,1886347,17674,17733,29:26.4,29:32.3,29,26,5.9,1,2,4177,right_to_left,Auckland FC,1,True,False,False,finish,2,low_block,8,22.34,23.51,1,wide_left,3,attacking_third,False,45.31,-22.71,5,wide_right,3,attacking_third,False,42.83,48.39,58.2,72.62,31.66,41.46,40.25,36.65
158,1886347,17733,17758,29:32.3,29:34.8,29,32,2.5,1,1,1805,left_to_right,Newcastle,1,False,False,False,chaotic,5,chaotic,5,-45.28,23.15,1,wide_left,1,defensive_third,False,-48.9,35.21,1,wide_left,1,defensive_third,False,41.97,49.88,36.77,38.31,48.82,54.7,72.58,70.63
159,1886347,17862,17894,29:45.2,29:48.4,29,45,3.2,1,1,1805,left_to_right,Newcastle,1,True,False,False,chaotic,5,chaotic,5,-50.53,32.92,1,wide_left,1,defensive_third,False,-16.18,27.09,1,wide_left,2,middle_third,False,37.83,38.01,36.01,32.68,32.56,31.78,69.38,64.45
160,1886347,17894,17963,29:48.4,29:55.3,29,48,6.9,1,2,4177,right_to_left,Auckland FC,4,False,False,False,create,1,medium_block,9,15.72,-26.72,5,wide_right,2,middle_third,False,9.39,17.95,2,half_space_left,2,middle_third,False,31.83,48.58,64.25,54.67,38.0,37.01,32.71,38.63
161,1886347,17963,17981,29:55.3,29:57.1,29,55,1.8,1,2,4177,right_to_left,Auckland FC,1,False,False,False,finish,2,low_block,8,9.5,18.22,2,half_space_left,2,middle_third,False,6.29,16.36,2,half_space_left,2,middle_third,False,48.74,49.93,54.8,56.96,37.17,39.02,38.57,37.41
162,1886347,17981,18097,29:57.1,30:08.7,29,57,11.6,1,2,4177,right_to_left,Auckland FC,4,False,False,False,create,1,medium_block,9,5.51,15.73,2,half_space_left,2,middle_third,False,5.0,9.7,2,half_space_left,2,middle_third,False,50.07,54.97,57.04,55.36,39.05,39.05,37.35,43.05
163,1886347,18097,18173,30:08.7,30:16.3,30,8,7.6,1,2,4177,right_to_left,Auckland FC,4,False,False,False,finish,2,low_block,8,5.76,10.05,2,half_space_left,2,middle_third,False,6.39,11.9,2,half_space_left,2,middle_third,False,55.17,36.62,55.23,59.74,39.09,26.92,42.96,37.19
164,1886347,18173,18256,30:16.3,30:24.6,30,16,8.3,1,2,4177,right_to_left,Auckland FC,3,False,False,False,create,1,medium_block,9,5.43,11.9,2,half_space_left,2,middle_third,False,19.67,29.95,1,wide_left,3,attacking_third,False,36.82,59.54,59.71,54.13,26.93,36.19,37.44,37.56
165,1886347,18256,18356,30:24.6,30:34.6,30,24,10.0,1,2,4177,right_to_left,Auckland FC,5,True,False,False,finish,2,low_block,8,20.58,30.58,1,wide_left,3,attacking_third,False,44.57,9.62,2,half_space_left,3,attacking_third,True,59.25,37.07,54.31,73.12,36.32,28.41,37.5,25.71
166,1886347,18356,18398,30:34.6,30:38.8,30,34,4.2,1,1,1805,left_to_right,Newcastle,2,False,False,False,build_up,0,high_block,10,-44.25,-8.93,3,center,1,defensive_third,False,-20.31,-25.28,5,wide_right,1,defensive_third,False,28.27,29.18,25.69,29.36,36.89,31.42,73.5,69.2
167,1886347,18398,18453,30:38.8,30:44.3,30,38,5.5,1,1,1805,left_to_right,Newcastle,2,False,False,False,create,1,medium_block,9,-19.82,-25.68,5,wide_right,1,defensive_third,False,-0.98,-28.97,5,wide_right,2,middle_third,False,29.28,38.43,29.68,42.06,31.37,28.73,69.01,56.49
168,1886347,18827,18842,31:21.7,31:23.2,31,21,1.5,1,1,1805,left_to_right,Newcastle,1,False,False,False,create,1,medium_block,9,-3.17,-28.68,5,wide_right,2,middle_third,False,-19.48,-26.79,5,wide_right,1,defensive_third,False,44.69,45.19,55.95,55.66,27.83,29.31,51.4,54.95
169,1886347,18842,18974,31:23.2,31:36.4,31,23,13.2,1,1,1805,left_to_right,Newcastle,6,False,False,False,build_up,0,high_block,10,-20.14,-26.78,5,wide_right,1,defensive_third,False,-20.2,-19.05,4,half_space_right,1,defensive_third,False,45.21,55.37,55.66,50.24,29.46,32.69,55.4,66.94
170,1886347,18974,18986,31:36.4,31:37.6,31,36,1.2,1,1,1805,left_to_right,Newcastle,1,True,False,False,create,1,medium_block,9,-19.79,-19.02,4,half_space_right,1,defensive_third,False,-16.89,-22.79,5,wide_right,2,middle_third,False,55.29,54.67,50.22,49.85,32.42,32.09,66.78,65.09
171,1886347,18986,19008,31:37.6,31:39.8,31,37,2.2,1,2,4177,right_to_left,Auckland FC,1,False,False,False,finish,2,low_block,8,16.39,23.26,1,wide_left,2,middle_third,False,5.03,26.55,1,wide_left,2,middle_third,False,32.08,31.99,64.93,61.16,54.52,47.07,49.81,47.38
172,1886347,19008,19091,31:39.8,31:48.1,31,39,8.3,1,2,4177,right_to_left,Auckland FC,3,False,False,False,create,1,medium_block,9,4.51,26.56,1,wide_left,2,middle_third,False,-19.97,-23.11,5,wide_right,1,defensive_third,False,32.17,57.01,61.01,56.71,46.72,45.19,47.18,57.59
173,1886347,19091,19193,31:48.1,31:58.3,31,48,10.2,1,2,4177,right_to_left,Auckland FC,3,False,False,False,build_up,0,high_block,10,-20.8,-23.01,5,wide_right,1,defensive_third,False,-20.02,31.3,1,wide_left,1,defensive_third,False,57.07,56.02,56.68,48.03,45.21,36.73,57.93,59.64
174,1886347,19193,19198,31:58.3,31:58.8,31,58,0.5,1,2,4177,right_to_left,Auckland FC,1,False,False,False,create,1,medium_block,9,-19.93,31.17,1,wide_left,1,defensive_third,False,-19.9,30.47,1,wide_left,1,defensive_third,False,55.89,55.45,47.78,46.85,36.99,38.0,59.33,58.08
175,1886347,19198,19252,31:58.8,32:04.2,31,58,5.4,1,2,4177,right_to_left,Auckland FC,2,False,False,False,build_up,0,high_block,10,-20.3,29.84,1,wide_left,1,defensive_third,False,-20.18,-13.31,4,half_space_right,1,defensive_third,False,55.36,59.2,46.62,42.21,38.27,41.56,57.79,49.51
176,1886347,19252,19303,32:04.2,32:09.3,32,4,5.1,1,2,4177,right_to_left,Auckland FC,2,False,False,False,create,1,medium_block,9,-19.87,-13.65,4,half_space_right,1,defensive_third,False,-19.84,-23.66,5,wide_right,1,defensive_third,False,59.37,57.81,42.29,50.74,41.62,45.29,49.48,48.58
177,1886347,19303,19390,32:09.3,32:18.0,32,9,8.7,1,2,4177,right_to_left,Auckland FC,3,False,False,False,build_up,0,high_block,10,-20.26,-23.42,5,wide_right,1,defensive_third,False,-21.51,-23.2,5,wide_right,1,defensive_third,False,57.8,56.31,50.82,49.21,45.02,40.75,48.84,58.95
178,1886347,19390,19401,32:18.0,32:19.1,32,18,1.1,1,2,4177,right_to_left,Auckland FC,0,True,False,False,create,1,medium_block,9,-19.42,-23.25,5,wide_right,1,defensive_third,False,-4.6,-23.72,5,wide_right,2,middle_third,False,56.17,53.33,49.31,49.64,40.57,40.02,58.98,58.76
179,1886347,19401,19447,32:19.1,32:23.7,32,19,4.6,1,1,1805,left_to_right,Newcastle,2,False,False,False,create,1,medium_block,9,3.31,23.61,1,wide_left,2,middle_third,False,-19.89,12.13,2,half_space_left,1,defensive_third,False,40.08,43.75,58.7,55.49,52.97,38.61,49.58,53.36
180,1886347,19447,19480,32:23.7,32:27.0,32,23,3.3,1,1,1805,left_to_right,Newcastle,1,False,False,False,build_up,0,high_block,10,-20.5,12.06,2,half_space_left,1,defensive_third,False,-21.34,14.43,2,half_space_left,1,defensive_third,False,43.96,50.87,55.47,53.34,38.38,35.17,53.83,61.53
181,1886347,19480,19557,32:27.0,32:34.7,32,27,7.7,1,1,1805,left_to_right,Newcastle,2,False,False,False,create,1,medium_block,9,-19.75,15.01,2,half_space_left,1,defensive_third,False,16.28,-6.92,3,center,2,middle_third,False,51.04,38.03,53.19,62.98,35.22,30.75,61.42,61.89
182,1886347,19557,19582,32:34.7,32:37.2,32,34,2.5,1,1,1805,left_to_right,Newcastle,1,True,False,False,finish,2,low_block,8,16.71,-7.03,3,center,2,middle_third,False,30.11,-14.04,4,half_space_right,3,attacking_third,False,37.95,36.31,63.22,69.51,30.49,23.67,61.83,58.37
183,1886347,19851,19925,33:04.1,33:11.5,33,4,7.4,1,2,4177,right_to_left,Auckland FC,4,False,False,False,build_up,0,high_block,10,-46.49,1.77,3,center,1,defensive_third,False,-35.33,-19.88,4,half_space_right,1,defensive_third,False,57.82,58.23,46.34,46.66,37.68,42.23,68.94,74.24
184,1886347,19925,19950,33:11.5,33:14.0,33,11,2.5,1,2,4177,right_to_left,Auckland FC,1,True,False,False,direct,6,defending_direct,15,-34.85,-20.21,5,wide_right,1,defensive_third,False,3.0,-12.75,4,half_space_right,2,middle_third,False,58.22,50.52,46.74,51.18,42.13,39.08,73.93,68.93
185,1886347,19950,19986,33:14.0,33:17.6,33,14,3.6,1,1,1805,left_to_right,Newcastle,1,True,False,False,chaotic,5,chaotic,5,-3.42,12.18,2,half_space_left,2,middle_third,False,19.21,1.47,3,center,3,attacking_third,False,38.95,33.91,68.78,59.96,50.05,33.48,51.6,52.63
186,1886347,19986,20071,33:17.6,33:26.1,33,17,8.5,1,2,4177,right_to_left,Auckland FC,2,False,False,False,create,1,medium_block,9,-18.68,-1.57,3,center,1,defensive_third,False,23.08,23.94,1,wide_left,3,attacking_third,False,33.44,37.88,52.41,58.6,33.87,31.87,59.93,49.6
187,1886347,20071,20331,33:26.1,33:52.1,33,26,26.0,1,2,4177,right_to_left,Auckland FC,6,True,False,False,finish,2,low_block,8,24.36,24.42,1,wide_left,3,attacking_third,False,49.18,7.98,3,center,3,attacking_third,True,37.96,31.97,59.12,75.35,32.01,24.3,49.45,24.48
188,1886347,20331,20363,33:52.1,33:55.3,33,52,3.2,1,1,1805,left_to_right,Newcastle,1,True,False,False,chaotic,5,chaotic,5,-48.81,-6.74,3,center,1,defensive_third,False,-31.42,7.56,3,center,1,defensive_third,False,24.21,24.96,24.38,23.11,31.74,28.21,75.31,70.52
189,1886347,20363,20548,33:55.3,34:13.8,33,55,18.5,1,2,4177,right_to_left,Auckland FC,7,True,False,False,finish,2,low_block,8,31.05,-7.65,3,center,3,attacking_third,False,34.15,1.54,3,center,3,attacking_third,False,28.04,48.61,70.22,57.77,24.93,31.99,23.15,25.26
190,1886347,20548,20569,34:13.8,34:15.9,34,13,2.1,1,1,1805,left_to_right,Newcastle,1,False,False,False,chaotic,5,chaotic,5,-34.4,-1.4,3,center,1,defensive_third,False,-47.29,-2.11,3,center,1,defensive_third,False,31.9,32.64,25.22,26.9,48.37,41.01,57.86,62.69
191,1886347,20569,20623,34:15.9,34:21.3,34,15,5.4,1,1,1805,left_to_right,Newcastle,1,True,False,False,direct,6,defending_direct,15,-47.27,-2.43,3,center,1,defensive_third,False,10.65,1.91,3,center,2,middle_third,False,32.85,35.52,27.04,50.22,40.61,44.39,63.18,64.49
192,1886347,20623,20637,34:21.3,34:22.7,34,21,1.4,1,2,4177,right_to_left,Auckland FC,1,False,False,False,create,1,medium_block,9,-11.25,-2.11,3,center,2,middle_third,False,-18.86,-3.77,3,center,1,defensive_third,False,44.66,47.97,64.36,62.76,35.61,36.5,50.72,56.42
193,1886347,20637,20826,34:22.7,34:41.6,34,22,18.9,1,2,4177,right_to_left,Auckland FC,4,False,False,False,build_up,0,high_block,10,-20.32,-3.79,3,center,1,defensive_third,False,-20.18,16.38,2,half_space_left,1,defensive_third,False,48.28,59.09,62.62,45.51,36.6,35.58,56.73,50.14
194,1886347,20826,21034,34:41.6,35:02.4,34,41,20.8,1,2,4177,right_to_left,Auckland FC,5,True,False,False,create,1,medium_block,9,-19.96,16.44,2,half_space_left,1,defensive_third,False,7.98,-17.45,4,half_space_right,2,middle_third,False,58.98,51.05,45.62,46.25,35.49,37.42,49.89,46.79
195,1886347,21298,21329,35:28.8,35:31.9,35,28,3.1,1,1,1805,left_to_right,Newcastle,1,True,False,False,chaotic,5,chaotic,5,-21.26,33.3,1,wide_left,1,defensive_third,False,3.36,26.35,1,wide_left,2,middle_third,False,34.46,34.16,40.53,46.32,23.56,23.23,58.49,57.97
196,1886347,21329,21339,35:31.9,35:32.9,35,31,1.0,1,2,4177,right_to_left,Auckland FC,1,True,False,False,chaotic,5,chaotic,5,-3.62,-26.57,5,wide_right,2,middle_third,False,-4.04,-29.96,5,wide_right,2,middle_third,False,23.31,23.84,58.0,57.93,34.13,34.54,46.59,48.22
197,1886347,21395,21437,35:38.5,35:42.7,35,38,4.2,1,1,1805,left_to_right,Newcastle,2,True,False,False,chaotic,5,chaotic,5,-8.13,33.35,1,wide_left,2,middle_third,False,0.62,34.58,1,wide_left,2,middle_third,False,39.69,37.76,46.81,46.59,24.64,25.54,55.65,53.83
198,1886347,21492,21763,35:48.2,36:15.3,35,48,27.1,1,2,4177,right_to_left,Auckland FC,10,True,False,False,create,1,medium_block,9,-17.09,-29.33,5,wide_right,2,middle_third,False,-1.31,27.71,1,wide_left,2,middle_third,False,36.56,52.25,54.31,55.3,31.85,44.6,48.58,52.08
199,1886347,21763,21799,36:15.3,36:18.9,36,15,3.6,1,1,1805,left_to_right,Newcastle,1,True,False,False,chaotic,5,chaotic,5,1.83,-28.08,5,wide_right,2,middle_third,False,17.59,-36.64,5,wide_right,3,attacking_third,False,44.1,45.2,52.15,53.64,51.82,52.8,55.34,56.18
200,1886347,21988,22007,36:37.8,36:39.7,36,37,1.9,1,2,4177,right_to_left,Auckland FC,1,True,False,False,chaotic,5,chaotic,5,-11.09,34.68,1,wide_left,2,middle_third,False,2.51,20.29,1,wide_left,2,middle_third,False,31.53,28.7,49.47,50.12,25.1,24.36,56.85,55.89
201,1886347,22007,22030,36:39.7,36:42.0,36,39,2.3,1,1,1805,left_to_right,Newcastle,1,True,False,False,chaotic,5,chaotic,5,-2.73,-19.48,4,half_space_right,2,middle_third,False,9.89,-4.92,3,center,2,middle_third,False,24.28,23.39,55.79,53.45,28.51,30.35,50.02,49.01
202,1886347,22030,22105,36:42.0,36:49.5,36,42,7.5,1,2,4177,right_to_left,Auckland FC,3,False,False,False,create,1,medium_block,9,-10.22,4.65,3,center,2,middle_third,False,-19.9,-17.61,4,half_space_right,1,defensive_third,False,30.74,54.25,49.13,51.81,23.35,37.72,53.36,54.64
203,1886347,22105,22187,36:49.5,36:57.7,36,49,8.2,1,2,4177,right_to_left,Auckland FC,3,False,False,False,build_up,0,high_block,10,-20.58,-16.98,4,half_space_right,1,defensive_third,False,-26.89,30.86,1,wide_left,1,defensive_third,False,54.58,60.76,51.68,47.86,37.7,38.46,55.05,63.31
204,1886347,22187,22252,36:57.7,37:04.2,36,57,6.5,1,2,4177,right_to_left,Auckland FC,2,False,False,False,direct,6,defending_direct,15,-26.71,31.11,1,wide_left,1,defensive_third,False,39.25,31.23,1,wide_left,3,attacking_third,False,60.56,39.34,48.07,74.0,38.33,33.82,63.11,59.45
205,1886347,22843,23043,38:03.3,38:23.3,38,3,20.0,1,2,4177,right_to_left,Auckland FC,7,False,False,False,set_play,7,defending_set_play,13,40.37,30.94,1,wide_left,3,attacking_third,False,30.65,14.98,2,half_space_left,3,attacking_third,False,41.39,38.62,64.53,66.33,29.45,37.82,8.88,26.26
206,1886347,23043,23189,38:23.3,38:37.9,38,23,14.6,1,2,4177,right_to_left,Auckland FC,4,True,False,False,finish,2,low_block,8,30.97,15.82,2,half_space_left,3,attacking_third,False,51.45,7.62,3,center,3,attacking_third,True,38.69,27.09,66.14,78.61,38.04,18.24,26.16,17.6
207,1886347,23189,23349,38:37.9,38:53.9,38,37,16.0,1,1,1805,left_to_right,Newcastle,5,True,False,False,build_up,0,high_block,10,-51.48,-7.43,3,center,1,defensive_third,False,-25.48,23.27,1,wide_left,1,defensive_third,False,18.04,56.37,17.6,48.2,27.07,40.96,78.62,64.49
208,1886347,23349,23415,38:53.9,39:00.5,38,53,6.6,1,2,4177,right_to_left,Auckland FC,3,True,False,False,quick_break,3,defending_quick_break,12,25.56,-23.17,5,wide_right,3,attacking_third,False,46.03,4.9,3,center,3,attacking_third,True,40.74,31.86,64.35,81.04,56.12,28.88,48.2,44.58
209,1886347,23890,23952,39:48.0,39:54.2,39,48,6.2,1,1,1805,left_to_right,Newcastle,3,False,False,False,build_up,0,high_block,10,-43.73,-3.11,3,center,1,defensive_third,False,-21.39,13.12,2,half_space_left,1,defensive_third,False,58.33,61.82,47.48,47.14,37.13,30.32,67.51,67.41
210,1886347,23952,24166,39:54.2,40:15.6,39,54,21.4,1,1,1805,left_to_right,Newcastle,8,True,False,False,create,1,medium_block,9,-19.77,12.1,2,half_space_left,1,defensive_third,False,17.26,10.86,2,half_space_left,2,middle_third,False,61.6,56.54,47.17,58.18,30.05,39.7,67.03,55.71
211,1886347,24166,24167,40:15.6,40:15.7,40,15,0.1,1,2,4177,right_to_left,Auckland FC,0,False,False,False,create,1,medium_block,9,-18.83,-9.87,4,half_space_right,1,defensive_third,False,-18.83,-9.87,4,half_space_right,1,defensive_third,False,39.78,39.78,55.87,55.87,56.39,56.39,58.7,58.7
212,1886347,24167,24269,40:15.7,40:25.9,40,15,10.2,1,2,4177,right_to_left,Auckland FC,2,False,False,False,build_up,0,high_block,10,-20.32,-8.85,3,center,1,defensive_third,False,-20.39,22.19,1,wide_left,1,defensive_third,False,39.87,60.18,56.03,51.96,56.23,40.1,59.2,57.45
213,1886347,24269,24299,40:25.9,40:28.9,40,25,3.0,1,2,4177,right_to_left,Auckland FC,1,False,False,False,create,1,medium_block,9,-18.78,23.48,1,wide_left,1,defensive_third,False,-19.05,29.09,1,wide_left,1,defensive_third,False,60.23,59.42,51.92,52.81,40.38,44.33,57.48,54.5
214,1886347,24299,24447,40:28.9,40:43.7,40,28,14.8,1,2,4177,right_to_left,Auckland FC,4,False,False,False,build_up,0,high_block,10,-20.01,28.68,1,wide_left,1,defensive_third,False,-20.52,-21.0,5,wide_right,1,defensive_third,False,59.49,62.34,52.77,48.0,44.18,39.81,54.7,55.32
215,1886347,24447,24601,40:43.7,40:59.1,40,43,15.4,1,2,4177,right_to_left,Auckland FC,4,False,False,False,create,1,medium_block,9,-19.56,-22.19,5,wide_right,1,defensive_third,False,-2.15,30.31,1,wide_left,2,middle_third,False,62.23,56.72,48.08,51.71,39.91,44.33,55.19,52.47
216,1886347,24730,24751,41:12.0,41:14.1,41,12,2.1,1,2,4177,right_to_left,Auckland FC,2,True,False,False,chaotic,5,chaotic,5,-2.13,34.69,1,wide_left,2,middle_third,False,3.17,32.68,1,wide_left,2,middle_third,False,43.12,41.67,52.52,55.06,33.38,34.23,51.45,52.7
217,1886347,24914,24946,41:30.4,41:33.6,41,30,3.2,1,1,1805,left_to_right,Newcastle,3,True,False,False,create,1,medium_block,9,0.85,-35.0,5,wide_right,2,middle_third,False,1.57,-27.19,5,wide_right,2,middle_third,False,35.64,32.94,54.15,53.73,28.7,28.71,52.07,49.4
218,1886347,24946,24953,41:33.6,41:34.3,41,33,0.7,1,2,4177,right_to_left,Auckland FC,1,True,False,False,chaotic,5,chaotic,5,-1.29,26.87,1,wide_left,2,middle_third,False,2.14,25.78,1,wide_left,2,middle_third,False,28.6,27.56,49.23,48.2,32.84,32.18,53.72,53.59
219,1886347,24953,24972,41:34.3,41:36.2,41,34,1.9,1,1,1805,left_to_right,Newcastle,1,True,False,False,chaotic,5,chaotic,5,-2.66,-25.58,5,wide_right,2,middle_third,False,0.91,-17.44,4,half_space_right,2,middle_third,False,32.06,29.68,53.55,52.12,27.35,25.47,48.04,46.29
220,1886347,24972,25045,41:36.2,41:43.5,41,36,7.3,1,2,4177,right_to_left,Auckland FC,3,False,False,False,create,1,medium_block,9,-1.06,16.96,2,half_space_left,2,middle_third,False,-19.88,-7.19,3,center,1,defensive_third,False,25.39,40.62,46.26,49.71,29.52,33.19,52.0,52.38
221,1886347,25045,25108,41:43.5,41:49.8,41,43,6.3,1,2,4177,right_to_left,Auckland FC,2,False,False,False,build_up,0,high_block,10,-21.36,-7.19,3,center,1,defensive_third,False,-20.76,15.72,2,half_space_left,1,defensive_third,False,41.13,62.26,49.66,47.27,33.36,39.46,52.5,55.77
222,1886347,25108,25135,41:49.8,41:52.5,41,49,2.7,1,2,4177,right_to_left,Auckland FC,1,False,False,False,create,1,medium_block,9,-19.53,14.91,2,half_space_left,1,defensive_third,False,-8.05,11.64,2,half_space_left,2,middle_third,False,62.17,59.4,47.27,47.4,39.37,35.9,55.46,46.27
223,1886347,25317,25375,42:10.7,42:16.5,42,10,5.8,1,2,4177,right_to_left,Auckland FC,4,False,False,False,create,1,medium_block,9,-8.59,12.5,2,half_space_left,2,middle_third,False,29.83,31.2,1,wide_left,3,attacking_third,False,61.1,53.25,50.63,60.87,34.21,33.11,43.68,46.22
224,1886347,25375,25416,42:16.5,42:20.6,42,16,4.1,1,2,4177,right_to_left,Auckland FC,1,True,False,False,finish,2,low_block,8,30.74,31.33,1,wide_left,3,attacking_third,False,46.76,8.04,3,center,3,attacking_third,True,52.96,39.33,61.41,79.05,33.13,31.59,46.35,45.98
225,1886347,25416,25514,42:20.6,42:30.4,42,20,9.8,1,1,1805,left_to_right,Newcastle,2,False,False,False,chaotic,5,chaotic,5,-46.56,-6.45,3,center,1,defensive_third,False,-21.24,-28.7,5,wide_right,1,defensive_third,False,31.43,32.57,45.91,41.11,39.33,38.25,79.3,74.84
226,1886347,26002,26146,43:19.2,43:33.6,43,19,14.4,1,1,1805,left_to_right,Newcastle,6,False,False,False,build_up,0,high_block,10,-21.49,-28.36,5,wide_right,1,defensive_third,False,-20.1,-33.35,5,wide_right,1,defensive_third,False,41.73,56.94,50.94,48.05,30.24,38.97,63.09,69.41
227,1886347,26146,26211,43:33.6,43:40.1,43,33,6.5,1,1,1805,left_to_right,Newcastle,2,False,False,False,create,1,medium_block,9,-19.56,-33.1,5,wide_right,1,defensive_third,False,27.7,-17.44,4,half_space_right,3,attacking_third,False,56.84,43.21,48.0,65.94,38.94,29.34,69.34,63.2
228,1886347,26211,26223,43:40.1,43:41.3,43,40,1.2,1,1,1805,left_to_right,Newcastle,1,True,False,False,finish,2,low_block,8,27.66,-17.05,4,half_space_right,3,attacking_third,False,26.23,-13.96,4,half_space_right,3,attacking_third,False,42.84,36.48,66.26,67.78,29.18,27.77,62.98,59.98
229,1886347,26223,26265,43:41.3,43:45.5,43,41,4.2,1,2,4177,right_to_left,Auckland FC,2,False,False,False,build_up,0,high_block,10,-26.2,13.74,2,half_space_left,1,defensive_third,False,-21.16,24.55,1,wide_left,1,defensive_third,False,27.7,32.66,59.73,52.61,35.74,31.95,67.69,64.85
230,1886347,26265,26371,43:45.5,43:56.1,43,45,10.6,1,2,4177,right_to_left,Auckland FC,3,False,False,False,create,1,medium_block,9,-19.72,23.7,1,wide_left,1,defensive_third,False,28.74,19.26,2,half_space_left,3,attacking_third,False,32.62,34.09,52.49,64.79,32.07,23.57,64.77,59.67
231,1886347,26371,26521,43:56.1,44:11.1,43,56,15.0,1,2,4177,right_to_left,Auckland FC,5,False,False,False,finish,2,low_block,8,29.44,19.02,2,half_space_left,3,attacking_third,False,5.56,4.49,3,center,2,middle_third,False,33.87,49.05,65.32,59.59,23.38,34.24,59.59,29.92
232,1886347,26521,26551,44:11.1,44:14.1,44,11,3.0,1,2,4177,right_to_left,Auckland FC,1,False,False,False,create,1,medium_block,9,5.12,3.77,3,center,2,middle_third,False,4.87,4.14,3,center,2,middle_third,False,49.37,58.09,59.53,57.64,34.33,35.65,30.11,33.69
233,1886347,26551,26674,44:14.1,44:26.4,44,14,12.3,1,2,4177,right_to_left,Auckland FC,5,False,False,False,finish,2,low_block,8,5.26,5.37,3,center,2,middle_third,False,5.5,4.61,3,center,2,middle_third,False,58.35,56.2,57.59,56.58,35.62,36.19,33.79,31.28
234,1886347,26674,26698,44:26.4,44:28.8,44,26,2.4,1,2,4177,right_to_left,Auckland FC,1,False,False,False,create,1,medium_block,9,5.13,3.66,3,center,2,middle_third,False,4.71,-9.29,4,half_space_right,2,middle_third,False,56.27,58.4,56.59,56.86,36.22,38.21,31.21,31.2
235,1886347,26698,26806,44:28.8,44:39.6,44,28,10.8,1,2,4177,right_to_left,Auckland FC,4,False,False,False,finish,2,low_block,8,5.09,-10.44,4,half_space_right,2,middle_third,False,5.5,-1.44,3,center,2,middle_third,False,58.49,63.19,56.8,56.44,38.37,31.1,31.22,36.76
236,1886347,26806,26862,44:39.6,44:45.2,44,39,5.6,1,2,4177,right_to_left,Auckland FC,3,False,False,False,create,1,medium_block,9,5.24,-2.25,3,center,2,middle_third,False,13.76,-23.67,5,wide_right,2,middle_third,False,63.17,61.15,56.33,56.12,31.2,45.99,36.84,42.99
237,1886347,26862,26878,44:45.2,44:46.8,44,45,1.6,1,2,4177,right_to_left,Auckland FC,1,True,False,False,finish,2,low_block,8,13.97,-23.64,5,wide_right,2,middle_third,False,28.15,-29.62,5,wide_right,3,attacking_third,False,61.06,59.43,56.24,58.35,45.86,41.14,43.01,41.67
238,1886347,27089,27165,45:07.9,45:15.5,45,7,7.6,1,1,1805,left_to_right,Newcastle,5,False,False,True,build_up,0,high_block,10,-36.01,33.08,1,wide_left,1,defensive_third,False,-20.27,-18.93,4,half_space_right,1,defensive_third,False,35.69,41.95,31.06,47.8,22.66,27.48,67.65,56.76
239,1886347,27165,27213,45:15.5,45:20.3,45,15,4.8,1,1,1805,left_to_right,Newcastle,1,False,False,True,create,1,medium_block,9,-19.48,-19.42,4,half_space_right,1,defensive_third,False,-19.55,-18.88,4,half_space_right,1,defensive_third,False,42.06,45.61,48.03,54.74,27.77,33.13,56.58,52.08
240,1886347,27213,27258,45:20.3,45:24.8,45,20,4.5,1,1,1805,left_to_right,Newcastle,2,False,False,True,build_up,0,high_block,10,-20.33,-18.43,4,half_space_right,1,defensive_third,False,-20.67,6.15,3,center,1,defensive_third,False,45.99,60.07,54.7,49.14,33.18,39.77,52.23,56.31
241,1886347,27258,27324,45:24.8,45:31.4,45,24,6.6,1,1,1805,left_to_right,Newcastle,2,False,False,True,create,1,medium_block,9,-19.19,6.09,3,center,1,defensive_third,False,29.57,-31.73,5,wide_right,3,attacking_third,False,60.23,54.92,49.02,65.87,39.84,38.31,56.34,55.57
242,1886347,27324,27372,45:31.4,45:36.2,45,31,4.8,1,1,1805,left_to_right,Newcastle,1,False,False,False,finish,2,low_block,8,29.88,-31.57,5,wide_right,3,attacking_third,False,31.53,1.96,3,center,3,attacking_third,False,54.56,35.79,66.16,73.46,38.34,21.46,55.53,48.37
243,1886347,27532,27583,45:52.2,45:57.3,45,52,5.1,1,1,1805,left_to_right,Newcastle,3,True,False,False,finish,2,low_block,8,24.29,31.91,1,wide_left,3,attacking_third,False,27.76,29.41,1,wide_left,3,attacking_third,False,41.7,36.45,62.14,62.45,29.59,33.03,32.88,35.77
244,1886347,27583,27626,45:57.3,46:01.6,45,57,4.3,1,2,4177,right_to_left,Auckland FC,2,True,False,False,chaotic,5,chaotic,5,-27.5,-29.56,5,wide_right,1,defensive_third,False,-17.03,-22.37,5,wide_right,2,middle_third,False,33.07,33.9,35.79,33.67,36.22,28.59,62.45,60.3
245,1886347,27626,27660,46:01.6,46:05.0,46,1,3.4,1,1,1805,left_to_right,Newcastle,1,True,False,False,chaotic,5,chaotic,5,17.09,22.34,1,wide_left,2,middle_third,False,14.76,25.26,1,wide_left,2,middle_third,False,28.3,27.72,60.17,58.17,33.9,31.72,34.0,36.34
246,1886347,27660,27681,46:05.0,46:07.1,46,5,2.1,1,2,4177,right_to_left,Auckland FC,1,True,False,False,chaotic,5,chaotic,5,-14.72,-25.18,5,wide_right,2,middle_third,False,-7.61,-21.15,5,wide_right,2,middle_third,False,31.58,30.47,36.35,41.93,27.73,25.1,58.09,57.34
247,1886347,27789,27824,46:17.9,46:21.4,46,17,3.5,1,1,1805,left_to_right,Newcastle,1,False,False,False,create,1,medium_block,9,3.05,9.98,2,half_space_left,2,middle_third,False,6.42,2.13,3,center,2,middle_third,False,27.28,36.29,51.5,41.78,32.89,50.96,45.06,39.26
248,1886347,27824,27886,45:02.4,45:08.6,0,2,6.2,2,1,4177,left_to_right,Auckland FC,2,True,False,False,chaotic,5,chaotic,5,-7.68,-2.24,3,center,2,middle_third,False,10.14,17.75,2,half_space_left,2,middle_third,False,50.96,39.23,39.36,56.67,36.31,31.08,41.93,44.06
249,1886347,28020,28039,45:22.0,45:23.9,0,22,1.9,2,2,1805,right_to_left,Newcastle,1,True,False,False,chaotic,5,chaotic,5,-26.15,-31.57,5,wide_right,1,defensive_third,False,-20.54,-25.62,5,wide_right,1,defensive_third,False,35.42,32.21,41.86,39.44,26.62,26.13,62.64,60.69
250,1886347,28039,28137,45:23.9,45:33.7,0,23,9.8,2,1,4177,left_to_right,Auckland FC,4,False,False,False,finish,2,low_block,8,20.8,25.4,1,wide_left,3,attacking_third,False,5.36,-28.13,5,wide_right,2,middle_third,False,26.08,50.77,60.52,59.41,32.02,42.91,39.3,48.14
251,1886347,28137,28156,45:33.7,45:35.6,0,33,1.9,2,1,4177,left_to_right,Auckland FC,1,False,False,False,create,1,medium_block,9,5.56,-28.36,5,wide_right,2,middle_third,False,15.5,-29.53,5,wide_right,2,middle_third,False,51.06,50.33,59.36,57.57,43.13,42.75,48.5,51.77
252,1886347,28156,28190,45:35.6,45:39.0,0,35,3.4,2,1,4177,left_to_right,Auckland FC,1,False,False,False,finish,2,low_block,8,16.35,-29.48,5,wide_right,2,middle_third,False,42.39,-12.46,4,half_space_right,3,attacking_third,True,50.08,42.88,57.67,69.86,42.46,33.69,51.88,50.88
253,1886347,28522,28604,46:12.2,46:20.4,1,12,8.2,2,1,4177,left_to_right,Auckland FC,3,True,False,True,set_play,7,defending_set_play,13,51.32,-32.19,5,wide_right,3,attacking_third,False,-5.6,-10.02,4,half_space_right,2,middle_third,False,37.18,14.34,71.44,30.98,20.15,34.49,7.52,60.93
254,1886347,28604,28638,46:20.4,46:23.8,1,20,3.4,2,2,1805,right_to_left,Newcastle,0,True,False,False,chaotic,5,chaotic,5,-4.33,-10.38,4,half_space_right,2,middle_third,False,14.19,-20.68,5,wide_right,2,middle_third,False,14.54,24.71,31.43,45.4,34.78,42.25,60.93,58.35
255,1886347,28638,28898,46:23.8,46:49.8,1,23,26.0,2,1,4177,left_to_right,Auckland FC,7,False,False,False,create,1,medium_block,9,-14.35,20.81,1,wide_left,2,middle_third,False,26.67,14.1,2,half_space_left,3,attacking_third,False,42.29,45.66,58.22,59.3,25.04,32.44,45.69,48.73
256,1886347,28898,29367,46:49.8,47:36.7,1,49,46.9,2,1,4177,left_to_right,Auckland FC,18,True,False,False,finish,2,low_block,8,27.34,15.12,2,half_space_left,3,attacking_third,False,34.55,8.86,3,center,3,attacking_third,False,45.64,50.83,59.91,61.33,32.58,34.02,48.69,28.4
257,1886347,29367,29430,47:36.7,47:43.0,2,36,6.3,2,2,1805,right_to_left,Newcastle,5,False,False,False,build_up,0,high_block,10,-35.24,-8.41,3,center,1,defensive_third,False,-20.25,-32.98,5,wide_right,1,defensive_third,False,33.97,38.77,28.38,31.75,50.76,41.29,61.81,59.5
258,1886347,29430,29532,47:43.0,47:53.2,2,43,10.2,2,2,1805,right_to_left,Newcastle,5,False,False,False,create,1,medium_block,9,-19.67,-33.0,5,wide_right,1,defensive_third,False,4.99,-8.33,3,center,2,middle_third,False,38.73,38.37,31.95,53.71,41.14,32.68,59.48,55.86
259,1886347,29644,29753,48:04.4,48:15.3,3,4,10.9,2,2,1805,right_to_left,Newcastle,4,False,False,False,create,1,medium_block,9,0.63,-8.56,3,center,2,middle_third,False,25.38,-17.69,4,half_space_right,3,attacking_third,False,49.08,56.05,53.2,58.11,29.21,33.57,43.38,44.43
260,1886347,29753,29867,48:15.3,48:26.7,3,15,11.4,2,2,1805,right_to_left,Newcastle,2,False,False,False,finish,2,low_block,8,25.85,-18.72,4,half_space_right,3,attacking_third,False,5.1,-26.9,5,wide_right,2,middle_third,False,56.04,37.09,58.44,70.1,33.95,28.15,44.6,42.46
261,1886347,29867,29911,48:26.7,48:31.1,3,26,4.4,2,2,1805,right_to_left,Newcastle,1,False,False,False,create,1,medium_block,9,4.58,-27.04,5,wide_right,2,middle_third,False,-19.99,-9.83,4,half_space_right,1,defensive_third,False,37.35,48.45,69.99,60.97,28.39,34.12,42.47,49.53
262,1886347,29911,29986,48:31.1,48:38.6,3,31,7.5,2,2,1805,right_to_left,Newcastle,2,False,False,False,build_up,0,high_block,10,-20.78,-9.19,4,half_space_right,1,defensive_third,False,-36.4,-4.27,3,center,1,defensive_third,False,48.63,59.79,60.63,42.54,34.2,33.93,49.78,66.71
263,1886347,29986,30012,48:38.6,48:41.2,3,38,2.6,2,2,1805,right_to_left,Newcastle,1,True,False,False,direct,6,defending_direct,15,-36.48,-4.59,3,center,1,defensive_third,False,2.35,-17.39,4,half_space_right,2,middle_third,False,59.91,59.4,42.12,44.14,33.88,34.07,66.87,64.59
264,1886347,30012,30207,48:41.2,49:00.7,3,41,19.5,2,1,4177,left_to_right,Auckland FC,6,False,False,False,create,1,medium_block,9,-2.58,17.65,2,half_space_left,2,middle_third,False,17.7,-26.28,5,wide_right,3,attacking_third,False,34.05,55.3,64.44,52.65,59.16,37.5,44.43,39.44
265,1886347,30207,30268,49:00.7,49:06.8,4,0,6.1,2,1,4177,left_to_right,Auckland FC,1,False,False,False,finish,2,low_block,8,18.12,-26.6,5,wide_right,3,attacking_third,False,26.09,-34.34,5,wide_right,3,attacking_third,False,55.1,52.01,52.91,57.9,37.74,40.69,39.43,39.7
266,1886347,30282,30297,49:08.2,49:09.7,4,8,1.5,2,1,4177,left_to_right,Auckland FC,2,True,False,False,chaotic,5,chaotic,5,27.12,-34.15,5,wide_right,3,attacking_third,False,30.09,-26.98,5,wide_right,3,attacking_third,False,49.33,45.3,58.6,60.79,38.63,34.98,39.95,39.37
267,1886347,30297,30314,49:09.7,49:11.4,4,9,1.7,2,2,1805,right_to_left,Newcastle,1,False,False,False,build_up,0,high_block,10,-29.65,27.07,1,wide_left,1,defensive_third,False,-20.05,25.5,1,wide_left,1,defensive_third,False,34.74,34.15,39.33,37.09,45.0,40.03,60.83,60.84
268,1886347,30314,30388,49:11.4,49:18.8,4,11,7.4,2,2,1805,right_to_left,Newcastle,4,False,False,False,create,1,medium_block,9,-19.12,24.86,1,wide_left,1,defensive_third,False,-9.7,11.58,2,half_space_left,2,middle_third,False,34.26,42.92,36.9,47.13,39.7,29.32,60.84,49.68
269,1886347,30388,30417,49:18.8,49:21.7,4,18,2.9,2,2,1805,right_to_left,Newcastle,1,False,False,False,direct,6,defending_direct,15,-9.37,11.71,2,half_space_left,2,middle_third,False,25.62,15.29,2,half_space_left,3,attacking_third,False,43.11,43.92,47.54,63.87,29.2,31.92,49.51,45.23
270,1886347,30703,30853,49:50.3,50:05.3,4,50,15.0,2,2,1805,right_to_left,Newcastle,5,True,False,False,create,1,medium_block,9,,,2,half_space_left,2,middle_third,False,-13.91,-35.28,5,wide_right,2,middle_third,False,,56.49,,47.95,,37.03,,53.4
271,1886347,30876,30986,50:07.6,50:18.6,5,7,11.0,2,1,4177,left_to_right,Auckland FC,5,True,False,False,finish,2,low_block,8,19.38,34.42,1,wide_left,3,attacking_third,False,47.65,14.73,2,half_space_left,3,attacking_third,True,36.88,23.83,53.47,71.99,49.81,16.95,47.23,38.93
272,1886347,31065,31118,50:26.5,50:31.8,5,26,5.3,2,2,1805,right_to_left,Newcastle,4,False,False,False,build_up,0,high_block,10,-48.17,6.24,3,center,1,defensive_third,False,-20.55,24.38,1,wide_left,1,defensive_third,False,47.94,55.93,45.3,46.04,34.8,45.72,66.31,62.93
273,1886347,31118,31221,50:31.8,50:42.1,5,31,10.3,2,2,1805,right_to_left,Newcastle,4,False,False,False,create,1,medium_block,9,-19.27,24.65,1,wide_left,1,defensive_third,False,12.15,-26.14,5,wide_right,2,middle_third,False,55.95,42.94,45.85,59.24,45.6,30.59,62.92,54.0
274,1886347,31221,31265,50:42.1,50:46.5,5,42,4.4,2,2,1805,right_to_left,Newcastle,1,False,False,False,finish,2,low_block,8,13.51,-26.27,5,wide_right,2,middle_third,False,33.32,-16.54,4,half_space_right,3,attacking_third,False,42.93,34.21,59.38,69.76,30.64,28.6,53.87,47.67
275,1886347,31861,32061,51:46.1,52:06.1,6,46,20.0,2,2,1805,right_to_left,Newcastle,7,False,False,True,set_play,7,defending_set_play,13,31.94,-23.07,5,wide_right,3,attacking_third,False,27.48,21.92,1,wide_left,3,attacking_third,False,34.34,43.91,63.32,60.75,25.44,32.5,19.95,42.14
276,1886347,32061,32129,52:06.1,52:12.9,7,6,6.8,2,2,1805,right_to_left,Newcastle,2,False,False,False,finish,2,low_block,8,27.81,21.89,1,wide_left,3,attacking_third,False,-32.64,-9.87,4,half_space_right,1,defensive_third,False,43.81,27.04,60.93,42.19,32.1,32.76,42.03,61.76
277,1886347,32129,32134,52:12.9,52:13.4,7,12,0.5,2,2,1805,right_to_left,Newcastle,1,True,False,False,chaotic,5,chaotic,5,33.36,10.2,2,half_space_left,3,attacking_third,False,36.12,11.23,2,half_space_left,3,attacking_third,True,32.45,31.33,61.59,61.24,27.06,27.07,42.64,44.45
278,1886347,32134,32161,52:13.4,52:16.1,7,13,2.7,2,1,4177,left_to_right,Auckland FC,1,False,False,False,chaotic,5,chaotic,5,-36.81,-11.43,4,half_space_right,1,defensive_third,False,-47.59,-27.26,5,wide_right,1,defensive_third,False,26.97,26.2,44.85,52.57,31.08,28.89,61.23,67.4
279,1886347,32374,32384,52:37.4,52:38.4,7,37,1.0,2,1,4177,left_to_right,Auckland FC,1,True,False,False,chaotic,5,chaotic,5,,,2,half_space_left,2,middle_third,False,-29.64,-27.79,5,wide_right,1,defensive_third,False,,29.52,,36.77,,42.07,,63.17
280,1886347,32384,32404,52:38.4,52:40.4,7,38,2.0,2,2,1805,right_to_left,Newcastle,1,False,False,False,chaotic,5,chaotic,5,29.56,27.56,1,wide_left,3,attacking_third,False,29.97,35.39,1,wide_left,3,attacking_third,False,42.09,42.39,62.99,61.29,29.61,31.93,36.78,37.11
281,1886347,32481,32492,52:48.1,52:49.2,7,48,1.1,2,2,1805,right_to_left,Newcastle,2,True,False,False,chaotic,5,chaotic,5,28.63,31.69,1,wide_left,3,attacking_third,False,31.05,31.03,1,wide_left,3,attacking_third,False,42.78,42.21,66.81,66.68,30.18,30.72,35.55,35.16
282,1886347,32492,32502,52:49.2,52:50.2,7,49,1.0,2,1,4177,left_to_right,Auckland FC,1,True,False,False,chaotic,5,chaotic,5,-30.65,-31.22,5,wide_right,1,defensive_third,False,-23.63,-33.58,5,wide_right,1,defensive_third,False,30.84,31.62,35.15,35.05,42.14,41.58,66.61,65.32
283,1886347,32563,32653,52:56.3,53:05.3,7,56,9.0,2,2,1805,right_to_left,Newcastle,4,False,False,False,finish,2,low_block,8,23.12,35.39,1,wide_left,3,attacking_third,False,6.03,-14.35,4,half_space_right,2,middle_third,False,42.43,37.36,63.26,57.83,30.12,27.67,34.16,38.23
284,1886347,32653,32715,53:05.3,53:11.5,8,5,6.2,2,2,1805,right_to_left,Newcastle,2,False,False,False,create,1,medium_block,9,4.98,-14.12,4,half_space_right,2,middle_third,False,-18.67,-7.6,3,center,1,defensive_third,False,37.67,46.04,57.86,51.78,27.72,35.63,38.55,51.67
285,1886347,32715,32799,53:11.5,53:19.9,8,11,8.4,2,2,1805,right_to_left,Newcastle,2,False,False,False,build_up,0,high_block,10,-20.06,-7.12,3,center,1,defensive_third,False,-20.27,-3.35,3,center,1,defensive_third,False,46.12,59.83,51.66,46.11,35.56,33.73,52.03,63.52
286,1886347,32799,32886,53:19.9,53:28.6,8,19,8.7,2,2,1805,right_to_left,Newcastle,4,False,False,False,create,1,medium_block,9,-19.84,-2.96,3,center,1,defensive_third,False,-20.61,10.6,2,half_space_left,1,defensive_third,False,59.91,63.42,46.16,49.9,33.55,33.83,63.17,52.31
287,1886347,32886,32909,53:28.6,53:30.9,8,28,2.3,2,2,1805,right_to_left,Newcastle,1,True,False,False,direct,6,defending_direct,15,-20.24,10.55,2,half_space_left,1,defensive_third,False,14.66,-11.08,4,half_space_right,2,middle_third,False,63.35,59.56,50.02,57.74,33.75,34.44,52.29,53.09
288,1886347,32909,32946,53:30.9,53:34.6,8,30,3.7,2,1,4177,left_to_right,Auckland FC,2,True,False,False,chaotic,5,chaotic,5,-15.01,11.7,2,half_space_left,2,middle_third,False,1.72,18.0,2,half_space_left,2,middle_third,False,34.55,40.88,53.09,52.67,59.32,41.58,58.02,56.54
289,1886347,32946,33000,53:34.6,53:40.0,8,34,5.4,2,2,1805,right_to_left,Newcastle,2,False,False,True,create,1,medium_block,9,-2.26,-18.52,4,half_space_right,2,middle_third,False,22.39,-16.87,4,half_space_right,3,attacking_third,False,41.23,33.81,56.47,62.18,40.94,29.39,52.77,55.0
290,1886347,33000,33049,53:40.0,53:44.9,8,40,4.9,2,2,1805,right_to_left,Newcastle,2,True,False,True,finish,2,low_block,8,23.81,-17.27,4,half_space_right,3,attacking_third,False,52.32,-3.19,3,center,3,attacking_third,False,33.46,24.32,62.67,76.49,29.14,22.92,55.09,50.99
291,1886347,33292,33324,54:09.2,54:12.4,9,9,3.2,2,1,4177,left_to_right,Auckland FC,2,False,False,False,build_up,0,high_block,10,-46.58,-3.9,3,center,1,defensive_third,False,-41.02,-18.65,4,half_space_right,1,defensive_third,False,57.51,60.91,47.74,49.94,39.77,41.26,69.34,71.73
292,1886347,33324,33354,54:12.4,54:15.4,9,12,3.0,2,1,4177,left_to_right,Auckland FC,1,False,False,False,direct,6,defending_direct,15,-39.97,-19.0,4,half_space_right,1,defensive_third,False,-2.53,-31.61,5,wide_right,2,middle_third,False,60.9,54.86,50.0,52.01,41.36,44.97,71.78,66.74
293,1886347,33609,33811,54:40.9,55:01.1,9,40,20.2,2,1,4177,left_to_right,Auckland FC,6,False,False,False,create,1,medium_block,9,,,2,half_space_left,2,middle_third,False,15.68,13.35,2,half_space_left,2,middle_third,False,,38.4,,56.18,,29.1,,42.75
294,1886347,33811,33947,55:01.1,55:14.7,10,1,13.6,2,1,4177,left_to_right,Auckland FC,3,True,False,False,finish,2,low_block,8,16.2,13.96,2,half_space_left,2,middle_third,False,46.64,28.93,1,wide_left,3,attacking_third,False,38.27,36.42,56.24,68.35,29.03,32.51,42.61,17.93
295,1886347,33947,33966,55:14.7,55:16.6,10,14,1.9,2,2,1805,right_to_left,Newcastle,1,True,False,False,chaotic,5,chaotic,5,-46.85,-28.56,5,wide_right,1,defensive_third,False,-44.45,-35.44,5,wide_right,1,defensive_third,False,32.47,31.22,17.82,16.2,36.32,33.05,68.34,70.12
296,1886347,34010,34078,55:21.0,55:27.8,10,21,6.8,2,1,4177,left_to_right,Auckland FC,4,True,False,False,finish,2,low_block,8,44.7,34.2,1,wide_left,3,attacking_third,False,48.68,26.31,1,wide_left,3,attacking_third,False,38.76,36.97,67.38,66.82,31.26,33.44,17.17,16.57
297,1886347,34078,34157,55:27.8,55:35.7,10,27,7.9,2,2,1805,right_to_left,Newcastle,1,True,False,False,chaotic,5,chaotic,5,-48.74,-25.34,5,wide_right,1,defensive_third,False,-13.72,-3.53,3,center,2,middle_third,False,33.35,30.25,16.47,25.4,36.95,41.7,67.08,59.27
298,1886347,34157,34273,55:35.7,55:47.3,10,35,11.6,2,1,4177,left_to_right,Auckland FC,4,False,False,False,finish,2,low_block,8,13.96,3.85,3,center,2,middle_third,False,5.84,-22.22,5,wide_right,2,middle_third,False,42.15,50.33,58.78,56.57,30.31,38.36,25.69,33.43
299,1886347,34273,34350,55:47.3,55:55.0,10,47,7.7,2,1,4177,left_to_right,Auckland FC,4,False,False,False,create,1,medium_block,9,5.28,-21.94,5,wide_right,2,middle_third,False,4.85,19.91,2,half_space_left,2,middle_third,False,50.25,63.47,56.48,53.01,38.31,35.94,33.53,37.36
300,1886347,34350,34423,55:55.0,56:02.3,10,55,7.3,2,1,4177,left_to_right,Auckland FC,2,True,False,False,finish,2,low_block,8,5.88,20.42,1,wide_left,2,middle_third,False,50.89,6.86,3,center,3,attacking_third,True,63.56,36.27,52.99,76.38,35.97,33.17,37.81,44.34
301,1886347,34423,34544,56:02.3,56:14.4,11,2,12.1,2,2,1805,right_to_left,Newcastle,3,False,False,False,build_up,0,high_block,10,-50.87,-6.53,3,center,1,defensive_third,False,-20.54,31.79,1,wide_left,1,defensive_third,False,33.09,53.14,44.37,51.15,35.98,43.19,76.47,60.2
302,1886347,34544,34573,56:14.4,56:17.3,11,14,2.9,2,2,1805,right_to_left,Newcastle,0,True,False,False,create,1,medium_block,9,-19.35,31.21,1,wide_left,1,defensive_third,False,-4.45,17.97,2,half_space_left,2,middle_third,False,52.93,44.46,51.0,47.1,43.42,41.67,60.32,61.2
303,1886347,34573,34606,56:17.3,56:20.6,11,17,3.3,2,1,4177,left_to_right,Auckland FC,1,False,False,False,chaotic,5,chaotic,5,4.42,-17.75,4,half_space_right,2,middle_third,False,16.53,-9.36,4,half_space_right,2,middle_third,False,41.65,41.81,61.07,56.28,44.05,33.13,46.73,39.17
304,1886347,34870,35025,56:47.0,57:02.5,11,47,15.5,2,1,4177,left_to_right,Auckland FC,5,True,False,True,set_play,7,defending_set_play,13,14.51,-7.09,3,center,2,middle_third,False,46.76,-2.79,3,center,3,attacking_third,True,59.41,34.89,62.86,64.89,30.32,29.03,27.03,30.9
305,1886347,35192,35238,57:19.2,57:23.8,12,19,4.6,2,2,1805,right_to_left,Newcastle,4,False,False,False,build_up,0,high_block,10,-45.04,1.75,3,center,1,defensive_third,False,-42.24,24.0,1,wide_left,1,defensive_third,False,66.4,63.48,48.27,47.96,35.84,35.37,68.99,72.55
306,1886347,35238,35262,57:23.8,57:26.2,12,23,2.4,2,2,1805,right_to_left,Newcastle,1,False,False,False,direct,6,defending_direct,15,-42.04,24.24,1,wide_left,1,defensive_third,False,-7.65,17.8,2,half_space_left,2,middle_third,False,63.38,54.51,47.94,44.02,35.32,30.67,72.53,70.21
307,1886347,35262,35322,57:26.2,57:32.2,12,26,6.0,2,2,1805,right_to_left,Newcastle,2,False,False,False,create,1,medium_block,9,-6.83,17.97,2,half_space_left,2,middle_third,False,22.51,13.75,2,half_space_left,3,attacking_third,False,54.18,40.18,43.78,64.38,30.55,32.62,70.03,66.26
308,1886347,35322,35334,57:32.2,57:33.4,12,32,1.2,2,2,1805,right_to_left,Newcastle,1,True,False,False,finish,2,low_block,8,22.78,13.9,2,half_space_left,3,attacking_third,False,33.4,13.92,2,half_space_left,3,attacking_third,False,39.94,37.42,64.85,70.36,32.63,33.09,65.98,63.08
309,1886347,35334,35352,57:33.4,57:35.2,12,33,1.8,2,1,4177,left_to_right,Auckland FC,1,False,False,False,chaotic,5,chaotic,5,-34.13,-13.83,4,half_space_right,1,defensive_third,False,-46.05,-7.04,3,center,1,defensive_third,False,33.15,34.38,62.77,56.21,37.17,33.91,70.82,77.33
310,1886347,35352,35375,57:35.2,57:37.5,12,35,2.3,2,1,4177,left_to_right,Auckland FC,1,True,False,False,direct,6,defending_direct,15,-45.53,-6.95,3,center,1,defensive_third,False,-0.12,-5.37,3,center,2,middle_third,False,34.45,34.77,55.67,49.63,33.84,32.84,77.6,77.47
311,1886347,35375,35397,57:37.5,57:39.7,12,37,2.2,2,2,1805,right_to_left,Newcastle,1,False,False,False,create,1,medium_block,9,-0.67,5.19,3,center,2,middle_third,False,4.87,-3.81,3,center,2,middle_third,False,32.85,35.21,77.22,71.31,34.63,29.15,49.35,45.56
312,1886347,35397,35433,57:39.7,57:43.3,12,39,3.6,2,2,1805,right_to_left,Newcastle,2,False,False,False,finish,2,low_block,8,5.41,-4.06,3,center,2,middle_third,False,5.05,-20.38,5,wide_right,2,middle_third,False,35.38,39.3,71.09,65.71,28.84,30.47,45.48,45.62
313,1886347,35433,35577,57:43.3,57:57.7,12,43,14.4,2,2,1805,right_to_left,Newcastle,6,False,False,False,create,1,medium_block,9,4.69,-19.61,4,half_space_right,2,middle_third,False,3.09,27.58,1,wide_left,2,middle_third,False,39.41,58.98,65.61,52.46,30.57,34.96,45.64,57.25
314,1886347,35948,35993,58:34.8,58:39.3,13,34,4.5,2,2,1805,right_to_left,Newcastle,4,False,False,False,create,1,medium_block,9,4.61,28.91,1,wide_left,2,middle_third,False,21.58,32.73,1,wide_left,3,attacking_third,False,57.36,57.95,60.33,59.54,32.55,34.82,48.71,47.26
315,1886347,35993,36013,58:39.3,58:41.3,13,39,2.0,2,2,1805,right_to_left,Newcastle,2,True,False,False,finish,2,low_block,8,21.73,32.57,1,wide_left,3,attacking_third,False,22.26,24.83,1,wide_left,3,attacking_third,False,57.78,51.69,59.69,61.53,34.77,31.9,47.3,45.99
316,1886347,36013,36207,58:41.3,59:00.7,13,41,19.4,2,1,4177,left_to_right,Auckland FC,5,False,False,False,create,1,medium_block,9,-22.34,-24.57,5,wide_right,1,defensive_third,False,8.1,-34.93,5,wide_right,2,middle_third,False,31.69,56.99,45.87,52.91,51.58,43.67,61.59,47.72
317,1886347,36286,36472,59:08.6,59:27.2,14,8,18.6,2,1,4177,left_to_right,Auckland FC,6,False,False,False,create,1,medium_block,9,3.43,-32.08,5,wide_right,2,middle_third,False,19.15,-12.74,4,half_space_right,3,attacking_third,False,50.07,42.02,56.24,64.33,37.43,31.9,45.03,55.88
318,1886347,36472,36569,59:27.2,59:36.9,14,27,9.7,2,1,4177,left_to_right,Auckland FC,2,True,False,False,finish,2,low_block,8,20.45,-13.63,4,half_space_right,3,attacking_third,False,48.57,3.17,3,center,3,attacking_third,True,41.64,31.59,64.77,74.59,31.77,25.75,55.98,44.34
319,1886347,36569,36643,59:36.9,59:44.3,14,36,7.4,2,2,1805,right_to_left,Newcastle,3,True,False,False,chaotic,5,chaotic,5,-48.49,-2.85,3,center,1,defensive_third,False,-26.95,2.65,3,center,1,defensive_third,False,25.6,30.31,44.28,35.05,31.68,24.22,74.46,63.82
320,1886347,36643,36670,59:44.3,59:47.0,14,44,2.7,2,1,4177,left_to_right,Auckland FC,2,True,False,False,chaotic,5,chaotic,5,27.28,-3.04,3,center,3,attacking_third,False,39.21,-16.62,4,half_space_right,3,attacking_third,True,24.53,29.58,63.72,63.95,30.39,34.37,35.01,35.43
321,1886347,37144,37219,60:34.4,60:41.9,15,34,7.5,2,2,1805,right_to_left,Newcastle,4,False,False,False,build_up,0,high_block,10,,,2,half_space_left,2,middle_third,False,-20.44,-26.54,5,wide_right,1,defensive_third,False,,48.81,,49.49,,37.25,,62.61
322,1886347,37219,37234,60:41.9,60:43.4,15,41,1.5,2,2,1805,right_to_left,Newcastle,0,True,False,False,create,1,medium_block,9,-19.7,-26.41,5,wide_right,1,defensive_third,False,-13.24,-25.73,5,wide_right,2,middle_third,False,49.13,48.55,49.44,48.7,37.28,36.16,62.57,62.51
323,1886347,37234,37249,60:43.4,60:44.9,15,43,1.5,2,1,4177,left_to_right,Auckland FC,1,False,False,False,chaotic,5,chaotic,5,12.98,25.85,1,wide_left,2,middle_third,False,14.71,32.99,1,wide_left,2,middle_third,False,36.0,34.91,62.49,62.26,48.08,41.17,48.57,47.23
324,1886347,37564,37611,61:16.4,61:21.1,16,16,4.7,2,1,4177,left_to_right,Auckland FC,2,False,False,False,set_play,7,defending_set_play,13,13.38,25.35,1,wide_left,2,middle_third,False,5.11,10.81,2,half_space_left,2,middle_third,False,59.39,56.64,55.94,55.77,36.18,36.38,30.34,33.51
325,1886347,37611,37630,61:21.1,61:23.0,16,21,1.9,2,1,4177,left_to_right,Auckland FC,1,False,False,False,create,1,medium_block,9,4.77,10.25,2,half_space_left,2,middle_third,False,4.84,-5.57,3,center,2,middle_third,False,56.68,58.64,55.77,55.66,36.42,37.6,33.59,34.94
326,1886347,37630,37651,61:23.0,61:25.1,16,23,2.1,2,1,4177,left_to_right,Auckland FC,1,False,False,False,finish,2,low_block,8,5.09,-6.91,3,center,2,middle_third,False,6.06,-15.86,4,half_space_right,2,middle_third,False,58.72,60.08,55.66,56.14,37.66,40.22,35.03,36.56
327,1886347,37651,37707,61:25.1,61:30.7,16,25,5.6,2,1,4177,left_to_right,Auckland FC,2,False,False,False,create,1,medium_block,9,5.45,-14.84,4,half_space_right,2,middle_third,False,20.4,28.1,1,wide_left,3,attacking_third,False,60.16,57.33,56.21,57.57,40.27,33.79,36.78,45.67
328,1886347,37707,37743,61:30.7,61:34.3,16,30,3.6,2,1,4177,left_to_right,Auckland FC,2,False,False,False,finish,2,low_block,8,20.81,28.0,1,wide_left,3,attacking_third,False,48.21,12.06,2,half_space_left,3,attacking_third,True,56.95,44.05,57.92,77.45,33.75,20.78,45.65,43.3
329,1886347,38105,38161,62:10.5,62:16.1,17,10,5.6,2,1,4177,left_to_right,Auckland FC,3,True,False,True,set_play,7,defending_set_play,13,50.95,33.61,1,wide_left,3,attacking_third,False,48.25,-0.69,3,center,3,attacking_third,True,44.13,33.22,67.86,56.5,32.9,27.59,8.61,15.85
330,1886347,38475,38600,62:47.5,63:00.0,17,47,12.5,2,2,1805,right_to_left,Newcastle,4,False,False,False,build_up,0,high_block,10,,,2,half_space_left,2,middle_third,False,-35.85,-10.65,4,half_space_right,1,defensive_third,False,,57.85,,46.65,,31.91,,64.83
331,1886347,39534,39544,64:33.4,64:34.4,19,33,1.0,2,2,1805,right_to_left,Newcastle,1,True,False,False,chaotic,5,chaotic,5,,,2,half_space_left,2,middle_third,False,,,2,half_space_left,2,middle_third,False,,,,,,,,
332,1886347,39892,40061,65:09.2,65:26.1,20,9,16.9,2,1,4177,left_to_right,Auckland FC,3,False,False,False,set_play,7,defending_set_play,13,34.57,4.79,3,center,3,attacking_third,False,38.37,-17.35,4,half_space_right,3,attacking_third,True,14.3,41.05,68.1,68.6,10.79,32.5,8.33,23.18
333,1886347,40233,40281,65:43.3,65:48.1,20,43,4.8,2,1,4177,left_to_right,Auckland FC,3,False,False,False,finish,2,low_block,8,28.48,-34.47,5,wide_right,3,attacking_third,False,50.05,-17.32,4,half_space_right,3,attacking_third,True,33.57,31.54,62.82,74.81,29.32,25.42,37.72,34.88
334,1886347,40796,40866,66:39.6,66:46.6,21,39,7.0,2,1,4177,left_to_right,Auckland FC,2,False,False,False,set_play,7,defending_set_play,13,51.04,-31.54,5,wide_right,3,attacking_third,False,5.14,-14.98,4,half_space_right,2,middle_third,False,36.75,50.36,70.23,57.16,21.38,29.43,8.54,32.66
335,1886347,40866,40964,66:46.6,66:56.4,21,46,9.8,2,1,4177,left_to_right,Auckland FC,3,False,False,False,create,1,medium_block,9,4.71,-14.88,4,half_space_right,2,middle_third,False,-19.16,-9.21,4,half_space_right,1,defensive_third,False,50.52,52.2,57.03,49.22,29.33,32.12,33.11,52.05
336,1886347,40964,41009,66:56.4,67:00.9,21,56,4.5,2,1,4177,left_to_right,Auckland FC,1,False,False,False,build_up,0,high_block,10,-20.35,-7.94,3,center,1,defensive_third,False,-28.92,8.6,3,center,1,defensive_third,False,52.37,55.36,49.06,38.64,32.09,33.47,52.37,62.02
337,1886347,41009,41051,67:00.9,67:05.1,22,0,4.2,2,1,4177,left_to_right,Auckland FC,1,True,False,False,direct,6,defending_direct,15,-28.48,8.72,3,center,1,defensive_third,False,35.52,7.72,3,center,3,attacking_third,True,55.29,42.92,38.19,56.01,33.39,32.4,61.72,50.97
338,1886347,41051,41124,67:05.1,67:12.4,22,5,7.3,2,2,1805,right_to_left,Newcastle,3,False,False,False,build_up,0,high_block,10,-36.26,-7.52,3,center,1,defensive_third,False,-20.42,-13.77,4,half_space_right,1,defensive_third,False,32.49,53.11,50.9,47.34,42.69,34.82,56.27,65.32
339,1886347,41124,41241,67:12.4,67:24.1,22,12,11.7,2,2,1805,right_to_left,Newcastle,5,True,False,False,create,1,medium_block,9,-19.63,-13.56,4,half_space_right,1,defensive_third,False,-6.79,30.13,1,wide_left,2,middle_third,False,52.94,50.35,47.42,55.34,34.74,35.61,65.26,55.04
340,1886347,41603,41618,68:00.3,68:01.8,23,0,1.5,2,1,4177,left_to_right,Auckland FC,1,True,False,False,chaotic,5,chaotic,5,12.25,-34.58,5,wide_right,2,middle_third,False,29.5,-32.25,5,wide_right,3,attacking_third,False,36.38,35.29,60.24,64.26,32.13,32.77,44.01,43.51
341,1886347,41618,41678,68:01.8,68:07.8,23,1,6.0,2,2,1805,right_to_left,Newcastle,2,True,False,False,chaotic,5,chaotic,5,-30.22,31.94,1,wide_left,1,defensive_third,False,-13.37,2.19,3,center,2,middle_third,False,32.93,34.93,43.48,45.02,35.18,24.98,64.56,69.83
342,1886347,41678,41713,68:07.8,68:11.3,23,7,3.5,2,1,4177,left_to_right,Auckland FC,1,True,False,False,chaotic,5,chaotic,5,12.56,-2.05,3,center,2,middle_third,False,23.52,8.19,3,center,3,attacking_third,False,24.68,27.71,69.67,59.85,34.9,32.96,45.02,45.26
343,1886347,41713,41795,68:11.3,68:19.5,23,11,8.2,2,2,1805,right_to_left,Newcastle,2,False,False,False,create,1,medium_block,9,-23.85,-8.83,3,center,1,defensive_third,False,29.46,-30.16,5,wide_right,3,attacking_third,False,33.08,44.5,45.4,67.57,27.88,42.51,59.71,60.04
344,1886347,42365,42407,69:16.5,69:20.7,24,16,4.2,2,2,1805,right_to_left,Newcastle,2,True,False,False,set_play,7,defending_set_play,13,26.61,-31.05,5,wide_right,3,attacking_third,False,-5.05,13.71,2,half_space_left,2,middle_third,False,51.9,22.65,61.73,46.14,37.74,43.32,43.23,69.32
345,1886347,42407,42426,69:20.7,69:22.6,24,20,1.9,2,1,4177,left_to_right,Auckland FC,0,True,False,False,direct,6,defending_direct,15,-3.96,13.8,2,half_space_left,2,middle_third,False,8.34,15.05,2,half_space_left,2,middle_third,False,22.67,24.02,46.37,52.55,43.21,41.12,69.23,65.52
346,1886347,42426,42495,69:22.6,69:29.5,24,22,6.9,2,2,1805,right_to_left,Newcastle,2,True,False,False,create,1,medium_block,9,-8.74,-15.09,4,half_space_right,2,middle_third,False,15.36,-14.38,4,half_space_right,2,middle_third,False,41.13,38.49,65.24,56.62,24.36,30.65,53.0,53.11
347,1886347,42495,42527,69:29.5,69:32.7,24,29,3.2,2,1,4177,left_to_right,Auckland FC,1,False,False,False,chaotic,5,chaotic,5,-16.48,14.56,2,half_space_left,2,middle_third,False,-13.71,24.48,1,wide_left,2,middle_third,False,30.46,28.79,53.21,52.36,38.39,30.96,56.87,56.92
348,1886347,42888,42940,70:08.8,70:14.0,25,8,5.2,2,1,4177,left_to_right,Auckland FC,3,False,False,False,create,1,medium_block,9,-12.82,24.9,1,wide_left,2,middle_third,False,-19.8,-16.53,4,half_space_right,1,defensive_third,False,50.12,56.85,55.3,49.78,35.43,35.35,46.89,52.04
349,1886347,42940,43130,70:14.0,70:33.0,25,14,19.0,2,1,4177,left_to_right,Auckland FC,8,False,False,False,build_up,0,high_block,10,-20.03,-16.72,4,half_space_right,1,defensive_third,False,-20.25,32.85,1,wide_left,1,defensive_third,False,56.78,53.71,49.71,46.81,35.53,36.02,52.28,61.73
350,1886347,43130,43223,70:33.0,70:42.3,25,33,9.3,2,1,4177,left_to_right,Auckland FC,4,False,False,False,create,1,medium_block,9,-19.13,32.72,1,wide_left,1,defensive_third,False,23.54,28.78,1,wide_left,3,attacking_third,False,53.63,38.0,46.91,59.54,36.17,31.85,61.62,47.67
351,1886347,43223,43320,70:42.3,70:52.0,25,42,9.7,2,1,4177,left_to_right,Auckland FC,3,False,False,False,finish,2,low_block,8,24.02,28.65,1,wide_left,3,attacking_third,False,48.68,-18.51,4,half_space_right,3,attacking_third,True,37.7,40.12,59.73,66.77,31.75,35.28,47.47,36.93
352,1886347,43626,43674,71:22.6,71:27.4,26,22,4.8,2,1,4177,left_to_right,Auckland FC,3,True,False,True,set_play,7,defending_set_play,13,50.72,-32.83,5,wide_right,3,attacking_third,False,48.08,1.65,3,center,3,attacking_third,True,43.43,37.26,67.66,63.35,31.49,28.41,7.76,9.58
353,1886347,43803,43861,71:40.3,71:46.1,26,40,5.8,2,2,1805,right_to_left,Newcastle,3,False,False,False,build_up,0,high_block,10,-39.39,-12.39,4,half_space_right,1,defensive_third,False,-20.3,-29.74,5,wide_right,1,defensive_third,False,61.27,59.19,45.93,51.73,29.5,39.53,66.08,62.24
354,1886347,43861,43991,71:46.1,71:59.1,26,46,13.0,2,2,1805,right_to_left,Newcastle,5,True,False,False,create,1,medium_block,9,-19.73,-29.29,5,wide_right,1,defensive_third,False,24.01,8.24,3,center,3,attacking_third,False,59.2,39.37,51.83,61.86,39.63,33.3,62.13,43.84
355,1886347,43991,44027,71:59.1,72:02.7,26,59,3.6,2,1,4177,left_to_right,Auckland FC,1,True,False,False,chaotic,5,chaotic,5,-24.2,-7.7,3,center,1,defensive_third,False,-18.96,-12.17,4,half_space_right,1,defensive_third,False,32.94,34.47,43.81,45.2,38.88,28.34,61.72,61.04
356,1886347,44161,44184,72:16.1,72:18.4,27,16,2.3,2,2,1805,right_to_left,Newcastle,1,True,False,False,chaotic,5,chaotic,5,,,2,half_space_left,2,middle_third,False,2.45,17.04,2,half_space_left,2,middle_third,False,,37.67,,56.86,,29.82,,47.9
357,1886347,44184,44210,72:18.4,72:21.0,27,18,2.6,2,1,4177,left_to_right,Auckland FC,1,True,False,False,chaotic,5,chaotic,5,-2.49,-16.69,4,half_space_right,2,middle_third,False,16.75,0.86,3,center,2,middle_third,False,29.95,32.54,48.48,59.2,37.31,28.52,56.76,54.88
358,1886347,44210,44324,72:21.0,72:32.4,27,21,11.4,2,2,1805,right_to_left,Newcastle,5,True,False,False,create,1,medium_block,9,-16.96,-1.02,3,center,2,middle_third,False,2.71,29.81,1,wide_left,2,middle_third,False,28.22,50.08,54.83,56.51,32.53,35.14,59.33,49.87
359,1886347,44324,44352,72:32.4,72:35.2,27,32,2.8,2,1,4177,left_to_right,Auckland FC,2,True,False,False,chaotic,5,chaotic,5,-2.67,-29.76,5,wide_right,2,middle_third,False,15.43,-20.66,5,wide_right,2,middle_third,False,35.02,32.66,50.03,59.38,49.98,41.35,56.52,56.35
360,1886347,44352,44428,72:35.2,72:42.8,27,35,7.6,2,2,1805,right_to_left,Newcastle,3,False,False,True,create,1,medium_block,9,-15.54,20.26,1,wide_left,2,middle_third,False,24.56,-7.75,3,center,3,attacking_third,False,40.95,37.72,56.29,64.88,32.5,27.17,59.85,61.5
361,1886347,44428,44471,72:42.8,72:47.1,27,42,4.3,2,2,1805,right_to_left,Newcastle,1,True,False,True,finish,2,low_block,8,25.4,-7.84,3,center,3,attacking_third,False,46.2,3.44,3,center,3,attacking_third,True,37.63,33.8,65.22,78.43,27.13,30.38,61.54,53.92
362,1886347,44754,44759,73:15.4,73:15.9,28,15,0.5,2,1,4177,left_to_right,Auckland FC,1,True,False,False,create,1,medium_block,9,,,2,half_space_left,2,middle_third,False,,,2,half_space_left,2,middle_third,False,,,,,,,,
363,1886347,44759,44765,73:15.9,73:16.5,28,15,0.6,2,2,1805,right_to_left,Newcastle,1,False,False,False,finish,2,low_block,8,9.27,25.22,1,wide_left,2,middle_third,False,5.64,24.26,1,wide_left,2,middle_third,False,39.62,39.48,58.33,57.25,48.68,47.68,46.76,46.35
364,1886347,44765,44877,73:16.5,73:27.7,28,16,11.2,2,2,1805,right_to_left,Newcastle,5,True,False,False,create,1,medium_block,9,4.81,24.31,1,wide_left,2,middle_third,False,-16.16,-2.68,3,center,2,middle_third,False,39.66,55.45,57.14,56.27,47.42,31.28,46.24,54.86
365,1886347,44877,44919,73:27.7,73:31.9,28,27,4.2,2,1,4177,left_to_right,Auckland FC,1,True,False,False,quick_break,3,defending_quick_break,12,16.0,2.76,3,center,2,middle_third,False,35.42,1.08,3,center,3,attacking_third,False,31.46,35.92,55.1,70.34,55.52,55.02,56.26,56.9
366,1886347,44919,44976,73:31.9,73:37.6,28,31,5.7,2,2,1805,right_to_left,Newcastle,1,False,False,False,build_up,0,high_block,10,-36.09,-1.31,3,center,1,defensive_third,False,-20.19,-25.44,5,wide_right,1,defensive_third,False,55.06,50.12,56.64,48.5,36.03,37.42,70.78,68.63
367,1886347,44976,44979,73:37.6,73:37.9,28,37,0.3,2,2,1805,right_to_left,Newcastle,1,False,False,False,create,1,medium_block,9,-19.74,-25.72,5,wide_right,1,defensive_third,False,-19.81,-26.52,5,wide_right,1,defensive_third,False,49.81,49.33,48.42,48.24,37.73,38.33,68.53,68.34
368,1886347,44979,45004,73:37.9,73:40.4,28,37,2.5,2,2,1805,right_to_left,Newcastle,1,False,False,False,build_up,0,high_block,10,-20.14,-26.93,5,wide_right,1,defensive_third,False,-30.86,-33.4,5,wide_right,1,defensive_third,False,49.18,52.27,48.11,46.18,38.61,44.59,68.25,67.58
369,1886347,45256,45433,74:05.6,74:23.3,29,5,17.7,2,2,1805,right_to_left,Newcastle,8,False,False,False,create,1,medium_block,9,,,2,half_space_left,2,middle_third,False,12.57,-8.12,3,center,2,middle_third,False,,43.5,,60.63,,28.34,,52.42
370,1886347,45433,45444,74:23.3,74:24.4,29,23,1.1,2,2,1805,right_to_left,Newcastle,1,True,False,False,finish,2,low_block,8,12.67,-8.21,3,center,2,middle_third,False,14.0,-10.97,4,half_space_right,2,middle_third,False,43.64,45.27,60.59,61.05,28.38,28.7,52.26,50.78
371,1886347,45444,45512,74:24.4,74:31.2,29,24,6.8,2,1,4177,left_to_right,Auckland FC,1,False,False,False,create,1,medium_block,9,-13.94,11.3,2,half_space_left,2,middle_third,False,8.43,32.06,1,wide_left,2,middle_third,False,28.76,43.33,50.64,55.18,45.4,48.8,61.08,61.41
372,1886347,45550,45596,74:35.0,74:39.6,29,35,4.6,2,1,4177,left_to_right,Auckland FC,2,False,False,False,chaotic,5,chaotic,5,11.78,33.38,1,wide_left,2,middle_third,False,45.11,23.72,1,wide_left,3,attacking_third,False,44.66,37.37,61.1,78.54,42.63,34.2,57.4,56.8
373,1886347,46112,46124,75:31.2,75:32.4,30,31,1.2,2,1,4177,left_to_right,Auckland FC,2,False,False,False,set_play,7,defending_set_play,13,42.98,24.78,1,wide_left,3,attacking_third,False,-48.07,-1.04,3,center,1,defensive_third,False,31.08,20.01,62.17,8.47,20.44,30.76,8.18,63.94
374,1886347,46466,46666,76:06.6,76:26.6,31,6,20.0,2,1,4177,left_to_right,Auckland FC,7,False,False,False,set_play,7,defending_set_play,13,51.67,-30.89,5,wide_right,3,attacking_third,False,46.49,3.65,3,center,3,attacking_third,True,42.0,35.85,67.68,63.85,21.5,30.78,9.45,19.66
375,1886347,46666,46681,76:26.6,76:28.1,31,26,1.5,2,1,4177,left_to_right,Auckland FC,1,True,False,True,finish,2,low_block,8,47.22,5.28,3,center,3,attacking_third,True,54.74,8.4,3,center,3,attacking_third,False,35.93,36.61,64.45,70.64,31.08,33.11,19.85,23.18
376,1886347,47266,47322,77:26.6,77:32.2,32,26,5.6,2,2,1805,right_to_left,Newcastle,2,True,False,False,direct,6,defending_direct,15,-46.04,4.98,3,center,1,defensive_third,False,-0.97,-30.72,5,wide_right,2,middle_third,False,64.94,55.24,54.79,55.41,39.14,36.29,65.78,61.5
377,1886347,47322,47431,77:32.2,77:43.1,32,32,10.9,2,1,4177,left_to_right,Auckland FC,3,False,False,False,quick_break,3,defending_quick_break,12,1.07,30.61,1,wide_left,2,middle_third,False,41.88,1.87,3,center,3,attacking_third,True,36.48,41.29,61.41,76.34,55.43,28.35,55.41,35.11
378,1886347,47431,47726,77:43.1,78:12.6,32,43,29.5,2,1,4177,left_to_right,Auckland FC,10,True,False,False,finish,2,low_block,8,41.43,0.76,3,center,3,attacking_third,True,36.01,-4.81,3,center,3,attacking_third,True,41.53,41.18,76.19,57.39,28.41,27.1,34.45,27.88
379,1886347,47726,47772,78:12.6,78:17.2,33,12,4.6,2,2,1805,right_to_left,Newcastle,3,False,False,False,build_up,0,high_block,10,-36.04,4.75,3,center,1,defensive_third,False,-20.24,12.26,2,half_space_left,1,defensive_third,False,26.89,31.95,27.97,39.15,40.83,22.45,57.69,58.93
380,1886347,47772,47918,78:17.2,78:31.8,33,17,14.6,2,2,1805,right_to_left,Newcastle,3,True,False,False,create,1,medium_block,9,-19.55,13.24,2,half_space_left,1,defensive_third,False,37.51,14.57,2,half_space_left,3,attacking_third,True,32.22,46.2,39.41,71.86,22.25,31.39,58.96,58.52
381,1886347,47918,48001,78:31.8,78:40.1,33,31,8.3,2,1,4177,left_to_right,Auckland FC,3,False,False,False,build_up,0,high_block,10,-38.18,-14.07,4,half_space_right,1,defensive_third,False,-46.0,-31.43,5,wide_right,1,defensive_third,False,31.41,43.2,58.61,50.86,45.83,37.56,72.38,74.29
382,1886347,48001,48032,78:40.1,78:43.2,33,40,3.1,2,1,4177,left_to_right,Auckland FC,1,False,False,False,direct,6,defending_direct,15,-44.67,-31.16,5,wide_right,1,defensive_third,False,-6.0,-27.0,5,wide_right,2,middle_third,False,43.22,37.89,50.84,49.8,37.5,30.85,74.5,73.21
383,1886347,48228,48306,79:02.8,79:10.6,34,2,7.8,2,1,4177,left_to_right,Auckland FC,3,True,False,False,create,1,medium_block,9,-5.12,-18.69,4,half_space_right,2,middle_third,False,4.08,33.65,1,wide_left,2,middle_third,False,51.25,59.11,57.05,52.06,26.88,42.56,48.75,43.79
384,1886347,48424,48523,79:22.4,79:32.3,34,22,9.9,2,2,1805,right_to_left,Newcastle,6,True,False,False,create,1,medium_block,9,1.82,-31.13,5,wide_right,2,middle_third,False,16.48,-32.32,5,wide_right,2,middle_third,False,51.98,46.09,54.27,63.14,30.39,25.94,47.88,49.65
385,1886347,48523,48550,79:32.3,79:35.0,34,32,2.7,2,1,4177,left_to_right,Auckland FC,1,False,False,False,chaotic,5,chaotic,5,-16.24,32.37,1,wide_left,2,middle_third,False,2.66,27.5,1,wide_left,2,middle_third,False,25.8,30.72,49.62,51.88,45.85,42.09,63.17,61.49
386,1886347,48705,48799,79:50.5,79:59.9,34,50,9.4,2,1,4177,left_to_right,Auckland FC,5,False,False,False,create,1,medium_block,9,11.78,29.95,1,wide_left,2,middle_third,False,10.93,-23.63,5,wide_right,2,middle_third,False,44.27,59.01,64.5,55.57,37.01,38.0,37.96,40.21
387,1886347,48799,48877,79:59.9,80:07.7,34,59,7.8,2,1,4177,left_to_right,Auckland FC,3,False,False,False,finish,2,low_block,8,10.56,-24.46,5,wide_right,2,middle_third,False,6.21,-16.63,4,half_space_right,2,middle_third,False,58.84,50.19,55.57,55.81,37.81,32.2,40.18,37.03
388,1886347,48877,48985,80:07.7,80:18.5,35,7,10.8,2,1,4177,left_to_right,Auckland FC,3,False,False,False,create,1,medium_block,9,5.25,-16.44,4,half_space_right,2,middle_third,False,13.61,30.2,1,wide_left,2,middle_third,False,50.17,54.98,55.87,57.38,32.13,40.37,37.41,40.77
389,1886347,48985,48995,80:18.5,80:19.5,35,18,1.0,2,1,4177,left_to_right,Auckland FC,1,False,False,False,finish,2,low_block,8,13.46,30.22,1,wide_left,2,middle_third,False,11.09,30.34,1,wide_left,2,middle_third,False,54.84,53.71,57.53,58.0,40.49,40.74,40.67,40.18
390,1886347,48995,49144,80:19.5,80:34.4,35,19,14.9,2,1,4177,left_to_right,Auckland FC,6,False,False,False,create,1,medium_block,9,10.83,30.33,1,wide_left,2,middle_third,False,11.43,-34.88,5,wide_right,2,middle_third,False,53.59,62.33,57.95,56.95,40.69,45.71,40.15,50.1
391,1886347,49172,49217,80:37.2,80:41.7,35,37,4.5,2,1,4177,left_to_right,Auckland FC,2,False,False,False,finish,2,low_block,8,15.79,-34.38,5,wide_right,2,middle_third,False,6.28,-26.34,5,wide_right,2,middle_third,False,54.49,46.52,62.7,58.85,35.84,29.71,46.36,38.25
392,1886347,49217,49241,80:41.7,80:44.1,35,41,2.4,2,1,4177,left_to_right,Auckland FC,0,False,False,False,create,1,medium_block,9,5.53,-26.54,5,wide_right,2,middle_third,False,-4.83,-28.56,5,wide_right,2,middle_third,False,46.41,45.61,58.74,56.81,29.74,30.15,38.37,42.87
393,1886347,49241,49312,80:44.1,80:51.2,35,44,7.1,2,1,4177,left_to_right,Auckland FC,2,True,False,False,direct,6,defending_direct,15,-4.69,-28.51,5,wide_right,2,middle_third,False,47.13,-9.51,4,half_space_right,3,attacking_third,True,45.56,33.96,56.61,80.28,30.21,21.18,43.35,50.88
394,1886347,49312,49413,80:51.2,81:01.3,35,51,10.1,2,2,1805,right_to_left,Newcastle,3,True,False,False,build_up,0,high_block,10,-46.88,9.42,2,half_space_left,1,defensive_third,False,-24.51,34.81,1,wide_left,1,defensive_third,False,20.93,38.94,50.79,43.0,33.81,36.57,80.29,68.42
395,1886347,49528,49570,81:12.8,81:17.0,36,12,4.2,2,1,4177,left_to_right,Auckland FC,3,True,False,False,chaotic,5,chaotic,5,26.45,-32.83,5,wide_right,3,attacking_third,False,29.35,-26.31,5,wide_right,3,attacking_third,False,37.6,39.48,69.66,62.8,31.06,36.35,40.61,41.62
396,1886347,49570,49608,81:17.0,81:20.8,36,17,3.8,2,2,1805,right_to_left,Newcastle,2,False,False,False,chaotic,5,chaotic,5,-29.58,25.86,1,wide_left,1,defensive_third,False,-28.56,35.14,1,wide_left,1,defensive_third,False,36.33,40.02,41.66,43.8,39.42,42.04,62.8,63.26
397,1886347,49739,49746,81:33.9,81:34.6,36,33,0.7,2,2,1805,right_to_left,Newcastle,1,True,False,False,chaotic,5,chaotic,5,-18.03,32.29,1,wide_left,1,defensive_third,False,-15.25,30.95,1,wide_left,2,middle_third,False,40.9,40.3,48.55,48.15,26.25,26.22,59.03,59.23
398,1886347,49746,49748,81:34.6,81:34.8,36,34,0.2,2,1,4177,left_to_right,Auckland FC,1,False,False,False,finish,2,low_block,8,14.99,-30.69,5,wide_right,2,middle_third,False,14.93,-30.58,5,wide_right,2,middle_third,False,26.19,26.15,59.2,59.15,40.12,39.91,48.06,47.98
399,1886347,49748,49770,81:34.8,81:37.0,36,34,2.2,2,1,4177,left_to_right,Auckland FC,1,False,False,False,create,1,medium_block,9,15.09,-30.39,5,wide_right,2,middle_third,False,17.92,-20.73,5,wide_right,3,attacking_third,False,26.11,25.3,59.1,58.57,39.67,36.94,47.9,46.45
400,1886347,49770,49849,81:37.0,81:44.9,36,37,7.9,2,1,4177,left_to_right,Auckland FC,3,False,False,False,finish,2,low_block,8,17.68,-19.75,4,half_space_right,3,attacking_third,False,5.96,3.01,3,center,2,middle_third,False,25.24,38.07,58.56,62.71,36.79,28.67,46.38,35.39
401,1886347,49849,49910,81:44.9,81:51.0,36,44,6.1,2,1,4177,left_to_right,Auckland FC,3,False,False,False,create,1,medium_block,9,5.18,2.65,3,center,2,middle_third,False,16.91,-22.96,5,wide_right,2,middle_third,False,38.7,51.32,62.64,57.16,28.84,36.42,35.63,40.7
402,1886347,49910,49919,81:51.0,81:51.9,36,51,0.9,2,1,4177,left_to_right,Auckland FC,1,False,False,False,finish,2,low_block,8,16.48,-23.22,5,wide_right,2,middle_third,False,14.3,-24.85,5,wide_right,2,middle_third,False,51.22,50.31,57.25,57.52,36.37,35.54,40.68,40.23
403,1886347,49919,49937,81:51.9,81:53.7,36,51,1.8,2,1,4177,left_to_right,Auckland FC,1,True,False,False,create,1,medium_block,9,14.07,-24.82,5,wide_right,2,middle_third,False,11.39,-22.62,5,wide_right,2,middle_third,False,50.2,49.43,57.5,56.3,35.41,33.92,40.18,40.01
404,1886347,49937,49942,81:53.7,81:54.2,36,53,0.5,2,2,1805,right_to_left,Newcastle,1,True,False,False,chaotic,5,chaotic,5,-11.01,22.32,1,wide_left,2,middle_third,False,-8.12,21.45,1,wide_left,2,middle_third,False,33.8,33.33,40.07,40.32,49.42,49.39,56.31,56.3
405,1886347,49942,49964,81:54.2,81:56.4,36,54,2.2,2,1,4177,left_to_right,Auckland FC,1,False,False,False,create,1,medium_block,9,7.66,-21.5,5,wide_right,2,middle_third,False,11.45,-28.87,5,wide_right,2,middle_third,False,49.4,51.18,56.28,56.72,33.23,33.97,40.4,42.79
406,1886347,49964,50028,81:56.4,82:02.8,36,56,6.4,2,1,4177,left_to_right,Auckland FC,1,False,False,False,finish,2,low_block,8,12.44,-29.3,5,wide_right,2,middle_third,False,6.58,-29.77,5,wide_right,2,middle_third,False,51.28,48.43,56.72,62.45,34.38,34.29,42.98,38.99
407,1886347,50028,50119,82:02.8,82:11.9,37,2,9.1,2,1,4177,left_to_right,Auckland FC,4,False,False,False,create,1,medium_block,9,5.41,-29.5,5,wide_right,2,middle_third,False,16.42,29.01,1,wide_left,2,middle_third,False,48.46,56.04,62.41,59.67,34.39,39.83,38.87,40.64
408,1886347,50119,50149,82:11.9,82:14.9,37,11,3.0,2,1,4177,left_to_right,Auckland FC,1,True,False,False,finish,2,low_block,8,16.89,28.92,1,wide_left,2,middle_third,False,30.56,27.53,1,wide_left,3,attacking_third,False,55.59,46.36,59.73,63.54,39.75,36.16,40.51,36.16
409,1886347,50149,50178,82:14.9,82:17.8,37,14,2.9,2,2,1805,right_to_left,Newcastle,2,False,False,False,build_up,0,high_block,10,-30.78,-27.62,5,wide_right,1,defensive_third,False,-20.25,-16.94,4,half_space_right,1,defensive_third,False,36.26,33.9,35.99,37.17,46.24,38.95,63.67,64.21
410,1886347,50178,50214,82:17.8,82:21.4,37,17,3.6,2,2,1805,right_to_left,Newcastle,1,True,False,False,create,1,medium_block,9,-19.84,-16.62,4,half_space_right,1,defensive_third,False,0.46,-15.59,4,half_space_right,2,middle_third,False,33.78,35.92,37.52,51.02,38.62,34.24,64.13,65.44
411,1886347,50382,50495,82:38.2,82:49.5,37,38,11.3,2,1,4177,left_to_right,Auckland FC,6,False,False,False,create,1,medium_block,9,-8.71,-3.29,3,center,2,middle_third,False,11.89,-23.02,5,wide_right,2,middle_third,False,54.05,48.36,56.82,58.79,33.67,37.08,42.33,48.07
412,1886347,50495,50612,82:49.5,83:01.2,37,49,11.7,2,1,4177,left_to_right,Auckland FC,7,False,False,False,finish,2,low_block,8,12.04,-22.73,5,wide_right,2,middle_third,False,53.74,-1.96,3,center,3,attacking_third,False,48.12,36.23,58.96,73.3,36.52,29.67,48.02,37.05
413,1886347,52205,52453,85:40.5,86:05.3,40,40,24.8,2,2,1805,right_to_left,Newcastle,9,False,False,False,create,1,medium_block,9,-4.11,2.38,3,center,2,middle_third,False,16.76,-30.47,5,wide_right,2,middle_third,False,54.3,53.03,39.44,60.07,29.66,34.85,51.38,40.43
414,1886347,52453,52578,86:05.3,86:17.8,41,5,12.5,2,2,1805,right_to_left,Newcastle,6,False,False,False,finish,2,low_block,8,17.54,-30.99,5,wide_right,3,attacking_third,False,9.99,23.74,1,wide_left,2,middle_third,False,52.82,46.09,60.17,62.06,35.03,36.35,40.23,39.69
415,1886347,52578,52762,86:17.8,86:36.2,41,17,18.4,2,2,1805,right_to_left,Newcastle,5,False,False,False,create,1,medium_block,9,10.16,23.27,1,wide_left,2,middle_third,False,14.54,-13.18,4,half_space_right,2,middle_third,False,45.97,57.88,61.99,62.27,36.11,28.7,40.02,37.73
416,1886347,52762,52816,86:36.2,86:41.6,41,36,5.4,2,2,1805,right_to_left,Newcastle,3,True,False,False,finish,2,low_block,8,15.38,-14.3,4,half_space_right,2,middle_third,False,52.62,3.86,3,center,3,attacking_third,False,57.46,36.77,62.49,79.79,28.68,31.73,37.75,42.71
417,1886347,53250,53260,87:25.0,87:26.0,42,25,1.0,2,1,4177,left_to_right,Auckland FC,1,False,False,False,direct,6,defending_direct,15,-39.66,-7.3,3,center,1,defensive_third,False,-20.28,-11.44,4,half_space_right,1,defensive_third,False,35.49,33.94,55.09,55.13,24.04,23.36,41.98,41.66
418,1886347,53777,53821,88:17.7,88:22.1,43,17,4.4,2,1,4177,left_to_right,Auckland FC,4,False,True,True,set_play,7,defending_set_play,13,21.55,-19.31,4,half_space_right,3,attacking_third,False,47.29,-0.07,3,center,3,attacking_third,True,26.42,20.83,61.93,73.86,24.31,19.28,18.32,19.32
419,1886347,55346,55460,90:54.6,91:06.0,45,54,11.4,2,2,1805,right_to_left,Newcastle,3,False,False,False,create,1,medium_block,9,-7.33,3.61,3,center,2,middle_third,False,20.21,-32.32,5,wide_right,3,attacking_third,False,54.16,51.77,45.27,62.93,34.08,40.4,45.42,47.23
420,1886347,55691,55711,91:29.1,91:31.1,46,29,2.0,2,2,1805,right_to_left,Newcastle,1,True,False,False,set_play,7,defending_set_play,13,18.37,-30.71,5,wide_right,3,attacking_third,False,34.72,0.29,3,center,3,attacking_third,False,43.88,40.69,61.28,63.66,29.85,27.92,21.3,21.29
421,1886347,55711,55741,91:31.1,91:34.1,46,31,3.0,2,1,4177,left_to_right,Auckland FC,2,False,False,False,build_up,0,high_block,10,-34.67,-1.05,3,center,1,defensive_third,False,-20.51,8.54,3,center,1,defensive_third,False,27.69,28.41,21.37,29.72,40.6,37.08,63.72,62.46
422,1886347,55741,55800,91:34.1,91:40.0,46,34,5.9,2,1,4177,left_to_right,Auckland FC,1,False,False,False,create,1,medium_block,9,-19.85,8.7,3,center,1,defensive_third,False,-9.37,27.84,1,wide_left,2,middle_third,False,28.75,40.85,30.16,50.99,36.87,36.65,62.39,54.83
423,1886347,55800,55862,91:40.0,91:46.2,46,40,6.2,2,1,4177,left_to_right,Auckland FC,2,False,False,False,direct,6,defending_direct,15,-8.94,28.24,1,wide_left,2,middle_third,False,46.88,27.08,1,wide_left,3,attacking_third,False,40.86,34.99,50.97,81.03,36.99,31.63,54.55,46.68
424,1886347,56218,56283,92:21.8,92:28.3,47,21,6.5,2,1,4177,left_to_right,Auckland FC,4,False,False,True,set_play,7,defending_set_play,13,,,2,half_space_left,2,middle_third,False,50.85,6.15,3,center,3,attacking_third,True,,29.0,,73.84,,21.93,,35.27
425,1886347,56501,56537,92:50.1,92:53.7,47,50,3.6,2,1,4177,left_to_right,Auckland FC,2,True,False,True,set_play,7,defending_set_play,13,51.3,32.88,1,wide_left,3,attacking_third,False,54.71,-4.96,3,center,3,attacking_third,False,42.61,36.13,75.68,77.75,31.95,24.7,32.12,35.07
426,1886347,56620,56768,93:02.0,93:16.8,48,2,14.8,2,2,1805,right_to_left,Newcastle,5,True,False,False,create,1,medium_block,9,-45.96,9.26,2,half_space_left,1,defensive_third,False,9.85,-23.14,5,wide_right,2,middle_third,False,37.69,48.78,46.55,61.1,28.98,29.35,63.23,36.18
427,1886347,56768,56845,93:16.8,93:24.5,48,16,7.7,2,1,4177,left_to_right,Auckland FC,2,False,False,False,create,1,medium_block,9,-9.8,23.02,1,wide_left,2,middle_third,False,-0.38,1.22,3,center,2,middle_third,False,29.43,45.78,36.04,51.45,48.74,28.34,61.24,47.37
428,1886347,56845,56891,93:24.5,93:29.1,48,24,4.6,2,1,4177,left_to_right,Auckland FC,1,False,False,False,direct,6,defending_direct,15,-0.06,0.54,3,center,2,middle_third,False,32.47,-25.97,5,wide_right,3,attacking_third,False,45.9,47.49,51.42,65.57,28.18,36.48,47.28,41.0
429,1886347,56891,56997,93:29.1,93:39.7,48,29,10.6,2,1,4177,left_to_right,Auckland FC,1,True,False,False,finish,2,low_block,8,32.83,-26.11,5,wide_right,3,attacking_third,False,48.12,-21.98,5,wide_right,3,attacking_third,False,47.36,29.47,66.11,72.54,36.64,33.47,40.9,25.63
430,1886347,56997,57064,93:39.7,93:46.4,48,39,6.7,2,2,1805,right_to_left,Newcastle,2,False,False,False,build_up,0,high_block,10,-48.14,21.58,1,wide_left,1,defensive_third,False,-21.21,18.83,2,half_space_left,1,defensive_third,False,33.55,38.89,25.49,35.6,29.27,22.52,72.15,60.97
431,1886347,57064,57070,93:46.4,93:47.0,48,46,0.6,2,2,1805,right_to_left,Newcastle,0,True,False,False,create,1,medium_block,9,-19.64,18.84,2,half_space_left,1,defensive_third,False,-13.23,18.82,2,half_space_left,2,middle_third,False,38.77,38.49,36.1,37.96,22.36,21.29,60.87,60.24
432,1886347,57070,57085,93:47.0,93:48.5,48,47,1.5,2,1,4177,left_to_right,Auckland FC,1,True,False,False,chaotic,5,chaotic,5,12.64,-18.73,4,half_space_right,2,middle_third,False,13.73,-14.09,4,half_space_right,2,middle_third,False,21.12,20.65,60.12,57.89,38.44,37.73,38.12,38.48
433,1886347,57085,57137,93:48.5,93:53.7,48,48,5.2,2,2,1805,right_to_left,Newcastle,2,True,False,False,chaotic,5,chaotic,5,-13.81,13.7,2,half_space_left,2,middle_third,False,-5.26,26.02,1,wide_left,2,middle_third,False,37.66,42.31,38.92,43.91,20.65,22.0,57.76,56.05
434,1886347,57137,57172,93:53.7,93:57.2,48,53,3.5,2,1,4177,left_to_right,Auckland FC,1,True,False,False,chaotic,5,chaotic,5,5.29,-26.19,5,wide_right,2,middle_third,False,41.48,-13.08,4,half_space_right,3,attacking_third,True,22.51,28.04,56.16,52.84,42.29,46.94,43.51,39.9
435,1886347,57172,57287,93:57.2,94:08.7,48,57,11.5,2,2,1805,right_to_left,Newcastle,3,True,False,False,create,1,medium_block,9,-41.79,13.04,2,half_space_left,1,defensive_third,False,26.47,-9.82,4,half_space_right,3,attacking_third,False,47.24,48.73,39.77,63.93,28.15,36.25,52.84,42.95
436,1886347,57287,57321,94:08.7,94:12.1,49,8,3.4,2,1,4177,left_to_right,Auckland FC,2,True,False,False,chaotic,5,chaotic,5,-27.23,9.66,2,half_space_left,1,defensive_third,False,-2.65,27.42,1,wide_left,2,middle_third,False,36.09,31.52,42.79,43.77,48.37,38.67,64.3,68.34
437,1886347,57321,57356,94:12.1,94:15.6,49,12,3.5,2,2,1805,right_to_left,Newcastle,1,False,False,False,create,1,medium_block,9,1.66,-27.73,5,wide_right,2,middle_third,False,-19.32,-30.87,5,wide_right,1,defensive_third,False,38.87,46.51,68.17,62.51,31.52,33.78,44.16,55.48
438,1886347,57356,57448,94:15.6,94:24.8,49,15,9.2,2,2,1805,right_to_left,Newcastle,2,False,False,False,build_up,0,high_block,10,-20.72,-29.79,5,wide_right,1,defensive_third,False,-20.11,-26.75,5,wide_right,1,defensive_third,False,46.79,57.45,62.4,47.07,33.77,35.6,55.83,62.42
439,1886347,57448,57500,94:24.8,94:30.0,49,24,5.2,2,2,1805,right_to_left,Newcastle,1,False,False,False,create,1,medium_block,9,-19.41,-27.44,5,wide_right,1,defensive_third,False,27.92,-11.4,4,half_space_right,3,attacking_third,False,57.27,46.31,47.12,66.6,35.65,32.79,62.09,46.65
440,1886347,57647,57704,94:44.7,94:50.4,49,44,5.7,2,2,1805,right_to_left,Newcastle,1,True,False,False,chaotic,5,chaotic,5,,,2,half_space_left,2,middle_third,False,2.39,8.69,3,center,2,middle_third,False,,53.66,,54.07,,37.02,,43.15
441,1886347,57704,57746,94:50.4,94:54.6,49,50,4.2,2,1,4177,left_to_right,Auckland FC,1,False,False,False,chaotic,5,chaotic,5,-2.22,-8.91,3,center,2,middle_third,False,17.56,-10.42,4,half_space_right,3,attacking_third,False,37.19,38.68,43.32,58.39,53.67,48.53,54.0,51.82
442,1886347,57947,58033,95:14.7,95:23.3,50,14,8.6,2,1,4177,left_to_right,Auckland FC,3,True,False,False,finish,2,low_block,8,15.73,-12.74,4,half_space_right,2,middle_third,False,23.65,-19.51,4,half_space_right,3,attacking_third,False,48.96,45.9,59.36,56.29,30.18,36.16,34.47,36.42
443,1886347,58033,58295,95:23.3,95:49.5,50,23,26.2,2,2,1805,right_to_left,Newcastle,11,False,False,False,create,1,medium_block,9,-23.82,19.16,2,half_space_left,1,defensive_third,False,15.19,32.51,1,wide_left,2,middle_third,False,36.19,60.81,36.61,57.19,45.52,38.78,56.02,37.25
444,1886347,58295,58306,95:49.5,95:50.6,50,49,1.1,2,2,1805,right_to_left,Newcastle,1,False,False,False,finish,2,low_block,8,14.98,32.38,1,wide_left,2,middle_third,False,12.6,28.88,1,wide_left,2,middle_third,False,60.55,57.63,57.37,58.52,38.88,37.19,37.1,35.02
445,1886347,58306,58414,95:50.6,96:01.4,50,50,10.8,2,2,1805,right_to_left,Newcastle,3,False,False,False,create,1,medium_block,9,12.58,27.58,1,wide_left,2,middle_third,False,25.73,29.47,1,wide_left,3,attacking_third,False,57.41,55.65,58.57,62.39,36.83,37.32,34.7,44.42
446,1886347,58414,58601,96:01.4,96:20.1,51,1,18.7,2,2,1805,right_to_left,Newcastle,7,False,False,False,finish,2,low_block,8,26.06,29.46,1,wide_left,3,attacking_third,False,24.75,-31.29,5,wide_right,3,attacking_third,False,55.63,51.37,62.67,61.28,37.3,37.04,44.44,34.33
447,1886347,58698,58775,96:29.8,96:37.5,51,29,7.7,2,2,1805,right_to_left,Newcastle,3,True,False,True,finish,2,low_block,8,21.65,-32.94,5,wide_right,3,attacking_third,False,48.32,6.44,3,center,3,attacking_third,True,46.21,53.27,63.49,64.49,34.27,29.12,30.92,29.91
448,1886347,58775,58905,96:37.5,96:50.5,51,37,13.0,2,1,4177,left_to_right,Auckland FC,1,False,False,False,chaotic,5,chaotic,5,-49.32,-6.5,3,center,1,defensive_third,False,-39.6,-12.08,4,half_space_right,1,defensive_third,False,28.96,40.38,29.95,46.35,53.21,29.45,64.65,55.56
