index,match_id,frame_start,frame_end,time_start,time_end,minute_start,second_start,duration,period,attacking_side_id,team_in_possession_id,attacking_side,team_in_possession_shortname,n_player_possessions_in_phase,team_possession_loss_in_phase,team_possession_lead_to_goal,team_possession_lead_to_shot,team_in_possession_phase_type,team_in_possession_phase_type_id,team_out_of_possession_phase_type,team_out_of_possession_phase_type_id,x_start,y_start,channel_id_start,channel_start,third_id_start,third_start,penalty_area_start,x_end,y_end,channel_id_end,channel_end,third_id_end,third_end,penalty_area_end,team_in_possession_width_start,team_in_possession_width_end,team_in_possession_length_start,team_in_possession_length_end,team_out_of_possession_width_start,team_out_of_possession_width_end,team_out_of_possession_length_start,team_out_of_possession_length_end
0,2015213,2212,2274,00:00.2,00:06.4,0,0,6.2,1,2,4177,right_to_left,Auckland FC,5,False,False,False,create,1,medium_block,9,-2.39,0.25,3,center,2,middle_third,False,-15.53,23.18,1,wide_left,2,middle_third,False,53.35,50.6,39.88,54.05,42.5,33.7,40.33,54.24
1,2015213,2274,2312,00:06.4,00:10.2,0,6,3.8,1,2,4177,right_to_left,Auckland FC,1,True,False,False,direct,6,defending_direct,15,-15.27,23.64,1,wide_left,2,middle_third,False,23.94,22.98,1,wide_left,3,attacking_third,False,50.57,35.79,54.35,66.63,33.56,26.43,54.15,47.97
2,2015213,2477,2541,00:26.7,00:33.1,0,26,6.4,1,1,1803,left_to_right,Western United,3,False,False,False,build_up,0,high_block,10,-28.89,-21.08,5,wide_right,1,defensive_third,False,-22.56,17.79,2,half_space_left,1,defensive_third,False,50.5,58.66,41.35,42.36,32.76,37.55,53.91,56.38
3,2015213,2541,2567,00:33.1,00:35.7,0,33,2.6,1,1,1803,left_to_right,Western United,1,True,False,False,direct,6,defending_direct,15,-21.67,17.75,2,half_space_left,1,defensive_third,False,16.75,-1.32,3,center,2,middle_third,False,58.8,53.62,42.61,56.45,37.57,36.7,56.1,51.94
4,2015213,2567,2607,00:35.7,00:39.7,0,35,4.0,1,2,4177,right_to_left,Auckland FC,1,True,False,False,chaotic,5,chaotic,5,-17.72,1.99,3,center,1,defensive_third,False,-13.68,28.89,1,wide_left,2,middle_third,False,36.61,40.24,52.03,53.84,53.14,44.38,57.0,60.21
5,2015213,2662,2688,00:45.2,00:47.8,0,45,2.6,1,1,1803,left_to_right,Western United,2,True,False,False,chaotic,5,chaotic,5,9.39,-32.78,5,wide_right,2,middle_third,False,15.51,-27.46,5,wide_right,2,middle_third,False,44.06,32.2,58.99,57.88,33.32,27.03,48.04,48.25
6,2015213,2688,2732,00:47.8,00:52.2,0,47,4.4,1,2,4177,right_to_left,Auckland FC,3,False,False,False,chaotic,5,chaotic,5,-14.93,27.3,1,wide_left,2,middle_third,False,-14.84,18.66,2,half_space_left,2,middle_third,False,26.68,33.7,48.28,49.4,31.73,22.9,57.65,48.73
7,2015213,3059,3076,01:24.9,01:26.6,1,24,1.7,1,2,4177,right_to_left,Auckland FC,1,True,False,False,create,1,medium_block,9,-13.93,16.37,2,half_space_left,2,middle_third,False,20.7,6.55,3,center,3,attacking_third,False,40.68,39.76,57.12,59.22,35.51,35.06,36.45,39.04
8,2015213,3076,3097,01:26.6,01:28.7,1,26,2.1,1,1,1803,left_to_right,Western United,1,True,False,False,chaotic,5,chaotic,5,-21.0,-6.37,3,center,1,defensive_third,False,-2.5,-3.3,3,center,2,middle_third,False,34.98,34.09,39.18,42.11,39.72,40.42,59.37,58.54
9,2015213,3097,3103,01:28.7,01:29.3,1,28,0.6,1,2,4177,right_to_left,Auckland FC,1,True,False,False,chaotic,5,chaotic,5,2.16,3.27,3,center,2,middle_third,False,5.38,5.1,3,center,2,middle_third,False,40.61,41.63,58.35,57.47,34.16,34.49,42.34,43.5
10,2015213,3103,3300,01:29.3,01:49.0,1,29,19.7,1,1,1803,left_to_right,Western United,6,False,False,False,create,1,medium_block,9,-6.25,-5.63,3,center,2,middle_third,False,17.84,22.74,1,wide_left,3,attacking_third,False,34.53,39.77,43.71,55.68,41.83,38.49,57.31,50.01
11,2015213,3300,3413,01:49.0,02:00.3,1,49,11.3,1,1,1803,left_to_right,Western United,4,False,False,False,finish,2,low_block,8,18.28,22.39,1,wide_left,3,attacking_third,False,5.37,-15.09,4,half_space_right,2,middle_third,False,39.42,42.58,56.01,57.43,38.0,33.0,49.83,32.17
12,2015213,3413,3459,02:00.3,02:04.9,2,0,4.6,1,1,1803,left_to_right,Western United,2,True,False,False,create,1,medium_block,9,4.86,-14.7,4,half_space_right,2,middle_third,False,9.57,-12.27,4,half_space_right,2,middle_third,False,42.96,50.72,57.2,51.8,33.09,33.17,32.37,38.2
13,2015213,3803,3852,02:39.3,02:44.2,2,39,4.9,1,2,4177,right_to_left,Auckland FC,2,True,False,False,direct,6,defending_direct,15,-43.08,-6.64,3,center,1,defensive_third,False,6.58,-18.77,4,half_space_right,2,middle_third,False,27.6,26.21,59.43,56.07,25.03,24.92,42.42,47.2
14,2015213,3852,3928,02:44.2,02:51.8,2,44,7.6,1,1,1803,left_to_right,Western United,4,False,False,False,create,1,medium_block,9,-7.04,18.61,2,half_space_left,2,middle_third,False,-19.99,26.87,1,wide_left,1,defensive_third,False,24.93,34.28,47.21,51.19,26.4,31.84,56.1,54.79
15,2015213,3928,4102,02:51.8,03:09.2,2,51,17.4,1,1,1803,left_to_right,Western United,7,False,False,False,build_up,0,high_block,10,-21.17,26.54,1,wide_left,1,defensive_third,False,-40.18,-26.16,5,wide_right,1,defensive_third,False,34.69,56.37,51.17,52.33,31.94,43.65,55.25,68.47
16,2015213,4102,4135,03:09.2,03:12.5,3,9,3.3,1,1,1803,left_to_right,Western United,1,True,False,False,direct,6,defending_direct,15,-39.81,-26.45,5,wide_right,1,defensive_third,False,11.57,-19.04,4,half_space_right,2,middle_third,False,56.1,43.31,52.44,60.69,43.64,42.25,68.13,64.78
17,2015213,4331,4452,03:32.1,03:44.2,3,32,12.1,1,2,4177,right_to_left,Auckland FC,6,False,False,False,build_up,0,high_block,10,,,2,half_space_left,2,middle_third,False,-49.09,-11.05,4,half_space_right,1,defensive_third,False,,58.18,,47.85,,36.54,,74.24
18,2015213,4452,4478,03:44.2,03:46.8,3,44,2.6,1,2,4177,right_to_left,Auckland FC,1,True,False,False,direct,6,defending_direct,15,-49.01,-11.04,4,half_space_right,1,defensive_third,False,-12.21,-19.86,4,half_space_right,2,middle_third,False,58.16,53.29,47.66,45.69,36.57,34.03,74.62,72.77
19,2015213,4478,4511,03:46.8,03:50.1,3,46,3.3,1,1,1803,left_to_right,Western United,2,True,False,False,chaotic,5,chaotic,5,11.81,19.9,2,half_space_left,2,middle_third,False,27.15,16.22,2,half_space_left,3,attacking_third,False,33.84,33.44,72.51,63.42,52.9,42.24,45.59,45.99
20,2015213,4511,4562,03:50.1,03:55.2,3,50,5.1,1,2,4177,right_to_left,Auckland FC,2,True,False,False,chaotic,5,chaotic,5,-27.19,-15.91,4,half_space_right,1,defensive_third,False,-3.42,-11.05,4,half_space_right,2,middle_third,False,42.07,40.63,46.07,52.09,33.23,28.32,63.15,56.68
21,2015213,4562,4683,03:55.2,04:07.3,3,55,12.1,1,1,1803,left_to_right,Western United,4,True,False,False,create,1,medium_block,9,2.82,11.35,2,half_space_left,2,middle_third,False,25.77,25.21,1,wide_left,3,attacking_third,False,28.35,45.75,56.63,62.42,40.73,33.33,52.48,52.65
22,2015213,4683,4911,04:07.3,04:30.1,4,7,22.8,1,2,4177,right_to_left,Auckland FC,6,False,False,False,build_up,0,high_block,10,-26.32,-25.03,5,wide_right,1,defensive_third,False,-20.82,22.9,1,wide_left,1,defensive_third,False,33.23,59.11,52.59,48.81,45.5,39.62,62.79,69.27
23,2015213,4911,4918,04:30.1,04:30.8,4,30,0.7,1,2,4177,right_to_left,Auckland FC,1,False,False,False,create,1,medium_block,9,-19.79,23.25,1,wide_left,1,defensive_third,False,-19.89,24.19,1,wide_left,1,defensive_third,False,58.92,57.45,48.82,48.73,39.71,40.23,69.0,66.98
24,2015213,4918,4948,04:30.8,04:33.8,4,30,3.0,1,2,4177,right_to_left,Auckland FC,2,False,False,False,build_up,0,high_block,10,-20.44,24.23,1,wide_left,1,defensive_third,False,-21.15,29.47,1,wide_left,1,defensive_third,False,57.19,52.21,48.7,47.93,40.32,40.47,66.8,62.36
25,2015213,4948,4962,04:33.8,04:35.2,4,33,1.4,1,2,4177,right_to_left,Auckland FC,0,True,False,False,create,1,medium_block,9,-19.61,29.19,1,wide_left,1,defensive_third,False,-4.89,26.08,1,wide_left,2,middle_third,False,52.06,49.19,47.92,47.78,40.47,39.2,62.33,61.58
26,2015213,4962,4966,04:35.2,04:35.6,4,35,0.4,1,1,1803,left_to_right,Western United,1,False,False,False,create,1,medium_block,9,4.39,-25.73,5,wide_right,2,middle_third,False,4.77,-24.27,5,wide_right,2,middle_third,False,39.08,38.66,61.46,61.12,49.03,48.3,47.58,46.79
27,2015213,4966,4982,04:35.6,04:37.2,4,35,1.6,1,1,1803,left_to_right,Western United,1,False,False,False,finish,2,low_block,8,5.26,-23.76,5,wide_right,2,middle_third,False,12.02,-18.74,4,half_space_right,2,middle_third,False,38.52,37.58,61.03,59.23,47.98,42.11,46.42,42.06
28,2015213,4982,4992,04:37.2,04:38.2,4,37,1.0,1,1,1803,left_to_right,Western United,0,False,False,False,create,1,medium_block,9,12.82,-18.41,4,half_space_right,2,middle_third,False,20.64,-13.81,4,half_space_right,3,attacking_third,False,37.57,37.44,59.19,59.68,41.7,38.94,41.68,40.67
29,2015213,4992,5119,04:38.2,04:50.9,4,38,12.7,1,1,1803,left_to_right,Western United,6,False,False,False,finish,2,low_block,8,21.19,-13.2,4,half_space_right,3,attacking_third,False,6.38,17.04,2,half_space_left,2,middle_third,False,37.45,46.09,59.82,62.44,38.72,37.67,40.77,37.29
30,2015213,5119,5134,04:50.9,04:52.4,4,50,1.5,1,1,1803,left_to_right,Western United,1,False,False,False,create,1,medium_block,9,5.14,16.37,2,half_space_left,2,middle_third,False,4.44,14.88,2,half_space_left,2,middle_third,False,45.78,45.58,62.36,60.35,37.47,33.78,37.35,38.02
31,2015213,5134,5229,04:52.4,05:01.9,4,52,9.5,1,1,1803,left_to_right,Western United,2,True,False,False,finish,2,low_block,8,5.69,15.59,2,half_space_left,2,middle_third,False,40.04,11.3,2,half_space_left,3,attacking_third,True,45.93,45.8,60.18,68.22,33.58,36.95,37.99,30.21
32,2015213,5229,5567,05:01.9,05:35.7,5,1,33.8,1,2,4177,right_to_left,Auckland FC,2,False,False,False,build_up,0,high_block,10,-40.22,-10.33,4,half_space_right,1,defensive_third,False,,,2,half_space_left,2,middle_third,False,36.84,,30.06,,45.54,,68.41,
33,2015213,5567,5609,05:35.7,05:39.9,5,35,4.2,1,2,4177,right_to_left,Auckland FC,1,True,False,False,create,1,medium_block,9,-4.99,-13.51,4,half_space_right,2,middle_third,False,18.26,-13.27,4,half_space_right,3,attacking_third,False,34.56,28.51,54.27,63.04,28.59,23.47,49.37,47.46
34,2015213,5609,5636,05:39.9,05:42.6,5,39,2.7,1,1,1803,left_to_right,Western United,1,True,False,False,chaotic,5,chaotic,5,-17.86,13.24,2,half_space_left,1,defensive_third,False,-6.99,27.83,1,wide_left,2,middle_third,False,23.35,28.21,47.41,46.8,28.58,36.76,62.92,60.64
35,2015213,5636,5646,05:42.6,05:43.6,5,42,1.0,1,2,4177,right_to_left,Auckland FC,1,True,False,False,chaotic,5,chaotic,5,7.03,-28.33,5,wide_right,2,middle_third,False,11.81,-31.79,5,wide_right,2,middle_third,False,37.09,39.11,60.54,58.95,28.61,31.71,46.78,46.48
36,2015213,5871,5893,06:06.1,06:08.3,6,6,2.2,1,1,1803,left_to_right,Western United,1,True,False,False,chaotic,5,chaotic,5,-15.4,33.35,1,wide_left,2,middle_third,False,-6.97,26.62,1,wide_left,2,middle_third,False,34.75,33.81,42.87,41.33,28.0,27.84,56.34,54.67
37,2015213,5893,5944,06:08.3,06:13.4,6,8,5.1,1,2,4177,right_to_left,Auckland FC,2,True,False,False,chaotic,5,chaotic,5,7.13,-26.57,5,wide_right,2,middle_third,False,39.62,-5.89,3,center,3,attacking_third,True,27.99,35.07,54.58,66.85,33.73,38.46,41.39,41.01
38,2015213,5944,6175,06:13.4,06:36.5,6,13,23.1,1,1,1803,left_to_right,Western United,7,False,False,False,build_up,0,high_block,10,-40.07,5.55,3,center,1,defensive_third,False,-20.05,26.34,1,wide_left,1,defensive_third,False,38.86,58.43,41.21,46.2,35.27,40.83,67.24,60.23
39,2015213,6175,6194,06:36.5,06:38.4,6,36,1.9,1,1,1803,left_to_right,Western United,1,False,False,False,create,1,medium_block,9,-19.27,27.37,1,wide_left,1,defensive_third,False,-19.52,30.14,1,wide_left,1,defensive_third,False,58.4,57.73,46.36,48.86,41.08,43.09,60.0,57.33
40,2015213,6194,6248,06:38.4,06:43.8,6,38,5.4,1,1,1803,left_to_right,Western United,2,False,False,False,build_up,0,high_block,10,-20.9,29.52,1,wide_left,1,defensive_third,False,-50.12,6.01,3,center,1,defensive_third,False,57.57,58.05,48.96,48.83,42.96,41.24,57.57,79.3
41,2015213,6248,6274,06:43.8,06:46.4,6,43,2.6,1,1,1803,left_to_right,Western United,1,True,False,False,direct,6,defending_direct,15,-49.8,5.44,3,center,1,defensive_third,False,-9.89,-19.61,4,half_space_right,2,middle_third,False,58.17,54.47,48.81,48.09,41.38,42.99,79.39,74.39
42,2015213,6274,6575,06:46.4,07:16.5,6,46,30.1,1,2,4177,right_to_left,Auckland FC,8,False,False,False,create,1,medium_block,9,8.43,20.17,1,wide_left,2,middle_third,False,-19.33,21.0,1,wide_left,1,defensive_third,False,43.04,61.78,74.23,45.96,54.24,44.56,47.98,52.39
43,2015213,6575,6640,07:16.5,07:23.0,7,16,6.5,1,2,4177,right_to_left,Auckland FC,1,False,False,False,build_up,0,high_block,10,-20.38,19.78,2,half_space_left,1,defensive_third,False,-20.23,-28.51,5,wide_right,1,defensive_third,False,61.77,59.78,45.76,44.56,44.61,40.69,52.64,65.54
44,2015213,6640,6961,07:23.0,07:55.1,7,23,32.1,1,2,4177,right_to_left,Auckland FC,9,False,False,False,create,1,medium_block,9,-19.67,-29.03,5,wide_right,1,defensive_third,False,-19.4,-24.08,5,wide_right,1,defensive_third,False,59.68,59.17,44.71,50.03,40.79,40.96,65.36,49.05
45,2015213,6961,7031,07:55.1,08:02.1,7,55,7.0,1,2,4177,right_to_left,Auckland FC,2,False,False,False,build_up,0,high_block,10,-20.03,-23.73,5,wide_right,1,defensive_third,False,-20.28,-25.32,5,wide_right,1,defensive_third,False,59.16,58.89,49.93,43.17,40.73,39.34,49.43,69.29
46,2015213,7031,7032,08:02.1,08:02.2,8,2,0.1,1,2,4177,right_to_left,Auckland FC,0,True,False,False,create,1,medium_block,9,-19.64,-25.81,5,wide_right,1,defensive_third,False,-19.64,-25.81,5,wide_right,1,defensive_third,False,58.72,58.72,43.33,43.33,39.4,39.4,69.12,69.12
47,2015213,7032,7056,08:02.2,08:04.6,8,2,2.4,1,1,1803,left_to_right,Western United,1,True,False,False,chaotic,5,chaotic,5,19.02,26.25,1,wide_left,3,attacking_third,False,25.24,24.94,1,wide_left,3,attacking_third,False,39.48,39.34,68.92,63.02,58.53,51.67,43.49,45.34
48,2015213,7056,7092,08:04.6,08:08.2,8,4,3.6,1,2,4177,right_to_left,Auckland FC,1,True,False,False,direct,6,defending_direct,15,-25.38,-25.27,5,wide_right,1,defensive_third,False,12.65,-28.45,5,wide_right,2,middle_third,False,51.52,46.5,45.43,54.2,39.26,36.73,62.82,58.52
49,2015213,7092,7102,08:08.2,08:09.2,8,8,1.0,1,1,1803,left_to_right,Western United,1,True,False,False,chaotic,5,chaotic,5,-13.03,28.59,1,wide_left,2,middle_third,False,-8.32,31.09,1,wide_left,2,middle_third,False,36.75,37.07,58.36,57.24,46.31,45.0,54.23,55.5
50,2015213,7183,7253,08:17.3,08:24.3,8,17,7.0,1,2,4177,right_to_left,Auckland FC,2,False,False,False,chaotic,5,chaotic,5,-5.55,-15.0,4,half_space_right,2,middle_third,False,20.68,28.3,1,wide_left,3,attacking_third,False,51.55,53.3,53.62,58.06,36.92,41.66,45.71,43.27
51,2015213,7330,7431,08:32.0,08:42.1,8,32,10.1,1,2,4177,right_to_left,Auckland FC,4,True,False,False,create,1,medium_block,9,5.84,32.27,1,wide_left,2,middle_third,False,7.81,-13.6,4,half_space_right,2,middle_third,False,46.07,60.99,60.25,52.7,32.29,38.32,40.04,44.79
52,2015213,7431,7487,08:42.1,08:47.7,8,42,5.6,1,1,1803,left_to_right,Western United,3,False,False,False,create,1,medium_block,9,-9.3,13.49,2,half_space_left,2,middle_third,False,-19.93,22.17,1,wide_left,1,defensive_third,False,37.83,39.74,44.93,47.23,60.93,40.52,52.86,56.17
53,2015213,7487,7729,08:47.7,09:11.9,8,47,24.2,1,1,1803,left_to_right,Western United,4,False,False,False,build_up,0,high_block,10,-21.22,21.47,1,wide_left,1,defensive_third,False,-22.66,19.29,2,half_space_left,1,defensive_third,False,39.83,59.81,47.27,48.02,40.37,37.41,56.43,56.47
54,2015213,7729,7758,09:11.9,09:14.8,9,11,2.9,1,1,1803,left_to_right,Western United,1,True,False,False,direct,6,defending_direct,15,-21.61,19.09,2,half_space_left,1,defensive_third,False,21.65,-3.56,3,center,3,attacking_third,False,59.58,46.75,48.28,60.11,37.43,37.13,56.24,52.24
55,2015213,7758,7974,09:14.8,09:36.4,9,14,21.6,1,2,4177,right_to_left,Auckland FC,7,False,False,False,build_up,0,high_block,10,-22.73,4.45,3,center,1,defensive_third,False,-20.1,-26.97,5,wide_right,1,defensive_third,False,37.08,48.48,52.22,44.86,46.37,33.08,60.44,63.2
56,2015213,7974,8018,09:36.4,09:40.8,9,36,4.4,1,2,4177,right_to_left,Auckland FC,2,True,False,False,create,1,medium_block,9,-19.9,-27.53,5,wide_right,1,defensive_third,False,3.35,-24.62,5,wide_right,2,middle_third,False,48.87,47.04,44.94,50.1,33.39,40.58,63.01,56.27
57,2015213,8018,8058,09:40.8,09:44.8,9,40,4.0,1,1,1803,left_to_right,Western United,2,True,False,False,chaotic,5,chaotic,5,-3.37,24.71,1,wide_left,2,middle_third,False,1.41,33.16,1,wide_left,2,middle_third,False,40.36,37.69,56.11,52.72,46.91,42.14,50.18,45.56
58,2015213,8058,8091,09:44.8,09:48.1,9,44,3.3,1,2,4177,right_to_left,Auckland FC,3,True,False,False,create,1,medium_block,9,-1.57,-33.35,5,wide_right,2,middle_third,False,2.94,-29.14,5,wide_right,2,middle_third,False,42.27,43.24,45.52,43.93,37.66,37.08,52.68,50.76
59,2015213,8091,8147,09:48.1,09:53.7,9,48,5.6,1,1,1803,left_to_right,Western United,2,False,False,False,create,1,medium_block,9,-2.86,28.55,1,wide_left,2,middle_third,False,-19.32,12.22,2,half_space_left,1,defensive_third,False,36.99,42.46,50.57,47.12,43.28,34.55,43.81,50.5
60,2015213,8147,8355,09:53.7,10:14.5,9,53,20.8,1,1,1803,left_to_right,Western United,5,False,False,False,build_up,0,high_block,10,-20.3,11.44,2,half_space_left,1,defensive_third,False,-22.67,22.03,1,wide_left,1,defensive_third,False,42.67,61.52,46.89,47.32,34.45,41.86,50.64,59.32
61,2015213,8355,8400,10:14.5,10:19.0,10,14,4.5,1,1,1803,left_to_right,Western United,1,True,False,False,direct,6,defending_direct,15,-22.03,22.21,1,wide_left,1,defensive_third,False,40.18,-6.92,3,center,3,attacking_third,True,61.25,46.63,47.57,71.85,41.82,43.17,59.18,56.8
62,2015213,8400,8443,10:19.0,10:23.3,10,19,4.3,1,2,4177,right_to_left,Auckland FC,1,False,False,False,build_up,0,high_block,10,-40.66,7.48,3,center,1,defensive_third,False,-20.4,26.51,1,wide_left,1,defensive_third,False,43.4,53.61,56.51,49.67,46.38,43.27,72.07,65.08
63,2015213,8443,8504,10:23.3,10:29.4,10,23,6.1,1,2,4177,right_to_left,Auckland FC,1,True,False,False,create,1,medium_block,9,-19.22,27.07,1,wide_left,1,defensive_third,False,36.6,30.61,1,wide_left,3,attacking_third,False,53.73,43.8,49.7,69.92,43.33,39.05,64.86,51.13
64,2015213,8961,9015,11:15.1,11:20.5,11,15,5.4,1,1,1803,left_to_right,Western United,3,False,False,False,finish,2,low_block,8,25.14,-34.45,5,wide_right,3,attacking_third,False,6.12,-12.51,4,half_space_right,2,middle_third,False,35.24,32.65,63.42,62.41,27.97,28.45,43.91,40.86
65,2015213,9015,9053,11:20.5,11:24.3,11,20,3.8,1,1,1803,left_to_right,Western United,1,True,False,False,create,1,medium_block,9,5.38,-11.81,4,half_space_right,2,middle_third,False,18.72,9.63,2,half_space_left,3,attacking_third,False,32.77,43.54,62.23,58.45,28.28,35.62,40.69,46.22
66,2015213,9053,9054,11:24.3,11:24.4,11,24,0.1,1,2,4177,right_to_left,Auckland FC,0,False,False,False,create,1,medium_block,9,-19.93,-10.16,4,half_space_right,1,defensive_third,False,-19.93,-10.16,4,half_space_right,1,defensive_third,False,35.9,35.9,46.19,46.19,43.62,43.62,58.39,58.39
67,2015213,9054,9184,11:24.4,11:37.4,11,24,13.0,1,2,4177,right_to_left,Auckland FC,3,True,False,False,build_up,0,high_block,10,-21.05,-10.77,4,half_space_right,1,defensive_third,False,-35.08,-19.2,4,half_space_right,1,defensive_third,False,36.19,50.2,46.15,46.37,43.68,41.42,58.33,75.03
68,2015213,9237,9353,11:42.7,11:54.3,11,42,11.6,1,1,1803,left_to_right,Western United,4,False,False,False,create,1,medium_block,9,11.28,33.15,1,wide_left,2,middle_third,False,-19.03,14.36,2,half_space_left,1,defensive_third,False,42.54,60.63,71.33,46.61,44.42,37.31,43.56,51.5
69,2015213,9353,9397,11:54.3,11:58.7,11,54,4.4,1,1,1803,left_to_right,Western United,1,False,False,False,build_up,0,high_block,10,-20.25,13.71,2,half_space_left,1,defensive_third,False,-20.2,-8.17,3,center,1,defensive_third,False,60.75,62.19,46.33,39.23,37.26,37.95,51.92,66.03
70,2015213,9397,9410,11:58.7,12:00.0,11,58,1.3,1,1,1803,left_to_right,Western United,0,False,False,False,create,1,medium_block,9,-19.03,-8.9,3,center,1,defensive_third,False,-6.39,-14.36,4,half_space_right,2,middle_third,False,61.91,57.28,39.31,42.78,37.91,36.58,65.85,62.42
71,2015213,9682,9725,12:27.2,12:31.5,12,27,4.3,1,1,1803,left_to_right,Western United,3,False,False,False,create,1,medium_block,9,-4.37,-13.21,4,half_space_right,2,middle_third,False,-19.1,-7.91,3,center,1,defensive_third,False,60.56,59.76,51.19,45.57,39.28,38.68,44.94,50.94
72,2015213,9725,9765,12:31.5,12:35.5,12,31,4.0,1,1,1803,left_to_right,Western United,1,False,False,False,build_up,0,high_block,10,-20.37,-6.76,3,center,1,defensive_third,False,-20.33,13.21,2,half_space_left,1,defensive_third,False,59.72,62.67,45.34,34.59,38.74,44.63,51.27,58.62
73,2015213,9765,9766,12:35.5,12:35.6,12,35,0.1,1,1,1803,left_to_right,Western United,0,True,False,False,create,1,medium_block,9,-19.06,14.67,2,half_space_left,1,defensive_third,False,-19.06,14.67,2,half_space_left,1,defensive_third,False,62.69,62.69,34.76,34.76,45.15,45.15,58.63,58.63
74,2015213,9823,9829,12:41.3,12:41.9,12,41,0.6,1,2,4177,right_to_left,Auckland FC,1,False,False,False,create,1,medium_block,9,-15.84,-30.74,5,wide_right,2,middle_third,False,-19.52,-25.81,5,wide_right,1,defensive_third,False,54.15,54.23,57.49,56.84,48.55,46.63,46.57,47.87
75,2015213,9829,9904,12:41.9,12:49.4,12,41,7.5,1,2,4177,right_to_left,Auckland FC,2,True,False,False,build_up,0,high_block,10,-20.3,-24.8,5,wide_right,1,defensive_third,False,-26.53,21.12,1,wide_left,1,defensive_third,False,54.27,61.67,56.74,42.66,46.28,39.29,48.18,71.1
76,2015213,10025,10165,13:01.5,13:15.5,13,1,14.0,1,1,1803,left_to_right,Western United,5,True,False,False,create,1,medium_block,9,,,2,half_space_left,2,middle_third,False,16.41,-26.79,5,wide_right,2,middle_third,False,,54.73,,47.56,,37.83,,51.36
77,2015213,10165,10211,13:15.5,13:20.1,13,15,4.6,1,2,4177,right_to_left,Auckland FC,3,True,False,False,create,1,medium_block,9,-17.09,26.73,1,wide_left,2,middle_third,False,-7.94,26.18,1,wide_left,2,middle_third,False,37.79,38.45,51.54,49.41,54.14,38.31,48.01,49.43
78,2015213,10211,10334,13:20.1,13:32.4,13,20,12.3,1,1,1803,left_to_right,Western United,4,True,False,False,create,1,medium_block,9,7.19,-25.99,5,wide_right,2,middle_third,False,4.14,21.43,1,wide_left,2,middle_third,False,38.03,60.08,49.38,51.25,38.37,41.34,49.18,49.86
79,2015213,10503,10518,13:49.3,13:50.8,13,49,1.5,1,2,4177,right_to_left,Auckland FC,2,True,False,False,chaotic,5,chaotic,5,-7.61,-33.31,5,wide_right,2,middle_third,False,-13.01,-23.82,5,wide_right,2,middle_third,False,55.28,52.57,55.44,54.65,29.48,29.54,48.48,50.94
80,2015213,10518,10533,13:50.8,13:52.3,13,50,1.5,1,1,1803,left_to_right,Western United,0,False,False,False,create,1,medium_block,9,13.64,23.24,1,wide_left,2,middle_third,False,20.3,16.34,2,half_space_left,3,attacking_third,False,29.47,30.06,51.26,55.57,52.26,44.78,54.58,53.69
81,2015213,10533,10637,13:52.3,14:02.7,13,52,10.4,1,1,1803,left_to_right,Western United,3,False,False,False,finish,2,low_block,8,20.69,15.91,2,half_space_left,3,attacking_third,False,5.67,28.23,1,wide_left,2,middle_third,False,30.14,49.15,55.68,55.65,44.09,43.27,53.62,37.75
82,2015213,10637,10822,14:02.7,14:21.2,14,2,18.5,1,1,1803,left_to_right,Western United,5,False,False,False,create,1,medium_block,9,4.93,27.77,1,wide_left,2,middle_third,False,-19.14,27.63,1,wide_left,1,defensive_third,False,49.37,55.17,55.41,50.29,43.24,43.15,38.23,51.6
83,2015213,10822,10902,14:21.2,14:29.2,14,21,8.0,1,1,1803,left_to_right,Western United,3,False,False,False,build_up,0,high_block,10,-20.3,26.92,1,wide_left,1,defensive_third,False,-21.44,-23.58,5,wide_right,1,defensive_third,False,55.21,55.66,50.19,47.97,42.84,39.93,52.2,64.86
84,2015213,10902,10915,14:29.2,14:30.5,14,29,1.3,1,1,1803,left_to_right,Western United,1,True,False,False,create,1,medium_block,9,-19.84,-23.48,5,wide_right,1,defensive_third,False,-8.67,-31.31,5,wide_right,2,middle_third,False,55.36,51.09,48.08,48.67,39.87,38.98,64.57,61.61
85,2015213,11063,11073,14:45.3,14:46.3,14,45,1.0,1,2,4177,right_to_left,Auckland FC,1,True,False,False,chaotic,5,chaotic,5,13.77,29.89,1,wide_left,2,middle_third,False,22.63,29.16,1,wide_left,3,attacking_third,False,30.68,30.49,64.32,64.79,26.36,26.64,40.34,39.71
86,2015213,11222,11243,15:01.2,15:03.3,15,1,2.1,1,1,1803,left_to_right,Western United,1,True,False,False,chaotic,5,chaotic,5,-28.23,-35.81,5,wide_right,1,defensive_third,False,-2.72,-32.51,5,wide_right,2,middle_third,False,33.2,28.45,46.4,45.21,23.11,22.6,57.74,57.97
87,2015213,11243,11265,15:03.3,15:05.5,15,3,2.2,1,2,4177,right_to_left,Auckland FC,1,True,False,False,chaotic,5,chaotic,5,2.42,32.42,1,wide_left,2,middle_third,False,6.51,32.16,1,wide_left,2,middle_third,False,22.69,22.43,57.97,56.38,28.27,26.58,45.08,45.19
88,2015213,11265,11287,15:05.5,15:07.7,15,5,2.2,1,1,1803,left_to_right,Western United,1,True,False,False,chaotic,5,chaotic,5,-6.32,-32.43,5,wide_right,2,middle_third,False,-18.6,-28.26,5,wide_right,1,defensive_third,False,26.56,27.39,45.17,45.87,22.53,24.37,56.31,55.72
89,2015213,11287,11327,15:07.7,15:11.7,15,7,4.0,1,2,4177,right_to_left,Auckland FC,1,True,False,False,chaotic,5,chaotic,5,19.28,28.07,1,wide_left,3,attacking_third,False,39.87,31.24,1,wide_left,3,attacking_third,False,24.32,23.92,55.87,71.67,27.47,28.75,46.06,51.22
90,2015213,11327,11394,15:11.7,15:18.4,15,11,6.7,1,1,1803,left_to_right,Western United,2,False,False,False,build_up,0,high_block,10,-40.52,-31.06,5,wide_right,1,defensive_third,False,-30.99,-33.97,5,wide_right,1,defensive_third,False,28.79,33.96,51.23,46.41,23.96,30.09,72.16,78.5
91,2015213,11499,11554,15:28.9,15:34.4,15,28,5.5,1,1,1803,left_to_right,Western United,1,True,False,False,chaotic,5,chaotic,5,-23.17,-34.45,5,wide_right,1,defensive_third,False,-12.65,-10.68,4,half_space_right,2,middle_third,False,35.62,29.01,51.23,50.16,23.48,26.37,63.78,57.79
92,2015213,11554,11579,15:34.4,15:36.9,15,34,2.5,1,2,4177,right_to_left,Auckland FC,2,False,False,False,create,1,medium_block,9,12.72,10.56,2,half_space_left,2,middle_third,False,11.25,14.57,2,half_space_left,2,middle_third,False,26.67,38.07,57.94,61.52,28.99,27.36,50.11,47.47
93,2015213,11579,11648,15:36.9,15:43.8,15,36,6.9,1,2,4177,right_to_left,Auckland FC,2,True,False,False,finish,2,low_block,8,11.12,14.28,2,half_space_left,2,middle_third,False,37.3,11.67,2,half_space_left,3,attacking_third,True,38.66,40.48,61.61,68.59,27.25,33.19,47.3,37.64
94,2015213,11648,11669,15:43.8,15:45.9,15,43,2.1,1,1,1803,left_to_right,Western United,1,False,False,False,chaotic,5,chaotic,5,-37.19,-12.32,4,half_space_right,1,defensive_third,False,-21.25,-12.06,4,half_space_right,1,defensive_third,False,33.13,30.47,37.56,34.86,40.03,32.89,68.6,67.88
95,2015213,11927,12019,16:11.7,16:20.9,16,11,9.2,1,1,1803,left_to_right,Western United,5,False,False,False,build_up,0,high_block,10,-22.02,-8.5,3,center,1,defensive_third,False,-20.24,32.04,1,wide_left,1,defensive_third,False,63.59,61.47,46.06,48.52,37.13,39.96,56.72,62.12
96,2015213,12019,12058,16:20.9,16:24.8,16,20,3.9,1,1,1803,left_to_right,Western United,1,True,False,False,create,1,medium_block,9,-19.91,32.07,1,wide_left,1,defensive_third,False,12.53,18.15,2,half_space_left,2,middle_third,False,61.28,50.21,48.72,57.48,39.99,36.88,62.04,56.11
97,2015213,12058,12158,16:24.8,16:34.8,16,24,10.0,1,2,4177,right_to_left,Auckland FC,5,True,False,False,transition,4,defending_transition,11,-12.46,-17.82,4,half_space_right,2,middle_third,False,32.93,-21.4,5,wide_right,3,attacking_third,False,36.8,41.23,55.93,65.87,50.02,30.83,57.7,42.77
98,2015213,12158,12196,16:34.8,16:38.6,16,34,3.8,1,1,1803,left_to_right,Western United,1,True,False,False,chaotic,5,chaotic,5,-33.76,21.26,1,wide_left,1,defensive_third,False,-5.07,22.39,1,wide_left,2,middle_third,False,30.78,33.59,42.6,42.94,41.08,35.18,66.22,61.97
99,2015213,12196,12202,16:38.6,16:39.2,16,38,0.6,1,2,4177,right_to_left,Auckland FC,0,False,False,False,create,1,medium_block,9,4.54,-22.22,5,wide_right,2,middle_third,False,4.93,-20.52,5,wide_right,2,middle_third,False,35.27,35.6,61.77,60.9,33.55,33.22,43.26,44.87
100,2015213,12202,12215,16:39.2,16:40.5,16,39,1.3,1,2,4177,right_to_left,Auckland FC,1,False,False,False,finish,2,low_block,8,5.23,-20.13,4,half_space_right,2,middle_third,False,5.76,-18.59,4,half_space_right,2,middle_third,False,35.65,37.25,60.72,58.51,33.13,32.01,45.14,46.0
101,2015213,12215,12330,16:40.5,16:52.0,16,40,11.5,1,2,4177,right_to_left,Auckland FC,5,False,False,False,create,1,medium_block,9,5.7,-18.76,4,half_space_right,2,middle_third,False,-19.67,26.45,1,wide_left,1,defensive_third,False,37.49,57.11,58.4,48.51,31.96,41.17,45.86,53.78
102,2015213,12330,12405,16:52.0,16:59.5,16,52,7.5,1,2,4177,right_to_left,Auckland FC,2,False,False,False,build_up,0,high_block,10,-20.75,25.44,1,wide_left,1,defensive_third,False,-20.07,-22.45,5,wide_right,1,defensive_third,False,57.04,55.41,48.46,43.77,40.83,45.3,54.05,68.29
103,2015213,12405,12410,16:59.5,17:00.0,16,59,0.5,1,2,4177,right_to_left,Auckland FC,0,True,False,False,create,1,medium_block,9,-19.37,-22.95,5,wide_right,1,defensive_third,False,-16.48,-24.7,5,wide_right,2,middle_third,False,55.17,54.1,43.76,43.54,45.21,44.77,68.08,67.21
104,2015213,12574,12641,17:16.4,17:23.1,17,16,6.7,1,1,1803,left_to_right,Western United,3,True,False,False,finish,2,low_block,8,14.12,26.34,1,wide_left,2,middle_third,False,28.86,28.07,1,wide_left,3,attacking_third,False,51.46,47.04,60.22,65.34,37.84,39.06,38.17,37.86
105,2015213,12641,12675,17:23.1,17:26.5,17,23,3.4,1,2,4177,right_to_left,Auckland FC,1,False,False,False,build_up,0,high_block,10,-28.74,-28.42,5,wide_right,1,defensive_third,False,-20.72,-30.05,5,wide_right,1,defensive_third,False,39.24,46.22,37.81,37.16,46.69,42.39,65.32,59.2
106,2015213,12675,12703,17:26.5,17:29.3,17,26,2.8,1,2,4177,right_to_left,Auckland FC,1,False,False,False,create,1,medium_block,9,-19.92,-30.04,5,wide_right,1,defensive_third,False,-6.93,-34.36,5,wide_right,2,middle_third,False,46.39,47.61,37.33,42.61,42.45,41.57,59.05,55.28
107,2015213,12793,12798,17:38.3,17:38.8,17,38,0.5,1,2,4177,right_to_left,Auckland FC,1,False,False,False,create,1,medium_block,9,-17.08,-31.68,5,wide_right,2,middle_third,False,-19.91,-27.76,5,wide_right,1,defensive_third,False,51.5,51.79,46.8,47.15,33.37,33.51,49.72,51.18
108,2015213,12798,12873,17:38.8,17:46.3,17,38,7.5,1,2,4177,right_to_left,Auckland FC,2,True,False,False,build_up,0,high_block,10,-20.75,-26.88,5,wide_right,1,defensive_third,False,-20.3,16.64,2,half_space_left,1,defensive_third,False,51.89,56.45,47.23,44.63,33.53,43.73,51.6,70.91
109,2015213,12873,12926,17:46.3,17:51.6,17,46,5.3,1,1,1803,left_to_right,Western United,3,False,True,True,quick_break,3,defending_quick_break,12,20.36,-16.48,4,half_space_right,3,attacking_third,False,52.28,-1.08,3,center,3,attacking_third,True,43.64,32.18,70.63,75.25,55.98,32.83,44.47,43.94
110,2015213,13695,13757,19:08.5,19:14.7,19,8,6.2,1,2,4177,right_to_left,Auckland FC,4,False,False,False,create,1,medium_block,9,-0.37,1.09,3,center,2,middle_third,False,-19.41,10.52,2,half_space_left,1,defensive_third,False,46.75,55.58,41.29,50.6,38.36,33.92,44.15,53.86
111,2015213,13757,13791,19:14.7,19:18.1,19,14,3.4,1,2,4177,right_to_left,Auckland FC,1,True,False,False,build_up,0,high_block,10,-20.0,9.66,2,half_space_left,1,defensive_third,False,-22.64,-13.69,4,half_space_right,1,defensive_third,False,55.71,57.61,50.48,48.36,33.83,38.53,54.1,67.26
112,2015213,13791,13816,19:18.1,19:20.6,19,18,2.5,1,1,1803,left_to_right,Western United,1,True,False,False,chaotic,5,chaotic,5,21.5,14.85,2,half_space_left,3,attacking_third,False,21.19,17.75,2,half_space_left,3,attacking_third,False,38.61,34.18,67.38,63.61,57.5,49.85,48.43,47.66
113,2015213,13816,13850,19:20.6,19:24.0,19,20,3.4,1,2,4177,right_to_left,Auckland FC,2,False,False,False,chaotic,5,chaotic,5,-21.47,-17.49,4,half_space_right,1,defensive_third,False,-11.27,-29.61,5,wide_right,2,middle_third,False,49.38,42.57,47.59,46.97,33.93,34.09,63.76,58.81
114,2015213,13991,14013,19:38.1,19:40.3,19,38,2.2,1,2,4177,right_to_left,Auckland FC,3,False,False,False,create,1,medium_block,9,-7.73,-32.61,5,wide_right,2,middle_third,False,-19.01,-27.31,5,wide_right,1,defensive_third,False,45.04,44.92,49.24,47.94,28.27,30.23,48.37,48.44
115,2015213,14013,14065,19:40.3,19:45.5,19,40,5.2,1,2,4177,right_to_left,Auckland FC,2,False,False,False,build_up,0,high_block,10,-20.28,-26.68,5,wide_right,1,defensive_third,False,-28.97,1.9,3,center,1,defensive_third,False,45.01,54.79,47.86,46.77,30.34,34.69,48.63,51.51
116,2015213,14065,14102,19:45.5,19:49.2,19,45,3.7,1,2,4177,right_to_left,Auckland FC,1,False,False,False,direct,6,defending_direct,15,-28.45,1.99,3,center,1,defensive_third,False,12.73,-28.12,5,wide_right,2,middle_third,False,54.88,49.06,46.9,58.46,34.77,39.5,51.51,51.42
117,2015213,14102,14240,19:49.2,20:03.0,19,49,13.8,1,2,4177,right_to_left,Auckland FC,6,True,False,False,create,1,medium_block,9,13.19,-28.4,5,wide_right,2,middle_third,False,7.38,31.34,1,wide_left,2,middle_third,False,48.8,58.69,58.54,56.09,39.56,43.85,51.34,52.93
118,2015213,14415,14480,20:20.5,20:27.0,20,20,6.5,1,1,1803,left_to_right,Western United,3,False,False,False,build_up,0,high_block,10,-24.84,-21.5,5,wide_right,1,defensive_third,False,-20.79,20.68,1,wide_left,1,defensive_third,False,57.89,64.31,43.13,39.67,33.44,38.55,52.39,59.03
119,2015213,14480,14518,20:27.0,20:30.8,20,27,3.8,1,1,1803,left_to_right,Western United,1,True,False,False,create,1,medium_block,9,-19.13,21.72,1,wide_left,1,defensive_third,False,9.54,20.26,1,wide_left,2,middle_third,False,64.22,57.17,40.0,50.13,38.74,38.51,59.08,52.87
120,2015213,14518,14567,20:30.8,20:35.7,20,30,4.9,1,2,4177,right_to_left,Auckland FC,2,False,False,False,chaotic,5,chaotic,5,-9.42,-20.07,4,half_space_right,2,middle_third,False,-11.34,-28.55,5,wide_right,2,middle_third,False,38.2,42.8,52.74,51.18,56.81,42.81,50.46,52.29
121,2015213,14747,14758,20:53.7,20:54.8,20,53,1.1,1,2,4177,right_to_left,Auckland FC,1,True,False,False,chaotic,5,chaotic,5,,,2,half_space_left,2,middle_third,False,-15.47,-26.68,5,wide_right,2,middle_third,False,,47.61,,53.84,,30.85,,53.4
122,2015213,14758,14774,20:54.8,20:56.4,20,54,1.6,1,1,1803,left_to_right,Western United,1,True,False,False,chaotic,5,chaotic,5,15.85,26.83,1,wide_left,2,middle_third,False,31.65,22.28,1,wide_left,3,attacking_third,False,30.92,32.42,53.8,60.67,47.67,49.86,53.87,53.29
123,2015213,14774,14881,20:56.4,21:07.1,20,56,10.7,1,2,4177,right_to_left,Auckland FC,3,True,False,False,build_up,0,high_block,10,-32.04,-22.11,5,wide_right,1,defensive_third,False,-36.63,35.22,1,wide_left,1,defensive_third,False,50.14,44.51,53.15,46.48,32.52,39.29,61.14,81.19
124,2015213,15024,15081,21:21.4,21:27.1,21,21,5.7,1,1,1803,left_to_right,Western United,2,True,False,False,chaotic,5,chaotic,5,28.76,-35.58,5,wide_right,3,attacking_third,False,42.05,-29.08,5,wide_right,3,attacking_third,False,36.14,33.66,62.82,69.44,25.1,29.88,40.86,38.51
125,2015213,15081,15124,21:27.1,21:31.4,21,27,4.3,1,2,4177,right_to_left,Auckland FC,2,True,False,False,chaotic,5,chaotic,5,-41.89,29.29,1,wide_left,1,defensive_third,False,-10.46,25.55,1,wide_left,2,middle_third,False,30.05,38.32,38.45,37.62,33.58,31.98,69.62,63.28
126,2015213,15124,15192,21:31.4,21:38.2,21,31,6.8,1,1,1803,left_to_right,Western United,2,False,False,True,finish,2,low_block,8,10.36,-25.14,5,wide_right,2,middle_third,False,45.45,-7.15,3,center,3,attacking_third,True,31.82,25.97,63.18,69.18,38.34,20.39,37.61,40.47
127,2015213,15547,15574,22:13.7,22:16.4,22,13,2.7,1,1,1803,left_to_right,Western United,3,False,True,True,set_play,7,defending_set_play,13,52.79,-31.63,5,wide_right,3,attacking_third,False,51.27,-7.22,3,center,3,attacking_third,True,30.74,20.01,68.71,70.2,16.76,16.5,15.11,16.4
128,2015213,15837,15847,22:42.7,22:43.7,22,42,1.0,1,1,1803,left_to_right,Western United,1,True,False,False,chaotic,5,chaotic,5,51.84,-25.03,5,wide_right,3,attacking_third,False,50.93,-8.16,3,center,3,attacking_third,True,27.18,27.74,65.91,67.44,24.08,22.51,14.43,15.96
129,2015213,16260,16303,23:25.0,23:29.3,23,25,4.3,1,2,4177,right_to_left,Auckland FC,3,False,False,False,create,1,medium_block,9,-0.09,-8.53,3,center,2,middle_third,False,-19.72,-2.82,3,center,1,defensive_third,False,52.7,48.22,39.72,47.59,39.54,38.58,42.23,53.33
130,2015213,16303,16336,23:29.3,23:32.6,23,29,3.3,1,2,4177,right_to_left,Auckland FC,2,False,False,False,build_up,0,high_block,10,-20.34,-2.76,3,center,1,defensive_third,False,-28.89,18.18,2,half_space_left,1,defensive_third,False,48.45,52.92,47.59,47.09,38.44,35.38,53.8,64.26
131,2015213,16336,16372,23:32.6,23:36.2,23,32,3.6,1,2,4177,right_to_left,Auckland FC,1,True,False,False,direct,6,defending_direct,15,-28.56,18.53,2,half_space_left,1,defensive_third,False,11.49,25.08,1,wide_left,2,middle_third,False,52.95,45.06,47.21,57.16,35.37,30.73,64.63,66.31
132,2015213,16372,16391,23:36.2,23:38.1,23,36,1.9,1,1,1803,left_to_right,Western United,1,True,False,False,chaotic,5,chaotic,5,-11.66,-25.23,5,wide_right,2,middle_third,False,0.46,-24.29,5,wide_right,2,middle_third,False,30.63,28.33,66.11,61.53,44.76,38.99,57.21,52.75
133,2015213,16391,16454,23:38.1,23:44.4,23,38,6.3,1,2,4177,right_to_left,Auckland FC,2,True,False,False,chaotic,5,chaotic,5,-0.69,24.45,1,wide_left,2,middle_third,False,23.66,16.51,2,half_space_left,3,attacking_third,False,38.65,29.88,52.34,59.47,28.24,32.56,61.3,52.46
134,2015213,16454,16480,23:44.4,23:47.0,23,44,2.6,1,1,1803,left_to_right,Western United,1,False,False,False,chaotic,5,chaotic,5,-23.98,-16.02,4,half_space_right,1,defensive_third,False,-26.84,-15.5,4,half_space_right,1,defensive_third,False,32.5,31.61,52.42,50.6,29.77,30.1,59.87,61.93
135,2015213,16480,16514,23:47.0,23:50.4,23,47,3.4,1,1,1803,left_to_right,Western United,1,True,False,False,direct,6,defending_direct,15,-26.47,-15.82,4,half_space_right,1,defensive_third,False,14.89,-17.51,4,half_space_right,2,middle_third,False,31.72,27.61,50.56,60.09,30.17,27.02,61.89,63.19
136,2015213,16795,16847,24:18.5,24:23.7,24,18,5.2,1,2,4177,right_to_left,Auckland FC,1,True,False,False,direct,6,defending_direct,15,,,2,half_space_left,2,middle_third,False,36.28,-17.59,4,half_space_right,3,attacking_third,False,,32.7,,67.86,,27.92,,43.59
137,2015213,16847,16883,24:23.7,24:27.3,24,23,3.6,1,1,1803,left_to_right,Western United,2,False,False,False,chaotic,5,chaotic,5,-36.3,17.5,2,half_space_left,1,defensive_third,False,-32.7,27.3,1,wide_left,1,defensive_third,False,27.55,23.38,43.55,42.21,32.28,27.71,67.83,66.98
138,2015213,17094,17104,24:48.4,24:49.4,24,48,1.0,1,1,1803,left_to_right,Western United,1,False,False,False,chaotic,5,chaotic,5,-31.49,33.15,1,wide_left,1,defensive_third,False,-28.48,31.63,1,wide_left,1,defensive_third,False,31.94,29.82,39.39,37.44,26.19,25.43,64.71,62.86
139,2015213,17254,17292,25:04.4,25:08.2,25,4,3.8,1,1,1803,left_to_right,Western United,2,False,False,False,chaotic,5,chaotic,5,-27.88,31.35,1,wide_left,1,defensive_third,False,-26.63,29.99,1,wide_left,1,defensive_third,False,33.52,29.54,48.46,46.91,28.74,28.35,63.01,58.73
140,2015213,17369,17425,25:15.9,25:21.5,25,15,5.6,1,1,1803,left_to_right,Western United,3,False,False,False,build_up,0,high_block,10,-34.61,17.71,2,half_space_left,1,defensive_third,False,-30.14,-20.05,4,half_space_right,1,defensive_third,False,41.79,54.42,43.61,48.19,33.58,37.92,58.37,61.96
141,2015213,17425,17466,25:21.5,25:25.6,25,21,4.1,1,1,1803,left_to_right,Western United,1,True,False,False,direct,6,defending_direct,15,-29.7,-20.11,4,half_space_right,1,defensive_third,False,36.41,-14.37,4,half_space_right,3,attacking_third,False,54.22,44.03,48.36,65.38,37.81,39.36,61.74,57.03
142,2015213,17466,17572,25:25.6,25:36.2,25,25,10.6,1,2,4177,right_to_left,Auckland FC,4,False,False,False,build_up,0,high_block,10,-37.28,14.22,2,half_space_left,1,defensive_third,False,-35.39,28.08,1,wide_left,1,defensive_third,False,39.63,58.15,56.91,50.79,43.8,35.93,65.59,66.8
143,2015213,17572,17601,25:36.2,25:39.1,25,36,2.9,1,2,4177,right_to_left,Auckland FC,1,True,False,False,direct,6,defending_direct,15,-35.39,28.41,1,wide_left,1,defensive_third,False,6.5,27.2,1,wide_left,2,middle_third,False,57.96,51.49,50.97,58.53,35.81,31.3,66.57,61.65
144,2015213,17744,17798,25:53.4,25:58.8,25,53,5.4,1,1,1803,left_to_right,Western United,3,True,False,False,chaotic,5,chaotic,5,-16.24,-34.45,5,wide_right,2,middle_third,False,16.67,-13.64,4,half_space_right,2,middle_third,False,30.58,28.57,52.39,49.73,22.2,24.81,59.23,54.18
145,2015213,17983,18020,26:17.3,26:21.0,26,17,3.7,1,2,4177,right_to_left,Auckland FC,2,True,False,False,chaotic,5,chaotic,5,13.46,33.78,1,wide_left,2,middle_third,False,39.55,24.31,1,wide_left,3,attacking_third,False,39.77,31.34,65.73,69.08,22.55,25.25,42.52,39.21
146,2015213,18020,18056,26:21.0,26:24.6,26,21,3.6,1,1,1803,left_to_right,Western United,1,True,False,False,chaotic,5,chaotic,5,-39.9,-24.17,5,wide_right,1,defensive_third,False,-30.71,-29.91,5,wide_right,1,defensive_third,False,25.28,27.55,39.17,35.66,31.18,26.71,69.6,68.82
147,2015213,18056,18122,26:24.6,26:31.2,26,24,6.6,1,2,4177,right_to_left,Auckland FC,2,True,False,True,finish,2,low_block,8,30.82,29.88,1,wide_left,3,attacking_third,False,52.62,9.39,2,half_space_left,3,attacking_third,True,26.59,25.94,68.69,77.6,27.62,24.96,35.51,32.54
148,2015213,18263,18336,26:45.3,26:52.6,26,45,7.3,1,1,1803,left_to_right,Western United,3,False,False,False,build_up,0,high_block,10,-48.72,3.84,3,center,1,defensive_third,False,-20.37,11.74,2,half_space_left,1,defensive_third,False,56.76,58.33,47.82,48.71,36.84,37.07,68.82,67.18
149,2015213,18336,18373,26:52.6,26:56.3,26,52,3.7,1,1,1803,left_to_right,Western United,2,True,False,False,create,1,medium_block,9,-18.77,10.86,2,half_space_left,1,defensive_third,False,4.67,4.62,3,center,2,middle_third,False,58.18,48.43,48.63,50.9,36.95,31.72,66.83,61.77
150,2015213,18373,18384,26:56.3,26:57.4,26,56,1.1,1,2,4177,right_to_left,Auckland FC,1,True,False,False,chaotic,5,chaotic,5,-5.28,-4.98,3,center,2,middle_third,False,-1.04,-8.29,3,center,2,middle_third,False,31.58,30.42,61.7,60.96,48.14,45.54,51.06,52.72
151,2015213,18384,18431,26:57.4,27:02.1,26,57,4.7,1,1,1803,left_to_right,Western United,1,True,False,False,chaotic,5,chaotic,5,0.74,8.61,3,center,2,middle_third,False,34.27,19.74,2,half_space_left,3,attacking_third,False,45.28,45.54,52.92,67.7,30.36,31.0,60.81,54.96
152,2015213,18683,18747,27:27.3,27:33.7,27,27,6.4,1,2,4177,right_to_left,Auckland FC,2,False,False,False,create,1,medium_block,9,-41.76,-9.87,4,half_space_right,1,defensive_third,False,-9.2,-33.84,5,wide_right,2,middle_third,False,36.13,34.37,59.16,51.05,28.34,28.05,42.54,49.75
153,2015213,18837,18912,27:42.7,27:50.2,27,42,7.5,1,2,4177,right_to_left,Auckland FC,2,False,False,False,create,1,medium_block,9,-7.9,-34.04,5,wide_right,2,middle_third,False,25.62,-32.08,5,wide_right,3,attacking_third,False,45.51,38.93,53.12,60.22,24.68,28.84,47.61,49.55
154,2015213,18912,18974,27:50.2,27:56.4,27,50,6.2,1,2,4177,right_to_left,Auckland FC,1,True,False,False,finish,2,low_block,8,26.22,-31.95,5,wide_right,3,attacking_third,False,41.83,-29.21,5,wide_right,3,attacking_third,False,39.0,37.31,60.72,70.29,28.96,32.24,49.64,37.84
155,2015213,18974,19074,27:56.4,28:06.4,27,56,10.0,1,1,1803,left_to_right,Western United,4,False,False,False,build_up,0,high_block,10,-41.79,29.06,1,wide_left,1,defensive_third,False,-20.53,-16.68,4,half_space_right,1,defensive_third,False,32.3,42.73,37.45,38.05,37.34,36.91,70.14,63.1
156,2015213,19074,19135,28:06.4,28:12.5,28,6,6.1,1,1,1803,left_to_right,Western United,2,False,False,False,create,1,medium_block,9,-19.67,-17.2,4,half_space_right,1,defensive_third,False,-19.51,-22.2,5,wide_right,1,defensive_third,False,43.05,50.54,38.46,48.93,37.18,35.25,63.02,56.96
157,2015213,19135,19322,28:12.5,28:31.2,28,12,18.7,1,1,1803,left_to_right,Western United,7,False,False,False,build_up,0,high_block,10,-20.86,-22.16,5,wide_right,1,defensive_third,False,-20.1,30.0,1,wide_left,1,defensive_third,False,50.82,55.04,48.92,48.88,35.31,45.83,56.84,63.28
158,2015213,19322,19384,28:31.2,28:37.4,28,31,6.2,1,1,1803,left_to_right,Western United,3,False,False,False,create,1,medium_block,9,-19.63,29.95,1,wide_left,1,defensive_third,False,21.39,29.11,1,wide_left,3,attacking_third,False,54.8,43.34,49.03,63.09,45.8,36.42,63.15,53.69
159,2015213,19384,19405,28:37.4,28:39.5,28,37,2.1,1,1,1803,left_to_right,Western United,2,True,False,False,finish,2,low_block,8,21.73,28.96,1,wide_left,3,attacking_third,False,27.41,19.84,2,half_space_left,3,attacking_third,False,43.15,38.8,63.41,67.62,36.18,35.3,53.53,51.19
160,2015213,19405,19445,28:39.5,28:43.5,28,39,4.0,1,2,4177,right_to_left,Auckland FC,1,False,False,False,build_up,0,high_block,10,-27.55,-19.92,4,half_space_right,1,defensive_third,False,-20.02,-23.77,5,wide_right,1,defensive_third,False,34.96,38.58,51.07,49.0,38.3,33.07,67.73,67.04
161,2015213,19445,19490,28:43.5,28:48.0,28,43,4.5,1,2,4177,right_to_left,Auckland FC,2,False,False,False,create,1,medium_block,9,-19.85,-23.59,5,wide_right,1,defensive_third,False,-6.47,-0.33,3,center,2,middle_third,False,38.85,42.29,48.98,50.67,33.32,39.02,66.88,55.88
162,2015213,19521,19552,28:51.1,28:54.2,28,51,3.1,1,2,4177,right_to_left,Auckland FC,2,False,False,False,create,1,medium_block,9,-3.25,1.74,3,center,2,middle_third,False,12.28,26.95,1,wide_left,2,middle_third,False,43.56,46.33,54.9,60.93,37.91,41.35,48.04,44.89
163,2015213,19552,19618,28:54.2,29:00.8,28,54,6.6,1,2,4177,right_to_left,Auckland FC,3,False,False,False,finish,2,low_block,8,12.47,27.24,1,wide_left,2,middle_third,False,5.37,27.47,1,wide_left,2,middle_third,False,46.57,49.19,61.12,63.05,41.66,40.47,44.71,39.04
164,2015213,19618,19931,29:00.8,29:32.1,29,0,31.3,1,2,4177,right_to_left,Auckland FC,10,True,False,False,create,1,medium_block,9,4.16,26.28,1,wide_left,2,middle_third,False,-25.98,31.41,1,wide_left,1,defensive_third,False,49.03,60.16,62.89,45.92,40.19,42.03,39.17,63.28
165,2015213,20503,20582,30:29.3,30:37.2,30,29,7.9,1,1,1803,left_to_right,Western United,4,True,False,False,set_play,7,defending_set_play,13,29.12,-28.57,5,wide_right,3,attacking_third,False,20.03,-21.6,5,wide_right,3,attacking_third,False,33.01,22.15,57.96,56.96,27.96,29.38,14.87,39.42
166,2015213,20582,20603,30:37.2,30:39.3,30,37,2.1,1,2,4177,right_to_left,Auckland FC,1,False,False,False,chaotic,5,chaotic,5,-20.17,22.11,1,wide_left,1,defensive_third,False,-13.7,34.14,1,wide_left,2,middle_third,False,29.74,35.24,39.78,47.51,22.48,30.11,56.81,54.0
167,2015213,20720,20748,30:51.0,30:53.8,30,51,2.8,1,2,4177,right_to_left,Auckland FC,2,True,False,False,chaotic,5,chaotic,5,-18.53,35.7,1,wide_left,1,defensive_third,False,9.69,30.11,1,wide_left,2,middle_third,False,46.66,42.06,52.86,53.92,23.3,23.22,55.85,54.68
168,2015213,20748,20767,30:53.8,30:55.7,30,53,1.9,1,1,1803,left_to_right,Western United,1,True,False,False,chaotic,5,chaotic,5,-10.36,-30.08,5,wide_right,2,middle_third,False,0.19,-25.36,5,wide_right,2,middle_third,False,23.21,23.86,54.68,54.2,41.98,37.85,54.13,56.5
169,2015213,20767,20796,30:55.7,30:58.6,30,55,2.9,1,2,4177,right_to_left,Auckland FC,1,True,False,False,chaotic,5,chaotic,5,-1.2,25.05,1,wide_left,2,middle_third,False,-0.39,28.51,1,wide_left,2,middle_third,False,37.66,35.2,56.43,52.42,23.96,24.34,54.09,50.98
170,2015213,20796,20849,30:58.6,31:03.9,30,58,5.3,1,1,1803,left_to_right,Western United,2,False,False,False,create,1,medium_block,9,0.21,-28.65,5,wide_right,2,middle_third,False,21.09,-3.81,3,center,3,attacking_third,False,24.26,28.1,51.01,61.62,35.1,26.23,52.29,53.6
171,2015213,20849,20904,31:03.9,31:09.4,31,3,5.5,1,1,1803,left_to_right,Western United,1,True,False,False,finish,2,low_block,8,21.56,-3.56,3,center,3,attacking_third,False,34.68,8.65,3,center,3,attacking_third,False,28.15,30.01,61.98,69.5,26.27,24.63,53.63,46.46
172,2015213,20904,20958,31:09.4,31:14.8,31,9,5.4,1,2,4177,right_to_left,Auckland FC,1,False,False,False,build_up,0,high_block,10,-34.67,-8.63,3,center,1,defensive_third,False,-20.32,-29.06,5,wide_right,1,defensive_third,False,24.64,45.58,46.25,42.41,30.03,35.6,69.33,64.22
173,2015213,20958,20965,31:14.8,31:15.5,31,14,0.7,1,2,4177,right_to_left,Auckland FC,0,True,False,False,create,1,medium_block,9,-18.31,-28.35,5,wide_right,1,defensive_third,False,-8.06,-24.43,5,wide_right,2,middle_third,False,45.78,46.62,42.5,43.21,35.53,34.91,64.05,62.85
174,2015213,20965,21072,31:15.5,31:26.2,31,15,10.7,1,1,1803,left_to_right,Western United,3,False,False,False,quick_break,3,defending_quick_break,12,7.37,24.42,1,wide_left,2,middle_third,False,34.12,21.17,1,wide_left,3,attacking_third,False,34.79,29.7,62.62,64.09,46.7,40.95,43.32,39.34
175,2015213,21653,21745,32:24.3,32:33.5,32,24,9.2,1,1,1803,left_to_right,Western United,3,True,False,False,set_play,7,defending_set_play,13,33.49,17.74,2,half_space_left,3,attacking_third,False,33.75,-19.35,4,half_space_right,3,attacking_third,False,25.28,21.31,63.92,57.3,25.6,27.12,29.33,35.35
176,2015213,21745,21839,32:33.5,32:42.9,32,33,9.4,1,2,4177,right_to_left,Auckland FC,2,False,False,False,build_up,0,high_block,10,-34.51,19.51,2,half_space_left,1,defensive_third,False,-20.24,28.74,1,wide_left,1,defensive_third,False,27.13,36.23,35.71,35.74,21.38,26.16,57.28,69.83
177,2015213,21839,21847,32:42.9,32:43.7,32,42,0.8,1,2,4177,right_to_left,Auckland FC,0,True,False,False,create,1,medium_block,9,-19.82,28.88,1,wide_left,1,defensive_third,False,-16.95,29.65,1,wide_left,2,middle_third,False,36.2,35.92,35.85,36.94,26.12,25.93,69.64,68.39
178,2015213,21847,21911,32:43.7,32:50.1,32,43,6.4,1,1,1803,left_to_right,Western United,3,False,False,False,create,1,medium_block,9,16.37,-29.56,5,wide_right,2,middle_third,False,-19.86,1.26,3,center,1,defensive_third,False,25.91,41.07,68.2,57.64,35.85,34.33,37.12,56.43
179,2015213,21911,21962,32:50.1,32:55.2,32,50,5.1,1,1,1803,left_to_right,Western United,3,False,False,False,build_up,0,high_block,10,-20.51,1.11,3,center,1,defensive_third,False,-20.09,25.02,1,wide_left,1,defensive_third,False,41.5,55.05,57.46,48.98,34.45,40.71,56.77,62.67
180,2015213,21962,22199,32:55.2,33:18.9,32,55,23.7,1,1,1803,left_to_right,Western United,6,True,False,False,create,1,medium_block,9,-19.64,25.18,1,wide_left,1,defensive_third,False,10.81,17.35,2,half_space_left,2,middle_third,False,55.45,62.39,49.11,47.8,40.79,42.13,62.59,47.0
181,2015213,22199,22234,33:18.9,33:22.4,33,18,3.5,1,2,4177,right_to_left,Auckland FC,3,False,False,False,create,1,medium_block,9,-11.32,-17.55,4,half_space_right,2,middle_third,False,-19.99,-6.4,3,center,1,defensive_third,False,42.28,47.94,47.07,47.85,61.9,46.59,47.65,50.45
182,2015213,22234,22291,33:22.4,33:28.1,33,22,5.7,1,2,4177,right_to_left,Auckland FC,2,False,False,False,build_up,0,high_block,10,-20.3,-6.07,3,center,1,defensive_third,False,-36.78,18.28,2,half_space_left,1,defensive_third,False,48.07,56.27,47.81,44.72,46.23,39.84,50.94,75.19
183,2015213,22291,22314,33:28.1,33:30.4,33,28,2.3,1,2,4177,right_to_left,Auckland FC,1,False,False,False,direct,6,defending_direct,15,-35.47,18.28,2,half_space_left,1,defensive_third,False,-2.18,11.18,2,half_space_left,2,middle_third,False,56.13,49.99,44.6,46.88,39.75,34.57,74.74,69.96
184,2015213,22314,22385,33:30.4,33:37.5,33,30,7.1,1,2,4177,right_to_left,Auckland FC,2,False,False,False,create,1,medium_block,9,-1.67,10.6,2,half_space_left,2,middle_third,False,15.32,-29.12,5,wide_right,2,middle_third,False,49.6,49.3,47.01,60.84,34.2,40.48,69.83,56.13
185,2015213,22385,22491,33:37.5,33:48.1,33,37,10.6,1,2,4177,right_to_left,Auckland FC,4,False,False,False,finish,2,low_block,8,15.76,-29.33,5,wide_right,2,middle_third,False,6.2,-25.36,5,wide_right,2,middle_third,False,49.43,56.22,61.05,55.05,40.64,35.46,55.92,35.23
186,2015213,22491,22720,33:48.1,34:11.0,33,48,22.9,1,2,4177,right_to_left,Auckland FC,6,False,False,False,create,1,medium_block,9,4.95,-24.76,5,wide_right,2,middle_third,False,-24.1,19.35,2,half_space_left,1,defensive_third,False,56.33,60.09,54.96,45.69,35.49,37.78,35.23,56.66
187,2015213,22720,22759,34:11.0,34:14.9,34,11,3.9,1,2,4177,right_to_left,Auckland FC,1,True,False,False,direct,6,defending_direct,15,-23.96,19.73,2,half_space_left,1,defensive_third,False,21.77,22.11,1,wide_left,3,attacking_third,False,59.99,45.3,45.7,61.52,37.74,31.8,56.88,56.31
188,2015213,22759,22826,34:14.9,34:21.6,34,14,6.7,1,1,1803,left_to_right,Western United,2,True,False,False,chaotic,5,chaotic,5,-22.4,-22.2,5,wide_right,1,defensive_third,False,-15.4,-29.6,5,wide_right,2,middle_third,False,31.69,26.26,56.14,47.38,44.93,37.35,61.96,58.25
189,2015213,22914,23010,34:30.4,34:40.0,34,30,9.6,1,2,4177,right_to_left,Auckland FC,3,False,False,False,create,1,medium_block,9,-1.67,31.3,1,wide_left,2,middle_third,False,17.87,-19.48,4,half_space_right,3,attacking_third,False,45.73,44.16,56.99,62.28,27.75,36.68,43.28,46.22
190,2015213,23010,23031,34:40.0,34:42.1,34,40,2.1,1,2,4177,right_to_left,Auckland FC,1,True,False,False,finish,2,low_block,8,18.42,-19.21,4,half_space_right,3,attacking_third,False,32.53,-18.72,4,half_space_right,3,attacking_third,False,43.36,35.46,62.65,69.1,36.23,31.24,46.09,42.63
191,2015213,23031,23329,34:42.1,35:11.9,34,42,29.8,1,1,1803,left_to_right,Western United,9,False,False,True,build_up,0,high_block,10,-32.89,18.94,2,half_space_left,1,defensive_third,False,-20.44,-22.91,5,wide_right,1,defensive_third,False,31.5,55.05,42.5,45.6,35.63,39.54,69.42,70.38
192,2015213,23329,23386,35:11.9,35:17.6,35,11,5.7,1,1,1803,left_to_right,Western United,1,False,False,True,create,1,medium_block,9,-19.38,-23.74,5,wide_right,1,defensive_third,False,16.97,-22.65,5,wide_right,2,middle_third,False,55.07,52.64,45.74,64.27,39.61,36.54,70.4,67.73
193,2015213,23386,23440,35:17.6,35:23.0,35,17,5.4,1,1,1803,left_to_right,Western United,2,True,False,True,finish,2,low_block,8,17.52,-22.35,5,wide_right,2,middle_third,False,47.46,-6.86,3,center,3,attacking_third,True,52.37,30.08,64.67,77.39,36.49,29.11,67.48,53.79
194,2015213,23440,23600,35:23.0,35:39.0,35,23,16.0,1,2,4177,right_to_left,Auckland FC,4,False,False,False,build_up,0,high_block,10,-48.56,6.31,3,center,1,defensive_third,False,-46.55,24.65,1,wide_left,1,defensive_third,False,29.03,53.9,53.68,49.72,29.97,38.88,77.42,73.7
195,2015213,23600,23632,35:39.0,35:42.2,35,39,3.2,1,2,4177,right_to_left,Auckland FC,1,False,False,False,direct,6,defending_direct,15,-46.38,24.97,1,wide_left,1,defensive_third,False,-14.19,29.77,1,wide_left,2,middle_third,False,53.94,49.69,49.65,44.75,38.88,37.77,74.09,72.14
196,2015213,23632,23674,35:42.2,35:46.4,35,42,4.2,1,2,4177,right_to_left,Auckland FC,1,True,False,False,create,1,medium_block,9,-13.74,29.71,1,wide_left,2,middle_third,False,-8.29,9.6,2,half_space_left,2,middle_third,False,49.5,39.94,44.56,42.78,37.65,22.05,71.85,61.28
197,2015213,23674,23715,35:46.4,35:50.5,35,46,4.1,1,1,1803,left_to_right,Western United,2,True,False,False,chaotic,5,chaotic,5,8.18,-8.92,3,center,2,middle_third,False,14.86,-20.95,5,wide_right,2,middle_third,False,21.84,28.55,61.2,55.64,39.87,32.47,42.92,43.46
198,2015213,23715,24031,35:50.5,36:22.1,35,50,31.6,1,2,4177,right_to_left,Auckland FC,9,False,False,False,create,1,medium_block,9,-15.68,21.48,1,wide_left,2,middle_third,False,23.22,32.32,1,wide_left,3,attacking_third,False,32.18,47.09,43.48,60.61,28.75,36.73,55.81,54.07
199,2015213,24031,24437,36:22.1,37:02.7,36,22,40.6,1,2,4177,right_to_left,Auckland FC,13,False,False,False,finish,2,low_block,8,24.16,32.34,1,wide_left,3,attacking_third,False,5.96,26.46,1,wide_left,2,middle_third,False,47.12,45.19,60.99,66.26,36.58,34.66,54.0,37.86
200,2015213,24437,24460,37:02.7,37:05.0,37,2,2.3,1,2,4177,right_to_left,Auckland FC,1,False,False,True,create,1,medium_block,9,5.33,26.08,1,wide_left,2,middle_third,False,4.98,24.04,1,wide_left,2,middle_third,False,45.41,50.21,66.17,63.03,34.74,35.77,37.92,39.01
201,2015213,24460,24478,37:05.0,37:06.8,37,5,1.8,1,2,4177,right_to_left,Auckland FC,1,False,False,True,finish,2,low_block,8,5.16,24.11,1,wide_left,2,middle_third,False,5.5,23.19,1,wide_left,2,middle_third,False,50.33,52.05,62.86,61.03,35.74,35.6,39.04,39.35
202,2015213,24478,24699,37:06.8,37:28.9,37,6,22.1,1,2,4177,right_to_left,Auckland FC,6,False,False,True,create,1,medium_block,9,5.1,22.01,1,wide_left,2,middle_third,False,14.81,26.99,1,wide_left,2,middle_third,False,52.11,60.68,60.94,56.89,35.64,43.43,39.44,43.33
203,2015213,24699,24763,37:28.9,37:35.3,37,28,6.4,1,2,4177,right_to_left,Auckland FC,1,True,False,True,finish,2,low_block,8,16.0,26.93,1,wide_left,2,middle_third,False,51.22,-6.31,3,center,3,attacking_third,True,60.42,42.74,57.09,71.92,43.62,40.74,43.36,39.3
204,2015213,24990,25019,37:58.0,38:00.9,37,58,2.9,1,1,1803,left_to_right,Western United,1,True,False,False,create,1,medium_block,9,,,2,half_space_left,2,middle_third,False,37.0,9.58,2,half_space_left,3,attacking_third,True,,41.51,,54.52,,49.51,,52.25
205,2015213,25019,25059,38:00.9,38:04.9,38,0,4.0,1,2,4177,right_to_left,Auckland FC,2,False,False,False,build_up,0,high_block,10,-37.18,-9.52,4,half_space_right,1,defensive_third,False,-20.07,-25.18,5,wide_right,1,defensive_third,False,49.82,58.19,52.13,49.69,41.29,39.54,54.41,50.14
206,2015213,25059,25142,38:04.9,38:13.2,38,4,8.3,1,2,4177,right_to_left,Auckland FC,2,False,False,False,create,1,medium_block,9,-19.99,-25.11,5,wide_right,1,defensive_third,False,-18.23,6.18,3,center,1,defensive_third,False,58.23,58.32,49.79,49.95,39.5,36.77,50.01,48.79
207,2015213,25142,25187,38:13.2,38:17.7,38,13,4.5,1,2,4177,right_to_left,Auckland FC,1,True,False,False,direct,6,defending_direct,15,-16.72,5.61,3,center,2,middle_third,False,26.51,5.89,3,center,3,attacking_third,False,58.19,44.21,50.27,67.51,36.54,28.53,48.74,48.82
208,2015213,25187,25229,38:17.7,38:21.9,38,17,4.2,1,1,1803,left_to_right,Western United,1,True,False,False,chaotic,5,chaotic,5,-26.82,-6.1,3,center,1,defensive_third,False,-6.12,-1.1,3,center,2,middle_third,False,28.36,23.1,48.79,48.44,43.92,31.21,67.64,64.47
209,2015213,25229,25246,38:21.9,38:23.6,38,21,1.7,1,2,4177,right_to_left,Auckland FC,2,False,False,False,finish,2,low_block,8,6.24,0.93,3,center,2,middle_third,False,13.24,1.46,3,center,2,middle_third,False,30.98,30.8,64.35,62.34,23.24,25.04,48.53,48.37
210,2015213,25246,25263,38:23.6,38:25.3,38,23,1.7,1,2,4177,right_to_left,Auckland FC,1,False,False,False,create,1,medium_block,9,13.31,1.53,3,center,2,middle_third,False,11.71,6.84,3,center,2,middle_third,False,30.93,33.88,62.21,60.0,25.14,26.07,48.27,45.92
211,2015213,25263,25335,38:25.3,38:32.5,38,25,7.2,1,2,4177,right_to_left,Auckland FC,4,False,False,False,finish,2,low_block,8,11.33,7.26,3,center,2,middle_third,False,5.69,8.19,3,center,2,middle_third,False,34.26,43.17,59.91,58.7,26.11,28.26,45.76,44.71
212,2015213,25335,25407,38:32.5,38:39.7,38,32,7.2,1,2,4177,right_to_left,Auckland FC,3,False,False,False,create,1,medium_block,9,5.25,7.23,3,center,2,middle_third,False,13.94,-18.67,4,half_space_right,2,middle_third,False,43.08,47.4,58.66,59.25,28.29,31.34,45.05,41.64
213,2015213,25407,25466,38:39.7,38:45.6,38,39,5.9,1,2,4177,right_to_left,Auckland FC,2,True,False,False,finish,2,low_block,8,14.16,-18.03,4,half_space_right,2,middle_third,False,40.44,-7.26,3,center,3,attacking_third,True,47.38,31.41,59.33,81.07,30.95,23.65,41.45,36.89
214,2015213,25466,25522,38:45.6,38:51.2,38,45,5.6,1,1,1803,left_to_right,Western United,1,True,False,False,transition,4,defending_transition,11,-40.14,7.2,3,center,1,defensive_third,False,15.52,28.28,1,wide_left,2,middle_third,False,23.75,38.48,36.77,54.43,31.18,40.36,81.08,77.11
215,2015213,25821,25830,39:21.1,39:22.0,39,21,0.9,1,2,4177,right_to_left,Auckland FC,1,True,False,False,chaotic,5,chaotic,5,-24.51,-31.08,5,wide_right,1,defensive_third,False,-22.64,-28.81,5,wide_right,1,defensive_third,False,31.45,31.02,40.88,39.78,38.15,37.43,65.73,65.2
216,2015213,25830,25868,39:22.0,39:25.8,39,22,3.8,1,1,1803,left_to_right,Western United,2,False,False,False,finish,2,low_block,8,22.33,28.47,1,wide_left,3,attacking_third,False,5.26,23.21,1,wide_left,2,middle_third,False,37.34,37.76,65.16,61.11,30.95,31.08,39.62,36.43
217,2015213,25868,25922,39:25.8,39:31.2,39,25,5.4,1,1,1803,left_to_right,Western United,2,False,False,False,create,1,medium_block,9,4.21,23.05,1,wide_left,2,middle_third,False,-19.14,-1.01,3,center,1,defensive_third,False,38.15,50.68,60.87,46.81,31.3,37.37,36.59,47.28
218,2015213,25922,25975,39:31.2,39:36.5,39,31,5.3,1,1,1803,left_to_right,Western United,2,False,False,False,build_up,0,high_block,10,-20.07,-0.73,3,center,1,defensive_third,False,-20.11,22.66,1,wide_left,1,defensive_third,False,50.83,58.38,46.43,39.17,37.47,42.49,47.38,54.51
219,2015213,25975,25993,39:36.5,39:38.3,39,36,1.8,1,1,1803,left_to_right,Western United,1,False,False,False,create,1,medium_block,9,-19.69,24.06,1,wide_left,1,defensive_third,False,-15.85,31.55,1,wide_left,2,middle_third,False,58.37,57.5,39.37,42.13,42.69,47.93,54.65,56.17
220,2015213,25993,26013,39:38.3,39:40.3,39,38,2.0,1,1,1803,left_to_right,Western United,1,True,False,False,direct,6,defending_direct,15,-15.31,31.49,1,wide_left,2,middle_third,False,16.19,19.58,2,half_space_left,2,middle_third,False,57.36,53.6,42.22,53.12,48.24,50.0,56.3,57.8
221,2015213,26013,26016,39:40.3,39:40.6,39,40,0.3,1,2,4177,right_to_left,Auckland FC,0,False,False,False,create,1,medium_block,9,-17.5,-18.99,4,half_space_right,2,middle_third,False,-19.88,-17.82,4,half_space_right,1,defensive_third,False,49.99,49.99,57.88,58.07,53.25,52.48,53.89,55.42
222,2015213,26016,26212,39:40.6,40:00.2,39,40,19.6,1,2,4177,right_to_left,Auckland FC,4,False,False,False,build_up,0,high_block,10,-21.0,-17.25,4,half_space_right,1,defensive_third,False,-20.49,16.24,2,half_space_left,1,defensive_third,False,50.0,54.95,58.17,47.69,52.11,39.99,56.16,67.38
223,2015213,26212,26229,40:00.2,40:01.9,40,0,1.7,1,2,4177,right_to_left,Auckland FC,0,True,False,False,create,1,medium_block,9,-19.67,17.08,2,half_space_left,1,defensive_third,False,-10.41,27.92,1,wide_left,2,middle_third,False,55.07,55.65,47.68,47.32,40.09,42.17,67.18,63.73
224,2015213,26229,26343,40:01.9,40:13.3,40,1,11.4,1,1,1803,left_to_right,Western United,4,True,False,False,quick_break,3,defending_quick_break,12,10.25,-28.25,5,wide_right,2,middle_third,False,56.15,-17.66,4,half_space_right,3,attacking_third,False,42.28,30.98,63.51,78.58,55.73,31.46,47.28,47.58
225,2015213,26657,26719,40:44.7,40:50.9,40,44,6.2,1,2,4177,right_to_left,Auckland FC,2,True,False,False,create,1,medium_block,9,-23.0,-14.68,4,half_space_right,1,defensive_third,False,-5.29,-12.59,4,half_space_right,2,middle_third,False,33.65,27.53,54.67,53.93,28.46,21.66,45.28,45.77
226,2015213,26905,27061,41:09.5,41:25.1,41,9,15.6,1,1,1803,left_to_right,Western United,5,True,False,False,create,1,medium_block,9,12.95,31.43,1,wide_left,2,middle_third,False,-4.34,31.24,1,wide_left,2,middle_third,False,37.81,40.13,58.82,49.43,32.18,40.34,43.37,46.52
227,2015213,27061,27103,41:25.1,41:29.3,41,25,4.2,1,2,4177,right_to_left,Auckland FC,1,True,False,False,chaotic,5,chaotic,5,4.74,-30.94,5,wide_right,2,middle_third,False,17.84,-10.89,4,half_space_right,3,attacking_third,False,40.34,39.78,46.38,53.56,40.12,32.14,49.29,43.0
228,2015213,27103,27245,41:29.3,41:43.5,41,29,14.2,1,1,1803,left_to_right,Western United,7,False,False,False,create,1,medium_block,9,-18.23,10.38,2,half_space_left,1,defensive_third,False,24.11,-29.47,5,wide_right,3,attacking_third,False,32.11,42.82,42.99,61.01,39.74,38.3,53.75,58.9
229,2015213,27245,27267,41:43.5,41:45.7,41,43,2.2,1,1,1803,left_to_right,Western United,1,True,False,False,finish,2,low_block,8,24.52,-29.18,5,wide_right,3,attacking_third,False,30.07,-20.99,5,wide_right,3,attacking_third,False,42.56,33.6,61.47,68.25,38.16,34.11,58.88,55.19
230,2015213,27267,27342,41:45.7,41:53.2,41,45,7.5,1,2,4177,right_to_left,Auckland FC,2,True,False,False,chaotic,5,chaotic,5,-30.27,21.15,1,wide_left,1,defensive_third,False,-9.06,31.7,1,wide_left,2,middle_third,False,33.93,37.36,54.98,43.32,33.46,32.2,68.41,64.9
231,2015213,27342,27352,41:53.2,41:54.2,41,53,1.0,1,1,1803,left_to_right,Western United,1,False,False,False,finish,2,low_block,8,8.55,-31.96,5,wide_right,2,middle_third,False,5.09,-31.62,5,wide_right,2,middle_third,False,32.26,32.8,64.68,62.67,37.36,37.9,43.22,42.28
232,2015213,27352,27405,41:54.2,41:59.5,41,54,5.3,1,1,1803,left_to_right,Western United,2,False,False,False,create,1,medium_block,9,4.81,-31.57,5,wide_right,2,middle_third,False,-19.7,-12.65,4,half_space_right,1,defensive_third,False,32.76,41.27,62.44,51.57,37.96,37.19,42.19,51.3
233,2015213,27405,27481,41:59.5,42:07.1,41,59,7.6,1,1,1803,left_to_right,Western United,3,False,False,False,build_up,0,high_block,10,-20.34,-12.21,4,half_space_right,1,defensive_third,False,-20.49,18.55,2,half_space_left,1,defensive_third,False,41.48,53.71,51.27,49.55,37.28,46.06,51.8,60.29
234,2015213,27481,27510,42:07.1,42:10.0,42,7,2.9,1,1,1803,left_to_right,Western United,2,False,False,False,create,1,medium_block,9,-19.06,18.83,2,half_space_left,1,defensive_third,False,-19.98,17.3,2,half_space_left,1,defensive_third,False,53.94,51.29,49.59,49.18,46.19,44.33,59.95,56.16
235,2015213,27510,27604,42:10.0,42:19.4,42,10,9.4,1,1,1803,left_to_right,Western United,4,False,False,False,build_up,0,high_block,10,-20.13,17.65,2,half_space_left,1,defensive_third,False,-21.11,-20.46,5,wide_right,1,defensive_third,False,50.81,54.79,49.15,46.56,43.97,38.44,56.21,63.75
236,2015213,27604,27659,42:19.4,42:24.9,42,19,5.5,1,1,1803,left_to_right,Western United,3,True,False,False,create,1,medium_block,9,-19.27,-20.3,5,wide_right,1,defensive_third,False,18.3,-8.09,3,center,3,attacking_third,False,54.66,45.84,46.58,58.19,38.41,27.88,63.5,60.95
237,2015213,27659,27789,42:24.9,42:37.9,42,24,13.0,1,2,4177,right_to_left,Auckland FC,3,False,False,False,create,1,medium_block,9,-19.17,7.81,3,center,1,defensive_third,False,12.37,30.1,1,wide_left,2,middle_third,False,27.66,41.16,61.02,59.89,45.5,34.98,58.8,52.0
238,2015213,28534,28642,43:52.4,44:03.2,43,52,10.8,1,2,4177,right_to_left,Auckland FC,5,False,False,False,create,1,medium_block,9,1.42,28.4,1,wide_left,2,middle_third,False,-6.44,18.81,2,half_space_left,2,middle_third,False,56.61,61.71,60.55,55.26,40.15,40.21,44.23,44.45
239,2015213,28642,28671,44:03.2,44:06.1,44,3,2.9,1,2,4177,right_to_left,Auckland FC,1,False,False,False,direct,6,defending_direct,15,-6.08,19.12,2,half_space_left,2,middle_third,False,30.83,16.76,2,half_space_left,3,attacking_third,False,61.55,48.88,55.49,68.8,40.19,35.95,44.34,45.54
240,2015213,28671,28748,44:06.1,44:13.8,44,6,7.7,1,2,4177,right_to_left,Auckland FC,2,True,False,False,finish,2,low_block,8,31.58,16.76,2,half_space_left,3,attacking_third,False,22.73,21.8,1,wide_left,3,attacking_third,False,48.37,42.06,69.02,66.46,35.62,26.43,45.66,39.69
241,2015213,28748,28792,44:13.8,44:18.2,44,13,4.4,1,1,1803,left_to_right,Western United,1,True,False,False,chaotic,5,chaotic,5,-22.54,-22.32,5,wide_right,1,defensive_third,False,-4.81,-32.22,5,wide_right,2,middle_third,False,26.63,39.74,39.65,46.36,42.07,38.94,66.47,65.34
242,2015213,28792,28829,44:18.2,44:21.9,44,18,3.7,1,2,4177,right_to_left,Auckland FC,1,False,False,False,create,1,medium_block,9,4.28,32.2,1,wide_left,2,middle_third,False,14.51,32.7,1,wide_left,2,middle_third,False,39.18,35.2,65.4,61.6,39.99,36.35,46.68,47.79
243,2015213,28829,28887,44:21.9,44:27.7,44,21,5.8,1,2,4177,right_to_left,Auckland FC,1,True,False,False,finish,2,low_block,8,15.13,32.68,1,wide_left,2,middle_third,False,45.28,36.46,1,wide_left,3,attacking_third,False,34.89,33.96,61.6,72.52,36.18,32.74,47.77,42.85
244,2015213,29203,29213,44:59.3,45:00.3,44,59,1.0,1,1,1803,left_to_right,Western United,1,False,False,False,chaotic,5,chaotic,5,-34.59,-34.31,5,wide_right,1,defensive_third,False,-25.55,-32.67,5,wide_right,1,defensive_third,False,24.69,24.66,44.03,44.15,21.12,21.63,63.15,63.05
245,2015213,29429,29444,45:21.9,45:23.4,45,21,1.5,1,1,1803,left_to_right,Western United,1,True,False,False,chaotic,5,chaotic,5,-8.0,-34.1,5,wide_right,2,middle_third,False,6.62,-30.13,5,wide_right,2,middle_third,False,26.16,25.57,52.32,54.19,23.83,24.03,50.15,49.23
246,2015213,29444,29459,45:23.4,45:24.9,45,23,1.5,1,2,4177,right_to_left,Auckland FC,1,True,False,False,chaotic,5,chaotic,5,-7.15,30.07,1,wide_left,2,middle_third,False,-0.32,26.51,1,wide_left,2,middle_third,False,24.06,25.18,49.21,46.84,25.6,26.51,54.3,54.67
247,2015213,29459,29485,45:24.9,45:27.5,45,24,2.6,1,1,1803,left_to_right,Western United,1,True,False,False,chaotic,5,chaotic,5,-0.15,-26.37,5,wide_right,2,middle_third,False,-0.6,-14.43,4,half_space_right,2,middle_third,False,26.57,27.57,54.66,53.83,25.26,25.36,46.63,45.52
248,2015213,29485,29522,45:27.5,45:31.2,45,27,3.7,1,2,4177,right_to_left,Auckland FC,1,True,False,False,chaotic,5,chaotic,5,0.23,13.88,2,half_space_left,2,middle_third,False,22.49,1.16,3,center,3,attacking_third,False,25.31,28.09,45.91,58.6,27.58,29.0,53.8,52.86
249,2015213,29522,29532,45:31.2,45:32.2,45,31,1.0,1,1,1803,left_to_right,Western United,1,True,False,False,chaotic,5,chaotic,5,-22.62,-0.83,3,center,1,defensive_third,False,-13.99,9.12,3,center,2,middle_third,False,29.29,31.15,52.74,52.53,28.33,30.65,58.76,59.67
250,2015213,29637,29643,45:42.7,45:43.3,45,42,0.6,1,2,4177,right_to_left,Auckland FC,1,False,False,False,create,1,medium_block,9,-16.41,-33.26,5,wide_right,2,middle_third,False,-19.57,-31.39,5,wide_right,1,defensive_third,False,51.81,52.29,54.99,54.83,36.4,35.75,50.96,52.18
251,2015213,29643,29786,45:43.3,45:57.6,45,43,14.3,1,2,4177,right_to_left,Auckland FC,6,False,False,False,build_up,0,high_block,10,-20.32,-30.92,5,wide_right,1,defensive_third,False,-46.66,8.34,3,center,1,defensive_third,False,52.38,57.31,54.8,47.4,35.63,32.13,52.49,77.63
252,2015213,29786,29821,45:57.6,46:01.1,45,57,3.5,1,2,4177,right_to_left,Auckland FC,1,True,False,False,direct,6,defending_direct,15,-46.22,8.82,3,center,1,defensive_third,False,-1.11,12.51,2,half_space_left,2,middle_third,False,57.37,50.49,47.17,50.52,32.13,35.41,77.64,69.9
253,2015213,29821,29880,46:01.1,46:07.0,46,1,5.9,1,1,1803,left_to_right,Western United,3,True,False,False,create,1,medium_block,9,0.89,-12.41,4,half_space_right,2,middle_third,False,4.88,-17.53,4,half_space_right,2,middle_third,False,35.45,44.9,69.65,60.77,50.24,33.22,50.76,41.13
254,2015213,29880,29947,46:07.0,46:13.7,46,7,6.7,1,2,4177,right_to_left,Auckland FC,1,False,False,False,create,1,medium_block,9,-5.05,17.93,2,half_space_left,2,middle_third,False,12.23,27.92,1,wide_left,2,middle_third,False,33.18,35.75,40.85,51.99,44.97,35.26,61.0,55.41
255,2015213,30218,30258,46:40.8,46:44.8,46,40,4.0,1,2,4177,right_to_left,Auckland FC,1,True,False,False,create,1,medium_block,9,14.36,28.19,1,wide_left,2,middle_third,False,26.99,-12.15,4,half_space_right,3,attacking_third,False,39.73,37.19,55.22,64.07,32.13,31.28,27.74,27.56
256,2015213,30258,30387,46:44.8,46:57.7,46,44,12.9,1,1,1803,left_to_right,Western United,1,False,False,False,transition,4,defending_transition,11,-26.88,12.72,2,half_space_left,1,defensive_third,False,28.02,6.06,3,center,3,attacking_third,False,31.6,25.69,27.79,66.73,37.04,25.77,64.19,46.76
257,2015213,30387,30419,46:57.7,47:00.9,46,57,3.2,1,1,1803,left_to_right,Western United,1,True,False,False,finish,2,low_block,8,27.33,5.97,3,center,3,attacking_third,False,32.51,3.02,3,center,3,attacking_third,False,25.6,21.19,66.67,61.75,25.72,22.69,46.44,36.85
258,2015213,30419,30445,47:00.9,47:03.5,47,0,2.6,1,2,4177,right_to_left,Auckland FC,1,True,False,False,chaotic,5,chaotic,5,-32.34,-3.12,3,center,1,defensive_third,False,-16.23,-1.38,3,center,2,middle_third,False,22.32,26.17,36.65,32.28,21.22,19.13,61.87,59.81
259,2015213,30653,30682,47:24.3,47:27.2,47,24,2.9,1,1,1803,left_to_right,Western United,1,True,False,False,create,1,medium_block,9,4.57,5.22,3,center,2,middle_third,False,9.48,-14.89,4,half_space_right,2,middle_third,False,34.08,35.67,49.2,47.75,45.98,50.81,49.89,51.92
260,2015213,30682,30763,47:27.2,47:35.3,47,27,8.1,1,2,4177,right_to_left,Auckland FC,2,True,False,False,chaotic,5,chaotic,5,-9.4,15.37,2,half_space_left,2,middle_third,False,44.52,13.34,2,half_space_left,3,attacking_third,True,51.1,51.19,52.03,61.53,35.57,41.86,47.68,43.71
261,2015213,30763,30999,47:35.3,47:58.9,47,35,23.6,1,1,1803,left_to_right,Western United,1,False,False,False,build_up,0,high_block,10,-44.72,-13.19,4,half_space_right,1,defensive_third,False,-21.04,20.12,2,half_space_left,1,defensive_third,False,41.99,35.44,43.71,48.84,51.37,30.24,61.41,66.45
262,2015213,30999,31006,47:58.9,47:59.6,47,58,0.7,1,1,1803,left_to_right,Western United,0,False,False,False,create,1,medium_block,9,-19.06,20.31,1,wide_left,1,defensive_third,False,-5.07,21.56,1,wide_left,2,middle_third,False,35.3,34.41,48.87,49.32,30.2,30.02,66.43,65.19
263,2015213,40281,40332,45:00.1,45:05.2,0,0,5.1,2,2,1803,right_to_left,Western United,3,False,False,False,create,1,medium_block,9,-5.07,0.38,3,center,2,middle_third,False,-24.62,19.23,2,half_space_left,1,defensive_third,False,51.73,60.15,39.15,53.48,36.9,37.91,39.73,59.72
264,2015213,40332,40356,45:05.2,45:07.6,0,5,2.4,2,2,1803,right_to_left,Western United,1,True,False,False,direct,6,defending_direct,15,-24.01,19.43,2,half_space_left,1,defensive_third,False,11.95,17.84,2,half_space_left,2,middle_third,False,60.26,55.71,53.67,58.25,37.81,36.97,59.93,59.47
265,2015213,40356,40451,45:07.6,45:17.1,0,7,9.5,2,1,4177,left_to_right,Auckland FC,2,True,False,False,chaotic,5,chaotic,5,-12.94,-17.67,4,half_space_right,2,middle_third,False,-5.93,15.73,2,half_space_left,2,middle_third,False,36.95,42.33,59.38,51.24,55.33,33.98,58.33,48.53
266,2015213,40451,40475,45:17.1,45:19.5,0,17,2.4,2,2,1803,right_to_left,Western United,1,False,False,False,chaotic,5,chaotic,5,5.7,-15.83,4,half_space_right,2,middle_third,False,-4.32,-17.92,4,half_space_right,2,middle_third,False,34.24,37.71,48.5,47.68,42.52,38.57,51.2,49.82
267,2015213,40663,40683,45:38.3,45:40.3,0,38,2.0,2,2,1803,right_to_left,Western United,2,False,False,False,create,1,medium_block,9,,,2,half_space_left,2,middle_third,False,-19.67,-12.26,4,half_space_right,1,defensive_third,False,,55.85,,47.04,,35.88,,49.18
268,2015213,40683,40746,45:40.3,45:46.6,0,40,6.3,2,2,1803,right_to_left,Western United,3,False,False,False,build_up,0,high_block,10,-20.24,-12.12,4,half_space_right,1,defensive_third,False,-20.98,27.35,1,wide_left,1,defensive_third,False,56.06,56.31,47.02,43.82,35.95,37.82,49.53,62.6
269,2015213,40746,40752,45:46.6,45:47.2,0,46,0.6,2,2,1803,right_to_left,Western United,0,True,False,False,create,1,medium_block,9,-19.0,28.04,1,wide_left,1,defensive_third,False,-10.27,30.59,1,wide_left,2,middle_third,False,55.95,54.21,44.18,46.2,37.97,38.44,62.5,61.92
270,2015213,40855,40893,45:57.5,46:01.3,0,57,3.8,2,1,4177,left_to_right,Auckland FC,2,True,False,False,chaotic,5,chaotic,5,-7.38,-35.78,5,wide_right,2,middle_third,False,24.33,-20.17,5,wide_right,3,attacking_third,False,42.91,34.74,51.61,59.13,26.47,24.37,50.73,50.45
271,2015213,40893,40903,46:01.3,46:02.3,1,1,1.0,2,2,1803,right_to_left,Western United,1,True,False,False,chaotic,5,chaotic,5,-24.74,19.72,2,half_space_left,1,defensive_third,False,-23.44,14.99,2,half_space_left,1,defensive_third,False,24.27,23.41,50.47,50.93,34.36,31.09,59.1,60.75
272,2015213,40903,40983,46:02.3,46:10.3,1,2,8.0,2,1,4177,left_to_right,Auckland FC,1,False,False,True,finish,2,low_block,8,23.06,-14.55,4,half_space_right,3,attacking_third,False,12.77,-16.39,4,half_space_right,2,middle_third,False,30.74,25.39,60.94,56.57,23.3,20.51,50.99,41.66
273,2015213,40983,41010,46:10.3,46:13.0,1,10,2.7,2,1,4177,left_to_right,Auckland FC,2,False,False,True,create,1,medium_block,9,12.87,-16.25,4,half_space_right,2,middle_third,False,25.28,-8.59,3,center,3,attacking_third,False,25.38,30.94,56.47,55.77,20.59,20.14,41.57,42.33
274,2015213,41010,41041,46:13.0,46:16.1,1,13,3.1,2,1,4177,left_to_right,Auckland FC,2,True,False,True,finish,2,low_block,8,25.52,-8.04,3,center,3,attacking_third,False,48.1,-2.41,3,center,3,attacking_third,True,31.2,33.64,56.21,69.66,19.95,19.45,42.52,44.87
275,2015213,41223,41256,46:34.3,46:37.6,1,34,3.3,2,2,1803,right_to_left,Western United,2,False,False,False,build_up,0,high_block,10,,,2,half_space_left,2,middle_third,False,-26.8,-22.4,5,wide_right,1,defensive_third,False,,52.45,,48.28,,38.29,,67.71
276,2015213,41385,41395,46:50.5,46:51.5,1,50,1.0,2,2,1803,right_to_left,Western United,1,False,False,False,chaotic,5,chaotic,5,-30.4,-35.33,5,wide_right,1,defensive_third,False,-22.61,-35.83,5,wide_right,1,defensive_third,False,30.02,29.48,39.67,39.39,23.11,22.61,63.96,63.2
277,2015213,41501,41519,47:02.1,47:03.9,2,2,1.8,2,2,1803,right_to_left,Western United,2,True,False,False,chaotic,5,chaotic,5,-18.42,-32.66,5,wide_right,1,defensive_third,False,-14.55,-27.83,5,wide_right,2,middle_third,False,30.72,30.02,39.02,37.6,23.02,23.03,62.22,60.09
278,2015213,41519,41554,47:03.9,47:07.4,2,3,3.5,2,1,4177,left_to_right,Auckland FC,2,False,False,False,finish,2,low_block,8,14.42,27.58,1,wide_left,2,middle_third,False,5.64,23.18,1,wide_left,2,middle_third,False,23.09,24.66,59.88,56.66,29.96,27.64,37.68,36.08
279,2015213,41554,41645,47:07.4,47:16.5,2,7,9.1,2,1,4177,left_to_right,Auckland FC,2,False,False,False,create,1,medium_block,9,4.7,22.21,1,wide_left,2,middle_third,False,-14.76,22.46,1,wide_left,2,middle_third,False,24.74,59.15,56.59,49.81,27.45,35.82,36.35,49.8
280,2015213,41645,41669,47:16.5,47:18.9,2,16,2.4,2,1,4177,left_to_right,Auckland FC,1,True,False,False,direct,6,defending_direct,15,-14.17,22.68,1,wide_left,2,middle_third,False,19.43,21.37,1,wide_left,3,attacking_third,False,59.34,55.3,49.84,58.51,35.98,34.76,49.91,51.11
281,2015213,41669,41690,47:18.9,47:21.0,2,18,2.1,2,2,1803,right_to_left,Western United,1,True,False,False,chaotic,5,chaotic,5,-20.25,-21.25,5,wide_right,1,defensive_third,False,-9.41,-27.33,5,wide_right,2,middle_third,False,34.62,32.41,51.13,48.57,54.75,46.03,58.9,59.81
282,2015213,41690,41871,47:21.0,47:39.1,2,21,18.1,2,1,4177,left_to_right,Auckland FC,6,True,False,False,create,1,medium_block,9,9.23,27.67,1,wide_left,2,middle_third,False,14.06,-21.71,5,wide_right,2,middle_third,False,45.76,46.17,59.65,54.47,32.25,32.56,48.31,47.84
283,2015213,41871,41877,47:39.1,47:39.7,2,39,0.6,2,2,1803,right_to_left,Western United,1,True,False,False,chaotic,5,chaotic,5,-13.89,21.9,1,wide_left,2,middle_third,False,-11.97,19.69,2,half_space_left,2,middle_third,False,32.34,31.2,47.87,47.84,46.16,46.01,54.48,54.53
284,2015213,41877,41898,47:39.7,47:41.8,2,39,2.1,2,1,4177,left_to_right,Auckland FC,1,True,False,False,chaotic,5,chaotic,5,11.92,-19.48,4,half_space_right,2,middle_third,False,15.05,-27.26,5,wide_right,2,middle_third,False,45.97,45.57,54.53,55.79,30.98,30.22,47.81,45.62
285,2015213,42118,42168,48:03.8,48:08.8,3,3,5.0,2,2,1803,right_to_left,Western United,2,True,False,False,create,1,medium_block,9,-25.19,11.31,2,half_space_left,1,defensive_third,False,1.98,33.71,1,wide_left,2,middle_third,False,51.89,45.44,38.04,45.94,38.97,37.56,60.2,59.55
286,2015213,42168,42216,48:08.8,48:13.6,3,8,4.8,2,1,4177,left_to_right,Auckland FC,2,False,False,False,chaotic,5,chaotic,5,-2.3,-33.8,5,wide_right,2,middle_third,False,24.25,-30.44,5,wide_right,3,attacking_third,False,37.56,37.31,59.63,64.43,44.94,30.48,46.1,46.93
287,2015213,42370,42408,48:29.0,48:32.8,3,29,3.8,2,1,4177,left_to_right,Auckland FC,2,False,False,False,create,1,medium_block,9,,,2,half_space_left,2,middle_third,False,-19.88,-14.03,4,half_space_right,1,defensive_third,False,,44.06,,57.5,,30.72,,49.77
288,2015213,42408,42533,48:32.8,48:45.3,3,32,12.5,2,1,4177,left_to_right,Auckland FC,4,False,False,False,build_up,0,high_block,10,-20.2,-13.42,4,half_space_right,1,defensive_third,False,-20.54,-22.23,5,wide_right,1,defensive_third,False,44.24,59.45,57.32,48.31,30.85,42.82,49.94,72.48
289,2015213,42533,42574,48:45.3,48:49.4,3,45,4.1,2,1,4177,left_to_right,Auckland FC,1,True,False,False,create,1,medium_block,9,-19.14,-23.04,5,wide_right,1,defensive_third,False,-10.86,-17.23,4,half_space_right,2,middle_third,False,59.04,51.37,48.55,51.25,42.69,32.63,72.27,60.66
290,2015213,42574,42659,48:49.4,48:57.9,3,49,8.5,2,2,1803,right_to_left,Western United,6,False,True,True,quick_break,3,defending_quick_break,12,10.99,17.17,2,half_space_left,2,middle_third,False,52.83,0.08,3,center,3,attacking_third,True,32.74,28.98,60.44,78.52,51.01,36.15,51.24,42.95
291,2015213,43298,43454,50:01.8,50:17.4,5,1,15.6,2,1,4177,left_to_right,Auckland FC,8,False,False,False,create,1,medium_block,9,0.09,-0.39,3,center,2,middle_third,False,-14.85,31.36,1,wide_left,2,middle_third,False,45.07,57.65,42.77,51.6,38.39,39.03,41.97,51.28
292,2015213,43532,43618,50:25.2,50:33.8,5,25,8.6,2,1,4177,left_to_right,Auckland FC,3,False,False,True,create,1,medium_block,9,-26.23,5.5,3,center,1,defensive_third,False,-19.67,-14.97,4,half_space_right,1,defensive_third,False,61.31,61.94,45.64,50.43,38.6,36.27,49.65,51.36
293,2015213,43618,43675,50:33.8,50:39.5,5,33,5.7,2,1,4177,left_to_right,Auckland FC,2,False,False,True,build_up,0,high_block,10,-20.31,-14.63,4,half_space_right,1,defensive_third,False,-20.21,26.13,1,wide_left,1,defensive_third,False,61.8,58.8,50.45,49.18,36.19,38.16,51.89,63.45
294,2015213,43675,43750,50:39.5,50:47.0,5,39,7.5,2,1,4177,left_to_right,Auckland FC,3,False,False,True,create,1,medium_block,9,-19.38,26.69,1,wide_left,1,defensive_third,False,19.33,13.28,2,half_space_left,3,attacking_third,False,58.79,47.02,49.14,62.27,38.29,26.96,63.29,55.92
295,2015213,43750,43772,50:47.0,50:49.2,5,47,2.2,2,1,4177,left_to_right,Auckland FC,1,True,False,False,finish,2,low_block,8,19.95,13.07,2,half_space_left,3,attacking_third,False,42.99,-1.03,3,center,3,attacking_third,True,46.51,37.5,62.62,71.05,26.72,23.96,55.91,56.27
296,2015213,43950,43986,51:07.0,51:10.6,6,7,3.6,2,2,1803,right_to_left,Western United,2,False,False,False,build_up,0,high_block,10,-48.23,7.98,3,center,1,defensive_third,False,-47.12,-1.07,3,center,1,defensive_third,False,53.93,59.12,52.46,50.56,37.2,34.34,66.88,77.08
297,2015213,43986,44008,51:10.6,51:12.8,6,10,2.2,2,2,1803,right_to_left,Western United,1,True,False,False,direct,6,defending_direct,15,-46.21,-1.75,3,center,1,defensive_third,False,-9.01,-9.57,4,half_space_right,2,middle_third,False,59.16,52.92,50.58,50.87,34.26,30.93,77.0,70.61
298,2015213,44008,44016,51:12.8,51:13.6,6,12,0.8,2,1,4177,left_to_right,Auckland FC,1,False,False,False,finish,2,low_block,8,7.84,9.25,2,half_space_left,2,middle_third,False,5.39,7.16,3,center,2,middle_third,False,30.52,28.03,70.33,68.42,52.39,48.55,50.92,51.05
299,2015213,44016,44070,51:13.6,51:19.0,6,13,5.4,2,1,4177,left_to_right,Auckland FC,2,False,False,False,create,1,medium_block,9,5.02,7.07,3,center,2,middle_third,False,13.98,-22.46,5,wide_right,2,middle_third,False,27.82,36.96,68.14,59.05,48.0,30.64,51.03,46.26
300,2015213,44070,44118,51:19.0,51:23.8,6,19,4.8,2,1,4177,left_to_right,Auckland FC,1,False,False,False,finish,2,low_block,8,14.48,-23.1,5,wide_right,2,middle_third,False,5.6,-20.95,5,wide_right,2,middle_third,False,37.55,47.57,59.29,59.41,30.59,33.7,46.26,40.97
301,2015213,44118,44178,51:23.8,51:29.8,6,23,6.0,2,1,4177,left_to_right,Auckland FC,4,False,False,False,create,1,medium_block,9,4.73,-20.31,5,wide_right,2,middle_third,False,-9.01,1.35,3,center,2,middle_third,False,47.79,62.03,59.21,52.17,33.48,34.82,40.85,45.87
302,2015213,44178,44202,51:29.8,51:32.2,6,29,2.4,2,1,4177,left_to_right,Auckland FC,1,True,False,False,direct,6,defending_direct,15,-8.65,1.62,3,center,2,middle_third,False,23.54,13.16,2,half_space_left,3,attacking_third,False,62.07,51.96,52.12,57.34,35.07,35.46,46.03,48.36
303,2015213,44202,44293,51:32.2,51:41.3,6,32,9.1,2,2,1803,right_to_left,Western United,3,True,False,False,chaotic,5,chaotic,5,-23.92,-13.23,4,half_space_right,1,defensive_third,False,-4.77,-13.21,4,half_space_right,2,middle_third,False,35.31,29.72,48.4,47.35,51.13,37.73,57.63,54.52
304,2015213,44293,44319,51:41.3,51:43.9,6,41,2.6,2,1,4177,left_to_right,Auckland FC,2,True,False,False,chaotic,5,chaotic,5,4.77,12.63,2,half_space_left,2,middle_third,False,10.79,2.0,3,center,2,middle_third,False,37.67,36.51,54.59,58.36,29.59,24.67,47.33,45.77
305,2015213,44319,44380,51:43.9,51:50.0,6,43,6.1,2,2,1803,right_to_left,Western United,2,False,False,True,create,1,medium_block,9,-10.65,-2.09,3,center,2,middle_third,False,23.99,-13.31,4,half_space_right,3,attacking_third,False,24.61,28.38,45.79,66.94,36.47,34.88,58.53,61.18
306,2015213,44380,44414,51:50.0,51:53.4,6,50,3.4,2,2,1803,right_to_left,Western United,1,True,False,True,finish,2,low_block,8,24.59,-13.65,4,half_space_right,3,attacking_third,False,48.56,-4.78,3,center,3,attacking_third,True,28.38,30.19,67.4,77.91,34.77,30.1,61.14,54.44
307,2015213,44414,44483,51:53.4,52:00.3,6,53,6.9,2,1,4177,left_to_right,Auckland FC,2,False,False,False,build_up,0,high_block,10,-49.45,4.01,3,center,1,defensive_third,False,-20.13,3.76,3,center,1,defensive_third,False,30.01,50.86,54.35,45.2,30.27,37.42,78.07,69.11
308,2015213,44483,44545,52:00.3,52:06.5,7,0,6.2,2,1,4177,left_to_right,Auckland FC,3,False,False,False,create,1,medium_block,9,-19.29,3.77,3,center,1,defensive_third,False,-6.41,30.51,1,wide_left,2,middle_third,False,50.95,49.3,45.27,52.24,37.52,38.86,68.95,59.48
309,2015213,44815,44976,52:33.5,52:49.6,7,33,16.1,2,1,4177,left_to_right,Auckland FC,5,False,False,False,create,1,medium_block,9,-7.84,27.67,1,wide_left,2,middle_third,False,-19.55,-27.64,5,wide_right,1,defensive_third,False,58.24,58.15,57.46,48.5,38.63,37.69,46.79,53.15
310,2015213,44976,45006,52:49.6,52:52.6,7,49,3.0,2,1,4177,left_to_right,Auckland FC,1,False,False,False,build_up,0,high_block,10,-20.79,-27.19,5,wide_right,1,defensive_third,False,-27.47,-27.06,5,wide_right,1,defensive_third,False,58.21,61.04,48.45,47.77,37.59,36.76,53.61,62.63
311,2015213,45006,45033,52:52.6,52:55.3,7,52,2.7,2,1,4177,left_to_right,Auckland FC,1,True,False,False,direct,6,defending_direct,15,-26.99,-27.15,5,wide_right,1,defensive_third,False,11.97,-22.93,5,wide_right,2,middle_third,False,61.02,55.07,47.74,53.01,36.76,33.25,62.41,60.08
312,2015213,45033,45077,52:55.3,52:59.7,7,55,4.4,2,2,1803,right_to_left,Western United,2,False,False,False,chaotic,5,chaotic,5,-12.1,22.84,1,wide_left,2,middle_third,False,-3.99,31.13,1,wide_left,2,middle_third,False,33.04,35.72,60.07,57.64,54.74,43.24,53.34,49.7
313,2015213,45077,45104,52:59.7,53:02.4,7,59,2.7,2,2,1803,right_to_left,Western United,1,True,False,False,direct,6,defending_direct,15,-3.61,31.09,1,wide_left,2,middle_third,False,30.07,5.51,3,center,3,attacking_third,False,35.91,38.8,57.8,69.45,43.15,41.39,49.53,48.59
314,2015213,45104,45376,53:02.4,53:29.6,8,2,27.2,2,1,4177,left_to_right,Auckland FC,7,False,False,False,build_up,0,high_block,10,-31.06,-4.89,3,center,1,defensive_third,False,-20.85,5.15,3,center,1,defensive_third,False,41.32,55.65,48.77,46.81,38.85,40.02,69.94,76.01
315,2015213,45376,45449,53:29.6,53:36.9,8,29,7.3,2,1,4177,left_to_right,Auckland FC,1,True,False,False,create,1,medium_block,9,-19.67,6.25,3,center,1,defensive_third,False,8.94,24.84,1,wide_left,2,middle_third,False,55.65,52.83,46.82,58.25,40.15,42.61,75.88,59.38
316,2015213,45449,45523,53:36.9,53:44.3,8,36,7.4,2,2,1803,right_to_left,Western United,1,False,False,False,transition,4,defending_transition,11,-9.29,-24.93,5,wide_right,2,middle_third,False,36.89,-17.06,4,half_space_right,3,attacking_third,True,42.62,35.36,59.16,72.49,52.61,35.47,58.38,55.42
317,2015213,45943,46035,54:26.3,54:35.5,9,26,9.2,2,2,1803,right_to_left,Western United,3,False,False,False,set_play,7,defending_set_play,13,51.14,-29.28,5,wide_right,3,attacking_third,False,24.11,34.42,1,wide_left,3,attacking_third,False,43.03,45.69,75.64,60.6,15.9,38.85,15.91,23.65
318,2015213,46256,46312,54:57.6,55:03.2,9,57,5.6,2,2,1803,right_to_left,Western United,4,True,False,False,finish,2,low_block,8,32.39,31.02,1,wide_left,3,attacking_third,False,39.08,13.24,2,half_space_left,3,attacking_third,True,33.5,32.26,68.01,63.6,28.3,20.06,43.82,43.71
319,2015213,46312,46401,55:03.2,55:12.1,10,3,8.9,2,1,4177,left_to_right,Auckland FC,3,True,False,False,chaotic,5,chaotic,5,-39.46,-13.2,4,half_space_right,1,defensive_third,False,-2.97,-24.07,5,wide_right,2,middle_third,False,20.2,28.83,43.66,43.34,32.17,26.74,63.92,59.48
320,2015213,46585,46608,55:30.5,55:32.8,10,30,2.3,2,2,1803,right_to_left,Western United,1,True,False,False,chaotic,5,chaotic,5,-15.96,32.42,1,wide_left,2,middle_third,False,2.13,23.52,1,wide_left,2,middle_third,False,30.74,27.77,45.24,46.73,22.97,21.53,55.07,53.85
321,2015213,46608,46699,55:32.8,55:41.9,10,32,9.1,2,1,4177,left_to_right,Auckland FC,4,True,False,False,chaotic,5,chaotic,5,-2.57,-23.61,5,wide_right,2,middle_third,False,-4.83,-25.6,5,wide_right,2,middle_third,False,21.47,27.78,53.83,58.5,27.59,20.46,46.84,49.95
322,2015213,46699,46748,55:41.9,55:46.8,10,41,4.9,2,2,1803,right_to_left,Western United,1,False,False,False,create,1,medium_block,9,5.71,25.82,1,wide_left,2,middle_third,False,30.82,33.18,1,wide_left,3,attacking_third,False,20.8,37.76,50.27,64.2,27.82,33.54,58.74,57.29
323,2015213,46748,46786,55:46.8,55:50.6,10,46,3.8,2,2,1803,right_to_left,Western United,2,True,False,False,finish,2,low_block,8,31.34,33.19,1,wide_left,3,attacking_third,False,44.47,27.65,1,wide_left,3,attacking_third,False,37.8,32.0,64.8,76.94,33.62,34.13,57.12,48.68
324,2015213,47299,47346,56:41.9,56:46.6,11,41,4.7,2,1,4177,left_to_right,Auckland FC,1,True,False,False,set_play,7,defending_set_play,13,15.86,-20.12,4,half_space_right,2,middle_third,False,40.36,-10.85,4,half_space_right,3,attacking_third,True,22.59,24.52,60.43,78.22,20.06,30.4,41.9,42.75
325,2015213,47346,47466,56:46.6,56:58.6,11,46,12.0,2,2,1803,right_to_left,Western United,3,False,False,False,build_up,0,high_block,10,-39.88,10.56,2,half_space_left,1,defensive_third,False,-20.96,-30.64,5,wide_right,1,defensive_third,False,31.09,51.93,42.85,53.35,24.92,42.29,77.94,63.57
326,2015213,47466,47500,56:58.6,57:02.0,11,58,3.4,2,2,1803,right_to_left,Western United,1,False,False,False,create,1,medium_block,9,-19.92,-31.04,5,wide_right,1,defensive_third,False,2.2,-35.1,5,wide_right,2,middle_third,False,51.61,42.95,53.37,50.77,42.34,41.2,63.27,57.83
327,2015213,47652,47662,57:17.2,57:18.2,12,17,1.0,2,2,1803,right_to_left,Western United,1,True,False,False,chaotic,5,chaotic,5,8.61,-32.78,5,wide_right,2,middle_third,False,16.28,-29.93,5,wide_right,2,middle_third,False,30.94,30.26,55.93,57.5,25.73,25.42,49.12,48.69
328,2015213,47794,47816,57:31.4,57:33.6,12,31,2.2,2,1,4177,left_to_right,Auckland FC,2,False,False,True,create,1,medium_block,9,-7.23,33.79,1,wide_left,2,middle_third,False,-19.38,26.36,1,wide_left,1,defensive_third,False,47.91,49.09,56.64,56.42,29.55,30.8,48.28,51.03
329,2015213,47816,47868,57:33.6,57:38.8,12,33,5.2,2,1,4177,left_to_right,Auckland FC,2,False,False,True,build_up,0,high_block,10,-20.66,26.03,1,wide_left,1,defensive_third,False,-20.15,-7.12,3,center,1,defensive_third,False,49.13,59.34,56.34,54.03,30.83,34.95,51.46,61.01
330,2015213,47868,47878,57:38.8,57:39.8,12,38,1.0,2,1,4177,left_to_right,Auckland FC,1,False,False,True,create,1,medium_block,9,-19.09,-6.77,3,center,1,defensive_third,False,-19.25,-6.02,3,center,1,defensive_third,False,59.44,59.53,54.06,53.97,34.85,34.1,60.85,61.24
331,2015213,47878,47892,57:39.8,57:41.2,12,39,1.4,2,1,4177,left_to_right,Auckland FC,1,False,False,True,build_up,0,high_block,10,-20.26,-6.22,3,center,1,defensive_third,False,-21.54,-9.98,4,half_space_right,1,defensive_third,False,59.5,58.17,53.98,52.95,34.02,33.03,61.43,63.97
332,2015213,47892,47961,57:41.2,57:48.1,12,41,6.9,2,1,4177,left_to_right,Auckland FC,2,False,False,True,create,1,medium_block,9,-19.72,-10.85,4,half_space_right,1,defensive_third,False,19.17,-24.73,5,wide_right,3,attacking_third,False,58.06,51.2,52.81,66.44,32.92,30.63,64.04,61.13
333,2015213,47961,48025,57:48.1,57:54.5,12,48,6.4,2,1,4177,left_to_right,Auckland FC,2,True,False,True,finish,2,low_block,8,19.87,-24.22,5,wide_right,3,attacking_third,False,46.69,-3.42,3,center,3,attacking_third,True,50.77,36.64,66.66,73.92,30.4,16.54,60.93,50.25
334,2015213,48329,48387,58:24.9,58:30.7,13,24,5.8,2,2,1803,right_to_left,Western United,3,False,False,False,build_up,0,high_block,10,-47.79,-3.91,3,center,1,defensive_third,False,-48.83,18.83,2,half_space_left,1,defensive_third,False,59.05,57.55,51.31,51.62,40.64,38.42,68.17,75.91
335,2015213,48387,48423,58:30.7,58:34.3,13,30,3.6,2,2,1803,right_to_left,Western United,1,False,False,False,direct,6,defending_direct,15,-48.41,19.3,2,half_space_left,1,defensive_third,False,-5.11,23.28,1,wide_left,2,middle_third,False,57.36,45.27,51.56,49.3,38.25,39.18,76.04,69.39
336,2015213,48423,48607,58:34.3,58:52.7,13,34,18.4,2,2,1803,right_to_left,Western United,3,True,False,False,create,1,medium_block,9,-4.68,23.1,1,wide_left,2,middle_third,False,47.27,24.56,1,wide_left,3,attacking_third,False,44.94,34.64,49.32,76.39,39.17,34.76,69.12,52.98
337,2015213,48607,48671,58:52.7,58:59.1,13,52,6.4,2,1,4177,left_to_right,Auckland FC,3,False,False,False,build_up,0,high_block,10,-47.39,-24.96,5,wide_right,1,defensive_third,False,-21.24,-26.56,5,wide_right,1,defensive_third,False,35.19,47.44,52.89,42.37,34.71,36.09,76.3,65.64
338,2015213,48671,48806,58:59.1,59:12.6,13,59,13.5,2,1,4177,left_to_right,Auckland FC,4,True,False,False,create,1,medium_block,9,-19.51,-26.52,5,wide_right,1,defensive_third,False,22.85,-32.32,5,wide_right,3,attacking_third,False,47.42,46.84,42.19,57.52,35.93,32.76,65.44,49.67
339,2015213,48806,48898,59:12.6,59:21.8,14,12,9.2,2,2,1803,right_to_left,Western United,3,False,False,False,transition,4,defending_transition,11,-22.58,32.37,1,wide_left,1,defensive_third,False,20.36,35.97,1,wide_left,3,attacking_third,False,32.85,37.7,49.43,69.35,46.78,40.24,57.47,56.58
340,2015213,49211,49221,59:53.1,59:54.1,14,53,1.0,2,2,1803,right_to_left,Western United,1,True,False,False,chaotic,5,chaotic,5,22.92,34.49,1,wide_left,3,attacking_third,False,29.09,32.08,1,wide_left,3,attacking_third,False,30.95,30.76,71.16,70.98,28.89,28.99,40.77,40.69
341,2015213,49430,49504,60:15.0,60:22.4,15,15,7.4,2,1,4177,left_to_right,Auckland FC,2,True,False,False,direct,6,defending_direct,15,-47.84,-6.63,3,center,1,defensive_third,False,14.87,-7.99,3,center,2,middle_third,False,39.97,24.23,62.2,58.68,29.29,23.4,46.99,47.33
342,2015213,49504,49515,60:22.4,60:23.5,15,22,1.1,2,2,1803,right_to_left,Western United,1,True,False,False,chaotic,5,chaotic,5,-15.3,8.39,3,center,2,middle_third,False,-17.21,13.37,2,half_space_left,2,middle_third,False,23.21,21.03,47.31,47.21,23.98,20.72,58.58,58.53
343,2015213,49515,49553,60:23.5,60:27.3,15,23,3.8,2,1,4177,left_to_right,Auckland FC,1,True,False,False,chaotic,5,chaotic,5,17.17,-13.65,4,half_space_right,2,middle_third,False,34.64,-17.6,4,half_space_right,3,attacking_third,False,20.33,24.35,58.64,67.01,20.79,23.36,47.22,48.03
344,2015213,49553,49563,60:27.3,60:28.3,15,27,1.0,2,2,1803,right_to_left,Western United,1,True,False,False,chaotic,5,chaotic,5,-35.29,18.07,2,half_space_left,1,defensive_third,False,-40.79,24.6,1,wide_left,1,defensive_third,False,23.7,26.62,48.11,48.22,24.4,26.98,67.57,72.15
345,2015213,49870,49959,60:59.0,61:07.9,15,59,8.9,2,1,4177,left_to_right,Auckland FC,4,False,False,True,set_play,7,defending_set_play,13,48.21,-32.47,5,wide_right,3,attacking_third,False,-49.67,12.53,2,half_space_left,1,defensive_third,False,38.88,18.34,71.19,19.08,16.21,21.06,11.41,69.04
346,2015213,50251,50303,61:37.1,61:42.3,16,37,5.2,2,1,4177,left_to_right,Auckland FC,4,False,False,False,set_play,7,defending_set_play,13,51.18,-32.47,5,wide_right,3,attacking_third,False,51.23,-7.55,3,center,3,attacking_third,True,37.03,25.82,67.69,65.53,9.88,21.63,11.01,22.27
347,2015213,51254,51273,63:17.4,63:19.3,18,17,1.9,2,2,1803,right_to_left,Western United,1,False,False,False,chaotic,5,chaotic,5,-23.5,-11.63,4,half_space_right,1,defensive_third,False,-23.83,-19.91,4,half_space_right,1,defensive_third,False,55.41,58.02,46.41,47.52,40.9,37.11,53.71,57.52
348,2015213,51273,51311,63:19.3,63:23.1,18,19,3.8,2,2,1803,right_to_left,Western United,1,False,False,False,direct,6,defending_direct,15,-23.75,-20.4,5,wide_right,1,defensive_third,False,17.11,-29.91,5,wide_right,2,middle_third,False,57.93,41.96,47.66,60.56,36.95,34.46,57.69,53.68
349,2015213,51528,51565,63:44.8,63:48.5,18,44,3.7,2,2,1803,right_to_left,Western United,1,True,False,False,chaotic,5,chaotic,5,23.38,-34.19,5,wide_right,3,attacking_third,False,37.84,-29.09,5,wide_right,3,attacking_third,False,31.36,29.16,62.59,65.58,26.69,25.98,44.1,43.38
350,2015213,51565,51680,63:48.5,64:00.0,18,48,11.5,2,1,4177,left_to_right,Auckland FC,2,False,False,False,chaotic,5,chaotic,5,-37.9,28.7,1,wide_left,1,defensive_third,False,9.85,30.63,1,wide_left,2,middle_third,False,26.0,33.11,43.32,56.45,28.95,29.98,65.68,47.0
351,2015213,51945,51965,64:26.5,64:28.5,19,26,2.0,2,1,4177,left_to_right,Auckland FC,2,False,False,False,finish,2,low_block,8,5.6,25.47,1,wide_left,2,middle_third,False,5.78,25.18,1,wide_left,2,middle_third,False,49.25,49.11,58.6,57.9,36.91,36.77,33.92,36.92
352,2015213,51965,51986,64:28.5,64:30.6,19,28,2.1,2,1,4177,left_to_right,Auckland FC,2,False,False,False,create,1,medium_block,9,6.06,25.36,1,wide_left,2,middle_third,False,23.58,30.69,1,wide_left,3,attacking_third,False,49.18,50.33,57.73,58.09,36.76,36.07,37.09,40.68
353,2015213,51986,52005,64:30.6,64:32.5,19,30,1.9,2,1,4177,left_to_right,Auckland FC,1,False,False,False,finish,2,low_block,8,24.03,31.17,1,wide_left,3,attacking_third,False,32.79,28.58,1,wide_left,3,attacking_third,False,50.25,47.68,58.34,63.78,36.1,35.18,40.73,41.92
354,2015213,52197,52232,64:51.7,64:55.2,19,51,3.5,2,1,4177,left_to_right,Auckland FC,2,True,False,True,set_play,7,defending_set_play,13,36.09,29.31,1,wide_left,3,attacking_third,False,51.36,-0.75,3,center,3,attacking_third,True,36.92,31.34,67.13,69.62,20.6,20.58,11.33,14.2
355,2015213,52414,52555,65:13.4,65:27.5,20,13,14.1,2,2,1803,right_to_left,Western United,5,False,False,False,build_up,0,high_block,10,-48.31,0.41,3,center,1,defensive_third,False,-30.57,-26.63,5,wide_right,1,defensive_third,False,55.88,53.75,49.3,50.8,38.9,36.89,76.86,68.07
356,2015213,52555,52579,65:27.5,65:29.9,20,27,2.4,2,2,1803,right_to_left,Western United,1,True,False,False,direct,6,defending_direct,15,-30.18,-26.76,5,wide_right,1,defensive_third,False,9.21,-20.69,5,wide_right,2,middle_third,False,53.61,48.36,50.91,58.03,36.82,34.8,67.84,65.43
357,2015213,52579,52591,65:29.9,65:31.1,20,29,1.2,2,1,4177,left_to_right,Auckland FC,0,False,False,False,create,1,medium_block,9,-10.43,20.14,2,half_space_left,2,middle_third,False,-19.94,13.86,2,half_space_left,1,defensive_third,False,34.72,33.32,65.39,65.36,48.11,45.3,58.46,63.14
358,2015213,52591,52718,65:31.1,65:43.8,20,31,12.7,2,1,4177,left_to_right,Auckland FC,2,False,False,False,build_up,0,high_block,10,-20.65,13.35,2,half_space_left,1,defensive_third,False,-20.39,4.63,3,center,1,defensive_third,False,33.15,56.62,65.38,48.03,45.04,34.5,63.6,60.8
359,2015213,52718,52942,65:43.8,66:06.2,20,43,22.4,2,1,4177,left_to_right,Auckland FC,7,True,False,False,create,1,medium_block,9,-19.7,5.17,3,center,1,defensive_third,False,-21.94,34.12,1,wide_left,1,defensive_third,False,56.92,64.8,48.04,51.24,34.51,44.78,60.43,50.89
360,2015213,53167,53184,66:28.7,66:30.4,21,28,1.7,2,2,1803,right_to_left,Western United,1,True,False,False,chaotic,5,chaotic,5,31.93,-33.33,5,wide_right,3,attacking_third,False,41.23,-27.09,5,wide_right,3,attacking_third,False,32.88,31.37,65.02,63.95,26.6,25.87,39.04,39.73
361,2015213,53184,53219,66:30.4,66:33.9,21,30,3.5,2,1,4177,left_to_right,Auckland FC,1,True,False,False,direct,6,defending_direct,15,-41.07,26.8,1,wide_left,1,defensive_third,False,-3.36,22.65,1,wide_left,2,middle_third,False,25.92,24.56,39.84,43.97,31.34,30.55,63.83,63.78
362,2015213,53219,53261,66:33.9,66:38.1,21,33,4.2,2,2,1803,right_to_left,Western United,2,False,False,False,create,1,medium_block,9,2.72,-22.61,5,wide_right,2,middle_third,False,18.16,-0.02,3,center,3,attacking_third,False,30.41,31.77,63.77,59.48,24.62,25.84,44.18,49.78
363,2015213,53261,53312,66:38.1,66:43.2,21,38,5.1,2,2,1803,right_to_left,Western United,1,False,False,False,finish,2,low_block,8,18.01,0.9,3,center,3,attacking_third,False,6.22,29.44,1,wide_left,2,middle_third,False,31.94,45.53,59.56,63.4,26.0,40.91,49.83,48.74
364,2015213,53312,53347,66:43.2,66:46.7,21,43,3.5,2,2,1803,right_to_left,Western United,2,False,False,False,create,1,medium_block,9,5.39,29.34,1,wide_left,2,middle_third,False,-19.65,15.14,2,half_space_left,1,defensive_third,False,45.64,52.33,63.2,55.67,40.87,35.64,48.78,55.98
365,2015213,53347,53415,66:46.7,66:53.5,21,46,6.8,2,2,1803,right_to_left,Western United,4,False,False,False,build_up,0,high_block,10,-20.51,14.63,2,half_space_left,1,defensive_third,False,-38.97,2.11,3,center,1,defensive_third,False,52.46,57.69,55.44,40.99,35.51,35.67,56.3,70.75
366,2015213,53415,53449,66:53.5,66:56.9,21,53,3.4,2,2,1803,right_to_left,Western United,1,False,False,False,direct,6,defending_direct,15,-38.73,1.99,3,center,1,defensive_third,False,3.08,11.31,2,half_space_left,2,middle_third,False,57.47,43.42,40.94,46.79,35.42,32.2,70.77,67.09
367,2015213,53449,53513,66:56.9,67:03.3,21,56,6.4,2,2,1803,right_to_left,Western United,2,False,False,False,create,1,medium_block,9,3.31,11.32,2,half_space_left,2,middle_third,False,12.4,16.66,2,half_space_left,2,middle_third,False,42.97,41.28,47.02,59.61,32.22,33.31,66.89,58.81
368,2015213,53513,53700,67:03.3,67:22.0,22,3,18.7,2,2,1803,right_to_left,Western United,8,True,False,False,finish,2,low_block,8,12.73,16.6,2,half_space_left,2,middle_third,False,28.37,-2.02,3,center,3,attacking_third,False,41.29,37.16,59.87,66.22,33.21,34.15,58.6,29.39
369,2015213,53700,53745,67:22.0,67:26.5,22,22,4.5,2,1,4177,left_to_right,Auckland FC,1,False,False,False,chaotic,5,chaotic,5,-29.41,2.25,3,center,1,defensive_third,False,-29.43,16.37,2,half_space_left,1,defensive_third,False,33.91,34.9,29.38,33.84,37.11,35.25,66.13,62.67
370,2015213,53958,54203,67:47.8,68:12.3,22,47,24.5,2,1,4177,left_to_right,Auckland FC,8,True,False,False,create,1,medium_block,9,-21.05,14.27,2,half_space_left,1,defensive_third,False,18.3,-32.18,5,wide_right,3,attacking_third,False,51.68,55.14,53.97,60.55,37.9,46.9,48.53,50.15
371,2015213,54382,54408,68:30.2,68:32.8,23,30,2.6,2,2,1803,right_to_left,Western United,2,True,False,False,chaotic,5,chaotic,5,-18.79,34.55,1,wide_left,1,defensive_third,False,-5.76,21.88,1,wide_left,2,middle_third,False,29.71,28.7,45.99,45.97,23.64,20.56,56.07,54.11
372,2015213,54408,54446,68:32.8,68:36.6,23,32,3.8,2,1,4177,left_to_right,Auckland FC,2,False,False,True,create,1,medium_block,9,5.74,-21.34,5,wide_right,2,middle_third,False,21.99,-4.29,3,center,3,attacking_third,False,20.49,25.57,54.05,59.01,28.75,25.74,46.09,49.6
373,2015213,54446,54488,68:36.6,68:40.8,23,36,4.2,2,1,4177,left_to_right,Auckland FC,2,True,False,True,finish,2,low_block,8,22.43,-3.95,3,center,3,attacking_third,False,46.26,-1.21,3,center,3,attacking_third,True,25.98,28.64,59.46,70.21,25.97,28.04,49.65,44.0
374,2015213,54951,55022,69:27.1,69:34.2,24,27,7.1,2,2,1803,right_to_left,Western United,4,True,False,False,build_up,0,high_block,10,-47.73,8.41,3,center,1,defensive_third,False,-25.5,-23.02,5,wide_right,1,defensive_third,False,60.55,53.31,49.7,49.12,39.89,37.59,67.61,67.95
375,2015213,55022,55055,69:34.2,69:37.5,24,34,3.3,2,1,4177,left_to_right,Auckland FC,2,True,False,False,chaotic,5,chaotic,5,25.31,23.18,1,wide_left,3,attacking_third,False,4.57,12.48,2,half_space_left,2,middle_third,False,37.39,33.14,67.71,65.08,52.97,39.11,49.02,43.23
376,2015213,55055,55104,69:37.5,69:42.4,24,37,4.9,2,2,1803,right_to_left,Western United,3,False,False,False,create,1,medium_block,9,-4.3,-12.42,4,half_space_right,2,middle_third,False,26.93,-4.56,3,center,3,attacking_third,False,38.94,33.96,43.23,69.01,32.91,26.6,64.98,63.95
377,2015213,55104,55143,69:42.4,69:46.3,24,42,3.9,2,2,1803,right_to_left,Western United,2,False,False,False,finish,2,low_block,8,27.55,-4.23,3,center,3,attacking_third,False,6.01,-17.9,4,half_space_right,2,middle_third,False,33.82,33.01,69.4,70.05,26.61,37.61,63.79,53.09
378,2015213,55143,55151,69:46.3,69:47.1,24,46,0.8,2,2,1803,right_to_left,Western United,0,True,False,False,create,1,medium_block,9,4.8,-18.63,4,half_space_right,2,middle_third,False,-2.74,-23.38,5,wide_right,2,middle_third,False,33.18,34.45,69.99,70.32,37.94,39.15,53.09,53.55
379,2015213,55151,55315,69:47.1,70:03.5,24,47,16.4,2,1,4177,left_to_right,Auckland FC,4,True,False,False,quick_break,3,defending_quick_break,12,3.59,23.62,1,wide_left,2,middle_third,False,49.77,-1.7,3,center,3,attacking_third,True,39.16,40.81,53.65,78.59,34.63,27.82,70.41,49.43
380,2015213,55315,55530,70:03.5,70:25.0,25,3,21.5,2,2,1803,right_to_left,Western United,2,False,False,False,build_up,0,high_block,10,-49.85,0.82,3,center,1,defensive_third,False,-21.08,9.26,2,half_space_left,1,defensive_third,False,27.67,53.82,49.29,50.57,40.58,32.75,78.72,70.56
381,2015213,55530,55543,70:25.0,70:26.3,25,25,1.3,2,2,1803,right_to_left,Western United,0,True,False,False,create,1,medium_block,9,-19.94,8.66,3,center,1,defensive_third,False,-10.67,3.48,3,center,2,middle_third,False,53.57,50.16,50.61,50.59,32.61,30.42,70.36,68.18
382,2015213,55543,55569,70:26.3,70:28.9,25,26,2.6,2,1,4177,left_to_right,Auckland FC,1,False,False,False,finish,2,low_block,8,10.57,-3.5,3,center,2,middle_third,False,6.38,1.14,3,center,2,middle_third,False,30.27,30.55,68.03,64.46,49.87,45.33,50.57,49.75
383,2015213,55569,55737,70:28.9,70:45.7,25,28,16.8,2,1,4177,left_to_right,Auckland FC,6,False,False,False,create,1,medium_block,9,6.21,1.61,3,center,2,middle_third,False,22.82,1.38,3,center,3,attacking_third,False,30.69,33.26,64.33,57.61,45.09,27.25,49.67,48.51
384,2015213,56475,56498,71:59.5,72:01.8,26,59,2.3,2,1,4177,left_to_right,Auckland FC,1,True,False,False,create,1,medium_block,9,16.63,1.92,3,center,2,middle_third,False,30.55,12.96,2,half_space_left,3,attacking_third,False,26.6,25.05,56.42,64.16,18.54,19.26,25.74,21.79
385,2015213,56498,56521,72:01.8,72:04.1,27,1,2.3,2,2,1803,right_to_left,Western United,1,False,False,False,build_up,0,high_block,10,-30.23,-13.38,4,half_space_right,1,defensive_third,False,-20.46,-21.55,5,wide_right,1,defensive_third,False,19.76,28.88,22.12,33.2,25.18,26.55,64.28,64.51
386,2015213,56521,56594,72:04.1,72:11.4,27,4,7.3,2,2,1803,right_to_left,Western United,2,True,False,False,create,1,medium_block,9,-19.87,-21.83,5,wide_right,1,defensive_third,False,36.15,-2.52,3,center,3,attacking_third,False,29.27,34.37,33.84,72.07,26.62,28.46,64.46,46.21
387,2015213,56594,56651,72:11.4,72:17.1,27,11,5.7,2,1,4177,left_to_right,Auckland FC,2,False,False,False,build_up,0,high_block,10,-36.89,2.09,3,center,1,defensive_third,False,-21.28,3.81,3,center,1,defensive_third,False,28.45,53.31,45.9,42.27,34.14,37.32,72.55,70.41
388,2015213,56651,56735,72:17.1,72:25.5,27,17,8.4,2,1,4177,left_to_right,Auckland FC,3,True,False,False,create,1,medium_block,9,-19.62,2.46,3,center,1,defensive_third,False,-10.6,-29.09,5,wide_right,2,middle_third,False,53.65,54.62,42.49,58.19,37.38,38.4,70.13,52.4
389,2015213,56735,56782,72:25.5,72:30.2,27,25,4.7,2,2,1803,right_to_left,Western United,1,False,False,False,chaotic,5,chaotic,5,10.7,29.34,1,wide_left,2,middle_third,False,9.35,34.21,1,wide_left,2,middle_third,False,38.28,37.36,52.05,53.77,54.51,49.71,58.17,53.63
390,2015213,56835,56975,72:35.5,72:49.5,27,35,14.0,2,2,1803,right_to_left,Western United,7,True,False,False,create,1,medium_block,9,2.71,32.19,1,wide_left,2,middle_third,False,2.77,0.7,3,center,2,middle_third,False,35.18,48.41,52.99,42.8,39.33,33.25,44.54,57.06
391,2015213,56975,57230,72:49.5,73:15.0,27,49,25.5,2,1,4177,left_to_right,Auckland FC,8,False,False,False,create,1,medium_block,9,-4.47,-1.45,3,center,2,middle_third,False,-5.41,-13.19,4,half_space_right,2,middle_third,False,33.16,62.57,57.17,49.9,48.29,38.69,42.93,50.32
392,2015213,57571,57619,73:49.1,73:53.9,28,49,4.8,2,1,4177,left_to_right,Auckland FC,2,True,False,False,set_play,7,defending_set_play,13,3.02,-3.4,3,center,2,middle_third,False,42.47,-1.57,3,center,3,attacking_third,True,54.05,39.75,51.01,72.18,34.74,26.23,31.76,27.9
393,2015213,57824,57878,74:14.4,74:19.8,29,14,5.4,2,2,1803,right_to_left,Western United,3,False,False,False,build_up,0,high_block,10,-40.63,-4.54,3,center,1,defensive_third,False,-38.22,26.44,1,wide_left,1,defensive_third,False,51.25,56.15,49.44,50.88,37.52,41.7,68.31,70.72
394,2015213,57878,57917,74:19.8,74:23.7,29,19,3.9,2,2,1803,right_to_left,Western United,1,False,False,False,direct,6,defending_direct,15,-37.94,26.9,1,wide_left,1,defensive_third,False,9.5,31.28,1,wide_left,2,middle_third,False,55.87,40.54,50.95,55.5,41.75,41.4,70.76,65.04
395,2015213,57917,57954,74:23.7,74:27.4,29,23,3.7,2,2,1803,right_to_left,Western United,2,True,False,False,create,1,medium_block,9,9.93,31.03,1,wide_left,2,middle_third,False,13.76,17.89,2,half_space_left,2,middle_third,False,40.48,33.22,55.48,58.22,41.39,30.79,64.76,59.28
396,2015213,57954,58026,74:27.4,74:34.6,29,27,7.2,2,1,4177,left_to_right,Auckland FC,3,True,False,False,create,1,medium_block,9,-13.94,-17.62,4,half_space_right,2,middle_third,False,5.95,-26.92,5,wide_right,2,middle_third,False,30.34,32.64,59.28,56.76,33.18,34.03,58.37,56.58
397,2015213,58026,58082,74:34.6,74:40.2,29,34,5.6,2,2,1803,right_to_left,Western United,2,True,False,False,chaotic,5,chaotic,5,-6.04,26.95,1,wide_left,2,middle_third,False,11.07,23.36,1,wide_left,2,middle_third,False,34.07,36.87,56.46,53.74,32.56,33.47,56.59,51.66
398,2015213,58082,58121,74:40.2,74:44.1,29,40,3.9,2,1,4177,left_to_right,Auckland FC,1,True,False,False,chaotic,5,chaotic,5,-10.97,-23.22,5,wide_right,2,middle_third,False,-4.03,-15.51,4,half_space_right,2,middle_third,False,33.41,33.78,51.62,53.03,36.36,23.82,53.69,47.96
399,2015213,58121,58188,74:44.1,74:50.8,29,44,6.7,2,2,1803,right_to_left,Western United,2,True,False,False,chaotic,5,chaotic,5,4.35,15.35,2,half_space_left,2,middle_third,False,39.33,-5.19,3,center,3,attacking_third,True,23.63,25.76,47.84,75.85,33.95,29.43,53.07,56.8
400,2015213,58744,58754,75:46.4,75:47.4,30,46,1.0,2,1,4177,left_to_right,Auckland FC,1,False,False,False,direct,6,defending_direct,15,-12.45,11.35,2,half_space_left,2,middle_third,False,1.24,17.91,2,half_space_left,2,middle_third,False,22.49,23.44,59.52,60.68,22.04,22.16,39.25,39.7
401,2015213,58851,58938,75:57.1,76:05.8,30,57,8.7,2,1,4177,left_to_right,Auckland FC,4,False,False,False,create,1,medium_block,9,12.0,30.95,1,wide_left,2,middle_third,False,11.64,-30.11,5,wide_right,2,middle_third,False,37.32,57.41,64.07,58.75,27.47,39.59,35.54,43.79
402,2015213,58938,58983,76:05.8,76:10.3,31,5,4.5,2,1,4177,left_to_right,Auckland FC,2,False,False,False,finish,2,low_block,8,11.96,-30.28,5,wide_right,2,middle_third,False,5.07,-20.82,5,wide_right,2,middle_third,False,57.4,54.51,59.22,58.49,39.84,31.28,43.65,39.5
403,2015213,58983,59178,76:10.3,76:29.8,31,10,19.5,2,1,4177,left_to_right,Auckland FC,7,True,False,False,create,1,medium_block,9,4.59,-20.37,5,wide_right,2,middle_third,False,5.16,24.85,1,wide_left,2,middle_third,False,54.51,53.82,58.36,57.63,31.36,43.32,39.67,49.58
404,2015213,59178,59210,76:29.8,76:33.0,31,29,3.2,2,2,1803,right_to_left,Western United,2,True,False,False,chaotic,5,chaotic,5,-5.53,-24.67,5,wide_right,2,middle_third,False,5.47,-26.38,5,wide_right,2,middle_third,False,43.25,41.12,49.5,51.93,53.83,49.06,57.68,57.71
405,2015213,59210,59272,76:33.0,76:39.2,31,33,6.2,2,1,4177,left_to_right,Auckland FC,1,True,False,False,create,1,medium_block,9,-5.4,26.42,1,wide_left,2,middle_third,False,22.75,33.88,1,wide_left,3,attacking_third,False,48.85,45.15,57.64,62.94,41.06,35.53,52.03,44.67
406,2015213,59454,59475,76:57.4,76:59.5,31,57,2.1,2,2,1803,right_to_left,Western United,1,True,False,False,chaotic,5,chaotic,5,-19.55,-33.1,5,wide_right,1,defensive_third,False,-6.73,-28.57,5,wide_right,2,middle_third,False,27.38,27.69,46.64,46.48,22.98,23.56,56.2,54.75
407,2015213,59475,59508,76:59.5,77:02.8,31,59,3.3,2,1,4177,left_to_right,Auckland FC,2,True,False,False,chaotic,5,chaotic,5,6.26,28.2,1,wide_left,2,middle_third,False,3.79,31.61,1,wide_left,2,middle_third,False,23.62,22.93,54.74,54.19,27.67,26.04,46.44,45.53
408,2015213,59508,59562,77:02.8,77:08.2,32,2,5.4,2,2,1803,right_to_left,Western United,2,False,False,False,chaotic,5,chaotic,5,-4.13,-31.29,5,wide_right,2,middle_third,False,12.93,-28.29,5,wide_right,2,middle_third,False,26.01,27.12,45.55,57.21,23.08,24.92,54.17,54.79
409,2015213,59795,59805,77:31.5,77:32.5,32,31,1.0,2,2,1803,right_to_left,Western United,1,True,False,False,chaotic,5,chaotic,5,25.56,-33.07,5,wide_right,3,attacking_third,False,30.53,-30.97,5,wide_right,3,attacking_third,False,32.41,33.59,65.01,64.54,27.37,27.17,41.0,40.66
410,2015213,60300,60394,78:22.0,78:31.4,33,22,9.4,2,1,4177,left_to_right,Auckland FC,2,True,False,False,set_play,7,defending_set_play,13,,,2,half_space_left,2,middle_third,False,-5.21,-13.72,4,half_space_right,2,middle_third,False,,19.71,,41.22,,31.59,,68.67
411,2015213,60394,60399,78:31.4,78:31.9,33,31,0.5,2,2,1803,right_to_left,Western United,0,True,False,False,direct,6,defending_direct,15,-4.64,-13.75,4,half_space_right,2,middle_third,False,-2.83,-13.98,4,half_space_right,2,middle_third,False,19.92,21.03,41.58,42.86,31.9,33.05,68.46,67.82
412,2015213,60399,60475,78:31.9,78:39.5,33,31,7.6,2,1,4177,left_to_right,Auckland FC,3,True,False,False,chaotic,5,chaotic,5,2.55,14.08,2,half_space_left,2,middle_third,False,24.66,28.82,1,wide_left,3,attacking_third,False,33.32,41.43,67.64,61.31,21.34,31.85,43.11,37.79
413,2015213,60475,60501,78:39.5,78:42.1,33,39,2.6,2,2,1803,right_to_left,Western United,1,False,False,False,chaotic,5,chaotic,5,-25.35,-28.77,5,wide_right,1,defensive_third,False,-25.82,-34.79,5,wide_right,1,defensive_third,False,31.97,34.96,37.65,38.73,41.37,39.46,61.43,59.21
414,2015213,60666,60738,78:58.6,79:05.8,33,58,7.2,2,2,1803,right_to_left,Western United,2,True,False,False,create,1,medium_block,9,,,2,half_space_left,2,middle_third,False,27.38,-24.55,5,wide_right,3,attacking_third,False,,29.44,,63.89,,24.19,,54.33
415,2015213,60873,60932,79:19.3,79:25.2,34,19,5.9,2,1,4177,left_to_right,Auckland FC,3,False,False,False,create,1,medium_block,9,-33.99,24.18,1,wide_left,1,defensive_third,False,-24.64,-25.68,5,wide_right,1,defensive_third,False,42.36,54.97,47.01,49.8,30.64,37.14,57.91,56.37
416,2015213,60932,60962,79:25.2,79:28.2,34,25,3.0,2,1,4177,left_to_right,Auckland FC,1,False,False,False,direct,6,defending_direct,15,-24.19,-25.91,5,wide_right,1,defensive_third,False,21.03,-30.2,5,wide_right,3,attacking_third,False,55.38,56.47,50.0,62.32,37.31,37.55,56.22,53.63
417,2015213,61046,61235,79:36.6,79:55.5,34,36,18.9,2,1,4177,left_to_right,Auckland FC,8,True,False,False,finish,2,low_block,8,30.94,-29.16,5,wide_right,3,attacking_third,False,38.34,6.25,3,center,3,attacking_third,True,44.87,51.02,75.81,68.6,26.9,25.06,37.38,29.59
418,2015213,61235,61297,79:55.5,80:01.7,34,55,6.2,2,2,1803,right_to_left,Western United,2,False,False,False,chaotic,5,chaotic,5,-38.21,-5.97,3,center,1,defensive_third,False,-15.1,-35.27,5,wide_right,2,middle_third,False,24.76,37.28,29.68,39.93,50.76,46.72,68.81,63.23
419,2015213,62283,62361,81:40.3,81:48.1,36,40,7.8,2,2,1803,right_to_left,Western United,1,True,False,False,create,1,medium_block,9,-11.66,-25.68,5,wide_right,2,middle_third,False,14.31,-18.83,4,half_space_right,2,middle_third,False,41.82,23.65,55.82,61.59,30.53,24.57,47.38,44.26
420,2015213,62361,62534,81:48.1,82:05.4,36,48,17.3,2,1,4177,left_to_right,Auckland FC,6,True,False,True,transition,4,defending_transition,11,-13.87,18.77,2,half_space_left,2,middle_third,False,42.67,-3.21,3,center,3,attacking_third,True,24.51,30.86,44.22,76.61,23.51,27.01,61.49,32.3
421,2015213,62534,62624,82:05.4,82:14.4,37,5,9.0,2,2,1803,right_to_left,Western United,1,False,False,False,transition,4,defending_transition,11,-41.43,3.78,3,center,1,defensive_third,False,5.09,29.87,1,wide_left,2,middle_third,False,26.96,38.62,32.19,47.93,30.77,41.45,76.55,65.56
422,2015213,63130,63151,83:05.0,83:07.1,38,5,2.1,2,2,1803,right_to_left,Western United,1,True,False,False,chaotic,5,chaotic,5,12.48,31.09,1,wide_left,2,middle_third,False,20.48,14.37,2,half_space_left,3,attacking_third,False,26.12,23.73,56.11,58.19,24.96,24.36,45.96,44.36
423,2015213,63151,63299,83:07.1,83:21.9,38,7,14.8,2,1,4177,left_to_right,Auckland FC,3,False,False,False,create,1,medium_block,9,-20.53,-13.75,4,half_space_right,1,defensive_third,False,11.1,24.98,1,wide_left,2,middle_third,False,24.42,47.92,44.38,60.61,23.62,30.24,58.22,41.69
424,2015213,63299,63385,83:21.9,83:30.5,38,21,8.6,2,1,4177,left_to_right,Auckland FC,3,False,False,False,finish,2,low_block,8,11.49,24.91,1,wide_left,2,middle_third,False,5.53,20.26,1,wide_left,2,middle_third,False,47.61,53.71,60.53,57.69,30.21,32.35,41.37,36.07
425,2015213,63385,63488,83:30.5,83:40.8,38,30,10.3,2,1,4177,left_to_right,Auckland FC,4,False,False,False,create,1,medium_block,9,4.73,19.47,2,half_space_left,2,middle_third,False,-19.97,-21.66,5,wide_right,1,defensive_third,False,53.67,55.87,57.6,54.02,32.38,40.46,36.23,52.76
426,2015213,63488,63537,83:40.8,83:45.7,38,40,4.9,2,1,4177,left_to_right,Auckland FC,3,False,False,False,build_up,0,high_block,10,-20.43,-21.47,5,wide_right,1,defensive_third,False,-20.55,-14.91,4,half_space_right,1,defensive_third,False,55.93,60.2,53.98,49.42,40.27,36.81,53.32,59.74
427,2015213,63537,63557,83:45.7,83:47.7,38,45,2.0,2,1,4177,left_to_right,Auckland FC,2,True,False,False,create,1,medium_block,9,-19.28,-14.62,4,half_space_right,1,defensive_third,False,-12.31,-27.9,5,wide_right,2,middle_third,False,60.11,54.02,49.22,46.14,36.94,38.87,59.63,59.5
428,2015213,63557,63592,83:47.7,83:51.2,38,47,3.5,2,2,1803,right_to_left,Western United,1,True,False,False,chaotic,5,chaotic,5,12.22,27.79,1,wide_left,2,middle_third,False,7.95,31.27,1,wide_left,2,middle_third,False,38.7,33.71,59.38,57.78,53.58,45.48,46.11,46.14
429,2015213,63755,63865,84:07.5,84:18.5,39,7,11.0,2,1,4177,left_to_right,Auckland FC,4,False,False,False,create,1,medium_block,9,-12.06,-23.49,5,wide_right,2,middle_third,False,-15.36,-19.37,4,half_space_right,2,middle_third,False,48.31,61.53,52.32,53.37,33.22,39.05,45.75,45.68
430,2015213,63865,63889,84:18.5,84:20.9,39,18,2.4,2,1,4177,left_to_right,Auckland FC,1,False,False,False,direct,6,defending_direct,15,-14.76,-19.71,4,half_space_right,2,middle_third,False,17.42,-30.84,5,wide_right,2,middle_third,False,61.36,55.27,53.5,59.58,39.15,38.45,45.62,45.14
431,2015213,63889,63897,84:20.9,84:21.7,39,20,0.8,2,1,4177,left_to_right,Auckland FC,1,False,False,False,create,1,medium_block,9,18.14,-30.92,5,wide_right,3,attacking_third,False,18.52,-29.09,5,wide_right,3,attacking_third,False,54.95,52.31,59.87,61.65,38.32,37.38,45.11,44.92
432,2015213,63897,63942,84:21.7,84:26.2,39,21,4.5,2,1,4177,left_to_right,Auckland FC,2,False,False,False,finish,2,low_block,8,18.38,-28.89,5,wide_right,3,attacking_third,False,27.57,-32.28,5,wide_right,3,attacking_third,False,51.9,45.24,61.85,64.52,37.25,35.14,44.88,40.53
433,2015213,63980,64035,84:30.0,84:35.5,39,30,5.5,2,1,4177,left_to_right,Auckland FC,1,True,False,False,chaotic,5,chaotic,5,32.47,-33.21,5,wide_right,3,attacking_third,False,35.41,-21.11,5,wide_right,3,attacking_third,False,44.35,34.15,72.63,69.62,27.58,21.95,32.45,22.59
434,2015213,64035,64054,84:35.5,84:37.4,39,35,1.9,2,2,1803,right_to_left,Western United,1,True,False,False,chaotic,5,chaotic,5,-35.27,21.67,1,wide_left,1,defensive_third,False,-22.17,29.97,1,wide_left,1,defensive_third,False,22.08,24.11,22.75,24.76,33.86,33.34,69.5,67.67
435,2015213,64423,64437,85:14.3,85:15.7,40,14,1.4,2,1,4177,left_to_right,Auckland FC,2,False,False,False,finish,2,low_block,8,13.7,-28.23,5,wide_right,2,middle_third,False,6.06,-22.81,5,wide_right,2,middle_third,False,42.42,44.39,60.23,58.13,30.87,32.08,31.55,33.4
436,2015213,64437,64535,85:15.7,85:25.5,40,15,9.8,2,1,4177,left_to_right,Auckland FC,4,False,False,False,create,1,medium_block,9,5.5,-21.48,5,wide_right,2,middle_third,False,25.9,-30.99,5,wide_right,3,attacking_third,False,44.46,56.99,57.87,60.06,32.25,33.57,33.58,47.01
437,2015213,64535,64559,85:25.5,85:27.9,40,25,2.4,2,1,4177,left_to_right,Auckland FC,1,True,False,False,finish,2,low_block,8,26.84,-31.06,5,wide_right,3,attacking_third,False,47.16,-15.8,4,half_space_right,3,attacking_third,True,56.62,51.29,60.69,75.34,33.68,34.58,47.09,48.2
438,2015213,64736,64788,85:45.6,85:50.8,40,45,5.2,2,2,1803,right_to_left,Western United,3,False,False,False,build_up,0,high_block,10,-47.59,5.74,3,center,1,defensive_third,False,-45.44,-25.31,5,wide_right,1,defensive_third,False,64.12,57.76,49.68,51.2,39.17,42.07,65.5,73.59
439,2015213,64788,64840,85:50.8,85:56.0,40,50,5.2,2,2,1803,right_to_left,Western United,2,True,False,False,direct,6,defending_direct,15,-44.75,-25.77,5,wide_right,1,defensive_third,False,-8.77,5.67,3,center,2,middle_third,False,57.48,40.93,51.3,50.99,42.07,25.78,73.51,62.91
440,2015213,64930,64934,86:05.0,86:05.4,41,5,0.4,2,1,4177,left_to_right,Auckland FC,1,False,False,False,create,1,medium_block,9,-17.64,-32.33,5,wide_right,2,middle_third,False,-19.47,-31.01,5,wide_right,1,defensive_third,False,47.48,47.56,58.01,57.83,34.19,34.49,50.2,50.94
441,2015213,64934,64984,86:05.4,86:10.4,41,5,5.0,2,1,4177,left_to_right,Auckland FC,2,False,False,False,build_up,0,high_block,10,-20.12,-30.49,5,wide_right,1,defensive_third,False,-40.69,-10.4,4,half_space_right,1,defensive_third,False,47.59,56.08,57.75,47.72,34.59,39.53,51.22,69.26
442,2015213,64984,65011,86:10.4,86:13.1,41,10,2.7,2,1,4177,left_to_right,Auckland FC,1,True,False,False,direct,6,defending_direct,15,-40.15,-10.75,4,half_space_right,1,defensive_third,False,-1.32,-23.74,5,wide_right,2,middle_third,False,56.14,52.24,47.6,52.31,39.58,37.68,69.74,70.44
443,2015213,65011,65033,86:13.1,86:15.3,41,13,2.2,2,2,1803,right_to_left,Western United,1,True,False,False,chaotic,5,chaotic,5,0.12,23.96,1,wide_left,2,middle_third,False,-5.84,33.38,1,wide_left,2,middle_third,False,37.39,36.35,70.26,67.25,52.05,49.44,52.56,57.37
444,2015213,65069,65199,86:18.9,86:31.9,41,18,13.0,2,1,4177,left_to_right,Auckland FC,5,True,False,False,create,1,medium_block,9,3.77,-35.13,5,wide_right,2,middle_third,False,-5.73,3.85,3,center,2,middle_third,False,52.26,49.13,60.86,53.91,30.0,40.15,51.18,51.31
445,2015213,65199,65312,86:31.9,86:43.2,41,31,11.3,2,2,1803,right_to_left,Western United,3,False,False,True,quick_break,3,defending_quick_break,12,4.67,-3.84,3,center,2,middle_third,False,49.26,8.54,3,center,3,attacking_third,True,39.78,32.36,51.18,74.5,48.69,28.01,53.97,47.6
446,2015213,65700,65748,87:22.0,87:26.8,42,22,4.8,2,2,1803,right_to_left,Western United,3,True,False,True,set_play,7,defending_set_play,13,51.2,31.97,1,wide_left,3,attacking_third,False,48.16,6.12,3,center,3,attacking_third,True,34.79,28.66,72.29,67.05,19.85,15.0,16.55,16.72
447,2015213,65867,65877,87:38.7,87:39.7,42,38,1.0,2,1,4177,left_to_right,Auckland FC,1,False,False,False,create,1,medium_block,9,,,2,half_space_left,2,middle_third,False,,,2,half_space_left,2,middle_third,False,,,,,,,,
448,2015213,65909,65957,87:42.9,87:47.7,42,42,4.8,2,1,4177,left_to_right,Auckland FC,1,True,False,False,create,1,medium_block,9,-7.06,-11.41,4,half_space_right,2,middle_third,False,8.75,-13.15,4,half_space_right,2,middle_third,False,34.0,26.47,58.11,56.02,28.51,23.63,58.61,49.83
449,2015213,65957,65986,87:47.7,87:50.6,42,47,2.9,2,2,1803,right_to_left,Western United,1,True,False,False,chaotic,5,chaotic,5,-8.93,13.34,2,half_space_left,2,middle_third,False,9.54,27.18,1,wide_left,2,middle_third,False,23.82,29.43,49.62,48.97,26.43,27.46,55.82,52.75
450,2015213,65986,66020,87:50.6,87:54.0,42,50,3.4,2,1,4177,left_to_right,Auckland FC,1,False,False,False,create,1,medium_block,9,-9.82,-27.39,5,wide_right,2,middle_third,False,-19.5,-24.7,5,wide_right,1,defensive_third,False,27.64,33.34,52.72,49.5,29.92,33.03,49.0,50.48
451,2015213,66020,66092,87:54.0,88:01.2,42,54,7.2,2,1,4177,left_to_right,Auckland FC,3,False,False,False,build_up,0,high_block,10,-20.16,-24.17,5,wide_right,1,defensive_third,False,-20.03,25.9,1,wide_left,1,defensive_third,False,33.66,56.75,49.3,50.7,32.84,38.07,50.45,65.95
452,2015213,66092,66147,88:01.2,88:06.7,43,1,5.5,2,1,4177,left_to_right,Auckland FC,3,True,False,False,create,1,medium_block,9,-19.58,26.24,1,wide_left,1,defensive_third,False,-1.01,11.83,2,half_space_left,2,middle_third,False,56.74,56.51,50.77,52.55,38.28,34.22,65.83,49.97
453,2015213,66147,66188,88:06.7,88:10.8,43,6,4.1,2,2,1803,right_to_left,Western United,2,True,False,False,chaotic,5,chaotic,5,0.73,-12.26,4,half_space_right,2,middle_third,False,-1.76,11.15,2,half_space_left,2,middle_third,False,34.07,37.95,49.77,56.16,56.4,40.99,52.51,44.23
454,2015213,66188,66215,88:10.8,88:13.5,43,10,2.7,2,1,4177,left_to_right,Auckland FC,1,True,False,False,chaotic,5,chaotic,5,2.02,-11.73,4,half_space_right,2,middle_third,False,-9.96,-21.55,5,wide_right,2,middle_third,False,40.56,33.68,44.39,53.21,37.78,35.42,56.47,57.23
455,2015213,66215,66263,88:13.5,88:18.3,43,13,4.8,2,2,1803,right_to_left,Western United,1,True,False,False,chaotic,5,chaotic,5,10.28,21.55,1,wide_left,2,middle_third,False,18.94,26.52,1,wide_left,3,attacking_third,False,35.39,36.7,57.26,64.25,33.45,36.8,53.43,51.94
456,2015213,66263,66293,88:18.3,88:21.3,43,18,3.0,2,1,4177,left_to_right,Auckland FC,1,True,False,False,chaotic,5,chaotic,5,-18.7,-26.24,5,wide_right,1,defensive_third,False,-21.72,-5.13,3,center,1,defensive_third,False,36.82,35.07,51.7,46.18,36.74,36.75,64.29,58.19
457,2015213,66293,66315,88:21.3,88:23.5,43,21,2.2,2,2,1803,right_to_left,Western United,1,True,False,False,chaotic,5,chaotic,5,21.79,4.65,3,center,3,attacking_third,False,10.76,13.74,2,half_space_left,2,middle_third,False,36.85,41.31,58.13,58.83,34.95,34.57,46.03,41.06
458,2015213,66315,66374,88:23.5,88:29.4,43,23,5.9,2,1,4177,left_to_right,Auckland FC,3,True,False,False,chaotic,5,chaotic,5,-10.21,-13.72,4,half_space_right,2,middle_third,False,-7.71,6.36,3,center,2,middle_third,False,34.58,32.66,40.88,48.87,41.41,38.5,58.74,57.52
459,2015213,66823,66833,89:14.3,89:15.3,44,14,1.0,2,2,1803,right_to_left,Western United,1,False,False,False,set_play,7,defending_set_play,13,6.08,-4.52,3,center,2,middle_third,False,18.24,6.71,3,center,3,attacking_third,False,49.42,47.19,60.39,62.03,34.43,35.53,43.77,44.02
460,2015213,67005,67070,89:32.5,89:39.0,44,32,6.5,2,2,1803,right_to_left,Western United,5,False,False,False,finish,2,low_block,8,23.67,33.71,1,wide_left,3,attacking_third,False,-0.87,-16.44,4,half_space_right,2,middle_third,False,34.72,30.83,67.89,45.82,27.31,42.12,41.74,58.01
461,2015213,67070,67080,89:39.0,89:40.0,44,39,1.0,2,2,1803,right_to_left,Western United,1,True,False,False,chaotic,5,chaotic,5,0.54,16.21,2,half_space_left,2,middle_third,False,18.94,14.89,2,half_space_left,3,attacking_third,False,42.17,41.01,57.84,56.26,30.92,31.63,46.3,50.76
462,2015213,67182,67281,89:50.2,90:00.1,44,50,9.9,2,1,4177,left_to_right,Auckland FC,3,False,False,False,create,1,medium_block,9,-6.88,-6.74,3,center,2,middle_third,False,21.87,27.38,1,wide_left,3,attacking_third,False,38.25,49.57,61.08,63.75,28.67,38.2,51.89,48.14
463,2015213,67281,67324,90:00.1,90:04.4,45,0,4.3,2,1,4177,left_to_right,Auckland FC,1,True,False,False,finish,2,low_block,8,22.54,27.93,1,wide_left,3,attacking_third,False,25.33,14.5,2,half_space_left,3,attacking_third,False,49.58,44.08,64.09,69.07,38.46,29.35,48.01,36.13
464,2015213,67324,67541,90:04.4,90:26.1,45,4,21.7,2,2,1803,right_to_left,Western United,6,False,False,False,transition,4,defending_transition,11,-25.16,-14.13,4,half_space_right,1,defensive_third,False,43.51,7.75,3,center,3,attacking_third,True,29.2,36.2,36.05,74.75,44.02,29.8,68.92,43.22
465,2015213,67541,67598,90:26.1,90:31.8,45,26,5.7,2,2,1803,right_to_left,Western United,1,True,False,False,finish,2,low_block,8,42.82,8.48,3,center,3,attacking_third,True,25.58,12.3,2,half_space_left,3,attacking_third,False,36.08,33.21,74.54,64.59,29.78,27.53,43.15,43.52
466,2015213,67811,67816,90:53.1,90:53.6,45,53,0.5,2,1,4177,left_to_right,Auckland FC,1,False,False,False,create,1,medium_block,9,-4.41,-9.43,4,half_space_right,2,middle_third,False,3.19,-9.82,4,half_space_right,2,middle_third,False,47.27,45.15,60.49,61.81,25.82,25.65,42.02,41.96
467,2015213,67816,67870,90:53.6,90:59.0,45,53,5.4,2,1,4177,left_to_right,Auckland FC,1,True,False,False,finish,2,low_block,8,5.21,-9.91,4,half_space_right,2,middle_third,False,32.82,-11.95,4,half_space_right,3,attacking_third,False,44.6,30.63,62.11,63.35,25.58,20.53,41.94,37.27
468,2015213,67870,68066,90:59.0,91:18.6,45,59,19.6,2,2,1803,right_to_left,Western United,1,False,False,False,build_up,0,high_block,10,-33.66,11.98,2,half_space_left,1,defensive_third,False,-20.69,17.92,2,half_space_left,1,defensive_third,False,20.54,32.18,37.14,44.66,30.53,32.14,63.47,66.21
469,2015213,68066,68068,91:18.6,91:18.8,46,18,0.2,2,2,1803,right_to_left,Western United,0,True,False,False,create,1,medium_block,9,-19.25,18.69,2,half_space_left,1,defensive_third,False,-17.88,19.51,2,half_space_left,1,defensive_third,False,32.13,32.08,44.71,44.78,32.06,31.99,66.27,66.29
470,2015213,68126,68143,91:24.6,91:26.3,46,24,1.7,2,1,4177,left_to_right,Auckland FC,1,True,False,False,chaotic,5,chaotic,5,3.9,-34.9,5,wide_right,2,middle_third,False,25.1,-27.95,5,wide_right,3,attacking_third,False,37.65,37.48,57.47,63.7,28.77,27.28,45.4,45.62
471,2015213,68143,68154,91:26.3,91:27.4,46,26,1.1,2,2,1803,right_to_left,Western United,1,True,False,False,chaotic,5,chaotic,5,-25.97,27.4,1,wide_left,1,defensive_third,False,-26.94,22.12,1,wide_left,1,defensive_third,False,27.17,26.36,45.65,45.9,37.43,36.43,64.04,65.46
472,2015213,68154,68181,91:27.4,91:30.1,46,27,2.7,2,1,4177,left_to_right,Auckland FC,1,True,False,False,chaotic,5,chaotic,5,27.03,-21.71,5,wide_right,3,attacking_third,False,38.55,-25.92,5,wide_right,3,attacking_third,False,36.31,35.9,65.53,67.97,26.31,25.06,45.94,48.18
473,2015213,68594,68604,92:11.4,92:12.4,47,11,1.0,2,2,1803,right_to_left,Western United,1,True,False,False,direct,6,defending_direct,15,,,2,half_space_left,2,middle_third,False,-16.95,24.25,1,wide_left,2,middle_third,False,,28.54,,51.94,,31.25,,52.25
474,2015213,68665,68715,92:18.5,92:23.5,47,18,5.0,2,1,4177,left_to_right,Auckland FC,2,True,False,False,chaotic,5,chaotic,5,9.42,-34.67,5,wide_right,2,middle_third,False,36.7,-18.18,4,half_space_right,3,attacking_third,True,37.83,35.51,61.03,68.54,27.01,24.0,38.22,24.31
475,2015213,68715,68749,92:23.5,92:26.9,47,23,3.4,2,2,1803,right_to_left,Western United,1,True,False,False,chaotic,5,chaotic,5,-36.77,17.91,2,half_space_left,1,defensive_third,False,-9.51,22.14,1,wide_left,2,middle_third,False,24.08,28.42,24.05,27.99,35.41,37.18,68.24,65.88
476,2015213,68749,68768,92:26.9,92:28.8,47,26,1.9,2,1,4177,left_to_right,Auckland FC,1,False,False,False,finish,2,low_block,8,8.93,-22.36,5,wide_right,2,middle_third,False,6.18,-18.55,4,half_space_right,2,middle_third,False,37.66,45.22,65.68,62.31,28.53,32.23,28.5,37.37
477,2015213,68768,68870,92:28.8,92:39.0,47,28,10.2,2,1,4177,left_to_right,Auckland FC,3,False,False,False,create,1,medium_block,9,5.35,-17.42,4,half_space_right,2,middle_third,False,19.2,24.65,1,wide_left,3,attacking_third,False,45.52,53.65,62.18,58.85,32.44,41.14,37.75,39.76
478,2015213,68870,68926,92:39.0,92:44.6,47,39,5.6,2,1,4177,left_to_right,Auckland FC,2,False,False,False,finish,2,low_block,8,19.74,24.09,1,wide_left,3,attacking_third,False,47.41,-4.21,3,center,3,attacking_third,True,53.31,24.38,58.84,81.23,41.12,24.86,39.85,39.62
479,2015213,69020,69043,92:54.0,92:56.3,47,54,2.3,2,1,4177,left_to_right,Auckland FC,2,True,False,False,chaotic,5,chaotic,5,24.4,-31.62,5,wide_right,3,attacking_third,False,18.33,-29.74,5,wide_right,3,attacking_third,False,46.23,46.67,66.1,64.54,26.48,31.68,24.06,29.6
480,2015213,69043,69046,92:56.3,92:56.6,47,56,0.3,2,2,1803,right_to_left,Western United,1,False,False,False,create,1,medium_block,9,-18.85,29.86,1,wide_left,1,defensive_third,False,-19.82,30.05,1,wide_left,1,defensive_third,False,31.91,32.38,29.49,29.11,46.63,46.54,64.67,65.01
481,2015213,69046,69083,92:56.6,93:00.3,47,56,3.7,2,2,1803,right_to_left,Western United,2,False,False,False,build_up,0,high_block,10,-20.25,30.06,1,wide_left,1,defensive_third,False,-20.08,32.3,1,wide_left,1,defensive_third,False,32.61,36.65,28.86,30.64,46.48,46.46,65.29,65.44
482,2015213,69083,69091,93:00.3,93:01.1,48,0,0.8,2,2,1803,right_to_left,Western United,1,True,False,False,create,1,medium_block,9,-19.61,32.15,1,wide_left,1,defensive_third,False,-16.95,30.94,1,wide_left,2,middle_third,False,36.75,37.39,30.89,32.51,46.63,47.76,65.14,62.71
483,2015213,69091,69153,93:01.1,93:07.3,48,1,6.2,2,1,4177,left_to_right,Auckland FC,3,True,False,False,quick_break,3,defending_quick_break,12,17.22,-31.0,5,wide_right,2,middle_third,False,52.35,-21.15,5,wide_right,3,attacking_third,False,47.85,36.4,62.33,68.52,37.5,35.38,32.69,31.52
484,2015213,69443,69456,93:36.3,93:37.6,48,36,1.3,2,2,1803,right_to_left,Western United,1,False,False,False,build_up,0,high_block,10,-44.3,10.14,2,half_space_left,1,defensive_third,False,-20.66,18.95,2,half_space_left,1,defensive_third,False,29.67,27.71,50.12,49.7,30.49,28.33,48.96,48.92
485,2015213,69456,69534,93:37.6,93:45.4,48,37,7.8,2,2,1803,right_to_left,Western United,1,True,False,False,create,1,medium_block,9,-19.12,19.56,2,half_space_left,1,defensive_third,False,15.62,16.89,2,half_space_left,2,middle_third,False,27.48,24.54,49.76,55.11,28.17,24.3,48.96,50.45
486,2015213,69534,69618,93:45.4,93:53.8,48,45,8.4,2,1,4177,left_to_right,Auckland FC,4,False,True,True,transition,4,defending_transition,11,-16.02,-16.53,4,half_space_right,2,middle_third,False,52.39,-1.88,3,center,3,attacking_third,True,24.25,26.44,50.37,81.68,24.51,31.4,55.1,57.89
487,2015213,70203,70303,94:52.3,95:02.3,49,52,10.0,2,2,1803,right_to_left,Western United,3,False,False,False,create,1,medium_block,9,-0.24,1.17,3,center,2,middle_third,False,38.32,34.26,1,wide_left,3,attacking_third,False,52.61,41.8,47.52,71.45,35.98,45.43,41.99,51.42
488,2015213,70502,70610,95:22.2,95:33.0,50,22,10.8,2,2,1803,right_to_left,Western United,7,False,True,True,finish,2,low_block,8,31.59,34.97,1,wide_left,3,attacking_third,False,53.11,-0.22,3,center,3,attacking_third,False,35.13,30.93,73.91,82.21,27.77,21.97,34.8,39.31
489,2015213,71270,71306,96:39.0,96:42.6,51,39,3.6,2,1,4177,left_to_right,Auckland FC,2,False,False,False,create,1,medium_block,9,-0.25,-0.74,3,center,2,middle_third,False,-15.49,-1.22,3,center,2,middle_third,False,44.38,43.68,42.73,59.22,37.83,37.41,41.73,49.99
