index,match_id,frame_start,frame_end,time_start,time_end,minute_start,second_start,duration,period,attacking_side_id,team_in_possession_id,attacking_side,team_in_possession_shortname,n_player_possessions_in_phase,team_possession_loss_in_phase,team_possession_lead_to_goal,team_possession_lead_to_shot,team_in_possession_phase_type,team_in_possession_phase_type_id,team_out_of_possession_phase_type,team_out_of_possession_phase_type_id,x_start,y_start,channel_id_start,channel_start,third_id_start,third_start,penalty_area_start,x_end,y_end,channel_id_end,channel_end,third_id_end,third_end,penalty_area_end,team_in_possession_width_start,team_in_possession_width_end,team_in_possession_length_start,team_in_possession_length_end,team_out_of_possession_width_start,team_out_of_possession_width_end,team_out_of_possession_length_start,team_out_of_possession_length_end
0,2007448,10,57,00:00.0,00:04.7,0,0,4.7,1,2,871,right_to_left,Perth Glory,2,False,False,False,create,1,medium_block,9,-0.33,0.45,3,center,2,middle_third,False,-19.86,5.98,3,center,1,defensive_third,False,44.27,44.92,37.74,57.22,31.59,33.92,38.49,56.3
1,2007448,57,88,00:04.7,00:07.8,0,4,3.1,1,2,871,right_to_left,Perth Glory,1,False,False,False,direct,6,defending_direct,15,-19.04,6.01,3,center,1,defensive_third,False,22.71,16.39,2,half_space_left,3,attacking_third,False,44.7,32.54,57.75,64.59,33.77,23.57,56.66,53.75
2,2007448,88,179,00:07.8,00:16.9,0,7,9.1,1,2,871,right_to_left,Perth Glory,1,False,False,False,finish,2,low_block,8,23.56,16.37,2,half_space_left,3,attacking_third,False,27.55,-11.78,4,half_space_right,3,attacking_third,False,32.41,30.97,64.72,68.98,23.26,20.54,53.6,38.93
3,2007448,282,302,00:27.2,00:29.2,0,27,2.0,1,2,871,right_to_left,Perth Glory,1,False,False,False,finish,2,low_block,8,22.18,-33.62,5,wide_right,3,attacking_third,False,6.15,-29.14,5,wide_right,2,middle_third,False,41.53,41.65,71.01,72.09,29.56,31.48,31.0,32.08
4,2007448,302,384,00:29.2,00:37.4,0,29,8.2,1,2,871,right_to_left,Perth Glory,3,False,False,False,create,1,medium_block,9,5.5,-28.98,5,wide_right,2,middle_third,False,-12.09,-25.62,5,wide_right,2,middle_third,False,41.76,62.36,72.02,57.35,31.57,36.73,32.68,52.44
5,2007448,384,419,00:37.4,00:40.9,0,37,3.5,1,2,871,right_to_left,Perth Glory,1,False,False,False,direct,6,defending_direct,15,-12.01,-25.93,5,wide_right,2,middle_third,False,39.49,-23.56,5,wide_right,3,attacking_third,False,62.24,50.03,57.45,74.38,36.69,33.36,52.55,56.37
6,2007448,419,453,00:40.9,00:44.3,0,40,3.4,1,2,871,right_to_left,Perth Glory,1,True,False,False,finish,2,low_block,8,39.99,-23.44,5,wide_right,3,attacking_third,False,45.15,-19.19,4,half_space_right,3,attacking_third,True,49.65,40.83,74.94,82.0,33.3,35.67,56.43,54.44
7,2007448,588,714,00:57.8,01:10.4,0,57,12.6,1,1,1802,left_to_right,Brisbane FC,4,False,False,False,build_up,0,high_block,10,-40.03,-4.34,3,center,1,defensive_third,False,-27.8,-21.98,5,wide_right,1,defensive_third,False,55.16,63.91,46.41,54.57,36.49,40.39,63.78,61.01
8,2007448,714,746,01:10.4,01:13.6,1,10,3.2,1,1,1802,left_to_right,Brisbane FC,1,True,False,False,direct,6,defending_direct,15,-26.94,-22.13,5,wide_right,1,defensive_third,False,17.55,-29.5,5,wide_right,3,attacking_third,False,63.74,50.57,54.76,64.41,40.31,37.52,60.97,58.7
9,2007448,746,851,01:13.6,01:24.1,1,13,10.5,1,2,871,right_to_left,Perth Glory,4,False,False,False,transition,4,defending_transition,11,-18.0,29.5,1,wide_left,1,defensive_third,False,40.45,-20.24,5,wide_right,3,attacking_third,False,37.54,42.63,58.48,76.4,50.22,35.72,64.52,54.0
10,2007448,947,969,01:33.7,01:35.9,1,33,2.2,1,2,871,right_to_left,Perth Glory,1,True,False,False,chaotic,5,chaotic,5,37.43,-33.48,5,wide_right,3,attacking_third,False,39.96,-29.32,5,wide_right,3,attacking_third,False,39.56,35.12,68.52,67.82,32.78,35.15,29.73,27.59
11,2007448,969,973,01:35.9,01:36.3,1,35,0.4,1,1,1802,left_to_right,Brisbane FC,1,True,False,False,chaotic,5,chaotic,5,-39.98,29.29,1,wide_left,1,defensive_third,False,-39.15,29.83,1,wide_left,1,defensive_third,False,35.02,35.19,27.56,27.56,35.05,34.85,67.76,67.58
12,2007448,1072,1090,01:46.2,01:48.0,1,46,1.8,1,2,871,right_to_left,Perth Glory,2,True,False,False,chaotic,5,chaotic,5,37.19,-32.67,5,wide_right,3,attacking_third,False,32.36,-32.14,5,wide_right,3,attacking_third,False,33.05,31.56,68.85,68.57,28.19,29.19,29.4,28.39
13,2007448,1223,1283,02:01.3,02:07.3,2,1,6.0,1,1,1802,left_to_right,Brisbane FC,1,True,False,False,chaotic,5,chaotic,5,-23.6,33.61,1,wide_left,1,defensive_third,False,-1.56,27.03,1,wide_left,2,middle_third,False,33.27,23.26,44.15,43.51,27.95,25.85,61.31,50.27
14,2007448,1283,1492,02:07.3,02:28.2,2,7,20.9,1,2,871,right_to_left,Perth Glory,9,False,False,False,create,1,medium_block,9,1.37,-27.23,5,wide_right,2,middle_third,False,1.43,35.92,1,wide_left,2,middle_third,False,25.82,52.33,50.23,55.28,23.32,34.82,43.5,52.97
15,2007448,1575,1610,02:36.5,02:40.0,2,36,3.5,1,2,871,right_to_left,Perth Glory,2,False,False,False,create,1,medium_block,9,-1.58,32.49,1,wide_left,2,middle_third,False,-19.47,18.62,2,half_space_left,1,defensive_third,False,48.08,50.75,55.05,52.08,28.58,31.32,44.79,49.66
16,2007448,1610,1791,02:40.0,02:58.1,2,40,18.1,1,2,871,right_to_left,Perth Glory,6,False,False,False,build_up,0,high_block,10,-20.01,17.12,2,half_space_left,1,defensive_third,False,-32.33,-31.72,5,wide_right,1,defensive_third,False,50.83,54.85,52.01,48.51,31.49,37.92,50.03,69.68
17,2007448,1791,1813,02:58.1,03:00.3,2,58,2.2,1,2,871,right_to_left,Perth Glory,1,True,False,False,direct,6,defending_direct,15,-31.94,-31.73,5,wide_right,1,defensive_third,False,0.08,-19.99,4,half_space_right,2,middle_third,False,54.39,47.39,48.59,48.53,37.86,34.68,69.58,64.77
18,2007448,1813,1876,03:00.3,03:06.6,3,0,6.3,1,1,1802,left_to_right,Brisbane FC,3,False,False,False,create,1,medium_block,9,-0.39,19.46,2,half_space_left,2,middle_third,False,4.96,-17.91,4,half_space_right,2,middle_third,False,34.55,40.66,64.64,58.85,47.07,21.5,48.4,45.19
19,2007448,1876,1992,03:06.6,03:18.2,3,6,11.6,1,1,1802,left_to_right,Brisbane FC,3,False,False,False,finish,2,low_block,8,5.21,-18.71,4,half_space_right,2,middle_third,False,5.54,-20.99,5,wide_right,2,middle_third,False,41.02,48.38,58.97,62.64,21.66,34.57,45.2,30.06
20,2007448,1992,2058,03:18.2,03:24.8,3,18,6.6,1,1,1802,left_to_right,Brisbane FC,3,False,False,False,create,1,medium_block,9,4.52,-20.25,5,wide_right,2,middle_third,False,-19.01,-10.69,4,half_space_right,1,defensive_third,False,48.73,59.73,62.52,52.84,34.56,37.09,30.24,51.07
21,2007448,2058,2101,03:24.8,03:29.1,3,24,4.3,1,1,1802,left_to_right,Brisbane FC,1,False,False,False,build_up,0,high_block,10,-20.28,-9.61,4,half_space_right,1,defensive_third,False,-31.7,5.33,3,center,1,defensive_third,False,59.79,60.45,52.79,48.86,37.2,42.87,51.49,61.0
22,2007448,2101,2129,03:29.1,03:31.9,3,29,2.8,1,1,1802,left_to_right,Brisbane FC,1,False,False,False,direct,6,defending_direct,15,-30.8,5.7,3,center,1,defensive_third,False,4.93,14.39,2,half_space_left,2,middle_third,False,60.32,51.91,48.7,51.89,42.93,39.12,60.88,56.86
23,2007448,2129,2168,03:31.9,03:35.8,3,31,3.9,1,1,1802,left_to_right,Brisbane FC,1,False,False,False,create,1,medium_block,9,4.65,14.36,2,half_space_left,2,middle_third,False,-0.4,21.72,1,wide_left,2,middle_third,False,51.63,46.75,51.96,54.29,38.85,36.94,56.69,52.3
24,2007448,2519,2594,04:10.9,04:18.4,4,10,7.5,1,1,1802,left_to_right,Brisbane FC,2,True,False,True,set_play,7,defending_set_play,13,2.83,19.18,2,half_space_left,2,middle_third,False,40.24,9.62,2,half_space_left,3,attacking_third,True,61.28,32.26,61.93,64.91,35.44,21.85,37.02,37.5
25,2007448,2594,2787,04:18.4,04:37.7,4,18,19.3,1,2,871,right_to_left,Perth Glory,3,False,False,False,build_up,0,high_block,10,-40.98,-9.2,4,half_space_right,1,defensive_third,False,-20.15,18.7,2,half_space_left,1,defensive_third,False,21.68,53.27,37.43,49.27,32.12,38.26,65.05,68.32
26,2007448,2787,2791,04:37.7,04:38.1,4,37,0.4,1,2,871,right_to_left,Perth Glory,0,True,False,False,create,1,medium_block,9,-19.22,19.39,2,half_space_left,1,defensive_third,False,-17.32,21.05,1,wide_left,2,middle_third,False,52.59,50.51,49.18,48.89,38.22,38.43,68.16,67.61
27,2007448,2791,2838,04:38.1,04:42.8,4,38,4.7,1,1,1802,left_to_right,Brisbane FC,2,False,False,False,finish,2,low_block,8,17.19,-21.41,5,wide_right,2,middle_third,False,5.63,-29.07,5,wide_right,2,middle_third,False,38.59,45.11,67.39,61.39,50.02,45.98,48.78,41.4
28,2007448,2838,2982,04:42.8,04:57.2,4,42,14.4,1,1,1802,left_to_right,Brisbane FC,6,False,False,False,create,1,medium_block,9,4.85,-28.76,5,wide_right,2,middle_third,False,-19.29,19.92,2,half_space_left,1,defensive_third,False,45.17,52.04,61.29,53.29,45.57,37.6,41.24,58.53
29,2007448,2982,3147,04:57.2,05:13.7,4,57,16.5,1,1,1802,left_to_right,Brisbane FC,6,False,False,False,build_up,0,high_block,10,-20.45,20.35,1,wide_left,1,defensive_third,False,-38.44,-32.94,5,wide_right,1,defensive_third,False,51.94,42.07,53.27,44.97,37.53,42.13,58.83,69.49
30,2007448,3350,3393,05:34.0,05:38.3,5,34,4.3,1,1,1802,left_to_right,Brisbane FC,1,False,False,False,direct,6,defending_direct,15,-37.44,-32.25,5,wide_right,1,defensive_third,False,17.24,-23.79,5,wide_right,2,middle_third,False,27.77,23.42,51.59,58.83,25.53,23.11,63.03,58.93
31,2007448,3393,3432,05:38.3,05:42.2,5,38,3.9,1,1,1802,left_to_right,Brisbane FC,2,False,False,False,create,1,medium_block,9,17.67,-23.85,5,wide_right,3,attacking_third,False,12.5,-30.18,5,wide_right,2,middle_third,False,23.58,34.71,58.91,63.51,23.07,22.8,58.84,54.66
32,2007448,3432,3596,05:42.2,05:58.6,5,42,16.4,1,1,1802,left_to_right,Brisbane FC,5,True,False,False,finish,2,low_block,8,12.62,-30.03,5,wide_right,2,middle_third,False,52.59,22.8,1,wide_left,3,attacking_third,False,35.18,36.93,63.7,74.55,22.87,26.71,54.47,40.97
33,2007448,3932,4006,06:32.2,06:39.6,6,32,7.4,1,2,871,right_to_left,Perth Glory,1,True,False,False,direct,6,defending_direct,15,-46.85,-6.84,3,center,1,defensive_third,False,26.27,-24.46,5,wide_right,3,attacking_third,False,27.91,30.59,55.36,64.57,22.9,23.06,40.01,45.52
34,2007448,4006,4053,06:39.6,06:44.3,6,39,4.7,1,1,1802,left_to_right,Brisbane FC,2,False,False,False,chaotic,5,chaotic,5,-27.08,24.52,1,wide_left,1,defensive_third,False,-50.44,7.6,3,center,1,defensive_third,False,23.1,32.58,45.48,44.83,30.76,32.65,64.9,79.44
35,2007448,4053,4079,06:44.3,06:46.9,6,44,2.6,1,1,1802,left_to_right,Brisbane FC,1,True,False,False,direct,6,defending_direct,15,-49.85,8.12,3,center,1,defensive_third,False,-9.79,22.27,1,wide_left,2,middle_third,False,32.9,32.17,44.88,47.96,32.52,24.26,79.75,77.03
36,2007448,4079,4147,06:46.9,06:53.7,6,46,6.8,1,2,871,right_to_left,Perth Glory,5,False,True,True,finish,2,low_block,8,9.24,-21.98,5,wide_right,2,middle_third,False,48.43,-1.09,3,center,3,attacking_third,True,23.79,29.98,76.74,70.17,32.08,16.09,48.16,48.22
37,2007448,4897,4955,08:08.7,08:14.5,8,8,5.8,1,1,1802,left_to_right,Brisbane FC,3,False,False,False,create,1,medium_block,9,-0.15,-0.43,3,center,2,middle_third,False,-15.8,25.55,1,wide_left,2,middle_third,False,56.69,60.06,43.17,60.47,40.41,45.08,42.54,53.05
38,2007448,4955,4982,08:14.5,08:17.2,8,14,2.7,1,1,1802,left_to_right,Brisbane FC,1,True,False,False,direct,6,defending_direct,15,-15.4,25.76,1,wide_left,2,middle_third,False,24.04,21.64,1,wide_left,3,attacking_third,False,59.99,49.88,60.62,68.72,44.89,40.44,53.2,54.96
39,2007448,4982,4999,08:17.2,08:18.9,8,17,1.7,1,2,871,right_to_left,Perth Glory,1,True,False,False,chaotic,5,chaotic,5,-24.37,-21.44,5,wide_right,1,defensive_third,False,-12.9,-22.39,5,wide_right,2,middle_third,False,40.4,39.25,54.88,52.39,49.59,44.77,69.0,68.23
40,2007448,4999,5046,08:18.9,08:23.6,8,18,4.7,1,1,1802,left_to_right,Brisbane FC,2,False,False,False,chaotic,5,chaotic,5,12.54,22.53,1,wide_left,2,middle_third,False,32.77,30.6,1,wide_left,3,attacking_third,False,44.5,43.35,68.04,67.81,39.18,35.52,52.12,42.73
41,2007448,5481,5506,09:07.1,09:09.6,9,7,2.5,1,1,1802,left_to_right,Brisbane FC,2,True,False,False,set_play,7,defending_set_play,13,32.13,28.04,1,wide_left,3,attacking_third,False,46.81,2.49,3,center,3,attacking_third,True,40.46,30.78,49.85,56.99,33.36,23.38,13.21,14.2
42,2007448,5656,5926,09:24.6,09:51.6,9,24,27.0,1,2,871,right_to_left,Perth Glory,1,False,False,False,create,1,medium_block,9,-48.19,1.38,3,center,1,defensive_third,False,-41.98,-4.64,3,center,1,defensive_third,False,15.25,22.39,23.4,55.7,20.12,19.46,55.67,40.88
43,2007448,5926,5980,09:51.6,09:57.0,9,51,5.4,1,2,871,right_to_left,Perth Glory,1,True,False,False,direct,6,defending_direct,15,-40.97,-4.85,3,center,1,defensive_third,False,32.28,-19.56,4,half_space_right,3,attacking_third,False,22.36,24.51,55.66,68.22,19.37,18.1,40.91,46.7
44,2007448,5980,6004,09:57.0,09:59.4,9,57,2.4,1,1,1802,left_to_right,Brisbane FC,1,False,False,False,build_up,0,high_block,10,-32.81,19.85,2,half_space_left,1,defensive_third,False,-20.57,23.78,1,wide_left,1,defensive_third,False,18.41,25.49,46.71,45.73,24.62,26.64,68.69,71.19
45,2007448,6004,6037,09:59.4,10:02.7,9,59,3.3,1,1,1802,left_to_right,Brisbane FC,0,False,False,False,create,1,medium_block,9,-19.72,23.76,1,wide_left,1,defensive_third,False,-19.62,22.89,1,wide_left,1,defensive_third,False,25.8,33.87,45.66,45.29,26.75,29.75,71.0,67.93
46,2007448,6037,6204,10:02.7,10:19.4,10,2,16.7,1,1,1802,left_to_right,Brisbane FC,5,False,False,False,build_up,0,high_block,10,-20.11,22.55,1,wide_left,1,defensive_third,False,-20.97,13.31,2,half_space_left,1,defensive_third,False,34.33,50.33,45.31,52.04,29.81,34.27,67.79,65.8
47,2007448,6204,6302,10:19.4,10:29.2,10,19,9.8,1,1,1802,left_to_right,Brisbane FC,5,False,False,False,create,1,medium_block,9,-19.2,12.75,2,half_space_left,1,defensive_third,False,21.18,21.3,1,wide_left,3,attacking_third,False,50.17,43.47,52.1,60.95,34.15,25.23,65.39,56.41
48,2007448,6302,6524,10:29.2,10:51.4,10,29,22.2,1,1,1802,left_to_right,Brisbane FC,9,False,False,False,finish,2,low_block,8,22.6,22.43,1,wide_left,3,attacking_third,False,14.58,-30.39,5,wide_right,2,middle_third,False,43.29,48.83,61.36,60.07,25.18,38.1,56.42,36.8
49,2007448,6864,6991,11:25.4,11:38.1,11,25,12.7,1,1,1802,left_to_right,Brisbane FC,4,False,False,True,set_play,7,defending_set_play,13,17.51,-31.33,5,wide_right,3,attacking_third,False,34.49,25.3,1,wide_left,3,attacking_third,False,46.19,42.91,57.28,67.27,34.12,21.41,20.81,15.93
50,2007448,7120,7218,11:51.0,12:00.8,11,51,9.8,1,1,1802,left_to_right,Brisbane FC,4,False,False,False,finish,2,low_block,8,23.62,27.15,1,wide_left,3,attacking_third,False,6.35,-25.6,5,wide_right,2,middle_third,False,45.29,51.68,65.51,60.23,30.89,32.85,23.42,33.48
51,2007448,7218,7258,12:00.8,12:04.8,12,0,4.0,1,1,1802,left_to_right,Brisbane FC,1,False,False,False,create,1,medium_block,9,5.63,-25.15,5,wide_right,2,middle_third,False,4.41,-22.33,5,wide_right,2,middle_third,False,51.61,55.39,60.1,57.73,32.47,35.31,33.55,37.78
52,2007448,7258,7285,12:04.8,12:07.5,12,4,2.7,1,1,1802,left_to_right,Brisbane FC,1,False,False,False,finish,2,low_block,8,5.57,-23.27,5,wide_right,2,middle_third,False,6.88,-28.57,5,wide_right,2,middle_third,False,55.37,52.2,57.67,59.59,35.47,38.38,37.8,38.05
53,2007448,7285,7431,12:07.5,12:22.1,12,7,14.6,1,1,1802,left_to_right,Brisbane FC,6,False,False,False,create,1,medium_block,9,5.65,-28.05,5,wide_right,2,middle_third,False,31.36,29.93,1,wide_left,3,attacking_third,False,52.16,45.92,59.65,65.58,38.14,32.73,38.1,48.11
54,2007448,7431,7593,12:22.1,12:38.3,12,22,16.2,1,1,1802,left_to_right,Brisbane FC,4,True,False,False,finish,2,low_block,8,32.0,30.07,1,wide_left,3,attacking_third,False,26.15,3.27,3,center,3,attacking_third,False,45.75,33.62,66.01,68.46,32.49,21.42,48.16,24.78
55,2007448,7593,7748,12:38.3,12:53.8,12,38,15.5,1,2,871,right_to_left,Perth Glory,2,True,False,False,transition,4,defending_transition,11,-25.71,-3.02,3,center,1,defensive_third,False,37.66,-11.02,4,half_space_right,3,attacking_third,True,21.41,37.6,24.89,75.91,33.6,28.27,68.21,50.02
56,2007448,7748,7774,12:53.8,12:56.4,12,53,2.6,1,1,1802,left_to_right,Brisbane FC,1,False,False,False,chaotic,5,chaotic,5,-37.06,9.6,2,half_space_left,1,defensive_third,False,-31.37,4.18,3,center,1,defensive_third,False,28.07,24.34,49.73,44.81,37.59,34.29,75.91,73.37
57,2007448,7774,7807,12:56.4,12:59.7,12,56,3.3,1,1,1802,left_to_right,Brisbane FC,1,True,False,False,direct,6,defending_direct,15,-30.12,3.93,3,center,1,defensive_third,False,15.75,-11.67,4,half_space_right,2,middle_third,False,24.67,29.92,44.81,57.79,34.12,36.78,73.24,72.07
58,2007448,7807,7832,12:59.7,13:02.2,12,59,2.5,1,2,871,right_to_left,Perth Glory,1,True,False,False,chaotic,5,chaotic,5,-16.3,12.21,2,half_space_left,2,middle_third,False,-1.22,17.01,2,half_space_left,2,middle_third,False,36.93,37.79,72.0,68.25,29.82,32.23,58.29,61.88
59,2007448,7832,7870,13:02.2,13:06.0,13,2,3.8,1,1,1802,left_to_right,Brisbane FC,1,True,False,False,chaotic,5,chaotic,5,1.0,-16.97,4,half_space_right,2,middle_third,False,23.38,-13.98,4,half_space_right,3,attacking_third,False,32.44,36.16,61.83,63.2,37.74,30.89,67.96,61.75
60,2007448,7870,7928,13:06.0,13:11.8,13,6,5.8,1,2,871,right_to_left,Perth Glory,3,False,False,False,build_up,0,high_block,10,-23.68,13.97,2,half_space_left,1,defensive_third,False,-20.63,-7.52,3,center,1,defensive_third,False,30.71,41.55,61.54,51.65,36.06,29.95,63.36,61.13
61,2007448,7928,8099,13:11.8,13:28.9,13,11,17.1,1,2,871,right_to_left,Perth Glory,7,False,False,False,create,1,medium_block,9,-19.95,-8.84,3,center,1,defensive_third,False,-19.65,19.8,2,half_space_left,1,defensive_third,False,41.93,66.15,51.5,47.81,29.95,41.14,61.02,53.78
62,2007448,8099,8196,13:28.9,13:38.6,13,28,9.7,1,2,871,right_to_left,Perth Glory,4,True,False,False,build_up,0,high_block,10,-20.62,19.37,2,half_space_left,1,defensive_third,False,-25.56,-31.08,5,wide_right,1,defensive_third,False,66.05,58.53,47.8,46.9,41.06,39.96,54.09,69.78
63,2007448,8196,8206,13:38.6,13:39.6,13,38,1.0,1,1,1802,left_to_right,Brisbane FC,1,False,False,False,chaotic,5,chaotic,5,24.99,31.66,1,wide_left,3,attacking_third,False,18.29,34.75,1,wide_left,3,attacking_third,False,40.09,41.25,69.68,68.63,58.36,57.75,46.96,47.41
64,2007448,8435,8536,14:02.5,14:12.6,14,2,10.1,1,1,1802,left_to_right,Brisbane FC,4,False,False,False,create,1,medium_block,9,,,2,half_space_left,2,middle_third,False,-19.93,17.58,2,half_space_left,1,defensive_third,False,,57.16,,50.25,,39.62,,52.22
65,2007448,8536,8630,14:12.6,14:22.0,14,12,9.4,1,1,1802,left_to_right,Brisbane FC,3,False,False,False,build_up,0,high_block,10,-20.62,16.73,2,half_space_left,1,defensive_third,False,-40.96,-0.53,3,center,1,defensive_third,False,57.32,60.73,50.06,42.85,39.68,44.2,52.5,69.38
66,2007448,8630,8662,14:22.0,14:25.2,14,22,3.2,1,1,1802,left_to_right,Brisbane FC,1,True,False,False,direct,6,defending_direct,15,-40.68,-0.42,3,center,1,defensive_third,False,-2.52,28.23,1,wide_left,2,middle_third,False,60.5,56.37,42.67,48.62,44.23,49.61,69.39,65.91
67,2007448,8792,8853,14:38.2,14:44.3,14,38,6.1,1,2,871,right_to_left,Perth Glory,5,True,False,False,finish,2,low_block,8,18.06,-33.6,5,wide_right,3,attacking_third,False,21.48,-23.95,5,wide_right,3,attacking_third,False,44.27,38.96,61.92,63.49,28.15,26.13,40.25,37.23
68,2007448,8853,8903,14:44.3,14:49.3,14,44,5.0,1,1,1802,left_to_right,Brisbane FC,2,False,False,False,build_up,0,high_block,10,-21.3,24.17,1,wide_left,1,defensive_third,False,-20.5,28.52,1,wide_left,1,defensive_third,False,26.08,31.71,37.17,40.72,38.79,29.55,63.51,62.06
69,2007448,8903,8913,14:49.3,14:50.3,14,49,1.0,1,1,1802,left_to_right,Brisbane FC,0,True,False,False,create,1,medium_block,9,-19.26,28.07,1,wide_left,1,defensive_third,False,-9.74,24.89,1,wide_left,2,middle_third,False,31.76,31.14,40.7,40.01,29.37,27.23,61.98,60.98
70,2007448,8913,8934,14:50.3,14:52.4,14,50,2.1,1,2,871,right_to_left,Perth Glory,1,False,False,False,chaotic,5,chaotic,5,9.08,-24.41,5,wide_right,2,middle_third,False,18.91,-19.11,4,half_space_right,3,attacking_third,False,27.0,25.22,60.83,58.75,30.97,26.98,39.96,39.88
71,2007448,9935,10135,16:32.5,16:52.5,16,32,20.0,1,2,871,right_to_left,Perth Glory,1,False,False,False,set_play,7,defending_set_play,13,24.25,-15.78,4,half_space_right,3,attacking_third,False,52.42,0.64,3,center,3,attacking_third,True,22.83,36.77,59.88,65.69,18.0,63.56,19.74,47.41
72,2007448,10135,10199,16:52.5,16:58.9,16,52,6.4,1,2,871,right_to_left,Perth Glory,0,True,False,False,finish,2,low_block,8,52.4,0.57,3,center,3,attacking_third,True,47.65,20.99,1,wide_left,3,attacking_third,False,36.76,37.43,65.76,73.67,63.68,61.02,47.49,50.94
73,2007448,10199,10324,16:58.9,17:11.4,16,58,12.5,1,1,1802,left_to_right,Brisbane FC,3,True,False,False,transition,4,defending_transition,11,-47.58,-21.8,5,wide_right,1,defensive_third,False,41.78,-25.21,5,wide_right,3,attacking_third,False,60.74,36.12,51.0,72.62,37.44,30.67,73.71,56.19
74,2007448,10324,10366,17:11.4,17:15.6,17,11,4.2,1,2,871,right_to_left,Perth Glory,1,True,False,False,chaotic,5,chaotic,5,-42.46,25.13,1,wide_left,1,defensive_third,False,-26.06,25.83,1,wide_left,1,defensive_third,False,30.71,30.25,55.99,48.33,36.06,35.86,73.25,81.45
75,2007448,10366,10395,17:15.6,17:18.5,17,15,2.9,1,1,1802,left_to_right,Brisbane FC,1,True,False,False,chaotic,5,chaotic,5,25.67,-25.64,5,wide_right,3,attacking_third,False,40.67,-14.31,4,half_space_right,3,attacking_third,True,35.92,36.99,81.15,70.5,29.75,26.09,48.01,43.05
76,2007448,10710,10741,17:50.0,17:53.1,17,50,3.1,1,2,871,right_to_left,Perth Glory,1,True,False,False,direct,6,defending_direct,15,-37.59,-9.88,4,half_space_right,1,defensive_third,False,15.77,-13.91,4,half_space_right,2,middle_third,False,20.78,21.46,53.37,58.85,21.92,21.06,42.69,47.22
77,2007448,10741,10792,17:53.1,17:58.2,17,53,5.1,1,1,1802,left_to_right,Brisbane FC,1,True,False,False,chaotic,5,chaotic,5,-16.73,13.58,2,half_space_left,2,middle_third,False,-41.34,23.5,1,wide_left,1,defensive_third,False,21.09,24.56,47.31,48.72,21.54,30.12,59.11,76.87
78,2007448,10792,10822,17:58.2,18:01.2,17,58,3.0,1,2,871,right_to_left,Perth Glory,1,True,False,False,chaotic,5,chaotic,5,41.57,-23.87,5,wide_right,3,attacking_third,False,41.2,-22.03,5,wide_right,3,attacking_third,False,30.27,34.86,77.32,76.89,24.89,26.23,48.68,45.03
79,2007448,10822,10889,18:01.2,18:07.9,18,1,6.7,1,1,1802,left_to_right,Brisbane FC,1,False,False,False,build_up,0,high_block,10,-41.22,21.83,1,wide_left,1,defensive_third,False,-45.7,26.57,1,wide_left,1,defensive_third,False,26.13,40.29,44.86,45.14,34.64,29.26,76.72,76.03
80,2007448,10889,10915,18:07.9,18:10.5,18,7,2.6,1,1,1802,left_to_right,Brisbane FC,1,True,False,False,direct,6,defending_direct,15,-44.69,27.26,1,wide_left,1,defensive_third,False,-8.54,29.77,1,wide_left,2,middle_third,False,40.25,33.4,45.17,44.29,29.2,23.7,75.77,67.97
81,2007448,10915,10953,18:10.5,18:14.3,18,10,3.8,1,2,871,right_to_left,Perth Glory,2,True,False,False,chaotic,5,chaotic,5,8.32,-29.34,5,wide_right,2,middle_third,False,16.78,-3.79,3,center,2,middle_third,False,23.69,29.91,67.7,62.33,32.99,28.21,44.24,49.42
82,2007448,10953,11011,18:14.3,18:20.1,18,14,5.8,1,1,1802,left_to_right,Brisbane FC,1,True,False,False,chaotic,5,chaotic,5,-16.77,3.25,3,center,2,middle_third,False,-8.92,-18.58,4,half_space_right,2,middle_third,False,28.32,35.94,49.56,49.88,30.31,45.1,62.28,63.89
83,2007448,11011,11158,18:20.1,18:34.8,18,20,14.7,1,2,871,right_to_left,Perth Glory,6,False,False,False,create,1,medium_block,9,8.89,19.09,2,half_space_left,2,middle_third,False,16.1,-22.12,5,wide_right,2,middle_third,False,45.41,51.55,63.89,59.04,36.2,36.27,49.8,40.19
84,2007448,11158,11189,18:34.8,18:37.9,18,34,3.1,1,2,871,right_to_left,Perth Glory,2,True,False,False,finish,2,low_block,8,17.47,-22.14,5,wide_right,2,middle_third,False,26.83,-19.68,4,half_space_right,3,attacking_third,False,51.49,46.46,59.21,61.83,36.11,30.48,39.99,38.26
85,2007448,11442,11454,19:03.2,19:04.4,19,3,1.2,1,1,1802,left_to_right,Brisbane FC,1,True,False,False,create,1,medium_block,9,,,2,half_space_left,2,middle_third,False,-1.85,-12.92,4,half_space_right,2,middle_third,False,,54.88,,49.82,,42.29,,65.86
86,2007448,11454,11512,19:04.4,19:10.2,19,4,5.8,1,2,871,right_to_left,Perth Glory,2,True,False,False,chaotic,5,chaotic,5,1.21,13.12,2,half_space_left,2,middle_third,False,34.22,-18.57,4,half_space_right,3,attacking_third,False,42.23,40.59,65.64,64.78,54.34,39.37,49.84,50.24
87,2007448,11512,11542,19:10.2,19:13.2,19,10,3.0,1,1,1802,left_to_right,Brisbane FC,1,True,False,False,chaotic,5,chaotic,5,-34.65,18.68,2,half_space_left,1,defensive_third,False,-6.81,14.18,2,half_space_left,2,middle_third,False,39.58,40.92,50.3,47.03,40.66,40.45,64.85,64.85
88,2007448,11542,11603,19:13.2,19:19.3,19,13,6.1,1,2,871,right_to_left,Perth Glory,2,True,False,False,chaotic,5,chaotic,5,6.95,-13.35,4,half_space_right,2,middle_third,False,18.2,-32.66,5,wide_right,3,attacking_third,False,40.33,42.37,64.65,60.28,40.59,38.28,46.81,44.71
89,2007448,11762,11778,19:35.2,19:36.8,19,35,1.6,1,1,1802,left_to_right,Brisbane FC,1,True,False,False,chaotic,5,chaotic,5,-10.41,32.83,1,wide_left,2,middle_third,False,7.07,28.84,1,wide_left,2,middle_third,False,30.41,27.5,51.82,52.81,27.67,27.39,57.0,55.67
90,2007448,11778,11798,19:36.8,19:38.8,19,36,2.0,1,2,871,right_to_left,Perth Glory,1,True,False,False,chaotic,5,chaotic,5,-7.42,-28.66,5,wide_right,2,middle_third,False,9.17,-29.0,5,wide_right,2,middle_third,False,27.44,28.47,55.6,52.48,27.27,25.39,52.75,51.12
91,2007448,11798,11819,19:38.8,19:40.9,19,38,2.1,1,1,1802,left_to_right,Brisbane FC,1,True,False,False,chaotic,5,chaotic,5,-9.5,28.56,1,wide_left,2,middle_third,False,0.26,19.38,2,half_space_left,2,middle_third,False,25.45,23.72,51.06,50.41,28.48,26.95,52.22,49.38
92,2007448,11819,11897,19:40.9,19:48.7,19,40,7.8,1,2,871,right_to_left,Perth Glory,6,False,False,True,create,1,medium_block,9,-0.48,-19.22,4,half_space_right,2,middle_third,False,12.71,11.59,2,half_space_left,2,middle_third,False,26.82,47.72,49.41,60.23,23.51,27.2,50.49,46.2
93,2007448,11897,12145,19:48.7,20:13.5,19,48,24.8,1,2,871,right_to_left,Perth Glory,8,True,False,True,finish,2,low_block,8,12.85,12.31,2,half_space_left,2,middle_third,False,48.59,1.44,3,center,3,attacking_third,True,47.75,31.84,60.41,64.68,27.42,24.95,46.13,23.77
94,2007448,12506,12544,20:49.6,20:53.4,20,49,3.8,1,1,1802,left_to_right,Brisbane FC,1,True,False,False,direct,6,defending_direct,15,-45.95,-6.55,3,center,1,defensive_third,False,8.95,-20.2,5,wide_right,2,middle_third,False,27.37,22.4,55.34,59.22,23.55,21.49,42.23,45.31
95,2007448,12544,12626,20:53.4,21:01.6,20,53,8.2,1,2,871,right_to_left,Perth Glory,5,True,False,False,create,1,medium_block,9,-8.95,19.94,2,half_space_left,2,middle_third,False,31.67,3.09,3,center,3,attacking_third,False,21.42,32.21,45.31,69.08,22.28,30.98,59.36,46.58
96,2007448,12626,12662,21:01.6,21:05.2,21,1,3.6,1,1,1802,left_to_right,Brisbane FC,1,True,False,False,chaotic,5,chaotic,5,-32.88,-3.6,3,center,1,defensive_third,False,-43.45,-27.68,5,wide_right,1,defensive_third,False,31.09,32.07,46.33,46.59,32.18,32.13,69.59,79.27
97,2007448,12824,12907,21:21.4,21:29.7,21,21,8.3,1,2,871,right_to_left,Perth Glory,6,False,False,False,finish,2,low_block,8,38.63,34.41,1,wide_left,3,attacking_third,False,-18.39,-24.12,5,wide_right,1,defensive_third,False,44.86,38.11,64.29,28.6,31.19,39.44,22.45,61.95
98,2007448,12907,12930,21:29.7,21:32.0,21,29,2.3,1,2,871,right_to_left,Perth Glory,1,True,False,False,chaotic,5,chaotic,5,18.12,23.93,1,wide_left,3,attacking_third,False,35.13,12.81,2,half_space_left,3,attacking_third,False,39.36,36.83,61.91,60.3,38.04,35.72,29.05,32.93
99,2007448,12930,12953,21:32.0,21:34.3,21,32,2.3,1,1,1802,left_to_right,Brisbane FC,1,True,False,False,chaotic,5,chaotic,5,-35.33,-12.74,4,half_space_right,1,defensive_third,False,-17.86,-15.9,4,half_space_right,1,defensive_third,False,35.63,34.09,32.84,35.99,36.7,33.48,60.22,58.39
100,2007448,12953,12976,21:34.3,21:36.6,21,34,2.3,1,2,871,right_to_left,Perth Glory,1,False,False,False,chaotic,5,chaotic,5,17.64,15.79,2,half_space_left,3,attacking_third,False,18.47,20.5,1,wide_left,3,attacking_third,False,33.34,31.26,58.34,56.56,34.01,31.91,36.16,38.94
101,2007448,13407,13417,22:19.7,22:20.7,22,19,1.0,1,2,871,right_to_left,Perth Glory,1,False,False,False,set_play,7,defending_set_play,13,18.85,17.55,2,half_space_left,3,attacking_third,False,33.2,5.3,3,center,3,attacking_third,False,30.76,30.93,59.06,61.62,22.04,22.02,22.48,22.79
102,2007448,13837,13859,23:02.7,23:04.9,23,2,2.2,1,2,871,right_to_left,Perth Glory,2,True,False,True,set_play,7,defending_set_play,13,50.95,33.44,1,wide_left,3,attacking_third,False,50.54,-3.11,3,center,3,attacking_third,True,41.56,39.77,71.4,73.56,9.76,15.05,6.45,4.72
103,2007448,14085,14118,23:27.5,23:30.8,23,27,3.3,1,1,1802,left_to_right,Brisbane FC,2,False,False,False,build_up,0,high_block,10,-47.06,-2.0,3,center,1,defensive_third,False,-43.86,-25.9,5,wide_right,1,defensive_third,False,64.26,57.11,48.13,50.3,41.42,42.87,72.03,75.19
104,2007448,14118,14136,23:30.8,23:32.6,23,30,1.8,1,1,1802,left_to_right,Brisbane FC,1,False,False,False,direct,6,defending_direct,15,-43.23,-26.06,5,wide_right,1,defensive_third,False,-10.44,-19.92,4,half_space_right,2,middle_third,False,56.68,49.14,50.13,45.13,42.93,39.23,75.06,70.26
105,2007448,14136,14178,23:32.6,23:36.8,23,32,4.2,1,1,1802,left_to_right,Brisbane FC,1,True,False,False,create,1,medium_block,9,-9.04,-19.41,4,half_space_right,2,middle_third,False,8.97,-17.66,4,half_space_right,2,middle_third,False,48.8,43.07,45.07,50.22,38.72,30.16,69.95,62.6
106,2007448,14178,14187,23:36.8,23:37.7,23,36,0.9,1,2,871,right_to_left,Perth Glory,1,False,False,False,create,1,medium_block,9,-9.66,17.17,2,half_space_left,2,middle_third,False,-19.41,17.98,2,half_space_left,1,defensive_third,False,29.98,28.58,62.46,61.05,42.93,41.33,50.47,52.43
107,2007448,14187,14253,23:37.7,23:44.3,23,37,6.6,1,2,871,right_to_left,Perth Glory,1,False,False,False,build_up,0,high_block,10,-20.41,18.21,2,half_space_left,1,defensive_third,False,-47.85,12.85,2,half_space_left,1,defensive_third,False,28.45,47.27,60.85,49.72,41.09,35.59,52.63,72.61
108,2007448,14253,14277,23:44.3,23:46.7,23,44,2.4,1,2,871,right_to_left,Perth Glory,1,True,False,False,direct,6,defending_direct,15,-47.68,12.56,2,half_space_left,1,defensive_third,False,-9.69,18.89,2,half_space_left,2,middle_third,False,47.65,47.13,49.55,47.31,35.52,33.25,72.85,72.48
109,2007448,14277,14294,23:46.7,23:48.4,23,46,1.7,1,1,1802,left_to_right,Brisbane FC,1,True,False,False,chaotic,5,chaotic,5,9.38,-18.8,4,half_space_right,2,middle_third,False,20.44,-12.96,4,half_space_right,3,attacking_third,False,33.18,30.86,72.26,69.66,46.7,37.35,47.1,45.83
110,2007448,14294,14325,23:48.4,23:51.5,23,48,3.1,1,2,871,right_to_left,Perth Glory,1,True,False,False,chaotic,5,chaotic,5,-20.82,12.79,2,half_space_left,1,defensive_third,False,-0.98,9.88,2,half_space_left,2,middle_third,False,36.95,37.62,45.72,44.84,30.56,25.13,69.52,64.34
111,2007448,14325,14378,23:51.5,23:56.8,23,51,5.3,1,1,1802,left_to_right,Brisbane FC,2,False,False,False,chaotic,5,chaotic,5,0.64,-9.53,4,half_space_right,2,middle_third,False,17.31,13.86,2,half_space_left,2,middle_third,False,25.2,33.18,64.15,57.83,37.54,30.61,44.94,46.6
112,2007448,14767,14935,24:35.7,24:52.5,24,35,16.8,1,1,1802,left_to_right,Brisbane FC,8,False,False,False,set_play,7,defending_set_play,13,20.53,14.44,2,half_space_left,3,attacking_third,False,5.02,27.09,1,wide_left,2,middle_third,False,37.22,36.31,57.62,60.74,30.03,36.79,21.22,38.14
113,2007448,14935,15158,24:52.5,25:14.8,24,52,22.3,1,1,1802,left_to_right,Brisbane FC,8,True,False,False,create,1,medium_block,9,3.86,26.74,1,wide_left,2,middle_third,False,-3.12,28.64,1,wide_left,2,middle_third,False,36.26,51.21,60.68,55.01,36.73,43.35,38.39,58.23
114,2007448,15158,15294,25:14.8,25:28.4,25,14,13.6,1,2,871,right_to_left,Perth Glory,4,False,False,False,quick_break,3,defending_quick_break,12,3.09,-29.04,5,wide_right,2,middle_third,False,30.59,-29.09,5,wide_right,3,attacking_third,False,43.3,38.1,57.98,65.44,51.03,32.44,54.73,24.16
115,2007448,15294,15363,25:28.4,25:35.3,25,28,6.9,1,2,871,right_to_left,Perth Glory,5,True,False,False,finish,2,low_block,8,29.5,-29.12,5,wide_right,3,attacking_third,False,26.85,-22.67,5,wide_right,3,attacking_third,False,38.24,50.02,65.33,61.67,32.34,37.29,24.17,32.4
116,2007448,15363,15449,25:35.3,25:43.9,25,35,8.6,1,1,1802,left_to_right,Brisbane FC,4,False,False,False,build_up,0,high_block,10,-26.87,22.52,1,wide_left,1,defensive_third,False,-30.87,28.5,1,wide_left,1,defensive_third,False,37.37,42.23,32.25,45.07,49.99,44.18,61.72,62.51
117,2007448,15592,15854,25:58.2,26:24.4,25,58,26.2,1,1,1802,left_to_right,Brisbane FC,11,True,False,False,create,1,medium_block,9,,,2,half_space_left,2,middle_third,False,18.25,-8.88,3,center,3,attacking_third,False,,43.34,,54.0,,32.67,,51.01
118,2007448,15854,15877,26:24.4,26:26.7,26,24,2.3,1,2,871,right_to_left,Perth Glory,2,False,False,False,create,1,medium_block,9,-18.36,9.28,2,half_space_left,1,defensive_third,False,-19.37,3.98,3,center,1,defensive_third,False,32.49,34.07,51.03,51.0,42.72,37.36,54.14,55.53
119,2007448,15877,15929,26:26.7,26:31.9,26,26,5.2,1,2,871,right_to_left,Perth Glory,2,False,False,False,build_up,0,high_block,10,-20.81,4.05,3,center,1,defensive_third,False,-20.7,-21.04,5,wide_right,1,defensive_third,False,34.36,52.41,50.99,48.81,37.19,31.96,55.85,64.31
120,2007448,15929,15956,26:31.9,26:34.6,26,31,2.7,1,2,871,right_to_left,Perth Glory,1,True,False,False,create,1,medium_block,9,-19.35,-22.27,5,wide_right,1,defensive_third,False,-19.04,-20.52,5,wide_right,1,defensive_third,False,52.54,52.24,48.8,49.95,31.97,35.69,64.11,59.03
121,2007448,15956,16054,26:34.6,26:44.4,26,34,9.8,1,1,1802,left_to_right,Brisbane FC,1,True,False,False,quick_break,3,defending_quick_break,12,19.24,20.48,1,wide_left,3,attacking_third,False,41.77,7.94,3,center,3,attacking_third,True,35.33,21.75,58.91,69.85,52.2,24.13,49.97,45.61
122,2007448,16054,16078,26:44.4,26:46.8,26,44,2.4,1,2,871,right_to_left,Perth Glory,1,True,False,False,chaotic,5,chaotic,5,-42.58,-6.49,3,center,1,defensive_third,False,-38.17,9.83,2,half_space_left,1,defensive_third,False,23.98,24.52,45.54,43.34,21.52,25.1,70.17,72.68
123,2007448,16078,16180,26:46.8,26:57.0,26,46,10.2,1,1,1802,left_to_right,Brisbane FC,1,False,False,False,finish,2,low_block,8,37.88,-10.32,4,half_space_right,3,attacking_third,True,53.65,-23.05,5,wide_right,3,attacking_third,False,25.5,35.61,72.58,76.41,24.79,28.29,43.23,36.16
124,2007448,16346,16394,27:13.6,27:18.4,27,13,4.8,1,1,1802,left_to_right,Brisbane FC,3,False,False,False,set_play,7,defending_set_play,13,48.11,-26.75,5,wide_right,3,attacking_third,False,37.6,-4.74,3,center,3,attacking_third,True,37.88,22.89,66.75,62.69,11.07,18.07,9.03,15.36
125,2007448,17047,17145,28:23.7,28:33.5,28,23,9.8,1,1,1802,left_to_right,Brisbane FC,5,False,False,False,finish,2,low_block,8,19.87,2.43,3,center,3,attacking_third,False,5.99,7.62,3,center,2,middle_third,False,49.34,53.29,55.23,59.47,32.39,38.18,21.88,34.89
126,2007448,17145,17192,28:33.5,28:38.2,28,33,4.7,1,1,1802,left_to_right,Brisbane FC,1,True,False,False,create,1,medium_block,9,5.47,6.81,3,center,2,middle_third,False,44.08,16.92,2,half_space_left,3,attacking_third,True,53.38,48.15,59.34,64.05,38.17,36.88,35.22,46.42
127,2007448,17192,17347,28:38.2,28:53.7,28,38,15.5,1,2,871,right_to_left,Perth Glory,2,False,False,False,build_up,0,high_block,10,-44.71,-17.17,4,half_space_right,1,defensive_third,False,-33.65,-14.03,4,half_space_right,1,defensive_third,False,37.09,34.36,46.75,51.34,47.89,28.01,64.3,63.39
128,2007448,17347,17384,28:53.7,28:57.4,28,53,3.7,1,2,871,right_to_left,Perth Glory,1,True,False,False,direct,6,defending_direct,15,-32.02,-14.61,4,half_space_right,1,defensive_third,False,23.33,-29.13,5,wide_right,3,attacking_third,False,34.26,35.49,51.36,63.44,27.89,28.14,63.65,62.25
129,2007448,17384,17471,28:57.4,29:06.1,28,57,8.7,1,1,1802,left_to_right,Brisbane FC,2,True,False,False,chaotic,5,chaotic,5,-24.3,28.78,1,wide_left,1,defensive_third,False,-34.78,25.77,1,wide_left,1,defensive_third,False,28.11,24.03,62.14,45.16,35.41,26.62,63.81,68.93
130,2007448,17651,17675,29:24.1,29:26.5,29,24,2.4,1,2,871,right_to_left,Perth Glory,2,False,False,False,finish,2,low_block,8,23.92,-32.5,5,wide_right,3,attacking_third,False,6.39,-24.71,5,wide_right,2,middle_third,False,40.9,42.91,60.12,58.25,27.63,27.79,29.53,32.79
131,2007448,17675,17760,29:26.5,29:35.0,29,26,8.5,1,2,871,right_to_left,Perth Glory,3,False,False,False,create,1,medium_block,9,5.51,-23.59,5,wide_right,2,middle_third,False,23.08,-23.42,5,wide_right,3,attacking_third,False,43.17,48.0,58.13,56.49,27.74,34.22,33.32,47.77
132,2007448,17760,17819,29:35.0,29:40.9,29,35,5.9,1,2,871,right_to_left,Perth Glory,3,True,False,False,finish,2,low_block,8,22.8,-23.84,5,wide_right,3,attacking_third,False,48.05,-11.36,4,half_space_right,3,attacking_third,True,47.65,43.15,56.75,76.82,33.98,29.69,47.78,44.72
133,2007448,17819,17918,29:40.9,29:50.8,29,40,9.9,1,1,1802,left_to_right,Brisbane FC,3,False,False,False,build_up,0,high_block,10,-48.21,10.81,2,half_space_left,1,defensive_third,False,-21.15,-25.42,5,wide_right,1,defensive_third,False,29.67,46.77,44.59,45.24,43.05,33.75,76.87,59.51
134,2007448,17918,18407,29:50.8,30:39.7,29,50,48.9,1,1,1802,left_to_right,Brisbane FC,14,False,False,False,create,1,medium_block,9,-19.56,-25.7,5,wide_right,1,defensive_third,False,21.36,-18.61,4,half_space_right,3,attacking_third,False,46.73,51.89,45.41,56.78,34.1,27.18,59.31,47.78
135,2007448,18407,18446,30:39.7,30:43.6,30,39,3.9,1,1,1802,left_to_right,Brisbane FC,2,False,False,False,finish,2,low_block,8,21.79,-18.69,4,half_space_right,3,attacking_third,False,46.05,-6.87,3,center,3,attacking_third,True,51.36,30.69,57.14,75.8,27.13,23.92,47.82,46.41
136,2007448,19050,19080,31:44.0,31:47.0,31,44,3.0,1,1,1802,left_to_right,Brisbane FC,2,True,False,True,set_play,7,defending_set_play,13,49.14,-25.93,5,wide_right,3,attacking_third,False,53.64,-2.01,3,center,3,attacking_third,False,35.85,32.95,67.5,67.89,11.93,11.96,8.18,12.78
137,2007448,19410,19473,32:20.0,32:26.3,32,20,6.3,1,2,871,right_to_left,Perth Glory,2,True,False,False,direct,6,defending_direct,15,-41.78,-6.67,3,center,1,defensive_third,False,19.23,-22.24,5,wide_right,3,attacking_third,False,15.61,21.2,52.74,63.96,17.1,19.19,40.78,44.38
138,2007448,19473,19495,32:26.3,32:28.5,32,26,2.2,1,1,1802,left_to_right,Brisbane FC,1,True,False,False,chaotic,5,chaotic,5,-18.89,22.63,1,wide_left,1,defensive_third,False,-18.09,32.27,1,wide_left,1,defensive_third,False,19.48,26.63,44.43,46.94,21.24,25.53,63.79,60.2
139,2007448,19596,19616,32:38.6,32:40.6,32,38,2.0,1,2,871,right_to_left,Perth Glory,2,False,False,False,finish,2,low_block,8,15.25,-32.34,5,wide_right,2,middle_third,False,5.28,-28.95,5,wide_right,2,middle_third,False,41.23,44.86,60.71,58.22,26.65,26.95,33.18,36.92
140,2007448,19616,19713,32:40.6,32:50.3,32,40,9.7,1,2,871,right_to_left,Perth Glory,4,False,False,False,create,1,medium_block,9,3.76,-29.09,5,wide_right,2,middle_third,False,-19.88,4.43,3,center,1,defensive_third,False,45.03,57.99,58.02,49.73,26.99,36.23,37.28,56.45
141,2007448,19713,19830,32:50.3,33:02.0,32,50,11.7,1,2,871,right_to_left,Perth Glory,5,False,False,False,build_up,0,high_block,10,-20.58,4.98,3,center,1,defensive_third,False,-20.97,-24.09,5,wide_right,1,defensive_third,False,57.76,50.07,49.74,51.8,36.14,30.95,56.39,62.55
142,2007448,19830,19885,33:02.0,33:07.5,33,2,5.5,1,2,871,right_to_left,Perth Glory,1,True,False,False,create,1,medium_block,9,-19.73,-24.61,5,wide_right,1,defensive_third,False,26.72,-19.58,4,half_space_right,3,attacking_third,False,50.06,45.6,51.81,66.45,31.11,30.21,62.34,58.42
143,2007448,19885,19944,33:07.5,33:13.4,33,7,5.9,1,1,1802,left_to_right,Brisbane FC,3,False,False,False,build_up,0,high_block,10,-27.47,19.58,2,half_space_left,1,defensive_third,False,-25.31,24.67,1,wide_left,1,defensive_third,False,30.35,36.28,58.35,50.45,45.29,37.04,67.0,67.23
144,2007448,19944,19965,33:13.4,33:15.5,33,13,2.1,1,1,1802,left_to_right,Brisbane FC,1,True,False,False,direct,6,defending_direct,15,-24.26,24.01,1,wide_left,1,defensive_third,False,7.23,10.77,2,half_space_left,2,middle_third,False,36.16,36.23,50.44,55.23,36.92,35.47,67.13,66.43
145,2007448,19965,20068,33:15.5,33:25.8,33,15,10.3,1,2,871,right_to_left,Perth Glory,6,False,False,False,create,1,medium_block,9,-7.89,-10.51,4,half_space_right,2,middle_third,False,27.2,-20.13,4,half_space_right,3,attacking_third,False,35.51,39.22,66.38,64.5,36.07,32.55,55.67,61.39
146,2007448,20068,20095,33:25.8,33:28.5,33,25,2.7,1,2,871,right_to_left,Perth Glory,1,True,False,False,finish,2,low_block,8,28.09,-20.08,4,half_space_right,3,attacking_third,False,42.42,-5.65,3,center,3,attacking_third,True,39.06,36.62,64.82,77.96,32.59,33.13,61.46,59.95
147,2007448,20095,20174,33:28.5,33:36.4,33,28,7.9,1,1,1802,left_to_right,Brisbane FC,2,False,False,False,build_up,0,high_block,10,-42.27,4.87,3,center,1,defensive_third,False,-20.16,25.16,1,wide_left,1,defensive_third,False,33.11,40.89,59.73,47.61,36.55,29.71,78.3,65.29
148,2007448,20174,20236,33:36.4,33:42.6,33,36,6.2,1,1,1802,left_to_right,Brisbane FC,4,False,False,False,create,1,medium_block,9,-19.74,25.53,1,wide_left,1,defensive_third,False,-19.76,31.38,1,wide_left,1,defensive_third,False,41.15,49.74,47.58,51.25,29.93,33.41,65.0,55.75
149,2007448,20236,20323,33:42.6,33:51.3,33,42,8.7,1,1,1802,left_to_right,Brisbane FC,4,False,False,False,build_up,0,high_block,10,-20.79,30.46,1,wide_left,1,defensive_third,False,-20.63,-16.72,4,half_space_right,1,defensive_third,False,49.87,57.12,51.27,55.17,33.35,48.17,56.0,69.99
150,2007448,20323,20336,33:51.3,33:52.6,33,51,1.3,1,1,1802,left_to_right,Brisbane FC,0,True,False,False,create,1,medium_block,9,-19.2,-17.35,4,half_space_right,1,defensive_third,False,-7.51,-19.03,4,half_space_right,2,middle_third,False,56.85,52.73,55.08,54.05,47.86,46.03,69.83,68.39
151,2007448,20336,20406,33:52.6,33:59.6,33,52,7.0,1,2,871,right_to_left,Perth Glory,3,True,False,False,quick_break,3,defending_quick_break,12,7.39,19.09,2,half_space_left,2,middle_third,False,44.09,6.65,3,center,3,attacking_third,True,45.94,29.83,68.28,78.92,52.35,39.87,54.03,60.26
152,2007448,20406,20450,33:59.6,34:04.0,33,59,4.4,1,1,1802,left_to_right,Brisbane FC,1,False,False,False,chaotic,5,chaotic,5,-44.06,-5.14,3,center,1,defensive_third,False,-40.91,24.52,1,wide_left,1,defensive_third,False,39.87,47.11,60.18,56.61,29.56,36.2,79.38,81.83
153,2007448,20715,20746,34:30.5,34:33.6,34,30,3.1,1,1,1802,left_to_right,Brisbane FC,1,True,False,False,chaotic,5,chaotic,5,,,2,half_space_left,2,middle_third,False,-7.1,-18.59,4,half_space_right,2,middle_third,False,,52.31,,50.55,,39.01,,66.82
154,2007448,20746,20791,34:33.6,34:38.1,34,33,4.5,1,2,871,right_to_left,Perth Glory,2,True,False,False,chaotic,5,chaotic,5,6.5,18.49,2,half_space_left,2,middle_third,False,2.92,31.2,1,wide_left,2,middle_third,False,38.75,37.46,66.71,59.67,51.86,43.01,50.4,46.87
155,2007448,20791,21076,34:38.1,35:06.6,34,38,28.5,1,1,1802,left_to_right,Brisbane FC,10,False,False,False,create,1,medium_block,9,-3.12,-31.25,5,wide_right,2,middle_third,False,-19.22,9.61,2,half_space_left,1,defensive_third,False,42.87,54.69,46.89,56.14,37.38,36.07,59.53,46.47
156,2007448,21076,21129,35:06.6,35:11.9,35,6,5.3,1,1,1802,left_to_right,Brisbane FC,2,False,False,False,build_up,0,high_block,10,-20.13,8.34,3,center,1,defensive_third,False,-20.13,15.44,2,half_space_left,1,defensive_third,False,55.11,62.43,56.01,52.09,36.14,41.25,46.76,56.52
157,2007448,21129,21239,35:11.9,35:22.9,35,11,11.0,1,1,1802,left_to_right,Brisbane FC,5,False,False,False,create,1,medium_block,9,-19.88,15.31,2,half_space_left,1,defensive_third,False,6.3,-20.81,5,wide_right,2,middle_third,False,62.34,58.98,52.06,59.56,41.35,42.03,56.43,42.33
158,2007448,21239,21262,35:22.9,35:25.2,35,22,2.3,1,1,1802,left_to_right,Brisbane FC,1,True,False,False,finish,2,low_block,8,6.62,-20.16,5,wide_right,2,middle_third,False,23.34,14.29,2,half_space_left,3,attacking_third,False,58.88,55.15,59.78,63.6,41.74,43.35,42.05,36.6
159,2007448,21262,21362,35:25.2,35:35.2,35,25,10.0,1,2,871,right_to_left,Perth Glory,4,True,False,False,transition,4,defending_transition,11,-23.55,-14.8,4,half_space_right,1,defensive_third,False,27.55,23.79,1,wide_left,3,attacking_third,False,43.58,48.88,36.69,65.89,54.95,33.74,63.66,56.36
160,2007448,21495,21616,35:48.5,36:00.6,35,48,12.1,1,1,1802,left_to_right,Brisbane FC,3,False,True,True,create,1,medium_block,9,-30.24,-31.74,5,wide_right,1,defensive_third,False,19.59,26.13,1,wide_left,3,attacking_third,False,48.36,48.47,46.4,60.9,36.39,39.6,69.7,60.72
161,2007448,21616,21683,36:00.6,36:07.3,36,0,6.7,1,1,1802,left_to_right,Brisbane FC,3,False,True,True,finish,2,low_block,8,20.05,25.88,1,wide_left,3,attacking_third,False,51.34,2.17,3,center,3,attacking_third,True,48.42,27.7,61.17,76.47,39.32,21.38,60.54,48.27
162,2007448,22521,22565,37:31.1,37:35.5,37,31,4.4,1,2,871,right_to_left,Perth Glory,2,False,False,False,create,1,medium_block,9,-0.45,0.43,3,center,2,middle_third,False,-19.78,-3.24,3,center,1,defensive_third,False,51.93,49.64,41.2,51.34,35.96,35.69,43.51,55.1
163,2007448,22565,22629,37:35.5,37:41.9,37,35,6.4,1,2,871,right_to_left,Perth Glory,2,False,False,False,build_up,0,high_block,10,-20.17,-4.0,3,center,1,defensive_third,False,-21.49,-6.72,3,center,1,defensive_third,False,49.44,56.73,51.55,53.07,35.55,34.74,55.24,66.19
164,2007448,22629,22634,37:41.9,37:42.4,37,41,0.5,1,2,871,right_to_left,Perth Glory,0,True,False,False,create,1,medium_block,9,-19.83,-7.77,3,center,1,defensive_third,False,-13.71,-11.8,4,half_space_right,2,middle_third,False,56.59,56.2,53.23,53.99,34.88,35.65,66.11,65.69
165,2007448,22748,22799,37:53.8,37:58.9,37,53,5.1,1,1,1802,left_to_right,Brisbane FC,2,False,False,False,create,1,medium_block,9,5.43,32.41,1,wide_left,2,middle_third,False,-19.94,25.54,1,wide_left,1,defensive_third,False,47.1,44.34,61.06,54.3,35.78,33.93,47.28,50.2
166,2007448,22799,22881,37:58.9,38:07.1,37,58,8.2,1,1,1802,left_to_right,Brisbane FC,2,True,False,False,build_up,0,high_block,10,-20.75,25.34,1,wide_left,1,defensive_third,False,-28.7,-19.54,4,half_space_right,1,defensive_third,False,44.34,61.09,54.07,41.2,33.96,42.98,50.56,70.06
167,2007448,23010,23075,38:20.0,38:26.5,38,20,6.5,1,2,871,right_to_left,Perth Glory,3,False,False,False,create,1,medium_block,9,,,2,half_space_left,2,middle_third,False,-19.76,-1.33,3,center,1,defensive_third,False,,56.21,,57.96,,40.32,,53.69
168,2007448,23075,23152,38:26.5,38:34.2,38,26,7.7,1,2,871,right_to_left,Perth Glory,1,False,False,False,build_up,0,high_block,10,-20.73,-0.67,3,center,1,defensive_third,False,-20.03,-20.07,4,half_space_right,1,defensive_third,False,56.55,66.66,57.87,50.83,40.36,42.13,53.91,61.82
169,2007448,23152,23218,38:34.2,38:40.8,38,34,6.6,1,2,871,right_to_left,Perth Glory,1,False,False,False,create,1,medium_block,9,-19.14,-20.69,5,wide_right,1,defensive_third,False,-19.72,-8.41,3,center,1,defensive_third,False,66.63,55.06,50.87,53.15,42.13,33.67,61.84,60.0
170,2007448,23218,23312,38:40.8,38:50.2,38,40,9.4,1,2,871,right_to_left,Perth Glory,3,False,False,False,build_up,0,high_block,10,-20.46,-7.42,3,center,1,defensive_third,False,-42.62,26.49,1,wide_left,1,defensive_third,False,55.06,53.19,53.09,51.98,33.54,39.87,59.99,70.45
171,2007448,23312,23337,38:50.2,38:52.7,38,50,2.5,1,2,871,right_to_left,Perth Glory,1,False,False,False,direct,6,defending_direct,15,-42.72,26.54,1,wide_left,1,defensive_third,False,-9.21,18.88,2,half_space_left,2,middle_third,False,52.83,45.17,52.02,49.49,39.59,41.84,70.76,70.59
172,2007448,23337,23382,38:52.7,38:57.2,38,52,4.5,1,2,871,right_to_left,Perth Glory,1,True,False,False,create,1,medium_block,9,-8.9,18.66,2,half_space_left,2,middle_third,False,-5.38,21.13,1,wide_left,2,middle_third,False,45.0,43.13,49.56,48.65,41.78,36.74,70.34,59.47
173,2007448,23597,23612,39:18.7,39:20.2,39,18,1.5,1,1,1802,left_to_right,Brisbane FC,1,True,False,False,create,1,medium_block,9,,,2,half_space_left,2,middle_third,False,33.67,-20.92,5,wide_right,3,attacking_third,False,,52.51,,67.0,,35.81,,39.32
174,2007448,23612,23625,39:20.2,39:21.5,39,20,1.3,1,2,871,right_to_left,Perth Glory,1,True,False,False,chaotic,5,chaotic,5,-34.23,20.95,1,wide_left,1,defensive_third,False,-26.35,22.6,1,wide_left,1,defensive_third,False,35.7,33.3,39.05,36.8,51.91,43.06,67.35,68.27
175,2007448,23625,23887,39:21.5,39:47.7,39,21,26.2,1,1,1802,left_to_right,Brisbane FC,10,False,False,True,finish,2,low_block,8,25.75,-22.65,5,wide_right,3,attacking_third,False,5.2,-17.49,4,half_space_right,2,middle_third,False,42.23,31.35,68.13,62.59,33.03,29.2,36.6,36.74
176,2007448,23887,24043,39:47.7,40:03.3,39,47,15.6,1,1,1802,left_to_right,Brisbane FC,5,False,False,False,create,1,medium_block,9,4.37,-17.29,4,half_space_right,2,middle_third,False,-12.34,-14.04,4,half_space_right,2,middle_third,False,31.51,53.99,62.51,57.78,29.2,37.38,36.84,52.05
177,2007448,24135,24229,40:12.5,40:21.9,40,12,9.4,1,1,1802,left_to_right,Brisbane FC,3,True,False,False,create,1,medium_block,9,-11.72,-12.99,4,half_space_right,2,middle_third,False,10.46,-9.48,4,half_space_right,2,middle_third,False,55.32,55.88,54.56,57.15,33.33,36.71,44.91,43.34
178,2007448,24229,24312,40:21.9,40:30.2,40,21,8.3,1,2,871,right_to_left,Perth Glory,4,False,False,False,create,1,medium_block,9,-10.43,9.85,2,half_space_left,2,middle_third,False,2.16,-9.49,4,half_space_right,2,middle_third,False,36.6,49.78,43.38,59.49,55.55,30.35,57.15,41.1
179,2007448,24394,24456,40:38.4,40:44.6,40,38,6.2,1,2,871,right_to_left,Perth Glory,2,False,False,False,create,1,medium_block,9,1.71,-6.07,3,center,2,middle_third,False,4.95,15.51,2,half_space_left,2,middle_third,False,56.26,60.77,56.78,55.65,34.33,38.33,39.66,37.64
180,2007448,24456,24476,40:44.6,40:46.6,40,44,2.0,1,2,871,right_to_left,Perth Glory,1,False,False,False,finish,2,low_block,8,5.04,15.98,2,half_space_left,2,middle_third,False,5.8,13.07,2,half_space_left,2,middle_third,False,60.77,60.16,55.65,55.71,38.24,36.06,37.52,37.91
181,2007448,24476,24541,40:46.6,40:53.1,40,46,6.5,1,2,871,right_to_left,Perth Glory,2,True,False,False,create,1,medium_block,9,5.21,11.75,2,half_space_left,2,middle_third,False,25.14,-8.19,3,center,3,attacking_third,False,60.14,57.76,55.71,61.07,35.99,39.27,37.97,44.3
182,2007448,24541,24553,40:53.1,40:54.3,40,53,1.2,1,1,1802,left_to_right,Brisbane FC,1,False,False,False,build_up,0,high_block,10,-25.7,8.57,3,center,1,defensive_third,False,-20.2,12.91,2,half_space_left,1,defensive_third,False,39.16,36.43,44.61,47.42,57.31,50.5,61.69,67.89
183,2007448,24553,24884,40:54.3,41:27.4,40,54,33.1,1,1,1802,left_to_right,Brisbane FC,12,False,False,False,create,1,medium_block,9,-19.71,12.87,2,half_space_left,1,defensive_third,False,-19.9,-2.89,3,center,1,defensive_third,False,36.07,55.2,47.55,53.29,49.77,35.0,68.27,52.25
184,2007448,24884,24921,41:27.4,41:31.1,41,27,3.7,1,1,1802,left_to_right,Brisbane FC,1,False,False,False,build_up,0,high_block,10,-20.99,-2.7,3,center,1,defensive_third,False,-29.11,-1.2,3,center,1,defensive_third,False,55.13,58.17,53.28,53.09,34.95,35.55,52.45,63.49
185,2007448,24921,24953,41:31.1,41:34.3,41,31,3.2,1,1,1802,left_to_right,Brisbane FC,1,False,False,False,direct,6,defending_direct,15,-27.52,0.03,3,center,1,defensive_third,False,10.28,23.67,1,wide_left,2,middle_third,False,58.05,48.59,53.12,59.22,35.58,40.92,63.59,62.51
186,2007448,24953,25020,41:34.3,41:41.0,41,34,6.7,1,1,1802,left_to_right,Brisbane FC,2,False,False,False,create,1,medium_block,9,10.78,24.08,1,wide_left,2,middle_third,False,14.23,-3.49,3,center,2,middle_third,False,48.33,41.92,59.39,58.71,41.0,29.53,62.44,54.65
187,2007448,25020,25149,41:41.0,41:53.9,41,41,12.9,1,1,1802,left_to_right,Brisbane FC,5,False,False,False,finish,2,low_block,8,14.52,-3.8,3,center,2,middle_third,False,52.5,-15.04,4,half_space_right,3,attacking_third,False,42.16,25.68,58.73,74.59,29.68,23.32,54.55,39.96
188,2007448,25758,25768,42:54.8,42:55.8,42,54,1.0,1,1,1802,left_to_right,Brisbane FC,1,True,False,False,set_play,7,defending_set_play,13,49.77,-26.74,5,wide_right,3,attacking_third,False,46.09,-7.47,3,center,3,attacking_third,True,36.72,33.73,67.06,67.98,9.52,10.74,11.39,10.85
189,2007448,26218,26350,43:40.8,43:54.0,43,40,13.2,1,2,871,right_to_left,Perth Glory,4,True,False,False,create,1,medium_block,9,,,2,half_space_left,2,middle_third,False,43.42,-16.56,4,half_space_right,3,attacking_third,True,,30.14,,76.66,,24.3,,49.0
190,2007448,26350,26388,43:54.0,43:57.8,43,54,3.8,1,1,1802,left_to_right,Brisbane FC,1,True,False,False,chaotic,5,chaotic,5,-43.84,16.4,2,half_space_left,1,defensive_third,False,-52.26,18.34,2,half_space_left,1,defensive_third,False,24.41,29.37,48.88,43.08,30.11,28.4,77.03,82.6
191,2007448,26729,26765,44:31.9,44:35.5,44,31,3.6,1,2,871,right_to_left,Perth Glory,2,True,False,True,set_play,7,defending_set_play,13,52.23,-31.73,5,wide_right,3,attacking_third,False,51.88,4.82,3,center,3,attacking_third,True,39.29,36.89,71.94,68.14,9.86,12.48,11.58,15.92
192,2007448,27144,27190,45:13.4,45:18.0,45,13,4.6,1,1,1802,left_to_right,Brisbane FC,1,True,False,False,direct,6,defending_direct,15,-41.56,-7.01,3,center,1,defensive_third,False,22.56,-11.28,4,half_space_right,3,attacking_third,False,28.06,24.73,62.92,68.58,23.09,19.54,43.04,47.44
193,2007448,27190,27200,45:18.0,45:19.0,45,18,1.0,1,2,871,right_to_left,Perth Glory,1,True,False,False,chaotic,5,chaotic,5,-23.03,11.47,2,half_space_left,1,defensive_third,False,-19.36,17.94,2,half_space_left,1,defensive_third,False,19.41,18.08,47.49,47.54,24.7,24.1,68.65,68.73
194,2007448,28323,28366,47:11.3,47:15.6,47,11,4.3,1,1,1802,left_to_right,Brisbane FC,2,True,False,True,set_play,7,defending_set_play,13,15.77,-8.06,3,center,2,middle_third,False,53.22,4.76,3,center,3,attacking_third,False,32.35,26.07,60.16,72.78,43.31,34.32,31.1,18.04
195,2007448,28529,28557,47:31.9,47:34.7,47,31,2.8,1,2,871,right_to_left,Perth Glory,1,False,False,False,create,1,medium_block,9,,,2,half_space_left,2,middle_third,False,,,2,half_space_left,2,middle_third,False,,,,,,,,
196,2007448,28557,28607,45:01.7,45:06.7,0,1,5.0,2,2,1802,right_to_left,Brisbane FC,2,True,False,False,chaotic,5,chaotic,5,,,2,half_space_left,2,middle_third,False,24.04,-30.81,5,wide_right,3,attacking_third,False,,48.31,,60.79,,40.21,,47.56
197,2007448,28685,28695,45:14.5,45:15.5,0,14,1.0,2,1,871,left_to_right,Perth Glory,1,False,False,False,chaotic,5,chaotic,5,-36.65,28.87,1,wide_left,1,defensive_third,False,-27.17,29.47,1,wide_left,1,defensive_third,False,44.86,43.92,42.89,43.29,32.57,32.85,64.87,65.67
198,2007448,28820,28912,45:28.0,45:37.2,0,28,9.2,2,1,871,left_to_right,Perth Glory,4,False,False,False,create,1,medium_block,9,0.14,32.86,1,wide_left,2,middle_third,False,-15.57,-30.2,5,wide_right,2,middle_third,False,45.35,52.48,55.9,53.44,25.68,44.37,41.7,51.59
199,2007448,29019,29087,45:47.9,45:54.7,0,47,6.8,2,1,871,left_to_right,Perth Glory,3,True,False,False,chaotic,5,chaotic,5,-12.74,-33.44,5,wide_right,2,middle_third,False,-28.22,-21.6,5,wide_right,1,defensive_third,False,43.96,47.48,53.22,43.48,30.19,27.9,48.7,76.8
200,2007448,29266,29298,46:12.6,46:15.8,1,12,3.2,2,2,1802,right_to_left,Brisbane FC,2,True,False,False,chaotic,5,chaotic,5,6.01,33.54,1,wide_left,2,middle_third,False,16.23,27.92,1,wide_left,2,middle_third,False,30.84,24.82,61.23,57.42,25.67,25.61,46.98,47.34
201,2007448,29298,29304,46:15.8,46:16.4,1,15,0.6,2,1,871,left_to_right,Perth Glory,0,False,False,False,create,1,medium_block,9,-16.31,-27.94,5,wide_right,2,middle_third,False,-19.63,-27.65,5,wide_right,1,defensive_third,False,25.77,26.37,47.32,47.31,24.75,24.53,57.41,57.39
202,2007448,29304,29350,46:16.4,46:21.0,1,16,4.6,2,1,871,left_to_right,Perth Glory,1,False,False,False,build_up,0,high_block,10,-20.41,-27.5,5,wide_right,1,defensive_third,False,-46.85,-10.73,4,half_space_right,1,defensive_third,False,26.46,30.3,47.32,46.23,24.5,19.98,57.37,70.19
203,2007448,29350,29378,46:21.0,46:23.8,1,21,2.8,2,1,871,left_to_right,Perth Glory,1,False,False,False,direct,6,defending_direct,15,-46.66,-11.05,4,half_space_right,1,defensive_third,False,-9.3,-16.13,4,half_space_right,2,middle_third,False,30.21,27.44,46.12,40.94,19.99,18.76,70.69,73.77
204,2007448,29378,29450,46:23.8,46:31.0,1,23,7.2,2,1,871,left_to_right,Perth Glory,1,True,False,False,create,1,medium_block,9,-8.49,-16.03,4,half_space_right,2,middle_third,False,21.8,23.4,1,wide_left,3,attacking_third,False,27.62,37.06,40.5,51.95,18.71,35.07,73.58,60.1
205,2007448,29450,29550,46:31.0,46:41.0,1,31,10.0,2,2,1802,right_to_left,Brisbane FC,3,False,False,False,create,1,medium_block,9,-22.07,-23.63,5,wide_right,1,defensive_third,False,-19.41,-26.62,5,wide_right,1,defensive_third,False,35.38,53.39,60.02,54.38,37.02,35.56,51.96,52.95
206,2007448,29550,29577,46:41.0,46:43.7,1,41,2.7,2,2,1802,right_to_left,Brisbane FC,1,False,False,False,build_up,0,high_block,10,-20.23,-26.1,5,wide_right,1,defensive_third,False,-20.01,-15.0,4,half_space_right,1,defensive_third,False,53.52,56.66,54.34,52.95,35.43,34.28,52.99,54.8
207,2007448,29577,29579,46:43.7,46:43.9,1,43,0.2,2,2,1802,right_to_left,Brisbane FC,1,False,False,False,create,1,medium_block,9,-19.59,-14.35,4,half_space_right,1,defensive_third,False,-19.54,-14.05,4,half_space_right,1,defensive_third,False,56.66,56.66,52.9,52.85,34.35,34.41,54.88,54.95
208,2007448,29579,29714,46:43.9,46:57.4,1,43,13.5,2,2,1802,right_to_left,Brisbane FC,5,False,False,False,build_up,0,high_block,10,-20.0,-14.18,4,half_space_right,1,defensive_third,False,-20.06,-18.81,4,half_space_right,1,defensive_third,False,56.65,51.87,52.82,55.72,34.47,34.35,55.03,67.65
209,2007448,29714,29725,46:57.4,46:58.5,1,57,1.1,2,2,1802,right_to_left,Brisbane FC,0,True,False,False,create,1,medium_block,9,-18.57,-18.08,4,half_space_right,1,defensive_third,False,-5.87,-13.53,4,half_space_right,2,middle_third,False,51.42,46.06,55.68,53.76,33.99,31.31,67.48,65.64
210,2007448,29725,29828,46:58.5,47:08.8,1,58,10.3,2,1,871,left_to_right,Perth Glory,3,False,False,True,create,1,medium_block,9,5.15,13.89,2,half_space_left,2,middle_third,False,19.63,21.95,1,wide_left,3,attacking_third,False,31.15,46.33,65.48,61.72,45.44,33.18,53.4,42.0
211,2007448,29828,29906,47:08.8,47:16.6,2,8,7.8,2,1,871,left_to_right,Perth Glory,3,True,False,True,finish,2,low_block,8,20.23,21.78,1,wide_left,3,attacking_third,False,49.21,-4.86,3,center,3,attacking_third,True,46.07,35.23,62.04,73.37,33.05,25.4,41.92,40.44
212,2007448,30118,30178,47:37.8,47:43.8,2,37,6.0,2,2,1802,right_to_left,Brisbane FC,1,True,False,False,create,1,medium_block,9,13.73,-34.34,5,wide_right,2,middle_third,False,13.33,-34.32,5,wide_right,2,middle_third,False,47.98,32.24,57.34,51.55,34.94,46.1,65.56,57.15
213,2007448,30178,30207,47:43.8,47:46.7,2,43,2.9,2,1,871,left_to_right,Perth Glory,3,False,False,False,create,1,medium_block,9,-13.34,33.93,1,wide_left,2,middle_third,False,-19.84,32.13,1,wide_left,1,defensive_third,False,46.16,46.96,57.02,53.98,32.2,31.63,51.49,51.43
214,2007448,30207,30286,47:46.7,47:54.6,2,46,7.9,2,1,871,left_to_right,Perth Glory,3,False,False,False,build_up,0,high_block,10,-20.02,31.98,1,wide_left,1,defensive_third,False,-39.16,-16.25,4,half_space_right,1,defensive_third,False,46.92,55.15,53.91,51.29,31.64,31.48,51.53,68.38
215,2007448,30286,30315,47:54.6,47:57.5,2,54,2.9,2,1,871,left_to_right,Perth Glory,1,True,False,False,direct,6,defending_direct,15,-38.48,-16.46,4,half_space_right,1,defensive_third,False,0.12,-20.45,5,wide_right,2,middle_third,False,55.04,48.6,51.31,53.43,31.5,30.81,68.55,66.18
216,2007448,30315,30323,47:57.5,47:58.3,2,57,0.8,2,2,1802,right_to_left,Brisbane FC,1,False,False,False,create,1,medium_block,9,-0.21,20.64,1,wide_left,2,middle_third,False,4.68,21.5,1,wide_left,2,middle_third,False,30.76,30.81,65.98,64.51,48.33,46.59,53.44,53.15
217,2007448,30323,30328,47:58.3,47:58.8,2,58,0.5,2,2,1802,right_to_left,Brisbane FC,1,False,False,False,finish,2,low_block,8,5.33,21.62,1,wide_left,2,middle_third,False,6.41,22.16,1,wide_left,2,middle_third,False,30.88,31.27,64.28,63.38,46.36,45.46,53.05,52.58
218,2007448,30328,30410,47:58.8,48:07.0,2,58,8.2,2,2,1802,right_to_left,Brisbane FC,4,False,False,False,create,1,medium_block,9,6.29,22.37,1,wide_left,2,middle_third,False,14.68,5.88,3,center,2,middle_third,False,31.38,37.11,63.16,60.9,45.25,31.05,52.45,47.71
219,2007448,30410,30613,48:07.0,48:27.3,3,7,20.3,2,2,1802,right_to_left,Brisbane FC,7,False,False,False,finish,2,low_block,8,14.09,5.66,3,center,2,middle_third,False,5.85,-11.23,4,half_space_right,2,middle_third,False,37.35,53.2,61.04,60.33,31.01,36.49,47.55,38.98
220,2007448,30613,30645,48:27.3,48:30.5,3,27,3.2,2,2,1802,right_to_left,Brisbane FC,1,False,False,False,create,1,medium_block,9,5.3,-9.75,4,half_space_right,2,middle_third,False,4.9,7.25,3,center,2,middle_third,False,53.17,58.46,60.3,58.79,36.5,35.78,39.1,39.87
221,2007448,30645,30664,48:30.5,48:32.4,3,30,1.9,2,2,1802,right_to_left,Brisbane FC,1,True,False,False,finish,2,low_block,8,5.65,7.28,3,center,2,middle_third,False,21.88,6.48,3,center,3,attacking_third,False,58.53,56.39,58.84,59.08,35.61,31.82,39.88,41.42
222,2007448,30664,30939,48:32.4,48:59.9,3,32,27.5,2,1,871,left_to_right,Perth Glory,8,False,False,False,create,1,medium_block,9,-22.86,-6.09,3,center,1,defensive_third,False,-19.86,13.73,2,half_space_left,1,defensive_third,False,31.58,63.24,41.49,53.28,56.17,40.13,59.11,55.26
223,2007448,30939,30973,48:59.9,49:03.3,3,59,3.4,2,1,871,left_to_right,Perth Glory,1,False,False,False,build_up,0,high_block,10,-20.51,12.74,2,half_space_left,1,defensive_third,False,-21.23,-7.82,3,center,1,defensive_third,False,63.33,64.84,53.28,52.03,40.25,42.26,55.44,64.04
224,2007448,30973,31055,49:03.3,49:11.5,4,3,8.2,2,1,871,left_to_right,Perth Glory,3,False,False,False,create,1,medium_block,9,-19.44,-8.73,3,center,1,defensive_third,False,19.88,26.66,1,wide_left,3,attacking_third,False,64.75,50.12,51.95,62.91,42.23,35.39,64.15,51.14
225,2007448,31055,31078,49:11.5,49:13.8,4,11,2.3,2,1,871,left_to_right,Perth Glory,1,True,False,False,finish,2,low_block,8,20.41,26.32,1,wide_left,3,attacking_third,False,32.16,11.03,2,half_space_left,3,attacking_third,False,49.64,37.73,63.2,69.53,35.43,32.8,50.95,45.45
226,2007448,31078,31139,49:13.8,49:19.9,4,13,6.1,2,2,1802,right_to_left,Brisbane FC,1,False,False,False,build_up,0,high_block,10,-33.09,-9.21,4,half_space_right,1,defensive_third,False,-20.57,24.75,1,wide_left,1,defensive_third,False,32.89,48.14,45.12,37.87,37.49,39.76,69.73,59.95
227,2007448,31139,31269,49:19.9,49:32.9,4,19,13.0,2,2,1802,right_to_left,Brisbane FC,5,True,False,False,create,1,medium_block,9,-19.89,25.04,1,wide_left,1,defensive_third,False,8.92,-18.27,4,half_space_right,2,middle_third,False,48.11,55.89,38.15,54.17,39.93,39.26,59.77,45.86
228,2007448,31269,31338,49:32.9,49:39.8,4,32,6.9,2,1,871,left_to_right,Perth Glory,1,True,False,False,transition,4,defending_transition,11,-8.72,18.39,2,half_space_left,2,middle_third,False,33.09,-2.2,3,center,3,attacking_third,False,39.23,37.93,45.91,71.15,55.62,44.37,54.3,57.52
229,2007448,31338,31368,49:39.8,49:42.8,4,39,3.0,2,2,1802,right_to_left,Brisbane FC,1,False,False,False,build_up,0,high_block,10,-33.47,2.56,3,center,1,defensive_third,False,-20.06,11.47,2,half_space_left,1,defensive_third,False,44.49,49.63,57.17,50.59,37.84,37.78,71.41,69.66
230,2007448,31368,31452,49:42.8,49:51.2,4,42,8.4,2,2,1802,right_to_left,Brisbane FC,1,False,False,False,create,1,medium_block,9,-19.19,12.34,2,half_space_left,1,defensive_third,False,16.5,26.05,1,wide_left,2,middle_third,False,49.9,53.64,50.51,65.5,37.92,37.48,69.47,63.77
231,2007448,31452,31484,49:51.2,49:54.4,4,51,3.2,2,2,1802,right_to_left,Brisbane FC,1,False,False,False,finish,2,low_block,8,16.72,26.08,1,wide_left,2,middle_third,False,5.92,16.94,2,half_space_left,2,middle_third,False,53.47,55.17,66.02,65.24,37.15,31.92,63.73,57.92
232,2007448,31484,31509,49:54.4,49:56.9,4,54,2.5,2,2,1802,right_to_left,Brisbane FC,1,False,False,False,create,1,medium_block,9,5.21,16.41,2,half_space_left,2,middle_third,False,4.88,2.71,3,center,2,middle_third,False,55.39,59.01,65.09,61.88,31.86,30.91,57.63,51.92
233,2007448,31509,31601,49:56.9,50:06.1,4,56,9.2,2,2,1802,right_to_left,Brisbane FC,2,False,False,False,finish,2,low_block,8,5.08,1.01,3,center,2,middle_third,False,51.39,-26.38,5,wide_right,3,attacking_third,False,59.04,41.81,61.78,76.77,30.81,34.33,51.73,45.92
234,2007448,31922,31965,50:38.2,50:42.5,5,38,4.3,2,2,1802,right_to_left,Brisbane FC,3,False,True,True,set_play,7,defending_set_play,13,51.66,-31.53,5,wide_right,3,attacking_third,False,52.68,0.3,3,center,3,attacking_third,False,40.24,38.88,72.15,69.91,9.37,14.26,10.86,11.43
235,2007448,32747,32851,52:00.7,52:11.1,7,0,10.4,2,1,871,left_to_right,Perth Glory,4,False,False,False,create,1,medium_block,9,-0.3,-0.41,3,center,2,middle_third,False,-19.71,-18.64,4,half_space_right,1,defensive_third,False,44.83,53.14,42.16,53.55,36.52,34.71,41.14,49.05
236,2007448,32851,32891,52:11.1,52:15.1,7,11,4.0,2,1,871,left_to_right,Perth Glory,2,False,False,False,build_up,0,high_block,10,-20.25,-18.15,4,half_space_right,1,defensive_third,False,-20.08,18.22,2,half_space_left,1,defensive_third,False,53.34,61.37,53.34,49.86,34.39,36.62,49.25,59.21
237,2007448,32891,33058,52:15.1,52:31.8,7,15,16.7,2,1,871,left_to_right,Perth Glory,4,True,False,False,create,1,medium_block,9,-19.5,19.33,2,half_space_left,1,defensive_third,False,27.67,-25.19,5,wide_right,3,attacking_third,False,61.49,50.74,49.92,63.93,36.8,41.68,59.41,59.86
238,2007448,33058,33123,52:31.8,52:38.3,7,31,6.5,2,2,1802,right_to_left,Brisbane FC,1,False,False,False,build_up,0,high_block,10,-28.12,25.09,1,wide_left,1,defensive_third,False,-20.6,32.58,1,wide_left,1,defensive_third,False,41.41,33.69,59.84,52.27,50.44,39.16,64.09,68.9
239,2007448,33123,33130,52:38.3,52:39.0,7,38,0.7,2,2,1802,right_to_left,Brisbane FC,0,True,False,False,create,1,medium_block,9,-19.27,32.45,1,wide_left,1,defensive_third,False,-12.23,31.99,1,wide_left,2,middle_third,False,33.59,32.49,52.07,50.99,39.02,38.39,68.83,67.94
240,2007448,33130,33142,52:39.0,52:40.2,7,39,1.2,2,1,871,left_to_right,Perth Glory,1,True,False,False,chaotic,5,chaotic,5,11.55,-32.01,5,wide_right,2,middle_third,False,13.3,-32.71,5,wide_right,2,middle_third,False,38.35,38.63,67.74,65.28,32.27,31.97,50.84,49.07
241,2007448,33142,33200,52:40.2,52:46.0,7,40,5.8,2,2,1802,right_to_left,Brisbane FC,1,True,False,False,chaotic,5,chaotic,5,-13.65,32.56,1,wide_left,2,middle_third,False,14.92,21.04,1,wide_left,2,middle_third,False,32.01,30.28,48.88,56.33,38.76,32.49,65.04,59.13
242,2007448,33200,33216,52:46.0,52:47.6,7,46,1.6,2,1,871,left_to_right,Perth Glory,1,True,False,False,chaotic,5,chaotic,5,-15.28,-20.64,5,wide_right,2,middle_third,False,-5.85,-14.9,4,half_space_right,2,middle_third,False,32.4,31.72,59.04,57.11,30.24,28.87,56.44,57.08
243,2007448,33441,33489,53:10.1,53:14.9,8,10,4.8,2,2,1802,right_to_left,Brisbane FC,3,False,False,False,finish,2,low_block,8,24.98,25.87,1,wide_left,3,attacking_third,False,8.05,28.64,1,wide_left,2,middle_third,False,55.16,55.99,62.73,64.1,36.54,40.11,30.98,35.72
244,2007448,33489,33533,53:14.9,53:19.3,8,14,4.4,2,2,1802,right_to_left,Brisbane FC,1,False,False,False,create,1,medium_block,9,6.44,27.87,1,wide_left,2,middle_third,False,-19.91,9.04,3,center,1,defensive_third,False,56.07,58.28,63.97,58.34,39.98,36.31,35.99,51.98
245,2007448,33533,33593,53:19.3,53:25.3,8,19,6.0,2,2,1802,right_to_left,Brisbane FC,2,False,False,False,build_up,0,high_block,10,-20.78,8.1,3,center,1,defensive_third,False,-21.58,-26.37,5,wide_right,1,defensive_third,False,58.51,60.27,58.27,56.21,36.29,40.18,52.36,58.71
246,2007448,33593,33623,53:25.3,53:28.3,8,25,3.0,2,2,1802,right_to_left,Brisbane FC,1,False,False,False,direct,6,defending_direct,15,-21.26,-26.84,5,wide_right,1,defensive_third,False,24.22,-24.82,5,wide_right,3,attacking_third,False,60.07,51.3,56.38,68.96,40.19,37.0,58.72,56.81
247,2007448,33623,33630,53:28.3,53:29.0,8,28,0.7,2,2,1802,right_to_left,Brisbane FC,1,False,False,False,create,1,medium_block,9,25.38,-24.76,5,wide_right,3,attacking_third,False,29.28,-25.37,5,wide_right,3,attacking_third,False,50.94,48.83,69.31,71.21,37.02,37.29,56.8,56.81
248,2007448,33630,33715,53:29.0,53:37.5,8,29,8.5,2,2,1802,right_to_left,Brisbane FC,3,True,False,False,finish,2,low_block,8,29.79,-25.6,5,wide_right,3,attacking_third,False,35.41,-0.05,3,center,3,attacking_third,False,48.53,34.95,71.48,69.16,37.34,32.11,56.82,46.61
249,2007448,33715,33758,53:37.5,53:41.8,8,37,4.3,2,1,871,left_to_right,Perth Glory,2,True,False,False,chaotic,5,chaotic,5,-35.67,-0.02,3,center,1,defensive_third,False,-34.74,10.57,2,half_space_left,1,defensive_third,False,31.96,28.94,46.5,45.73,34.87,29.95,69.17,65.07
250,2007448,33758,33952,53:41.8,54:01.2,8,41,19.4,2,2,1802,right_to_left,Brisbane FC,7,False,False,False,finish,2,low_block,8,34.79,-10.79,4,half_space_right,3,attacking_third,False,5.23,-24.96,5,wide_right,2,middle_third,False,29.92,48.77,65.11,64.13,28.83,37.37,45.69,40.08
251,2007448,33952,34085,54:01.2,54:14.5,9,1,13.3,2,2,1802,right_to_left,Brisbane FC,4,True,False,False,create,1,medium_block,9,3.6,-24.76,5,wide_right,2,middle_third,False,1.22,-20.68,5,wide_right,2,middle_third,False,48.98,59.81,64.04,58.13,37.46,33.47,40.29,50.12
252,2007448,34085,34167,54:14.5,54:22.7,9,14,8.2,2,1,871,left_to_right,Perth Glory,2,True,False,True,transition,4,defending_transition,11,-0.69,21.27,1,wide_left,2,middle_third,False,50.42,-0.35,3,center,3,attacking_third,True,33.68,34.78,50.13,72.49,59.69,39.88,58.05,50.6
253,2007448,34167,34558,54:22.7,55:01.8,9,22,39.1,2,2,1802,right_to_left,Brisbane FC,8,False,False,False,create,1,medium_block,9,-50.48,0.4,3,center,1,defensive_third,False,18.69,24.14,1,wide_left,3,attacking_third,False,39.85,50.18,50.43,63.33,34.68,40.74,72.51,49.58
254,2007448,34558,34571,55:01.8,55:03.1,10,1,1.3,2,2,1802,right_to_left,Brisbane FC,1,True,False,False,finish,2,low_block,8,18.96,23.94,1,wide_left,3,attacking_third,False,21.44,21.39,1,wide_left,3,attacking_third,False,50.26,49.32,63.5,63.96,40.66,38.99,49.64,50.17
255,2007448,34571,34623,55:03.1,55:08.3,10,3,5.2,2,1,871,left_to_right,Perth Glory,3,True,False,False,chaotic,5,chaotic,5,-21.59,-21.19,5,wide_right,1,defensive_third,False,-2.15,-4.21,3,center,2,middle_third,False,38.77,41.81,50.21,49.69,49.06,37.79,63.92,56.25
256,2007448,34623,34710,55:08.3,55:17.0,10,8,8.7,2,2,1802,right_to_left,Brisbane FC,3,False,False,False,chaotic,5,chaotic,5,2.07,4.21,3,center,2,middle_third,False,51.3,29.51,1,wide_left,3,attacking_third,False,37.69,37.98,56.1,81.09,41.74,36.24,49.61,48.09
257,2007448,35293,35386,56:15.3,56:24.6,11,15,9.3,2,2,1802,right_to_left,Brisbane FC,2,False,False,False,set_play,7,defending_set_play,13,49.4,27.68,1,wide_left,3,attacking_third,False,46.31,-8.91,3,center,3,attacking_third,True,32.19,36.43,68.43,60.99,19.32,37.21,9.87,13.72
258,2007448,36079,36105,57:33.9,57:36.5,12,33,2.6,2,2,1802,right_to_left,Brisbane FC,2,True,False,True,set_play,7,defending_set_play,13,51.61,-32.4,5,wide_right,3,attacking_third,False,49.13,0.89,3,center,3,attacking_third,True,42.68,37.45,71.49,69.78,15.13,13.68,9.21,12.08
259,2007448,36105,36219,57:36.5,57:47.9,12,36,11.4,2,1,871,left_to_right,Perth Glory,3,False,False,False,build_up,0,high_block,10,-49.17,-1.1,3,center,1,defensive_third,False,-20.15,-23.33,5,wide_right,1,defensive_third,False,13.8,44.61,12.23,45.92,37.36,40.24,69.82,60.06
260,2007448,36219,36268,57:47.9,57:52.8,12,47,4.9,2,1,871,left_to_right,Perth Glory,1,False,False,False,create,1,medium_block,9,-19.76,-23.51,5,wide_right,1,defensive_third,False,11.61,-27.69,5,wide_right,2,middle_third,False,44.59,47.83,46.3,65.14,40.14,31.87,59.79,48.02
261,2007448,36268,36389,57:52.8,58:04.9,12,52,12.1,2,1,871,left_to_right,Perth Glory,3,False,False,False,finish,2,low_block,8,12.21,-27.69,5,wide_right,2,middle_third,False,31.24,28.5,1,wide_left,3,attacking_third,False,47.9,53.04,65.43,67.56,31.6,34.97,47.84,25.72
262,2007448,37005,37037,59:06.5,59:09.7,14,6,3.2,2,1,871,left_to_right,Perth Glory,3,False,False,True,finish,2,low_block,8,22.14,30.54,1,wide_left,3,attacking_third,False,5.47,12.82,2,half_space_left,2,middle_third,False,43.76,53.63,64.08,60.5,37.28,38.69,25.46,31.55
263,2007448,37037,37069,59:09.7,59:12.9,14,9,3.2,2,1,871,left_to_right,Perth Glory,1,False,False,True,create,1,medium_block,9,5.21,12.47,2,half_space_left,2,middle_third,False,4.92,3.74,3,center,2,middle_third,False,53.91,59.79,60.34,58.79,38.7,37.28,31.79,31.14
264,2007448,37069,37123,59:12.9,59:18.3,14,12,5.4,2,1,871,left_to_right,Perth Glory,2,False,False,True,finish,2,low_block,8,5.05,3.61,3,center,2,middle_third,False,5.8,13.42,2,half_space_left,2,middle_third,False,59.89,62.3,58.9,58.74,37.14,37.97,31.13,35.05
265,2007448,37123,37161,59:18.3,59:22.1,14,18,3.8,2,1,871,left_to_right,Perth Glory,1,False,False,True,create,1,medium_block,9,5.07,12.32,2,half_space_left,2,middle_third,False,3.9,2.35,3,center,2,middle_third,False,62.29,63.13,58.74,58.46,37.84,35.73,35.23,39.43
266,2007448,37161,37448,59:22.1,59:50.8,14,22,28.7,2,1,871,left_to_right,Perth Glory,7,False,False,True,finish,2,low_block,8,5.75,3.01,3,center,2,middle_third,False,6.75,26.05,1,wide_left,2,middle_third,False,63.1,44.27,58.65,65.3,35.62,37.24,39.57,33.79
267,2007448,37448,37542,59:50.8,60:00.2,14,50,9.4,2,1,871,left_to_right,Perth Glory,2,False,False,False,create,1,medium_block,9,5.43,25.83,1,wide_left,2,middle_third,False,-12.05,4.83,3,center,2,middle_third,False,44.42,60.66,65.27,52.88,37.49,38.97,33.9,45.78
268,2007448,37542,37568,60:00.2,60:02.8,15,0,2.6,2,1,871,left_to_right,Perth Glory,1,False,False,False,direct,6,defending_direct,15,-10.36,4.19,3,center,2,middle_third,False,26.02,-6.62,3,center,3,attacking_third,False,60.62,53.61,52.85,63.5,38.93,37.63,45.58,46.14
269,2007448,37568,37570,60:02.8,60:03.0,15,2,0.2,2,1,871,left_to_right,Perth Glory,1,False,False,False,create,1,medium_block,9,26.75,-6.98,3,center,3,attacking_third,False,27.39,-7.27,3,center,3,attacking_third,False,53.21,52.85,63.9,64.27,37.55,37.46,46.44,46.77
270,2007448,37570,37624,60:03.0,60:08.4,15,3,5.4,2,1,871,left_to_right,Perth Glory,2,False,False,False,finish,2,low_block,8,27.91,-7.65,3,center,3,attacking_third,False,42.11,-8.65,3,center,3,attacking_third,True,52.52,48.25,64.61,74.94,37.36,38.46,47.12,46.75
271,2007448,37709,37749,60:16.9,60:20.9,15,16,4.0,2,1,871,left_to_right,Perth Glory,2,False,False,False,finish,2,low_block,8,17.4,-31.39,5,wide_right,2,middle_third,False,5.24,-6.32,3,center,2,middle_third,False,45.36,50.1,66.48,62.6,35.64,34.15,27.02,30.33
272,2007448,37749,37770,60:20.9,60:23.0,15,20,2.1,2,1,871,left_to_right,Perth Glory,1,False,False,False,create,1,medium_block,9,5.01,-5.56,3,center,2,middle_third,False,4.67,1.75,3,center,2,middle_third,False,50.28,54.82,62.49,60.9,34.12,33.86,30.6,36.04
273,2007448,37770,37799,60:23.0,60:25.9,15,23,2.9,2,1,871,left_to_right,Perth Glory,2,False,False,False,finish,2,low_block,8,5.01,2.02,3,center,2,middle_third,False,8.23,3.91,3,center,2,middle_third,False,55.04,58.52,60.83,57.86,33.87,32.86,36.34,38.29
274,2007448,37799,37853,60:25.9,60:31.3,15,25,5.4,2,1,871,left_to_right,Perth Glory,2,False,False,False,create,1,medium_block,9,7.94,3.66,3,center,2,middle_third,False,-19.82,-31.31,5,wide_right,1,defensive_third,False,58.58,60.82,57.71,55.73,32.76,36.61,38.34,54.75
275,2007448,37853,37935,60:31.3,60:39.5,15,31,8.2,2,1,871,left_to_right,Perth Glory,3,False,False,False,build_up,0,high_block,10,-20.04,-31.43,5,wide_right,1,defensive_third,False,-20.29,-29.44,5,wide_right,1,defensive_third,False,60.83,54.77,55.82,46.89,36.78,38.78,55.04,66.58
276,2007448,37935,37943,60:39.5,60:40.3,15,39,0.8,2,1,871,left_to_right,Perth Glory,0,True,False,False,create,1,medium_block,9,-18.36,-28.95,5,wide_right,1,defensive_third,False,-7.56,-25.24,5,wide_right,2,middle_third,False,54.48,52.16,47.05,47.84,38.81,38.55,66.57,66.36
277,2007448,37943,37969,60:40.3,60:42.9,15,40,2.6,2,2,1802,right_to_left,Brisbane FC,1,True,False,False,chaotic,5,chaotic,5,6.98,24.81,1,wide_left,2,middle_third,False,5.65,31.42,1,wide_left,2,middle_third,False,38.41,36.7,66.31,64.2,51.73,45.61,47.91,49.72
278,2007448,38315,38350,61:17.5,61:21.0,16,17,3.5,2,1,871,left_to_right,Perth Glory,2,False,False,False,create,1,medium_block,9,-0.49,-31.79,5,wide_right,2,middle_third,False,-19.68,-14.78,4,half_space_right,1,defensive_third,False,41.58,51.17,54.12,51.27,29.26,35.43,44.41,49.38
279,2007448,38350,38414,61:21.0,61:27.4,16,21,6.4,2,1,871,left_to_right,Perth Glory,2,False,False,False,build_up,0,high_block,10,-20.2,-14.03,4,half_space_right,1,defensive_third,False,-20.34,13.62,2,half_space_left,1,defensive_third,False,51.54,61.27,51.15,52.84,35.57,34.88,49.83,57.36
280,2007448,38414,38476,61:27.4,61:33.6,16,27,6.2,2,1,871,left_to_right,Perth Glory,2,False,False,False,create,1,medium_block,9,-18.62,13.44,2,half_space_left,1,defensive_third,False,14.46,-22.61,5,wide_right,2,middle_third,False,61.27,57.22,52.88,62.19,34.93,35.22,57.1,50.48
281,2007448,38476,38537,61:33.6,61:39.7,16,33,6.1,2,1,871,left_to_right,Perth Glory,2,True,False,False,finish,2,low_block,8,15.12,-23.18,5,wide_right,2,middle_third,False,38.3,-24.93,5,wide_right,3,attacking_third,False,57.19,42.13,62.37,67.1,35.49,36.92,50.45,42.17
282,2007448,38537,38551,61:39.7,61:41.1,16,39,1.4,2,2,1802,right_to_left,Brisbane FC,1,False,False,False,chaotic,5,chaotic,5,-38.99,25.02,1,wide_left,1,defensive_third,False,-40.71,22.6,1,wide_left,1,defensive_third,False,36.69,33.5,41.98,39.4,41.82,36.81,67.08,68.73
283,2007448,38551,38593,61:41.1,61:45.3,16,41,4.2,2,2,1802,right_to_left,Brisbane FC,1,True,False,False,direct,6,defending_direct,15,-40.35,22.38,1,wide_left,1,defensive_third,False,-1.25,8.6,3,center,2,middle_third,False,33.34,26.08,39.23,40.63,36.45,34.92,69.01,65.1
284,2007448,38593,38603,61:45.3,61:46.3,16,45,1.0,2,1,871,left_to_right,Perth Glory,1,True,False,False,chaotic,5,chaotic,5,1.15,-8.71,3,center,2,middle_third,False,11.56,-9.33,4,half_space_right,2,middle_third,False,35.03,35.99,64.93,63.33,26.03,25.89,40.81,42.08
285,2007448,38603,38618,61:46.3,61:47.8,16,46,1.5,2,2,1802,right_to_left,Brisbane FC,0,False,False,False,chaotic,5,chaotic,5,-12.79,9.25,2,half_space_left,2,middle_third,False,-20.15,13.19,2,half_space_left,1,defensive_third,False,25.89,24.64,42.2,43.56,36.1,36.7,63.13,60.3
286,2007448,38618,38643,61:47.8,61:50.3,16,47,2.5,2,2,1802,right_to_left,Brisbane FC,1,True,False,False,direct,6,defending_direct,15,-20.07,13.54,2,half_space_left,1,defensive_third,False,14.55,14.72,2,half_space_left,2,middle_third,False,24.59,26.21,43.61,45.26,36.7,36.97,60.18,57.56
287,2007448,38643,38732,61:50.3,61:59.2,16,50,8.9,2,1,871,left_to_right,Perth Glory,3,False,False,False,create,1,medium_block,9,-15.22,-15.15,4,half_space_right,2,middle_third,False,-13.75,-19.95,4,half_space_right,2,middle_third,False,37.0,53.39,57.5,52.29,26.31,41.69,45.24,47.62
288,2007448,38732,38770,61:59.2,62:03.0,16,59,3.8,2,1,871,left_to_right,Perth Glory,1,True,False,False,direct,6,defending_direct,15,-13.28,-20.09,4,half_space_right,2,middle_third,False,38.41,-12.73,4,half_space_right,3,attacking_third,True,53.38,46.29,52.37,63.41,41.77,42.35,47.67,50.11
289,2007448,38770,38895,62:03.0,62:15.5,17,3,12.5,2,2,1802,right_to_left,Brisbane FC,3,False,False,True,build_up,0,high_block,10,-38.92,12.67,2,half_space_left,1,defensive_third,False,-25.06,-32.17,5,wide_right,1,defensive_third,False,42.45,58.22,50.28,48.47,46.09,41.83,63.74,63.06
290,2007448,38895,38932,62:15.5,62:19.2,17,15,3.7,2,2,1802,right_to_left,Brisbane FC,1,False,False,True,direct,6,defending_direct,15,-24.9,-32.33,5,wide_right,1,defensive_third,False,22.8,-34.08,5,wide_right,3,attacking_third,False,58.09,51.57,48.63,62.36,42.05,44.33,62.99,61.82
291,2007448,38932,38957,62:19.2,62:21.7,17,19,2.5,2,2,1802,right_to_left,Brisbane FC,1,False,False,True,create,1,medium_block,9,23.33,-34.08,5,wide_right,3,attacking_third,False,40.44,-33.54,5,wide_right,3,attacking_third,False,51.36,47.68,62.84,74.53,44.38,44.98,61.74,60.33
292,2007448,38957,39032,62:21.7,62:29.2,17,21,7.5,2,2,1802,right_to_left,Brisbane FC,2,True,False,True,finish,2,low_block,8,41.01,-33.53,5,wide_right,3,attacking_third,False,50.68,2.54,3,center,3,attacking_third,True,47.59,30.74,75.12,75.02,44.59,34.43,60.28,48.56
293,2007448,39349,39359,63:00.9,63:01.9,18,0,1.0,2,1,871,left_to_right,Perth Glory,1,True,False,False,direct,6,defending_direct,15,-23.34,-15.82,4,half_space_right,1,defensive_third,False,-11.63,-23.08,5,wide_right,2,middle_third,False,25.21,26.75,51.66,54.9,21.09,22.49,48.68,48.19
294,2007448,39518,39564,63:17.8,63:22.4,18,17,4.6,2,2,1802,right_to_left,Brisbane FC,2,True,False,False,chaotic,5,chaotic,5,,,2,half_space_left,2,middle_third,False,12.38,-8.21,3,center,2,middle_third,False,,34.49,,59.84,,38.01,,52.39
295,2007448,39564,39631,63:22.4,63:29.1,18,22,6.7,2,1,871,left_to_right,Perth Glory,1,False,False,True,create,1,medium_block,9,-12.51,9.04,3,center,2,middle_third,False,17.84,26.91,1,wide_left,3,attacking_third,False,38.37,47.37,52.48,62.43,34.61,40.1,59.79,55.47
296,2007448,39631,39763,63:29.1,63:42.3,18,29,13.2,2,1,871,left_to_right,Perth Glory,4,True,False,True,finish,2,low_block,8,18.86,26.72,1,wide_left,3,attacking_third,False,52.66,3.71,3,center,3,attacking_third,False,47.17,24.33,62.83,75.9,39.79,29.55,55.29,29.17
297,2007448,40092,40102,64:15.2,64:16.2,19,15,1.0,2,2,1802,right_to_left,Brisbane FC,1,True,False,False,create,1,medium_block,9,,,2,half_space_left,2,middle_third,False,-33.12,33.59,1,wide_left,1,defensive_third,False,,40.9,,38.3,,44.15,,69.57
298,2007448,40613,40656,65:07.3,65:11.6,20,7,4.3,2,1,871,left_to_right,Perth Glory,1,False,False,False,finish,2,low_block,8,14.05,18.76,2,half_space_left,2,middle_third,False,5.35,-4.81,3,center,2,middle_third,False,45.48,44.94,59.83,55.78,32.85,34.32,26.25,34.73
299,2007448,40656,40786,65:11.6,65:24.6,20,11,13.0,2,1,871,left_to_right,Perth Glory,3,False,False,False,create,1,medium_block,9,4.56,-5.8,3,center,2,middle_third,False,-19.76,-17.52,4,half_space_right,1,defensive_third,False,45.05,56.64,55.7,50.05,34.39,39.74,34.87,55.14
300,2007448,40786,40838,65:24.6,65:29.8,20,24,5.2,2,1,871,left_to_right,Perth Glory,2,True,False,False,build_up,0,high_block,10,-20.13,-16.85,4,half_space_right,1,defensive_third,False,-25.83,-22.45,5,wide_right,1,defensive_third,False,56.72,59.39,50.05,48.65,39.68,33.25,55.5,73.53
301,2007448,41052,41082,65:51.2,65:54.2,20,51,3.0,2,2,1802,right_to_left,Brisbane FC,2,True,False,False,chaotic,5,chaotic,5,6.57,32.05,1,wide_left,2,middle_third,False,24.34,27.18,1,wide_left,3,attacking_third,False,37.18,32.11,59.59,58.26,27.73,26.67,43.63,43.84
302,2007448,41082,41118,65:54.2,65:57.8,20,54,3.6,2,1,871,left_to_right,Perth Glory,1,True,False,False,chaotic,5,chaotic,5,-24.53,-27.41,5,wide_right,1,defensive_third,False,-1.64,-7.56,3,center,2,middle_third,False,26.75,26.35,43.87,45.1,31.96,28.31,58.11,56.45
303,2007448,41118,41168,65:57.8,66:02.8,20,57,5.0,2,2,1802,right_to_left,Brisbane FC,2,False,False,True,create,1,medium_block,9,1.57,7.4,3,center,2,middle_third,False,13.73,5.23,3,center,2,middle_third,False,28.22,28.12,56.42,59.15,26.24,24.65,45.06,49.55
304,2007448,41168,41206,66:02.8,66:06.6,21,2,3.8,2,2,1802,right_to_left,Brisbane FC,2,True,False,True,finish,2,low_block,8,13.96,4.9,3,center,2,middle_third,False,45.97,-3.3,3,center,3,attacking_third,True,28.41,39.91,59.26,66.21,24.67,28.94,49.53,45.18
305,2007448,41315,41377,66:17.5,66:23.7,21,17,6.2,2,1,871,left_to_right,Perth Glory,2,False,False,False,create,1,medium_block,9,-38.31,16.44,2,half_space_left,1,defensive_third,False,-19.95,27.04,1,wide_left,1,defensive_third,False,57.27,58.14,49.51,52.64,37.01,39.09,65.01,53.55
306,2007448,41377,41490,66:23.7,66:35.0,21,23,11.3,2,1,871,left_to_right,Perth Glory,3,False,False,False,build_up,0,high_block,10,-20.91,26.41,1,wide_left,1,defensive_third,False,-20.47,14.76,2,half_space_left,1,defensive_third,False,58.16,63.06,52.6,49.01,38.96,39.22,53.53,56.5
307,2007448,41490,41586,66:35.0,66:44.6,21,35,9.6,2,1,871,left_to_right,Perth Glory,2,True,False,False,create,1,medium_block,9,-19.98,14.88,2,half_space_left,1,defensive_third,False,-23.23,18.84,2,half_space_left,1,defensive_third,False,63.12,55.65,49.07,53.87,39.34,45.65,56.33,50.56
308,2007448,41835,41847,67:09.5,67:10.7,22,9,1.2,2,2,1802,right_to_left,Brisbane FC,2,True,False,False,chaotic,5,chaotic,5,14.71,-34.13,5,wide_right,2,middle_third,False,16.32,-31.78,5,wide_right,2,middle_third,False,46.78,46.61,61.95,63.0,37.87,38.87,40.63,40.06
309,2007448,41847,41850,67:10.7,67:11.0,22,10,0.3,2,1,871,left_to_right,Perth Glory,0,False,False,False,create,1,medium_block,9,-17.33,31.13,1,wide_left,2,middle_third,False,-19.3,29.75,1,wide_left,1,defensive_third,False,39.03,39.26,39.96,39.78,46.7,46.79,63.14,63.47
310,2007448,41850,41928,67:11.0,67:18.8,22,11,7.8,2,1,871,left_to_right,Perth Glory,3,False,False,False,build_up,0,high_block,10,-20.16,28.98,1,wide_left,1,defensive_third,False,-20.59,19.24,2,half_space_left,1,defensive_third,False,39.35,43.63,39.73,45.51,46.8,36.92,63.65,65.07
311,2007448,41928,41949,67:18.8,67:20.9,22,18,2.1,2,1,871,left_to_right,Perth Glory,0,True,False,False,create,1,medium_block,9,-19.45,18.4,2,half_space_left,1,defensive_third,False,-2.64,4.87,3,center,2,middle_third,False,43.41,40.89,45.53,45.5,37.03,38.27,65.06,63.46
312,2007448,41949,42059,67:20.9,67:31.9,22,20,11.0,2,2,1802,right_to_left,Brisbane FC,6,False,False,False,create,1,medium_block,9,2.67,-4.17,3,center,2,middle_third,False,18.64,27.8,1,wide_left,3,attacking_third,False,38.23,56.93,63.35,62.59,40.67,32.69,45.5,51.45
313,2007448,42059,42137,67:31.9,67:39.7,22,31,7.8,2,2,1802,right_to_left,Brisbane FC,2,True,False,False,finish,2,low_block,8,19.19,27.93,1,wide_left,3,attacking_third,False,46.15,22.5,1,wide_left,3,attacking_third,False,56.77,44.24,62.56,76.14,32.59,26.21,51.57,47.43
314,2007448,42137,42211,67:39.7,67:47.1,22,39,7.4,2,1,871,left_to_right,Perth Glory,3,False,False,False,build_up,0,high_block,10,-46.26,-22.36,5,wide_right,1,defensive_third,False,-42.25,-31.45,5,wide_right,1,defensive_third,False,26.11,32.68,47.3,43.0,43.87,36.01,76.2,72.63
315,2007448,42211,42237,67:47.1,67:49.7,22,47,2.6,2,1,871,left_to_right,Perth Glory,1,False,False,False,direct,6,defending_direct,15,-41.3,-31.54,5,wide_right,1,defensive_third,False,-1.27,-32.33,5,wide_right,2,middle_third,False,32.75,33.63,43.01,46.23,36.14,35.97,72.37,68.1
316,2007448,42804,42892,68:46.4,68:55.2,23,46,8.8,2,1,871,left_to_right,Perth Glory,4,False,False,False,create,1,medium_block,9,-1.87,-33.67,5,wide_right,2,middle_third,False,-19.6,-1.81,3,center,1,defensive_third,False,38.37,60.66,56.31,54.62,29.8,36.59,39.85,54.58
317,2007448,42892,42923,68:55.2,68:58.3,23,55,3.1,2,1,871,left_to_right,Perth Glory,1,True,False,False,direct,6,defending_direct,15,-19.32,-2.26,3,center,1,defensive_third,False,26.94,-17.9,4,half_space_right,3,attacking_third,False,60.76,55.8,54.68,66.3,36.65,36.95,54.55,55.15
318,2007448,42923,42933,68:58.3,68:59.3,23,58,1.0,2,2,1802,right_to_left,Brisbane FC,1,True,False,False,chaotic,5,chaotic,5,-27.48,18.44,2,half_space_left,1,defensive_third,False,-22.31,25.53,1,wide_left,1,defensive_third,False,36.99,37.35,55.35,56.84,55.47,52.89,66.59,66.56
319,2007448,43035,43043,69:09.5,69:10.3,24,9,0.8,2,1,871,left_to_right,Perth Glory,1,False,False,False,finish,2,low_block,8,10.62,-32.07,5,wide_right,2,middle_third,False,5.87,-26.94,5,wide_right,2,middle_third,False,51.29,51.58,65.56,65.22,35.77,36.3,37.65,37.9
320,2007448,43043,43321,69:10.3,69:38.1,24,10,27.8,2,1,871,left_to_right,Perth Glory,12,False,False,False,create,1,medium_block,9,5.2,-26.12,5,wide_right,2,middle_third,False,16.57,3.77,3,center,2,middle_third,False,51.65,55.15,65.22,58.66,36.39,32.47,37.97,40.7
321,2007448,43321,43448,69:38.1,69:50.8,24,38,12.7,2,1,871,left_to_right,Perth Glory,5,True,False,False,finish,2,low_block,8,15.94,4.05,3,center,2,middle_third,False,36.14,-33.27,5,wide_right,3,attacking_third,False,55.1,48.21,58.64,68.48,32.41,41.4,40.69,31.65
322,2007448,43620,43694,70:08.0,70:15.4,25,8,7.4,2,2,1802,right_to_left,Brisbane FC,3,False,False,False,create,1,medium_block,9,-20.56,33.45,1,wide_left,1,defensive_third,False,30.21,33.0,1,wide_left,3,attacking_third,False,35.18,34.2,38.36,68.86,30.47,27.89,61.76,60.38
323,2007448,43694,43731,70:15.4,70:19.1,25,15,3.7,2,2,1802,right_to_left,Brisbane FC,2,True,False,False,finish,2,low_block,8,30.64,32.97,1,wide_left,3,attacking_third,False,32.79,17.13,2,half_space_left,3,attacking_third,False,34.3,31.8,69.17,69.77,27.88,24.24,60.37,54.63
324,2007448,43731,43928,70:19.1,70:38.8,25,19,19.7,2,1,871,left_to_right,Perth Glory,5,True,False,False,transition,4,defending_transition,11,-33.12,-16.86,4,half_space_right,1,defensive_third,False,41.56,-7.09,3,center,3,attacking_third,True,24.04,42.76,54.44,70.64,31.72,29.6,70.01,43.38
325,2007448,43928,43981,70:38.8,70:44.1,25,38,5.3,2,2,1802,right_to_left,Brisbane FC,1,False,False,False,build_up,0,high_block,10,-41.75,6.23,3,center,1,defensive_third,False,-20.1,7.85,3,center,1,defensive_third,False,29.54,30.71,43.32,40.58,42.74,43.42,70.76,65.02
326,2007448,43981,44060,70:44.1,70:52.0,25,44,7.9,2,2,1802,right_to_left,Brisbane FC,2,True,False,False,create,1,medium_block,9,-19.83,8.09,3,center,1,defensive_third,False,1.58,34.13,1,wide_left,2,middle_third,False,30.99,44.41,40.67,51.62,43.13,49.05,64.74,60.22
327,2007448,44178,44278,71:03.8,71:13.8,26,3,10.0,2,1,871,left_to_right,Perth Glory,4,True,False,False,finish,2,low_block,8,16.04,-31.55,5,wide_right,2,middle_third,False,47.63,-14.56,4,half_space_right,3,attacking_third,True,40.51,39.79,64.29,80.97,36.35,35.85,46.95,43.53
328,2007448,44278,44314,71:13.8,71:17.4,26,13,3.6,2,2,1802,right_to_left,Brisbane FC,3,True,False,False,chaotic,5,chaotic,5,-47.05,14.18,2,half_space_left,1,defensive_third,False,-37.43,34.45,1,wide_left,1,defensive_third,False,35.91,36.67,43.33,36.92,39.74,40.41,81.16,78.08
329,2007448,45144,45172,72:40.4,72:43.2,27,40,2.8,2,1,871,left_to_right,Perth Glory,2,False,False,False,finish,2,low_block,8,25.43,-34.14,5,wide_right,3,attacking_third,False,5.11,-29.07,5,wide_right,2,middle_third,False,35.17,37.12,64.29,62.34,29.2,30.33,30.0,33.17
330,2007448,45172,45334,72:43.2,72:59.4,27,43,16.2,2,1,871,left_to_right,Perth Glory,6,True,False,False,create,1,medium_block,9,5.04,-28.75,5,wide_right,2,middle_third,False,16.68,-27.35,5,wide_right,2,middle_third,False,37.41,44.52,62.24,58.97,30.42,35.33,33.29,40.44
331,2007448,45334,45402,72:59.4,73:06.2,27,59,6.8,2,2,1802,right_to_left,Brisbane FC,3,True,False,False,create,1,medium_block,9,-17.35,27.55,1,wide_left,2,middle_third,False,-8.47,15.49,2,half_space_left,2,middle_third,False,35.19,43.79,40.35,54.94,44.42,39.85,59.11,62.19
332,2007448,45402,45443,73:06.2,73:10.3,28,6,4.1,2,1,871,left_to_right,Perth Glory,2,False,False,False,create,1,medium_block,9,8.31,-15.21,4,half_space_right,2,middle_third,False,9.84,-8.18,3,center,2,middle_third,False,39.74,43.61,62.05,62.68,44.11,32.99,55.08,46.15
333,2007448,45443,45574,73:10.3,73:23.4,28,10,13.1,2,1,871,left_to_right,Perth Glory,2,True,False,False,finish,2,low_block,8,10.4,-7.13,3,center,2,middle_third,False,47.11,2.24,3,center,3,attacking_third,True,43.76,39.28,62.83,70.7,32.66,35.06,45.94,19.77
334,2007448,45574,45643,73:23.4,73:30.3,28,23,6.9,2,2,1802,right_to_left,Brisbane FC,1,False,False,False,build_up,0,high_block,10,-47.59,-3.26,3,center,1,defensive_third,False,-20.62,-24.25,5,wide_right,1,defensive_third,False,35.05,51.48,19.72,30.36,38.95,51.56,70.9,58.56
335,2007448,45643,45688,73:30.3,73:34.8,28,30,4.5,2,2,1802,right_to_left,Brisbane FC,2,True,False,False,create,1,medium_block,9,-19.92,-23.44,5,wide_right,1,defensive_third,False,-0.69,-23.7,5,wide_right,2,middle_third,False,51.52,45.29,30.23,43.36,51.64,45.59,58.28,54.05
336,2007448,45688,45777,73:34.8,73:43.7,28,34,8.9,2,1,871,left_to_right,Perth Glory,2,False,False,False,create,1,medium_block,9,0.03,23.08,1,wide_left,2,middle_third,False,-19.57,11.74,2,half_space_left,1,defensive_third,False,45.43,28.25,53.96,59.45,44.92,30.82,43.34,60.92
337,2007448,45777,45850,73:43.7,73:51.0,28,43,7.3,2,1,871,left_to_right,Perth Glory,2,False,False,False,build_up,0,high_block,10,-20.3,11.66,2,half_space_left,1,defensive_third,False,-20.3,-15.79,4,half_space_right,1,defensive_third,False,27.71,28.64,59.54,53.44,30.76,24.93,61.59,69.66
338,2007448,45850,45910,73:51.0,73:57.0,28,51,6.0,2,1,871,left_to_right,Perth Glory,2,False,False,False,create,1,medium_block,9,-19.6,-16.29,4,half_space_right,1,defensive_third,False,20.37,-8.92,3,center,3,attacking_third,False,28.9,37.19,53.45,68.1,24.98,27.29,69.52,69.17
339,2007448,45910,45962,73:57.0,74:02.2,28,57,5.2,2,1,871,left_to_right,Perth Glory,1,True,False,False,finish,2,low_block,8,20.85,-8.77,3,center,3,attacking_third,False,34.44,-13.17,4,half_space_right,3,attacking_third,False,37.13,29.58,68.44,73.79,27.16,21.77,69.08,59.35
340,2007448,45962,46157,74:02.2,74:21.7,29,2,19.5,2,2,1802,right_to_left,Brisbane FC,4,False,False,False,transition,4,defending_transition,11,-34.6,13.72,2,half_space_left,1,defensive_third,False,11.79,-18.81,4,half_space_right,2,middle_third,False,22.06,47.0,59.14,58.76,29.57,33.96,73.89,48.68
341,2007448,46157,46173,74:21.7,74:23.3,29,21,1.6,2,2,1802,right_to_left,Brisbane FC,1,False,False,False,finish,2,low_block,8,11.53,-18.42,4,half_space_right,2,middle_third,False,6.13,-16.12,4,half_space_right,2,middle_third,False,47.1,47.46,58.71,56.9,33.94,33.41,48.37,43.11
342,2007448,46173,46341,74:23.3,74:40.1,29,23,16.8,2,2,1802,right_to_left,Brisbane FC,8,False,False,False,create,1,medium_block,9,5.24,-15.9,4,half_space_right,2,middle_third,False,15.17,13.52,2,half_space_left,2,middle_third,False,47.44,51.43,56.72,60.82,33.42,39.78,42.75,52.18
343,2007448,46341,46412,74:40.1,74:47.2,29,40,7.1,2,2,1802,right_to_left,Brisbane FC,3,False,False,False,finish,2,low_block,8,15.17,13.59,2,half_space_left,2,middle_third,False,5.71,20.1,2,half_space_left,2,middle_third,False,51.47,52.98,60.8,64.27,39.58,37.79,52.16,48.2
344,2007448,46412,46538,74:47.2,74:59.8,29,47,12.6,2,2,1802,right_to_left,Brisbane FC,5,False,False,False,create,1,medium_block,9,5.41,20.45,1,wide_left,2,middle_third,False,16.22,-24.3,5,wide_right,2,middle_third,False,52.84,49.72,64.23,59.82,37.9,36.7,48.15,45.98
345,2007448,46538,46807,74:59.8,75:26.7,29,59,26.9,2,2,1802,right_to_left,Brisbane FC,10,False,False,False,finish,2,low_block,8,16.59,-24.41,5,wide_right,2,middle_third,False,40.56,26.26,1,wide_left,3,attacking_third,False,50.0,32.75,60.17,64.73,36.64,31.42,45.99,27.54
346,2007448,47319,47392,76:17.9,76:25.2,31,17,7.3,2,2,1802,right_to_left,Brisbane FC,1,True,False,False,chaotic,5,chaotic,5,43.72,32.8,1,wide_left,3,attacking_third,False,20.8,30.33,1,wide_left,3,attacking_third,False,32.11,29.96,77.53,66.09,27.83,32.2,23.16,30.97
347,2007448,47392,47404,76:25.2,76:26.4,31,25,1.2,2,1,871,left_to_right,Perth Glory,1,True,False,False,chaotic,5,chaotic,5,-20.58,-30.37,5,wide_right,1,defensive_third,False,-22.04,-31.66,5,wide_right,1,defensive_third,False,32.28,33.12,31.11,34.61,29.85,29.33,65.83,63.18
348,2007448,47404,47471,76:26.4,76:33.1,31,26,6.7,2,2,1802,right_to_left,Brisbane FC,2,False,False,False,finish,2,low_block,8,22.3,31.81,1,wide_left,3,attacking_third,False,46.56,34.06,1,wide_left,3,attacking_third,False,29.35,30.05,62.98,76.63,33.35,34.96,34.98,30.57
349,2007448,47550,47665,76:41.0,76:52.5,31,41,11.5,2,2,1802,right_to_left,Brisbane FC,5,False,False,False,finish,2,low_block,8,44.59,34.13,1,wide_left,3,attacking_third,False,6.1,26.44,1,wide_left,2,middle_third,False,32.3,40.16,68.73,60.56,26.58,34.89,23.29,29.07
350,2007448,47665,47777,76:52.5,77:03.7,31,52,11.2,2,2,1802,right_to_left,Brisbane FC,4,False,False,False,create,1,medium_block,9,5.39,26.31,1,wide_left,2,middle_third,False,22.51,-28.65,5,wide_right,3,attacking_third,False,40.46,52.94,60.5,61.98,34.88,37.17,29.43,48.71
351,2007448,47777,47810,77:03.7,77:07.0,32,3,3.3,2,2,1802,right_to_left,Brisbane FC,1,False,False,False,finish,2,low_block,8,24.25,-28.17,5,wide_right,3,attacking_third,False,46.5,-30.69,5,wide_right,3,attacking_third,False,52.76,45.54,62.51,78.99,37.29,39.34,48.85,49.98
352,2007448,48417,48579,78:07.7,78:23.9,33,7,16.2,2,2,1802,right_to_left,Brisbane FC,8,True,False,False,set_play,7,defending_set_play,13,41.29,-28.17,5,wide_right,3,attacking_third,False,-5.02,-9.78,4,half_space_right,2,middle_third,False,35.85,28.59,71.72,42.19,27.0,37.4,8.43,60.45
353,2007448,48579,48593,78:23.9,78:25.3,33,23,1.4,2,1,871,left_to_right,Perth Glory,0,True,False,False,direct,6,defending_direct,15,-3.19,-10.84,4,half_space_right,2,middle_third,False,13.62,-21.05,5,wide_right,2,middle_third,False,28.85,33.06,42.88,51.59,37.22,35.93,60.29,61.18
354,2007448,48593,48623,78:25.3,78:28.3,33,25,3.0,2,2,1802,right_to_left,Brisbane FC,1,True,False,False,chaotic,5,chaotic,5,-14.8,21.7,1,wide_left,2,middle_third,False,-32.72,34.99,1,wide_left,1,defensive_third,False,35.79,45.17,61.23,58.18,33.32,41.34,52.28,68.95
355,2007448,48709,48742,78:36.9,78:40.2,33,36,3.3,2,1,871,left_to_right,Perth Glory,1,False,False,False,finish,2,low_block,8,19.57,-31.88,5,wide_right,3,attacking_third,False,5.99,-20.82,5,wide_right,2,middle_third,False,39.11,46.13,64.84,61.47,29.63,32.28,28.43,34.55
356,2007448,48742,48798,78:40.2,78:45.8,33,40,5.6,2,1,871,left_to_right,Perth Glory,0,False,False,False,create,1,medium_block,9,5.26,-20.1,4,half_space_right,2,middle_third,False,4.71,-2.92,3,center,2,middle_third,False,46.4,59.31,61.37,57.35,32.21,30.51,34.81,41.28
357,2007448,48798,49014,78:45.8,79:07.4,33,45,21.6,2,1,871,left_to_right,Perth Glory,3,False,False,False,finish,2,low_block,8,6.18,-4.12,3,center,2,middle_third,False,-10.71,-24.9,5,wide_right,2,middle_third,False,59.34,35.46,57.39,31.63,30.57,39.25,41.11,62.11
358,2007448,49014,49038,79:07.4,79:09.8,34,7,2.4,2,1,871,left_to_right,Perth Glory,1,True,False,False,chaotic,5,chaotic,5,10.66,25.0,1,wide_left,2,middle_third,False,22.69,23.32,1,wide_left,3,attacking_third,False,39.33,39.59,62.04,61.0,35.43,31.84,32.03,36.59
359,2007448,49038,49056,79:09.8,79:11.6,34,9,1.8,2,2,1802,right_to_left,Brisbane FC,1,True,False,False,chaotic,5,chaotic,5,-22.69,-23.4,5,wide_right,1,defensive_third,False,-3.68,-26.8,5,wide_right,2,middle_third,False,31.67,33.32,36.61,39.62,39.55,40.78,60.96,59.64
360,2007448,49056,49165,79:11.6,79:22.5,34,11,10.9,2,1,871,left_to_right,Perth Glory,3,False,False,False,create,1,medium_block,9,3.0,26.9,1,wide_left,2,middle_third,False,-7.06,-26.09,5,wide_right,2,middle_third,False,40.92,61.0,59.55,56.29,33.45,45.22,39.86,44.05
361,2007448,49165,49204,79:22.5,79:26.4,34,22,3.9,2,1,871,left_to_right,Perth Glory,2,False,False,False,direct,6,defending_direct,15,-6.7,-26.34,5,wide_right,2,middle_third,False,39.99,-27.56,5,wide_right,3,attacking_third,False,60.74,51.85,56.36,75.18,45.2,46.62,44.17,50.87
362,2007448,49575,49599,80:03.5,80:05.9,35,3,2.4,2,1,871,left_to_right,Perth Glory,2,True,False,True,set_play,7,defending_set_play,13,50.4,-29.41,5,wide_right,3,attacking_third,False,47.39,1.23,3,center,3,attacking_third,True,40.49,37.34,66.7,64.84,10.57,10.58,8.55,10.39
363,2007448,49599,49724,80:05.9,80:18.4,35,5,12.5,2,2,1802,right_to_left,Brisbane FC,2,False,False,False,create,1,medium_block,9,-47.63,-1.59,3,center,1,defensive_third,False,-18.55,-32.58,5,wide_right,1,defensive_third,False,10.37,52.81,10.6,46.79,37.23,37.82,64.83,62.35
364,2007448,49724,49750,80:18.4,80:21.0,35,18,2.6,2,2,1802,right_to_left,Brisbane FC,1,True,False,False,direct,6,defending_direct,15,-18.43,-32.56,5,wide_right,1,defensive_third,False,22.61,-20.16,5,wide_right,3,attacking_third,False,52.83,50.4,47.16,59.91,37.8,35.03,62.39,63.4
365,2007448,49750,49776,80:21.0,80:23.6,35,21,2.6,2,1,871,left_to_right,Perth Glory,1,True,False,False,chaotic,5,chaotic,5,-23.71,19.73,2,half_space_left,1,defensive_third,False,-26.14,27.12,1,wide_left,1,defensive_third,False,34.98,35.45,63.36,61.98,50.23,45.26,60.43,63.72
366,2007448,49776,49792,80:23.6,80:25.2,35,23,1.6,2,2,1802,right_to_left,Brisbane FC,1,True,False,False,chaotic,5,chaotic,5,26.27,-27.1,5,wide_right,3,attacking_third,False,21.99,-35.26,5,wide_right,3,attacking_third,False,45.15,47.9,63.56,59.73,35.33,37.2,61.91,60.11
367,2007448,49866,49946,80:32.6,80:40.6,35,32,8.0,2,1,871,left_to_right,Perth Glory,4,False,False,False,build_up,0,high_block,10,-41.84,22.42,1,wide_left,1,defensive_third,False,-24.21,-31.59,5,wide_right,1,defensive_third,False,47.39,55.71,55.74,51.78,39.11,43.74,70.57,64.5
368,2007448,50100,50106,80:56.0,80:56.6,35,56,0.6,2,1,871,left_to_right,Perth Glory,1,False,False,False,create,1,medium_block,9,-13.85,-33.53,5,wide_right,2,middle_third,False,-19.15,-31.18,5,wide_right,1,defensive_third,False,47.3,47.76,53.37,53.34,29.75,29.78,50.12,50.11
369,2007448,50106,50174,80:56.6,81:03.4,35,56,6.8,2,1,871,left_to_right,Perth Glory,2,False,False,False,build_up,0,high_block,10,-20.34,-30.72,5,wide_right,1,defensive_third,False,-20.45,-8.08,3,center,1,defensive_third,False,47.87,52.83,53.28,48.58,29.78,35.5,50.09,57.38
370,2007448,50174,50196,81:03.4,81:05.6,36,3,2.2,2,1,871,left_to_right,Perth Glory,1,False,False,False,create,1,medium_block,9,-19.82,-9.27,4,half_space_right,1,defensive_third,False,-19.97,-20.47,5,wide_right,1,defensive_third,False,52.93,55.86,48.53,49.79,35.59,37.05,57.56,57.27
371,2007448,50196,50292,81:05.6,81:15.2,36,5,9.6,2,1,871,left_to_right,Perth Glory,3,False,False,False,build_up,0,high_block,10,-20.15,-20.7,5,wide_right,1,defensive_third,False,-21.15,-19.55,4,half_space_right,1,defensive_third,False,55.95,63.88,49.89,50.31,37.17,39.22,57.3,60.95
372,2007448,50292,50427,81:15.2,81:28.7,36,15,13.5,2,1,871,left_to_right,Perth Glory,5,False,False,False,create,1,medium_block,9,-19.78,-18.77,4,half_space_right,1,defensive_third,False,4.79,-16.06,4,half_space_right,2,middle_third,False,63.68,58.8,50.42,58.29,39.15,38.83,60.76,43.61
373,2007448,50427,50652,81:28.7,81:51.2,36,28,22.5,2,1,871,left_to_right,Perth Glory,8,True,False,False,finish,2,low_block,8,5.54,-15.4,4,half_space_right,2,middle_third,False,47.72,3.53,3,center,3,attacking_third,True,58.63,39.94,58.4,72.29,38.83,31.89,43.33,23.08
374,2007448,50652,50696,81:51.2,81:55.6,36,51,4.4,2,2,1802,right_to_left,Brisbane FC,2,True,False,False,chaotic,5,chaotic,5,-48.05,-3.05,3,center,1,defensive_third,False,-35.95,-2.22,3,center,1,defensive_third,False,32.03,26.87,23.18,26.74,39.97,37.7,72.55,66.62
375,2007448,50696,50722,81:55.6,81:58.2,36,55,2.6,2,1,871,left_to_right,Perth Glory,2,False,False,True,finish,2,low_block,8,36.48,2.25,3,center,3,attacking_third,True,45.4,6.12,3,center,3,attacking_third,True,37.64,35.57,66.5,67.84,26.83,24.06,26.83,26.87
376,2007448,50895,50961,82:15.5,82:22.1,37,15,6.6,2,1,871,left_to_right,Perth Glory,3,True,False,True,set_play,7,defending_set_play,13,,,2,half_space_left,2,middle_third,False,44.74,-6.09,3,center,3,attacking_third,True,,22.33,,64.92,,19.56,,23.55
377,2007448,51439,51449,83:09.9,83:10.9,38,9,1.0,2,2,1802,right_to_left,Brisbane FC,1,False,False,False,direct,6,defending_direct,15,-48.57,-10.17,4,half_space_right,1,defensive_third,False,-29.72,-15.99,4,half_space_right,1,defensive_third,False,27.71,26.14,60.1,57.77,23.16,23.52,42.52,42.78
378,2007448,51561,51566,83:22.1,83:22.6,38,22,0.5,2,2,1802,right_to_left,Brisbane FC,1,True,False,False,chaotic,5,chaotic,5,14.68,-29.77,5,wide_right,2,middle_third,False,18.32,-29.9,5,wide_right,3,attacking_third,False,29.71,30.21,50.29,50.62,24.86,25.37,46.38,46.38
379,2007448,51566,51567,83:22.6,83:22.7,38,22,0.1,2,1,871,left_to_right,Perth Glory,1,False,False,False,create,1,medium_block,9,-19.45,30.07,1,wide_left,1,defensive_third,False,-19.45,30.07,1,wide_left,1,defensive_third,False,25.51,25.51,46.37,46.37,30.37,30.37,50.69,50.69
380,2007448,51567,51631,83:22.7,83:29.1,38,22,6.4,2,1,871,left_to_right,Perth Glory,2,False,False,False,build_up,0,high_block,10,-20.7,30.15,1,wide_left,1,defensive_third,False,-43.8,19.2,2,half_space_left,1,defensive_third,False,25.68,46.52,46.35,46.95,30.53,38.83,50.78,71.89
381,2007448,51631,51666,83:29.1,83:32.6,38,29,3.5,2,1,871,left_to_right,Perth Glory,1,True,False,False,direct,6,defending_direct,15,-42.09,19.31,2,half_space_left,1,defensive_third,False,13.18,23.83,1,wide_left,2,middle_third,False,46.6,42.75,46.84,55.22,38.79,38.28,72.09,68.03
382,2007448,51666,51851,83:32.6,83:51.1,38,32,18.5,2,2,1802,right_to_left,Brisbane FC,6,False,False,False,create,1,medium_block,9,-13.68,-24.12,5,wide_right,2,middle_third,False,18.26,-24.48,5,wide_right,3,attacking_third,False,38.25,49.27,67.83,59.58,42.6,38.1,55.61,45.99
383,2007448,51851,51990,83:51.1,84:05.0,38,51,13.9,2,2,1802,right_to_left,Brisbane FC,4,True,False,False,finish,2,low_block,8,18.57,-24.77,5,wide_right,3,attacking_third,False,41.66,-15.86,4,half_space_right,3,attacking_third,True,49.19,34.47,59.76,70.13,38.34,30.51,46.08,41.96
384,2007448,51990,52009,84:05.0,84:06.9,39,5,1.9,2,1,871,left_to_right,Perth Glory,1,True,False,False,chaotic,5,chaotic,5,-42.19,15.48,2,half_space_left,1,defensive_third,False,-47.79,25.98,1,wide_left,1,defensive_third,False,30.25,27.46,41.96,41.96,34.31,31.3,70.29,79.42
385,2007448,52243,52285,84:30.3,84:34.5,39,30,4.2,2,2,1802,right_to_left,Brisbane FC,4,True,False,False,finish,2,low_block,8,44.69,-29.83,5,wide_right,3,attacking_third,False,48.33,-23.97,5,wide_right,3,attacking_third,False,29.84,30.6,76.38,77.28,28.33,29.82,32.64,33.73
386,2007448,52285,52327,84:34.5,84:38.7,39,34,4.2,2,1,871,left_to_right,Perth Glory,1,False,False,False,chaotic,5,chaotic,5,-48.51,23.8,1,wide_left,1,defensive_third,False,-43.66,25.29,1,wide_left,1,defensive_third,False,29.87,33.1,33.74,35.26,30.64,28.14,77.22,73.24
387,2007448,52425,52596,84:48.5,85:05.6,39,48,17.1,2,1,871,left_to_right,Perth Glory,6,False,False,False,create,1,medium_block,9,-43.49,-0.33,3,center,1,defensive_third,False,14.37,-27.73,5,wide_right,2,middle_third,False,50.78,49.99,44.69,57.09,32.2,37.99,65.98,37.47
388,2007448,52596,52632,85:05.6,85:09.2,40,5,3.6,2,1,871,left_to_right,Perth Glory,1,True,False,False,finish,2,low_block,8,15.59,-28.22,5,wide_right,2,middle_third,False,41.75,-21.93,5,wide_right,3,attacking_third,False,49.92,44.74,57.16,67.93,37.97,36.25,37.34,28.94
389,2007448,52632,52698,85:09.2,85:15.8,40,9,6.6,2,2,1802,right_to_left,Brisbane FC,4,False,False,False,build_up,0,high_block,10,-41.99,21.91,1,wide_left,1,defensive_third,False,-20.44,27.91,1,wide_left,1,defensive_third,False,36.22,38.84,28.82,41.39,44.58,43.67,68.51,63.64
390,2007448,52698,52705,85:15.8,85:16.5,40,15,0.7,2,2,1802,right_to_left,Brisbane FC,0,True,False,False,create,1,medium_block,9,-18.86,27.51,1,wide_left,1,defensive_third,False,-10.4,25.44,1,wide_left,2,middle_third,False,38.69,37.81,41.42,41.25,43.78,43.77,63.45,62.41
391,2007448,52705,52791,85:16.5,85:25.1,40,16,8.6,2,1,871,left_to_right,Perth Glory,2,False,False,False,create,1,medium_block,9,8.99,-25.31,5,wide_right,2,middle_third,False,11.46,-30.3,5,wide_right,2,middle_third,False,43.72,49.88,62.21,58.06,37.7,38.37,41.19,39.96
392,2007448,52791,52811,85:25.1,85:27.1,40,25,2.0,2,1,871,left_to_right,Perth Glory,1,False,False,False,finish,2,low_block,8,12.62,-31.24,5,wide_right,2,middle_third,False,7.78,-31.47,5,wide_right,2,middle_third,False,50.09,51.41,58.29,60.62,38.47,42.12,39.92,38.95
393,2007448,52811,52936,85:27.1,85:39.6,40,27,12.5,2,1,871,left_to_right,Perth Glory,5,False,False,False,create,1,medium_block,9,5.91,-30.99,5,wide_right,2,middle_third,False,5.09,-20.02,4,half_space_right,2,middle_third,False,51.37,59.68,60.67,56.78,42.19,40.64,38.88,37.4
394,2007448,52936,53012,85:39.6,85:47.2,40,39,7.6,2,1,871,left_to_right,Perth Glory,3,False,False,False,finish,2,low_block,8,5.28,-20.1,4,half_space_right,2,middle_third,False,6.38,12.29,2,half_space_left,2,middle_third,False,59.6,53.21,56.92,60.06,40.67,40.6,37.2,39.96
395,2007448,53012,53054,85:47.2,85:51.4,40,47,4.2,2,1,871,left_to_right,Perth Glory,1,True,False,False,create,1,medium_block,9,5.73,11.75,2,half_space_left,2,middle_third,False,31.66,-10.58,4,half_space_right,3,attacking_third,False,53.19,49.23,60.02,64.42,40.64,34.82,39.93,36.88
396,2007448,53054,53074,85:51.4,85:53.4,40,51,2.0,2,2,1802,right_to_left,Brisbane FC,1,True,False,False,chaotic,5,chaotic,5,-32.94,11.15,2,half_space_left,1,defensive_third,False,-28.2,12.1,2,half_space_left,1,defensive_third,False,34.61,34.19,36.84,36.43,49.07,46.56,64.95,65.58
397,2007448,53074,53417,85:53.4,86:27.7,40,53,34.3,2,1,871,left_to_right,Perth Glory,9,True,False,False,finish,2,low_block,8,27.7,-12.27,4,half_space_right,3,attacking_third,False,9.09,15.94,2,half_space_left,2,middle_third,False,46.36,42.98,65.49,62.37,34.44,40.5,36.4,43.81
398,2007448,53417,53450,86:27.7,86:31.0,41,27,3.3,2,2,1802,right_to_left,Brisbane FC,1,False,False,False,chaotic,5,chaotic,5,-9.21,-16.04,4,half_space_right,2,middle_third,False,2.54,-28.9,5,wide_right,2,middle_third,False,40.82,47.11,44.24,56.0,42.7,44.02,62.32,60.91
399,2007448,54238,54258,87:49.8,87:51.8,42,49,2.0,2,2,1802,right_to_left,Brisbane FC,1,True,False,False,finish,2,low_block,8,8.51,-24.3,5,wide_right,2,middle_third,False,35.11,-21.62,5,wide_right,3,attacking_third,False,44.48,43.9,65.37,70.33,33.45,32.58,35.6,38.21
400,2007448,54258,54268,87:51.8,87:52.8,42,51,1.0,2,1,871,left_to_right,Perth Glory,1,True,False,False,chaotic,5,chaotic,5,-35.84,21.51,1,wide_left,1,defensive_third,False,-32.03,28.65,1,wide_left,1,defensive_third,False,32.52,31.98,38.39,39.62,43.92,44.98,70.63,73.02
401,2007448,54469,54783,88:12.9,88:44.3,43,12,31.4,2,2,1802,right_to_left,Brisbane FC,11,False,True,True,finish,2,low_block,8,31.96,-34.18,5,wide_right,3,attacking_third,False,45.43,8.26,3,center,3,attacking_third,True,43.77,43.46,70.53,65.59,33.37,22.66,34.79,27.49
402,2007448,55641,55724,90:10.1,90:18.4,45,10,8.3,2,1,871,left_to_right,Perth Glory,5,True,False,False,create,1,medium_block,9,0.18,0.83,3,center,2,middle_third,False,6.85,-6.1,3,center,2,middle_third,False,58.89,55.91,44.92,60.65,34.4,39.22,40.89,48.95
403,2007448,55724,55854,90:18.4,90:31.4,45,18,13.0,2,2,1802,right_to_left,Brisbane FC,2,False,False,False,transition,4,defending_transition,11,-7.61,6.08,3,center,2,middle_third,False,38.27,31.97,1,wide_left,3,attacking_third,False,39.04,46.52,49.18,71.91,55.53,32.19,61.05,30.2
404,2007448,55854,55918,90:31.4,90:37.8,45,31,6.4,2,2,1802,right_to_left,Brisbane FC,2,False,False,False,finish,2,low_block,8,36.85,31.99,1,wide_left,3,attacking_third,False,15.37,34.61,1,wide_left,2,middle_third,False,46.77,53.6,71.71,63.22,32.41,39.53,29.88,35.53
405,2007448,56119,56142,90:57.9,91:00.2,45,57,2.3,2,2,1802,right_to_left,Brisbane FC,2,False,False,False,finish,2,low_block,8,14.55,32.54,1,wide_left,2,middle_third,False,5.4,26.56,1,wide_left,2,middle_third,False,42.44,41.94,65.1,67.29,34.16,36.07,31.78,37.41
406,2007448,56142,56298,91:00.2,91:15.8,46,0,15.6,2,2,1802,right_to_left,Brisbane FC,4,True,False,False,create,1,medium_block,9,3.95,25.55,1,wide_left,2,middle_third,False,17.78,26.35,1,wide_left,3,attacking_third,False,41.9,61.0,67.18,61.58,36.13,45.59,37.8,54.28
407,2007448,56298,56453,91:15.8,91:31.3,46,15,15.5,2,1,871,left_to_right,Perth Glory,6,False,False,True,transition,4,defending_transition,11,-18.53,-25.8,5,wide_right,1,defensive_third,False,53.79,-9.29,4,half_space_right,3,attacking_third,False,45.43,26.81,54.17,80.32,60.73,24.7,61.46,34.52
408,2007448,56655,56686,91:51.5,91:54.6,46,51,3.1,2,1,871,left_to_right,Perth Glory,2,True,False,True,set_play,7,defending_set_play,13,50.37,-11.14,4,half_space_right,3,attacking_third,True,52.35,3.68,3,center,3,attacking_third,True,28.18,23.87,65.08,65.64,9.88,9.74,8.91,10.4
409,2007448,57205,57241,92:46.5,92:50.1,47,46,3.6,2,2,1802,right_to_left,Brisbane FC,1,True,False,False,direct,6,defending_direct,15,,,2,half_space_left,2,middle_third,False,21.41,-22.02,5,wide_right,3,attacking_third,False,,24.99,,60.79,,23.57,,45.75
410,2007448,57241,57250,92:50.1,92:51.0,47,50,0.9,2,1,871,left_to_right,Perth Glory,1,True,False,False,chaotic,5,chaotic,5,-21.67,22.4,1,wide_left,1,defensive_third,False,-19.89,25.48,1,wide_left,1,defensive_third,False,23.65,23.56,45.85,46.45,24.91,23.92,61.11,63.56
411,2007448,57250,57263,92:51.0,92:52.3,47,51,1.3,2,2,1802,right_to_left,Brisbane FC,1,False,False,True,create,1,medium_block,9,19.79,-25.56,5,wide_right,3,attacking_third,False,24.62,-24.46,5,wide_right,3,attacking_third,False,23.73,21.89,63.85,66.04,23.47,22.8,46.51,46.98
412,2007448,57263,57328,92:52.3,92:58.8,47,52,6.5,2,2,1802,right_to_left,Brisbane FC,2,True,False,True,finish,2,low_block,8,25.22,-24.39,5,wide_right,3,attacking_third,False,51.19,4.8,3,center,3,attacking_third,True,22.09,31.94,66.13,85.64,22.81,22.87,47.03,47.79
413,2007448,57745,57851,93:40.5,93:51.1,48,40,10.6,2,1,871,left_to_right,Perth Glory,5,False,False,False,create,1,medium_block,9,-15.32,13.5,2,half_space_left,2,middle_third,False,-4.49,13.43,2,half_space_left,2,middle_third,False,60.45,59.66,51.92,56.93,37.5,43.34,47.15,43.2
414,2007448,57851,57886,93:51.1,93:54.6,48,51,3.5,2,1,871,left_to_right,Perth Glory,1,False,False,False,direct,6,defending_direct,15,-4.2,13.24,2,half_space_left,2,middle_third,False,43.64,28.56,1,wide_left,3,attacking_third,False,59.62,55.42,57.05,72.74,43.3,40.59,43.3,45.35
415,2007448,57886,57929,93:54.6,93:58.9,48,54,4.3,2,1,871,left_to_right,Perth Glory,1,True,False,False,finish,2,low_block,8,44.31,28.83,1,wide_left,3,attacking_third,False,51.74,32.53,1,wide_left,3,attacking_third,False,55.34,46.91,73.36,80.75,40.53,40.64,45.29,36.98
416,2007448,57929,57990,93:58.9,94:05.0,48,58,6.1,2,2,1802,right_to_left,Brisbane FC,2,False,False,False,build_up,0,high_block,10,-51.71,-32.53,5,wide_right,1,defensive_third,False,-21.63,-12.51,4,half_space_right,1,defensive_third,False,40.54,36.11,36.67,40.38,46.65,34.05,80.64,71.89
