index,match_id,frame_start,frame_end,time_start,time_end,minute_start,second_start,duration,period,attacking_side_id,team_in_possession_id,attacking_side,team_in_possession_shortname,n_player_possessions_in_phase,team_possession_loss_in_phase,team_possession_lead_to_goal,team_possession_lead_to_shot,team_in_possession_phase_type,team_in_possession_phase_type_id,team_out_of_possession_phase_type,team_out_of_possession_phase_type_id,x_start,y_start,channel_id_start,channel_start,third_id_start,third_start,penalty_area_start,x_end,y_end,channel_id_end,channel_end,third_id_end,third_end,penalty_area_end,team_in_possession_width_start,team_in_possession_width_end,team_in_possession_length_start,team_in_possession_length_end,team_out_of_possession_width_start,team_out_of_possession_width_end,team_out_of_possession_length_start,team_out_of_possession_length_end
0,2013725,4043,4382,00:00.3,00:34.2,0,0,33.9,1,1,1803,left_to_right,Western United,12,False,False,False,create,1,medium_block,9,-10.47,-0.25,3,center,2,middle_third,False,-19.18,15.88,2,half_space_left,1,defensive_third,False,60.0,53.07,41.82,58.31,36.98,33.94,37.04,51.18
1,2013725,4382,4411,00:34.2,00:37.1,0,34,2.9,1,1,1803,left_to_right,Western United,1,False,False,False,build_up,0,high_block,10,-20.03,14.85,2,half_space_left,1,defensive_third,False,-25.74,0.27,3,center,1,defensive_third,False,53.29,56.66,58.15,52.94,33.85,33.96,51.62,60.26
2,2013725,4411,4435,00:37.1,00:39.5,0,37,2.4,1,1,1803,left_to_right,Western United,1,True,False,False,direct,6,defending_direct,15,-23.91,-1.3,3,center,1,defensive_third,False,13.35,-21.41,5,wide_right,2,middle_third,False,56.66,49.53,52.76,55.73,33.99,33.4,60.28,58.97
3,2013725,4435,4475,00:39.5,00:43.5,0,39,4.0,1,2,869,right_to_left,Sydney FC,1,False,False,False,chaotic,5,chaotic,5,-14.37,21.71,1,wide_left,2,middle_third,False,-40.73,14.22,2,half_space_left,1,defensive_third,False,33.41,35.15,58.97,51.83,49.13,38.0,56.21,74.75
4,2013725,4475,4501,00:43.5,00:46.1,0,43,2.6,1,2,869,right_to_left,Sydney FC,1,True,False,False,direct,6,defending_direct,15,-40.88,14.26,2,half_space_left,1,defensive_third,False,1.4,13.52,2,half_space_left,2,middle_third,False,35.09,31.07,51.26,47.1,37.68,31.85,75.25,75.08
5,2013725,4501,4542,00:46.1,00:50.2,0,46,4.1,1,1,1803,left_to_right,Western United,2,False,False,False,chaotic,5,chaotic,5,-1.8,-12.99,4,half_space_right,2,middle_third,False,17.9,-3.45,3,center,3,attacking_third,False,31.85,28.34,74.87,61.04,30.95,25.98,47.01,44.65
6,2013725,4698,4769,01:05.8,01:12.9,1,5,7.1,1,1,1803,left_to_right,Western United,4,False,False,False,finish,2,low_block,8,19.69,-3.57,3,center,3,attacking_third,False,5.21,-2.78,3,center,2,middle_third,False,58.26,60.84,63.95,60.99,28.29,32.36,28.08,34.33
7,2013725,4769,5019,01:12.9,01:37.9,1,12,25.0,1,1,1803,left_to_right,Western United,10,False,False,False,create,1,medium_block,9,5.08,-1.48,3,center,2,middle_third,False,18.55,25.76,1,wide_left,3,attacking_third,False,60.92,37.87,60.87,61.53,32.44,36.07,34.37,45.32
8,2013725,5019,5092,01:37.9,01:45.2,1,37,7.3,1,1,1803,left_to_right,Western United,2,True,False,False,finish,2,low_block,8,20.27,25.54,1,wide_left,3,attacking_third,False,46.4,27.69,1,wide_left,3,attacking_third,False,37.68,33.45,61.89,74.73,36.05,31.35,45.36,42.1
9,2013725,5443,5474,02:20.3,02:23.4,2,20,3.1,1,2,869,right_to_left,Sydney FC,1,True,False,False,direct,6,defending_direct,15,-43.05,12.65,2,half_space_left,1,defensive_third,False,7.18,28.21,1,wide_left,2,middle_third,False,29.95,26.41,55.97,55.76,26.8,26.36,47.3,48.3
10,2013725,5474,5490,02:23.4,02:25.0,2,23,1.6,1,1,1803,left_to_right,Western United,1,True,False,False,chaotic,5,chaotic,5,-7.14,-28.43,5,wide_right,2,middle_third,False,9.81,-25.47,5,wide_right,2,middle_third,False,26.27,24.56,48.3,49.56,26.33,24.85,55.69,53.78
11,2013725,5490,5541,02:25.0,02:30.1,2,25,5.1,1,2,869,right_to_left,Sydney FC,3,False,False,False,create,1,medium_block,9,-10.18,25.24,1,wide_left,2,middle_third,False,27.37,22.07,1,wide_left,3,attacking_third,False,24.74,25.07,53.66,64.17,24.46,22.35,49.72,55.44
12,2013725,5541,5583,02:30.1,02:34.3,2,30,4.2,1,2,869,right_to_left,Sydney FC,2,False,False,False,finish,2,low_block,8,27.92,21.6,1,wide_left,3,attacking_third,False,-23.17,-24.2,5,wide_right,1,defensive_third,False,24.99,22.2,64.69,46.61,22.4,26.29,55.59,69.01
13,2013725,5583,5626,02:34.3,02:38.6,2,34,4.3,1,2,869,right_to_left,Sydney FC,1,False,False,False,chaotic,5,chaotic,5,23.01,24.46,1,wide_left,3,attacking_third,False,11.89,28.55,1,wide_left,2,middle_third,False,26.26,39.38,68.79,63.78,22.32,31.94,46.35,39.42
14,2013725,6138,6227,03:29.8,03:38.7,3,29,8.9,1,2,869,right_to_left,Sydney FC,2,True,False,False,set_play,7,defending_set_play,13,51.65,31.75,1,wide_left,3,attacking_third,False,-37.63,3.75,3,center,1,defensive_third,False,40.52,17.9,70.93,15.7,9.86,25.98,11.28,71.67
15,2013725,6227,6391,03:38.7,03:55.1,3,38,16.4,1,1,1803,left_to_right,Western United,7,False,True,True,transition,4,defending_transition,11,-37.43,3.63,3,center,1,defensive_third,False,52.41,-2.39,3,center,3,attacking_third,True,17.95,24.59,15.58,86.53,25.92,25.09,71.6,51.57
16,2013725,7575,7624,05:53.5,05:58.4,5,53,4.9,1,2,869,right_to_left,Sydney FC,3,False,False,False,create,1,medium_block,9,-0.59,0.79,3,center,2,middle_third,False,-19.94,22.48,1,wide_left,1,defensive_third,False,63.78,64.34,40.97,54.08,43.35,42.61,45.39,54.98
17,2013725,7624,7693,05:58.4,06:05.3,5,58,6.9,1,2,869,right_to_left,Sydney FC,3,False,False,False,build_up,0,high_block,10,-20.05,22.4,1,wide_left,1,defensive_third,False,-20.5,-26.53,5,wide_right,1,defensive_third,False,64.27,59.16,54.28,51.17,42.53,42.16,55.0,68.35
18,2013725,7693,7695,06:05.3,06:05.5,6,5,0.2,1,2,869,right_to_left,Sydney FC,0,True,False,False,create,1,medium_block,9,-19.6,-26.93,5,wide_right,1,defensive_third,False,-19.05,-27.27,5,wide_right,1,defensive_third,False,58.38,57.59,51.21,51.24,41.93,41.71,68.16,67.93
19,2013725,7695,7737,06:05.5,06:09.7,6,5,4.2,1,1,1803,left_to_right,Western United,2,True,False,False,quick_break,3,defending_quick_break,12,19.0,27.56,1,wide_left,3,attacking_third,False,46.93,27.99,1,wide_left,3,attacking_third,False,41.48,37.08,67.68,76.18,56.79,41.54,51.26,47.27
20,2013725,8078,8107,06:43.8,06:46.7,6,43,2.9,1,2,869,right_to_left,Sydney FC,1,False,False,False,direct,6,defending_direct,15,,,2,half_space_left,2,middle_third,False,19.71,21.87,1,wide_left,3,attacking_third,False,,46.71,,60.74,,30.73,,47.76
21,2013725,8107,8120,06:46.7,06:48.0,6,46,1.3,1,2,869,right_to_left,Sydney FC,1,False,False,False,create,1,medium_block,9,21.04,21.94,1,wide_left,3,attacking_third,False,34.03,23.12,1,wide_left,3,attacking_third,False,46.37,42.38,61.3,68.72,30.54,29.15,47.88,49.47
22,2013725,8120,8396,06:48.0,07:15.6,6,48,27.6,1,2,869,right_to_left,Sydney FC,9,False,False,False,finish,2,low_block,8,34.93,23.16,1,wide_left,3,attacking_third,False,6.21,-30.24,5,wide_right,2,middle_third,False,42.05,43.77,69.51,57.55,29.07,38.76,49.65,34.19
23,2013725,8396,8490,07:15.6,07:25.0,7,15,9.4,1,2,869,right_to_left,Sydney FC,3,True,False,False,create,1,medium_block,9,6.13,-30.21,5,wide_right,2,middle_third,False,16.71,-24.01,5,wide_right,2,middle_third,False,43.73,55.05,57.51,53.65,38.78,34.32,34.38,51.7
24,2013725,8490,8494,07:25.0,07:25.4,7,25,0.4,1,1,1803,left_to_right,Western United,1,False,False,False,create,1,medium_block,9,-18.0,24.14,1,wide_left,1,defensive_third,False,-19.99,25.26,1,wide_left,1,defensive_third,False,34.35,34.46,51.8,52.13,54.87,54.54,53.98,54.88
25,2013725,8494,8589,07:25.4,07:34.9,7,25,9.5,1,1,1803,left_to_right,Western United,3,True,False,False,build_up,0,high_block,10,-20.26,25.84,1,wide_left,1,defensive_third,False,-37.32,9.77,2,half_space_left,1,defensive_third,False,34.52,53.25,52.23,51.63,54.46,37.9,55.15,73.68
26,2013725,8589,8773,07:34.9,07:53.3,7,34,18.4,1,2,869,right_to_left,Sydney FC,4,True,False,False,quick_break,3,defending_quick_break,12,37.2,-9.29,4,half_space_right,3,attacking_third,True,47.93,-8.52,3,center,3,attacking_third,True,37.83,39.93,73.62,72.94,53.2,34.43,51.56,19.18
27,2013725,8773,8820,07:53.3,07:58.0,7,53,4.7,1,1,1803,left_to_right,Western United,1,True,False,False,chaotic,5,chaotic,5,-48.44,7.72,3,center,1,defensive_third,False,-27.68,18.97,2,half_space_left,1,defensive_third,False,33.93,25.32,19.28,27.23,39.42,29.15,73.1,74.7
28,2013725,8820,8886,07:58.0,08:04.6,7,58,6.6,1,2,869,right_to_left,Sydney FC,2,False,False,False,finish,2,low_block,8,26.8,-18.95,4,half_space_right,3,attacking_third,False,5.06,13.25,2,half_space_left,2,middle_third,False,29.24,52.07,74.47,68.06,25.39,33.95,27.45,33.8
29,2013725,8886,8910,08:04.6,08:07.0,8,4,2.4,1,2,869,right_to_left,Sydney FC,2,True,False,False,create,1,medium_block,9,5.02,14.04,2,half_space_left,2,middle_third,False,11.3,26.81,1,wide_left,2,middle_third,False,52.39,55.26,68.01,68.67,34.36,40.89,34.31,39.44
30,2013725,8910,9164,08:07.0,08:32.4,8,7,25.4,1,1,1803,left_to_right,Western United,7,False,False,False,create,1,medium_block,9,-11.45,-26.32,5,wide_right,2,middle_third,False,-13.23,-31.49,5,wide_right,2,middle_third,False,40.69,56.47,39.28,42.16,54.92,39.21,68.76,52.98
31,2013725,9164,9191,08:32.4,08:35.1,8,32,2.7,1,1,1803,left_to_right,Western United,1,True,False,False,direct,6,defending_direct,15,-12.82,-31.52,5,wide_right,2,middle_third,False,23.58,-14.72,4,half_space_right,3,attacking_third,False,56.48,52.0,42.25,59.43,39.45,39.2,52.82,52.48
32,2013725,9191,9260,08:35.1,08:42.0,8,35,6.9,1,2,869,right_to_left,Sydney FC,2,False,False,False,build_up,0,high_block,10,-24.34,14.11,2,half_space_left,1,defensive_third,False,-24.14,12.67,2,half_space_left,1,defensive_third,False,39.07,34.45,52.61,48.2,51.75,34.24,60.05,58.69
33,2013725,9513,9554,09:07.3,09:11.4,9,7,4.1,1,2,869,right_to_left,Sydney FC,2,True,False,False,chaotic,5,chaotic,5,,,2,half_space_left,2,middle_third,False,-11.71,24.83,1,wide_left,2,middle_third,False,,31.08,,38.38,,26.56,,53.22
34,2013725,9554,9641,09:11.4,09:20.1,9,11,8.7,1,1,1803,left_to_right,Western United,6,False,False,False,create,1,medium_block,9,11.47,-24.61,5,wide_right,2,middle_third,False,-19.93,-17.07,4,half_space_right,1,defensive_third,False,26.73,54.17,53.16,48.53,30.87,35.11,38.27,51.09
35,2013725,9641,9688,09:20.1,09:24.8,9,20,4.7,1,1,1803,left_to_right,Western United,2,False,False,False,build_up,0,high_block,10,-20.41,-17.32,4,half_space_right,1,defensive_third,False,-40.61,-10.16,4,half_space_right,1,defensive_third,False,54.36,60.02,48.41,45.54,35.11,38.87,51.39,68.79
36,2013725,9688,9724,09:24.8,09:28.4,9,24,3.6,1,1,1803,left_to_right,Western United,1,False,False,False,direct,6,defending_direct,15,-40.41,-10.44,4,half_space_right,1,defensive_third,False,4.94,-22.97,5,wide_right,2,middle_third,False,60.04,52.68,45.33,51.08,38.94,40.02,68.98,64.54
37,2013725,9724,9779,09:28.4,09:33.9,9,28,5.5,1,1,1803,left_to_right,Western United,1,False,False,False,create,1,medium_block,9,5.14,-23.09,5,wide_right,2,middle_third,False,-2.85,-32.54,5,wide_right,2,middle_third,False,52.42,50.68,51.4,53.5,39.89,38.73,64.34,53.78
38,2013725,9913,10002,09:47.3,09:56.2,9,47,8.9,1,1,1803,left_to_right,Western United,5,False,False,False,create,1,medium_block,9,,,2,half_space_left,2,middle_third,False,13.97,30.89,1,wide_left,2,middle_third,False,,55.09,,52.64,,38.94,,43.09
39,2013725,10002,10027,09:56.2,09:58.7,9,56,2.5,1,1,1803,left_to_right,Western United,2,True,False,False,finish,2,low_block,8,14.4,31.13,1,wide_left,2,middle_third,False,26.89,21.62,1,wide_left,3,attacking_third,False,54.69,44.2,53.0,60.04,39.13,37.1,43.04,40.38
40,2013725,10027,10149,09:58.7,10:10.9,9,58,12.2,1,2,869,right_to_left,Sydney FC,2,True,False,False,chaotic,5,chaotic,5,-26.73,-22.24,5,wide_right,1,defensive_third,False,1.41,-10.49,4,half_space_right,2,middle_third,False,36.74,37.21,40.24,48.86,43.63,24.54,60.0,47.52
41,2013725,10149,10164,10:10.9,10:12.4,10,10,1.5,1,1,1803,left_to_right,Western United,1,True,False,False,chaotic,5,chaotic,5,-1.05,10.55,2,half_space_left,2,middle_third,False,-0.44,12.41,2,half_space_left,2,middle_third,False,24.94,30.73,47.41,49.03,37.07,34.65,48.84,48.32
42,2013725,10164,10221,10:12.4,10:18.1,10,12,5.7,1,2,869,right_to_left,Sydney FC,2,False,False,False,create,1,medium_block,9,0.79,-12.5,4,half_space_right,2,middle_third,False,22.86,5.08,3,center,3,attacking_third,False,34.53,39.88,48.23,58.91,30.99,36.05,49.33,50.71
43,2013725,10221,10275,10:18.1,10:23.5,10,18,5.4,1,2,869,right_to_left,Sydney FC,2,False,False,False,finish,2,low_block,8,23.27,5.39,3,center,3,attacking_third,False,48.38,-3.2,3,center,3,attacking_third,True,39.91,35.28,59.39,74.32,36.1,36.25,50.58,34.33
44,2013725,10622,10804,10:58.2,11:16.4,10,58,18.2,1,2,869,right_to_left,Sydney FC,6,False,False,False,set_play,7,defending_set_play,13,50.52,28.64,1,wide_left,3,attacking_third,False,5.8,-19.35,4,half_space_right,2,middle_third,False,40.65,34.7,66.0,62.02,8.43,28.46,10.35,36.78
45,2013725,10804,10887,11:16.4,11:24.7,11,16,8.3,1,2,869,right_to_left,Sydney FC,2,True,False,False,chaotic,5,chaotic,5,4.15,-18.84,4,half_space_right,2,middle_third,False,19.95,-19.61,4,half_space_right,3,attacking_third,False,34.96,46.88,61.72,54.24,28.95,38.89,37.27,51.38
46,2013725,10887,10899,11:24.7,11:25.9,11,24,1.2,1,1,1803,left_to_right,Western United,1,True,False,False,chaotic,5,chaotic,5,-20.23,18.98,2,half_space_left,1,defensive_third,False,-22.47,15.69,2,half_space_left,1,defensive_third,False,38.82,37.26,51.25,50.53,46.74,44.3,54.35,55.55
47,2013725,10899,10910,11:25.9,11:27.0,11,25,1.1,1,2,869,right_to_left,Sydney FC,1,False,False,False,create,1,medium_block,9,22.97,-15.8,4,half_space_right,3,attacking_third,False,29.94,-20.02,4,half_space_right,3,attacking_third,False,43.95,39.8,55.73,58.75,37.23,36.65,50.47,49.89
48,2013725,10910,10951,11:27.0,11:31.1,11,27,4.1,1,2,869,right_to_left,Sydney FC,1,True,False,False,finish,2,low_block,8,30.55,-20.35,5,wide_right,3,attacking_third,False,47.74,-15.23,4,half_space_right,3,attacking_third,True,39.38,31.06,59.16,77.84,36.51,30.8,49.84,47.99
49,2013725,10951,11040,11:31.1,11:40.0,11,31,8.9,1,1,1803,left_to_right,Western United,1,False,False,False,create,1,medium_block,9,-48.42,12.99,2,half_space_left,1,defensive_third,False,,,2,half_space_left,2,middle_third,False,30.72,,47.69,,30.89,,78.03,
50,2013725,11110,11241,11:47.0,12:00.1,11,47,13.1,1,1,1803,left_to_right,Western United,7,False,False,False,create,1,medium_block,9,-29.23,11.68,2,half_space_left,1,defensive_third,False,-19.63,-6.73,3,center,1,defensive_third,False,56.21,55.46,41.79,45.91,37.35,37.01,54.13,55.15
51,2013725,11241,11280,12:00.1,12:04.0,12,0,3.9,1,1,1803,left_to_right,Western United,2,False,False,False,build_up,0,high_block,10,-20.71,-6.04,3,center,1,defensive_third,False,-20.76,16.67,2,half_space_left,1,defensive_third,False,55.47,58.52,45.83,50.78,36.85,34.81,55.11,56.52
52,2013725,11280,11311,12:04.0,12:07.1,12,4,3.1,1,1,1803,left_to_right,Western United,1,False,False,False,create,1,medium_block,9,-19.58,17.65,2,half_space_left,1,defensive_third,False,-1.61,30.25,1,wide_left,2,middle_third,False,58.54,51.4,51.0,58.99,34.76,35.02,56.39,52.83
53,2013725,11311,11338,12:07.1,12:09.8,12,7,2.7,1,1,1803,left_to_right,Western United,1,False,False,False,direct,6,defending_direct,15,-0.88,30.16,1,wide_left,2,middle_third,False,33.68,29.26,1,wide_left,3,attacking_third,False,51.0,42.06,59.34,71.33,35.05,32.32,52.71,53.11
54,2013725,11338,11380,12:09.8,12:14.0,12,9,4.2,1,1,1803,left_to_right,Western United,1,False,False,False,finish,2,low_block,8,34.59,29.28,1,wide_left,3,attacking_third,False,47.74,35.96,1,wide_left,3,attacking_third,False,41.86,43.29,71.76,78.96,32.31,35.5,53.23,49.89
55,2013725,11455,11509,12:21.5,12:26.9,12,21,5.4,1,1,1803,left_to_right,Western United,2,True,False,False,finish,2,low_block,8,41.36,33.87,1,wide_left,3,attacking_third,False,36.9,13.19,2,half_space_left,3,attacking_third,True,35.32,38.92,73.73,71.21,28.13,30.38,36.02,27.75
56,2013725,11509,11580,12:26.9,12:34.0,12,26,7.1,1,2,869,right_to_left,Sydney FC,2,True,False,False,transition,4,defending_transition,11,-36.08,-14.08,4,half_space_right,1,defensive_third,False,3.42,-9.9,4,half_space_right,2,middle_third,False,30.35,32.74,27.38,50.02,39.09,44.54,71.04,62.14
57,2013725,11580,11828,12:34.0,12:58.8,12,34,24.8,1,1,1803,left_to_right,Western United,7,False,False,False,create,1,medium_block,9,-4.1,9.44,2,half_space_left,2,middle_third,False,10.89,31.38,1,wide_left,2,middle_third,False,44.6,49.83,62.01,61.48,32.74,35.16,50.09,42.06
58,2013725,11828,11861,12:58.8,13:02.1,12,58,3.3,1,1,1803,left_to_right,Western United,1,False,False,False,finish,2,low_block,8,10.99,31.2,1,wide_left,2,middle_third,False,5.29,12.09,2,half_space_left,2,middle_third,False,49.4,41.43,61.82,63.81,34.89,31.03,41.92,35.77
59,2013725,11861,11912,13:02.1,13:07.2,13,2,5.1,1,1,1803,left_to_right,Western United,1,True,False,False,create,1,medium_block,9,4.86,11.3,2,half_space_left,2,middle_third,False,13.13,-6.36,3,center,2,middle_third,False,41.77,52.67,63.62,57.52,30.98,32.24,35.84,37.19
60,2013725,11912,12008,13:07.2,13:16.8,13,7,9.6,1,2,869,right_to_left,Sydney FC,2,True,False,True,transition,4,defending_transition,11,-13.66,6.56,3,center,2,middle_third,False,45.23,-1.28,3,center,3,attacking_third,True,32.25,36.48,37.19,71.31,52.7,25.13,57.71,54.97
61,2013725,12320,12587,13:48.0,14:14.7,13,48,26.7,1,1,1803,left_to_right,Western United,8,False,False,False,create,1,medium_block,9,,,2,half_space_left,2,middle_third,False,24.59,-2.5,3,center,3,attacking_third,False,,50.12,,60.54,,31.81,,45.06
62,2013725,12587,12598,14:14.7,14:15.8,14,14,1.1,1,1,1803,left_to_right,Western United,1,False,False,False,finish,2,low_block,8,24.68,-2.5,3,center,3,attacking_third,False,24.5,-0.08,3,center,3,attacking_third,False,49.8,46.51,60.52,60.08,31.61,29.4,45.13,45.69
63,2013725,12922,12964,14:48.2,14:52.4,14,48,4.2,1,1,1803,left_to_right,Western United,1,False,False,False,direct,6,defending_direct,15,,,2,half_space_left,2,middle_third,False,-3.22,17.99,2,half_space_left,2,middle_third,False,,34.68,,42.19,,38.39,,55.44
64,2013725,12964,13007,14:52.4,14:56.7,14,52,4.3,1,1,1803,left_to_right,Western United,1,True,False,False,create,1,medium_block,9,-2.81,17.86,2,half_space_left,2,middle_third,False,1.49,-11.29,4,half_space_right,2,middle_third,False,34.73,35.48,42.05,44.02,38.34,35.53,55.28,54.29
65,2013725,13007,13039,14:56.7,14:59.9,14,56,3.2,1,2,869,right_to_left,Sydney FC,2,False,False,False,chaotic,5,chaotic,5,-1.74,11.56,2,half_space_left,2,middle_third,False,-12.79,10.58,2,half_space_left,2,middle_third,False,35.74,51.89,54.33,58.2,35.37,34.75,44.23,48.06
66,2013725,13039,13063,14:59.9,15:02.3,14,59,2.4,1,2,869,right_to_left,Sydney FC,1,True,False,False,direct,6,defending_direct,15,-12.54,10.57,2,half_space_left,2,middle_third,False,19.76,-15.66,4,half_space_right,3,attacking_third,False,52.42,55.85,58.16,56.12,34.8,35.42,47.96,47.59
67,2013725,13063,13098,15:02.3,15:05.8,15,2,3.5,1,1,1803,left_to_right,Western United,2,False,False,False,create,1,medium_block,9,-20.34,16.63,2,half_space_left,1,defensive_third,False,-18.95,9.98,2,half_space_left,1,defensive_third,False,35.37,41.8,47.66,47.76,55.66,37.86,56.05,55.72
68,2013725,13098,13209,15:05.8,15:16.9,15,5,11.1,1,1,1803,left_to_right,Western United,4,False,False,False,build_up,0,high_block,10,-20.5,9.78,2,half_space_left,1,defensive_third,False,-20.05,6.83,3,center,1,defensive_third,False,42.06,54.39,47.7,50.84,37.7,33.45,55.99,63.76
69,2013725,13209,13271,15:16.9,15:23.1,15,16,6.2,1,1,1803,left_to_right,Western United,2,False,False,False,create,1,medium_block,9,-18.3,6.51,3,center,1,defensive_third,False,16.87,-26.12,5,wide_right,2,middle_third,False,54.3,43.24,50.97,62.88,33.34,24.04,63.69,57.52
70,2013725,13271,13387,15:23.1,15:34.7,15,23,11.6,1,1,1803,left_to_right,Western United,3,False,False,False,finish,2,low_block,8,17.64,-26.3,5,wide_right,2,middle_third,False,45.26,23.62,1,wide_left,3,attacking_third,False,43.12,35.13,63.25,71.2,24.34,30.77,57.36,21.6
71,2013725,13712,13733,16:07.2,16:09.3,16,7,2.1,1,1,1803,left_to_right,Western United,2,True,False,True,set_play,7,defending_set_play,13,50.71,29.26,1,wide_left,3,attacking_third,False,49.49,-0.5,3,center,3,attacking_third,True,39.3,37.12,68.89,68.98,11.5,12.03,14.48,15.63
72,2013725,14049,14114,16:40.9,16:47.4,16,40,6.5,1,2,869,right_to_left,Sydney FC,1,True,False,False,direct,6,defending_direct,15,-41.12,6.48,3,center,1,defensive_third,False,0.73,21.61,1,wide_left,2,middle_third,False,29.49,22.85,63.48,57.21,24.64,22.6,44.82,51.12
73,2013725,14114,14149,16:47.4,16:50.9,16,47,3.5,1,1,1803,left_to_right,Western United,1,True,False,False,chaotic,5,chaotic,5,-1.12,-21.32,5,wide_right,2,middle_third,False,11.15,-5.45,3,center,2,middle_third,False,22.52,22.09,51.1,51.19,22.72,19.44,56.89,50.5
74,2013725,14149,14233,16:50.9,16:59.3,16,50,8.4,1,2,869,right_to_left,Sydney FC,3,False,False,True,create,1,medium_block,9,-11.3,5.51,3,center,2,middle_third,False,24.38,9.97,2,half_space_left,3,attacking_third,False,19.3,29.95,50.42,60.99,22.03,27.1,51.24,44.85
75,2013725,14233,14244,16:59.3,17:00.4,16,59,1.1,1,2,869,right_to_left,Sydney FC,1,False,False,False,finish,2,low_block,8,24.83,10.27,2,half_space_left,3,attacking_third,False,45.19,6.74,3,center,3,attacking_third,True,30.04,31.04,61.26,64.62,27.27,28.86,44.82,45.34
76,2013725,14550,14735,17:31.0,17:49.5,17,31,18.5,1,2,869,right_to_left,Sydney FC,5,True,False,False,set_play,7,defending_set_play,13,,,2,half_space_left,2,middle_third,False,37.22,37.12,1,wide_left,3,attacking_third,False,,37.75,,62.24,,38.9,,26.05
77,2013725,14935,14945,18:09.5,18:10.5,18,9,1.0,1,1,1803,left_to_right,Western United,1,True,False,False,chaotic,5,chaotic,5,-29.33,-30.68,5,wide_right,1,defensive_third,False,-22.82,-23.0,5,wide_right,1,defensive_third,False,37.73,36.71,34.55,35.85,21.75,20.84,66.5,65.19
78,2013725,14945,14952,18:10.5,18:11.2,18,10,0.7,1,2,869,right_to_left,Sydney FC,1,True,False,False,chaotic,5,chaotic,5,22.74,22.66,1,wide_left,3,attacking_third,False,26.37,24.11,1,wide_left,3,attacking_third,False,20.86,21.11,65.08,64.19,36.49,34.75,35.93,36.45
79,2013725,14952,14977,18:11.2,18:13.7,18,11,2.5,1,1,1803,left_to_right,Western United,1,True,False,False,chaotic,5,chaotic,5,-26.74,-24.69,5,wide_right,1,defensive_third,False,1.64,-17.66,4,half_space_right,2,middle_third,False,34.43,29.69,36.56,41.33,21.12,22.89,63.95,59.47
80,2013725,14977,15044,18:13.7,18:20.4,18,13,6.7,1,2,869,right_to_left,Sydney FC,2,False,False,False,create,1,medium_block,9,-2.21,17.59,2,half_space_left,2,middle_third,False,-9.03,-6.77,3,center,2,middle_third,False,23.14,39.31,59.31,53.08,29.59,27.76,41.57,48.7
81,2013725,15044,15066,18:20.4,18:22.6,18,20,2.2,1,2,869,right_to_left,Sydney FC,1,True,False,False,direct,6,defending_direct,15,-8.82,-6.72,3,center,2,middle_third,False,26.34,-7.34,3,center,3,attacking_third,False,39.42,37.23,53.34,63.07,27.79,28.69,48.71,49.87
82,2013725,15066,15398,18:22.6,18:55.8,18,22,33.2,1,1,1803,left_to_right,Western United,5,True,False,False,create,1,medium_block,9,-27.6,7.09,3,center,1,defensive_third,False,24.61,17.54,2,half_space_left,3,attacking_third,False,28.86,43.86,49.99,65.66,37.49,34.3,63.29,47.49
83,2013725,15398,15439,18:55.8,18:59.9,18,55,4.1,1,2,869,right_to_left,Sydney FC,1,False,False,False,chaotic,5,chaotic,5,-25.26,-16.5,4,half_space_right,1,defensive_third,False,-8.15,-13.55,4,half_space_right,2,middle_third,False,34.13,35.69,47.57,47.04,43.47,26.01,65.84,60.3
84,2013725,15677,15725,19:23.7,19:28.5,19,23,4.8,1,2,869,right_to_left,Sydney FC,3,False,False,True,set_play,7,defending_set_play,13,,,2,half_space_left,2,middle_third,False,51.71,11.98,2,half_space_left,3,attacking_third,True,,36.35,,75.58,,26.89,,49.8
85,2013725,15968,16082,19:52.8,20:04.2,19,52,11.4,1,2,869,right_to_left,Sydney FC,5,True,False,False,set_play,7,defending_set_play,13,49.78,34.0,1,wide_left,3,attacking_third,False,-52.36,6.23,3,center,1,defensive_third,False,41.07,27.36,70.74,21.37,29.53,34.8,12.74,70.54
86,2013725,16082,16293,20:04.2,20:25.3,20,4,21.1,1,1,1803,left_to_right,Western United,3,False,False,False,build_up,0,high_block,10,-52.51,6.08,3,center,1,defensive_third,False,-20.3,-15.96,4,half_space_right,1,defensive_third,False,27.28,56.24,21.97,42.97,34.58,34.88,70.96,50.55
87,2013725,16293,16485,20:25.3,20:44.5,20,25,19.2,1,1,1803,left_to_right,Western United,6,False,False,False,create,1,medium_block,9,-19.97,-16.04,4,half_space_right,1,defensive_third,False,-19.76,-27.38,5,wide_right,1,defensive_third,False,56.3,47.48,43.12,48.4,34.9,33.89,50.48,52.83
88,2013725,16485,16589,20:44.5,20:54.9,20,44,10.4,1,1,1803,left_to_right,Western United,4,False,False,False,build_up,0,high_block,10,-20.33,-27.37,5,wide_right,1,defensive_third,False,-20.61,32.48,1,wide_left,1,defensive_third,False,47.43,54.64,48.63,47.15,33.98,43.37,53.27,67.2
89,2013725,16589,16625,20:54.9,20:58.5,20,54,3.6,1,1,1803,left_to_right,Western United,1,True,False,False,create,1,medium_block,9,-19.43,32.41,1,wide_left,1,defensive_third,False,-4.17,25.01,1,wide_left,2,middle_third,False,54.38,44.02,46.97,48.21,43.07,35.04,67.07,61.93
90,2013725,16688,16853,21:04.8,21:21.3,21,4,16.5,1,2,869,right_to_left,Sydney FC,9,True,False,False,create,1,medium_block,9,9.76,-25.35,5,wide_right,2,middle_third,False,-4.74,-23.19,5,wide_right,2,middle_third,False,44.13,61.32,54.89,47.65,36.48,34.42,39.73,56.61
91,2013725,16853,16887,21:21.3,21:24.7,21,21,3.4,1,1,1803,left_to_right,Western United,1,True,False,False,chaotic,5,chaotic,5,3.93,23.26,1,wide_left,2,middle_third,False,-17.26,16.44,2,half_space_left,2,middle_third,False,34.31,32.51,56.56,54.76,61.43,58.26,47.82,59.79
92,2013725,16887,16901,21:24.7,21:26.1,21,24,1.4,1,2,869,right_to_left,Sydney FC,1,False,False,False,create,1,medium_block,9,18.93,-15.94,4,half_space_right,3,attacking_third,False,26.29,-14.41,4,half_space_right,3,attacking_third,False,58.0,52.07,60.32,66.84,32.43,31.03,54.8,54.85
93,2013725,16901,16951,21:26.1,21:31.1,21,26,5.0,1,2,869,right_to_left,Sydney FC,1,False,False,False,finish,2,low_block,8,26.36,-13.97,4,half_space_right,3,attacking_third,False,37.06,16.3,2,half_space_left,3,attacking_third,True,51.61,37.63,67.18,68.89,30.9,30.9,54.85,54.04
94,2013725,17256,17456,22:01.6,22:21.6,22,1,20.0,1,2,869,right_to_left,Sydney FC,8,True,False,False,set_play,7,defending_set_play,13,50.46,34.3,1,wide_left,3,attacking_third,False,-48.53,-15.04,4,half_space_right,1,defensive_third,False,47.26,20.9,69.21,35.83,31.41,35.79,15.38,61.42
95,2013725,17456,17753,22:21.6,22:51.3,22,21,29.7,1,1,1803,left_to_right,Western United,8,False,False,False,build_up,0,high_block,10,-48.48,-15.03,4,half_space_right,1,defensive_third,False,-20.03,-31.47,5,wide_right,1,defensive_third,False,20.74,56.88,35.9,49.51,35.74,44.92,61.2,72.06
96,2013725,17753,17763,22:51.3,22:52.3,22,51,1.0,1,1,1803,left_to_right,Western United,1,True,False,False,create,1,medium_block,9,-19.45,-31.49,5,wide_right,1,defensive_third,False,-16.58,-31.69,5,wide_right,2,middle_third,False,57.0,57.23,49.52,49.61,44.87,43.62,71.8,69.4
97,2013725,17763,17875,22:52.3,23:03.5,22,52,11.2,1,2,869,right_to_left,Sydney FC,3,False,False,False,quick_break,3,defending_quick_break,12,16.41,31.64,1,wide_left,2,middle_third,False,53.01,32.98,1,wide_left,3,attacking_third,False,43.7,41.24,69.11,81.55,57.13,44.7,49.6,43.7
98,2013725,17985,18050,23:14.5,23:21.0,23,14,6.5,1,2,869,right_to_left,Sydney FC,1,False,False,False,set_play,7,defending_set_play,13,,,2,half_space_left,2,middle_third,False,,,2,half_space_left,2,middle_third,False,,,,,,,,
99,2013725,18050,18071,23:21.0,23:23.1,23,21,2.1,1,2,869,right_to_left,Sydney FC,1,True,False,False,create,1,medium_block,9,1.81,2.55,3,center,2,middle_third,False,14.51,11.91,2,half_space_left,2,middle_third,False,40.3,43.89,57.83,54.63,31.31,32.86,36.59,40.51
100,2013725,18071,18123,23:23.1,23:28.3,23,23,5.2,1,1,1803,left_to_right,Western United,2,False,False,False,chaotic,5,chaotic,5,-14.83,-12.23,4,half_space_right,2,middle_third,False,4.72,11.69,2,half_space_left,2,middle_third,False,32.72,35.52,40.58,52.47,43.91,37.34,54.57,56.24
101,2013725,18184,18426,23:34.4,23:58.6,23,34,24.2,1,1,1803,left_to_right,Western United,8,False,False,False,create,1,medium_block,9,-16.72,32.74,1,wide_left,2,middle_third,False,-11.71,-17.81,4,half_space_right,2,middle_third,False,54.64,59.04,57.94,52.7,39.99,37.2,50.02,47.83
102,2013725,18426,18458,23:58.6,24:01.8,23,58,3.2,1,1,1803,left_to_right,Western United,1,True,False,False,direct,6,defending_direct,15,-11.33,-18.02,4,half_space_right,2,middle_third,False,27.58,-10.39,4,half_space_right,3,attacking_third,False,58.98,48.73,53.21,65.27,37.18,34.04,47.85,48.59
103,2013725,18458,18577,24:01.8,24:13.7,24,1,11.9,1,2,869,right_to_left,Sydney FC,4,True,False,False,create,1,medium_block,9,-28.02,10.12,2,half_space_left,1,defensive_third,False,15.02,24.78,1,wide_left,2,middle_third,False,33.87,39.56,48.7,60.76,48.23,33.88,65.39,52.42
104,2013725,18890,19054,24:45.0,25:01.4,24,45,16.4,1,1,1803,left_to_right,Western United,6,True,False,False,create,1,medium_block,9,,,2,half_space_left,2,middle_third,False,28.66,-27.6,5,wide_right,3,attacking_third,False,,48.01,,65.94,,38.2,,46.13
105,2013725,19054,19113,25:01.4,25:07.3,25,1,5.9,1,2,869,right_to_left,Sydney FC,1,False,False,False,chaotic,5,chaotic,5,-28.71,28.18,1,wide_left,1,defensive_third,False,-6.34,32.39,1,wide_left,2,middle_third,False,38.55,43.8,46.29,50.84,48.29,35.52,66.1,58.13
106,2013725,19144,19154,25:10.4,25:11.4,25,10,1.0,1,2,869,right_to_left,Sydney FC,1,True,False,False,chaotic,5,chaotic,5,-9.12,27.42,1,wide_left,2,middle_third,False,-12.25,26.01,1,wide_left,2,middle_third,False,45.52,45.95,52.74,52.62,32.33,32.07,53.76,54.15
107,2013725,19154,19169,25:11.4,25:12.9,25,11,1.5,1,1,1803,left_to_right,Western United,1,True,False,False,chaotic,5,chaotic,5,12.72,-26.03,5,wide_right,2,middle_third,False,14.22,-25.61,5,wide_right,2,middle_third,False,32.07,32.24,54.21,54.55,46.11,45.79,52.52,51.07
108,2013725,19169,19436,25:12.9,25:39.6,25,12,26.7,1,2,869,right_to_left,Sydney FC,7,True,False,False,create,1,medium_block,9,-14.34,25.57,1,wide_left,2,middle_third,False,-7.47,-32.29,5,wide_right,2,middle_third,False,45.69,60.61,50.95,53.05,32.26,39.7,54.49,50.68
109,2013725,19436,19506,25:39.6,25:46.6,25,39,7.0,1,1,1803,left_to_right,Western United,1,True,False,False,quick_break,3,defending_quick_break,12,7.74,32.22,1,wide_left,2,middle_third,False,51.06,16.6,2,half_space_left,3,attacking_third,True,39.64,36.62,50.72,80.39,60.47,47.15,53.04,45.31
110,2013725,19506,19516,25:46.6,25:47.6,25,46,1.0,1,2,869,right_to_left,Sydney FC,1,True,False,False,chaotic,5,chaotic,5,-51.44,-16.61,4,half_space_right,1,defensive_third,False,-46.76,-26.77,5,wide_right,1,defensive_third,False,46.99,45.55,45.18,45.08,36.62,37.0,80.76,82.33
111,2013725,19736,19779,26:09.6,26:13.9,26,9,4.3,1,1,1803,left_to_right,Western United,2,True,False,False,chaotic,5,chaotic,5,27.43,25.5,1,wide_left,3,attacking_third,False,44.97,-1.32,3,center,3,attacking_third,True,32.61,35.49,64.88,61.37,26.85,25.2,26.57,28.56
112,2013725,19779,19932,26:13.9,26:29.2,26,13,15.3,1,2,869,right_to_left,Sydney FC,4,True,False,False,build_up,0,high_block,10,-45.34,1.46,3,center,1,defensive_third,False,-35.19,-22.95,5,wide_right,1,defensive_third,False,25.53,57.44,28.47,48.45,35.53,35.91,61.42,68.31
113,2013725,19932,19977,26:29.2,26:33.7,26,29,4.5,1,1,1803,left_to_right,Western United,1,True,False,False,quick_break,3,defending_quick_break,12,35.73,23.26,1,wide_left,3,attacking_third,False,49.48,25.69,1,wide_left,3,attacking_third,False,35.95,38.87,68.27,76.2,57.26,49.25,48.53,42.64
114,2013725,19977,20043,26:33.7,26:40.3,26,33,6.6,1,2,869,right_to_left,Sydney FC,2,False,False,False,build_up,0,high_block,10,-49.44,-25.24,5,wide_right,1,defensive_third,False,-30.68,-25.16,5,wide_right,1,defensive_third,False,48.92,46.69,42.46,38.78,38.9,33.89,76.09,68.34
115,2013725,20174,20285,26:53.4,27:04.5,26,53,11.1,1,2,869,right_to_left,Sydney FC,6,False,False,False,build_up,0,high_block,10,-35.46,-13.85,4,half_space_right,1,defensive_third,False,-20.14,1.89,3,center,1,defensive_third,False,58.44,54.3,36.0,44.55,36.45,35.93,56.81,67.25
116,2013725,20285,20313,27:04.5,27:07.3,27,4,2.8,1,2,869,right_to_left,Sydney FC,1,False,False,False,create,1,medium_block,9,-19.85,1.47,3,center,1,defensive_third,False,-15.61,-6.91,3,center,2,middle_third,False,53.98,43.83,44.35,48.51,35.72,34.73,67.09,62.65
117,2013725,20617,20749,27:37.7,27:50.9,27,37,13.2,1,2,869,right_to_left,Sydney FC,7,False,False,False,create,1,medium_block,9,,,2,half_space_left,2,middle_third,False,-19.62,-1.62,3,center,1,defensive_third,False,,67.02,,47.46,,37.81,,51.25
118,2013725,20749,20773,27:50.9,27:53.3,27,50,2.4,1,2,869,right_to_left,Sydney FC,1,False,False,False,build_up,0,high_block,10,-20.6,-0.67,3,center,1,defensive_third,False,-20.11,9.46,2,half_space_left,1,defensive_third,False,67.05,64.02,47.43,47.39,37.86,38.36,51.56,60.52
119,2013725,20773,20777,27:53.3,27:53.7,27,53,0.4,1,2,869,right_to_left,Sydney FC,1,False,False,False,create,1,medium_block,9,-19.49,9.81,2,half_space_left,1,defensive_third,False,-19.96,11.7,2,half_space_left,1,defensive_third,False,63.75,63.03,47.37,47.28,38.33,38.31,60.65,60.72
120,2013725,20777,20799,27:53.7,27:55.9,27,53,2.2,1,2,869,right_to_left,Sydney FC,1,False,False,False,build_up,0,high_block,10,-20.65,12.68,2,half_space_left,1,defensive_third,False,-21.27,24.54,1,wide_left,1,defensive_third,False,62.82,60.79,47.24,47.36,38.33,40.99,60.69,58.35
121,2013725,20799,20807,27:55.9,27:56.7,27,55,0.8,1,2,869,right_to_left,Sydney FC,0,True,False,False,create,1,medium_block,9,-18.89,24.41,1,wide_left,1,defensive_third,False,-5.25,22.3,1,wide_left,2,middle_third,False,60.72,60.08,47.46,48.07,41.02,41.02,58.25,57.38
122,2013725,20807,20851,27:56.7,28:01.1,27,56,4.4,1,1,1803,left_to_right,Western United,3,True,False,False,create,1,medium_block,9,5.13,-22.27,5,wide_right,2,middle_third,False,19.23,-27.55,5,wide_right,3,attacking_third,False,40.99,41.33,57.27,56.92,59.93,44.42,48.18,46.77
123,2013725,20851,20888,28:01.1,28:04.8,28,1,3.7,1,2,869,right_to_left,Sydney FC,1,False,False,False,chaotic,5,chaotic,5,-19.29,27.75,1,wide_left,1,defensive_third,False,-26.3,32.65,1,wide_left,1,defensive_third,False,44.26,42.88,46.68,43.07,41.28,37.72,57.08,62.98
124,2013725,21288,21311,28:44.8,28:47.1,28,44,2.3,1,2,869,right_to_left,Sydney FC,2,True,False,False,chaotic,5,chaotic,5,-19.24,33.28,1,wide_left,1,defensive_third,False,5.08,27.7,1,wide_left,2,middle_third,False,28.9,27.8,45.3,52.45,23.37,22.97,54.71,54.38
125,2013725,21311,21321,28:47.1,28:48.1,28,47,1.0,1,1,1803,left_to_right,Western United,1,False,False,False,chaotic,5,chaotic,5,-5.71,-27.75,5,wide_right,2,middle_third,False,2.67,-30.05,5,wide_right,2,middle_third,False,22.99,22.89,54.38,54.68,27.81,27.89,52.56,51.86
126,2013725,21622,21759,29:18.2,29:31.9,29,18,13.7,1,1,1803,left_to_right,Western United,5,False,False,True,finish,2,low_block,8,21.17,-34.81,5,wide_right,3,attacking_third,False,5.53,4.65,3,center,2,middle_third,False,33.25,38.27,64.31,62.53,28.25,36.58,37.8,35.85
127,2013725,21759,21796,29:31.9,29:35.6,29,31,3.7,1,1,1803,left_to_right,Western United,1,False,False,False,create,1,medium_block,9,4.9,4.09,3,center,2,middle_third,False,-19.57,-1.83,3,center,1,defensive_third,False,38.5,45.59,62.19,50.79,36.64,36.44,36.08,49.92
128,2013725,21796,21908,29:35.6,29:46.8,29,35,11.2,1,1,1803,left_to_right,Western United,4,False,False,False,build_up,0,high_block,10,-20.26,-1.69,3,center,1,defensive_third,False,-20.06,-34.31,5,wide_right,1,defensive_third,False,45.93,52.26,50.39,41.51,36.52,43.1,50.38,59.28
129,2013725,21908,21915,29:46.8,29:47.5,29,46,0.7,1,1,1803,left_to_right,Western United,0,True,False,False,create,1,medium_block,9,-19.97,-34.35,5,wide_right,1,defensive_third,False,-20.02,-33.98,5,wide_right,1,defensive_third,False,52.16,51.09,41.44,41.07,43.09,42.89,59.36,60.12
130,2013725,21930,22003,29:49.0,29:56.3,29,49,7.3,1,2,869,right_to_left,Sydney FC,5,False,False,False,finish,2,low_block,8,21.25,34.51,1,wide_left,3,attacking_third,False,5.78,32.05,1,wide_left,2,middle_third,False,42.6,46.07,60.74,56.12,45.31,35.94,39.59,36.07
131,2013725,22003,22088,29:56.3,30:04.8,29,56,8.5,1,2,869,right_to_left,Sydney FC,3,False,False,False,create,1,medium_block,9,5.51,32.0,1,wide_left,2,middle_third,False,14.01,37.19,1,wide_left,2,middle_third,False,46.35,55.11,56.12,54.25,36.21,41.2,36.2,45.66
132,2013725,22127,22292,30:08.7,30:25.2,30,8,16.5,1,2,869,right_to_left,Sydney FC,7,False,False,False,create,1,medium_block,9,3.67,32.27,1,wide_left,2,middle_third,False,-19.96,30.09,1,wide_left,1,defensive_third,False,52.25,56.58,53.34,51.1,34.73,36.77,41.46,56.41
133,2013725,22292,22318,30:25.2,30:27.8,30,25,2.6,1,2,869,right_to_left,Sydney FC,1,True,False,False,build_up,0,high_block,10,-20.85,30.42,1,wide_left,1,defensive_third,False,-26.28,34.51,1,wide_left,1,defensive_third,False,56.47,52.89,51.0,48.54,36.9,36.86,56.56,59.6
134,2013725,22318,22347,30:27.8,30:30.7,30,27,2.9,1,1,1803,left_to_right,Western United,2,True,False,False,chaotic,5,chaotic,5,26.36,-34.4,5,wide_right,3,attacking_third,False,32.34,-26.54,5,wide_right,3,attacking_third,False,36.81,34.83,59.64,64.46,52.72,46.9,48.45,45.33
135,2013725,22347,22407,30:30.7,30:36.7,30,30,6.0,1,2,869,right_to_left,Sydney FC,3,True,False,False,chaotic,5,chaotic,5,-32.46,26.5,1,wide_left,1,defensive_third,False,-4.92,3.42,3,center,2,middle_third,False,46.75,45.18,45.23,55.56,34.75,28.47,64.62,63.14
136,2013725,22407,22442,30:36.7,30:40.2,30,36,3.5,1,1,1803,left_to_right,Western United,2,False,False,True,create,1,medium_block,9,4.64,-3.27,3,center,2,middle_third,False,20.58,18.04,2,half_space_left,3,attacking_third,False,28.61,36.35,63.11,64.28,45.16,36.46,55.78,57.75
137,2013725,22442,22520,30:40.2,30:48.0,30,40,7.8,1,1,1803,left_to_right,Western United,2,True,False,True,finish,2,low_block,8,21.14,18.48,2,half_space_left,3,attacking_third,False,51.01,-0.94,3,center,3,attacking_third,True,36.57,24.0,64.5,79.62,35.96,22.77,57.74,49.9
138,2013725,22917,22927,31:27.7,31:28.7,31,27,1.0,1,2,869,right_to_left,Sydney FC,1,True,False,False,direct,6,defending_direct,15,-40.38,11.51,2,half_space_left,1,defensive_third,False,-20.06,18.52,2,half_space_left,1,defensive_third,False,28.07,27.61,57.92,56.51,26.17,26.42,43.57,44.3
139,2013725,23141,23173,31:50.1,31:53.3,31,50,3.2,1,1,1803,left_to_right,Western United,1,True,False,False,chaotic,5,chaotic,5,-10.2,-33.75,5,wide_right,2,middle_third,False,11.76,-27.18,5,wide_right,2,middle_third,False,37.49,33.71,54.16,52.95,24.92,27.23,48.09,44.51
140,2013725,23173,23195,31:53.3,31:55.5,31,53,2.2,1,2,869,right_to_left,Sydney FC,2,False,False,False,create,1,medium_block,9,-11.89,26.98,1,wide_left,2,middle_third,False,-19.37,23.93,1,wide_left,1,defensive_third,False,27.32,28.47,44.48,44.99,33.37,26.02,52.63,53.43
141,2013725,23195,23238,31:55.5,31:59.8,31,55,4.3,1,2,869,right_to_left,Sydney FC,2,False,False,False,build_up,0,high_block,10,-20.17,23.91,1,wide_left,1,defensive_third,False,-48.33,8.12,3,center,1,defensive_third,False,28.41,35.48,44.94,48.43,25.81,30.68,53.86,77.28
142,2013725,23238,23261,31:59.8,32:02.1,31,59,2.3,1,2,869,right_to_left,Sydney FC,1,False,False,False,direct,6,defending_direct,15,-48.12,7.87,3,center,1,defensive_third,False,-8.27,-1.47,3,center,2,middle_third,False,35.75,38.74,48.35,48.48,30.87,31.43,77.73,79.4
143,2013725,23261,23341,32:02.1,32:10.1,32,2,8.0,1,2,869,right_to_left,Sydney FC,5,False,False,False,create,1,medium_block,9,-7.33,-1.74,3,center,2,middle_third,False,27.63,30.36,1,wide_left,3,attacking_third,False,38.72,37.26,48.65,65.28,31.23,39.07,79.25,63.2
144,2013725,23341,23534,32:10.1,32:29.4,32,10,19.3,1,2,869,right_to_left,Sydney FC,5,True,False,False,finish,2,low_block,8,28.31,30.4,1,wide_left,3,attacking_third,False,36.29,-3.61,3,center,3,attacking_third,False,37.38,36.0,65.65,64.95,38.8,19.59,62.97,22.56
145,2013725,23694,23855,32:45.4,33:01.5,32,45,16.1,1,1,1803,left_to_right,Western United,6,False,False,True,create,1,medium_block,9,,,2,half_space_left,2,middle_third,False,-7.06,32.66,1,wide_left,2,middle_third,False,,56.29,,54.6,,40.52,,51.23
146,2013725,23855,23882,33:01.5,33:04.2,33,1,2.7,1,1,1803,left_to_right,Western United,1,False,False,True,direct,6,defending_direct,15,-6.62,32.49,1,wide_left,2,middle_third,False,30.98,15.69,2,half_space_left,3,attacking_third,False,56.23,51.4,54.91,69.96,40.68,41.06,51.09,50.38
147,2013725,23882,23916,33:04.2,33:07.6,33,4,3.4,1,1,1803,left_to_right,Western United,1,True,False,True,finish,2,low_block,8,31.94,15.16,2,half_space_left,3,attacking_third,False,52.56,5.56,3,center,3,attacking_third,True,51.12,42.0,70.5,85.96,41.08,41.28,50.29,54.89
148,2013725,24265,24266,33:42.5,33:42.6,33,42,0.1,1,2,869,right_to_left,Sydney FC,1,False,False,False,direct,6,defending_direct,15,,,2,half_space_left,2,middle_third,False,,,2,half_space_left,2,middle_third,False,,,,,,,,
149,2013725,24266,24300,33:42.6,33:46.0,33,42,3.4,1,2,869,right_to_left,Sydney FC,1,True,False,False,create,1,medium_block,9,,,2,half_space_left,2,middle_third,False,11.66,-24.87,5,wide_right,2,middle_third,False,,43.74,,56.43,,31.54,,47.27
150,2013725,24426,24435,33:58.6,33:59.5,33,58,0.9,1,1,1803,left_to_right,Western United,1,False,False,False,create,1,medium_block,9,-11.07,32.75,1,wide_left,2,middle_third,False,-19.78,27.98,1,wide_left,1,defensive_third,False,47.37,47.65,54.17,54.41,33.73,33.42,52.82,54.21
151,2013725,24435,24487,33:59.5,34:04.7,33,59,5.2,1,1,1803,left_to_right,Western United,2,False,False,False,build_up,0,high_block,10,-20.92,27.56,1,wide_left,1,defensive_third,False,-46.24,4.41,3,center,1,defensive_third,False,47.69,58.57,54.44,49.04,33.45,40.62,54.55,75.87
152,2013725,24487,24509,34:04.7,34:06.9,34,4,2.2,1,1,1803,left_to_right,Western United,1,True,False,False,direct,6,defending_direct,15,-45.75,3.88,3,center,1,defensive_third,False,-7.06,-2.17,3,center,2,middle_third,False,58.77,57.25,48.86,47.77,40.81,41.7,75.94,73.1
153,2013725,24509,24872,34:06.9,34:43.2,34,6,36.3,1,2,869,right_to_left,Sydney FC,10,False,False,False,create,1,medium_block,9,6.06,1.52,3,center,2,middle_third,False,30.0,-29.92,5,wide_right,3,attacking_third,False,41.58,60.02,72.99,63.52,56.89,41.8,47.74,48.4
154,2013725,24872,24929,34:43.2,34:48.9,34,43,5.7,1,2,869,right_to_left,Sydney FC,1,False,False,False,finish,2,low_block,8,30.84,-30.09,5,wide_right,3,attacking_third,False,38.86,-27.8,5,wide_right,3,attacking_third,False,59.5,42.82,64.19,74.59,41.75,35.34,48.37,37.18
155,2013725,24988,25001,34:54.8,34:56.1,34,54,1.3,1,2,869,right_to_left,Sydney FC,1,True,False,False,chaotic,5,chaotic,5,38.6,-33.27,5,wide_right,3,attacking_third,False,48.36,-30.72,5,wide_right,3,attacking_third,False,45.16,44.77,73.67,74.74,30.57,30.68,28.33,27.6
156,2013725,25001,25011,34:56.1,34:57.1,34,56,1.0,1,1,1803,left_to_right,Western United,1,True,False,False,chaotic,5,chaotic,5,-48.51,30.66,1,wide_left,1,defensive_third,False,-45.78,32.56,1,wide_left,1,defensive_third,False,30.72,30.98,27.55,26.78,44.68,43.52,74.73,74.05
157,2013725,25085,25195,35:04.5,35:15.5,35,4,11.0,1,2,869,right_to_left,Sydney FC,5,True,False,False,finish,2,low_block,8,37.95,-34.25,5,wide_right,3,attacking_third,False,23.08,-23.64,5,wide_right,3,attacking_third,False,47.3,56.79,65.93,56.88,31.67,33.4,19.78,31.45
158,2013725,25624,25969,35:58.4,36:32.9,35,58,34.5,1,1,1803,left_to_right,Western United,10,True,False,False,build_up,0,high_block,10,-44.85,11.02,2,half_space_left,1,defensive_third,False,-25.28,-17.54,4,half_space_right,1,defensive_third,False,34.74,45.89,43.0,41.72,45.84,34.39,58.64,59.56
159,2013725,25969,26024,36:32.9,36:38.4,36,32,5.5,1,2,869,right_to_left,Sydney FC,1,False,False,False,finish,2,low_block,8,24.97,17.66,2,half_space_left,3,attacking_third,False,5.46,30.12,1,wide_left,2,middle_third,False,34.12,46.56,59.58,60.01,45.34,37.18,41.92,42.05
160,2013725,26024,26216,36:38.4,36:57.6,36,38,19.2,1,2,869,right_to_left,Sydney FC,8,True,False,False,create,1,medium_block,9,4.92,30.19,1,wide_left,2,middle_third,False,-4.18,32.01,1,wide_left,2,middle_third,False,46.85,56.82,59.9,49.33,37.02,44.54,42.03,51.43
161,2013725,26216,26300,36:57.6,37:06.0,36,57,8.4,1,1,1803,left_to_right,Western United,5,False,False,True,create,1,medium_block,9,4.43,-31.64,5,wide_right,2,middle_third,False,21.57,3.83,3,center,3,attacking_third,False,44.39,38.58,51.21,62.42,56.57,35.86,49.44,50.25
162,2013725,26300,26326,37:06.0,37:08.6,37,6,2.6,1,1,1803,left_to_right,Western United,1,True,False,False,finish,2,low_block,8,21.76,3.74,3,center,3,attacking_third,False,47.3,3.12,3,center,3,attacking_third,True,38.43,36.49,62.63,71.27,35.51,27.66,50.28,47.26
163,2013725,26677,26715,37:43.7,37:47.5,37,43,3.8,1,2,869,right_to_left,Sydney FC,1,True,False,False,direct,6,defending_direct,15,-35.06,-13.83,4,half_space_right,1,defensive_third,False,15.81,-24.78,5,wide_right,2,middle_third,False,42.19,38.55,57.96,64.17,27.85,29.77,45.28,48.91
164,2013725,26715,26737,37:47.5,37:49.7,37,47,2.2,1,1,1803,left_to_right,Western United,1,True,False,False,chaotic,5,chaotic,5,-16.14,24.9,1,wide_left,2,middle_third,False,-3.61,22.37,1,wide_left,2,middle_third,False,29.77,30.57,48.98,50.13,38.41,35.34,64.35,60.56
165,2013725,26737,26783,37:49.7,37:54.3,37,49,4.6,1,2,869,right_to_left,Sydney FC,1,True,False,False,chaotic,5,chaotic,5,2.46,-21.73,5,wide_right,2,middle_third,False,9.04,-2.22,3,center,2,middle_third,False,35.23,32.56,60.18,56.12,30.62,27.28,50.13,50.17
166,2013725,26783,26828,37:54.3,37:58.8,37,54,4.5,1,1,1803,left_to_right,Western United,1,True,False,False,chaotic,5,chaotic,5,-9.72,2.12,3,center,2,middle_third,False,7.39,-10.22,4,half_space_right,2,middle_third,False,27.1,26.24,50.06,51.22,32.4,35.48,56.15,54.17
167,2013725,26828,26883,37:58.8,38:04.3,37,58,5.5,1,2,869,right_to_left,Sydney FC,3,False,False,False,create,1,medium_block,9,-7.75,10.66,2,half_space_left,2,middle_third,False,-19.43,23.45,1,wide_left,1,defensive_third,False,35.99,51.43,54.18,51.97,26.59,37.3,51.03,54.95
168,2013725,26883,26932,38:04.3,38:09.2,38,4,4.9,1,2,869,right_to_left,Sydney FC,1,False,False,False,build_up,0,high_block,10,-20.15,22.54,1,wide_left,1,defensive_third,False,-20.85,9.59,2,half_space_left,1,defensive_third,False,51.73,54.58,51.85,47.53,37.36,37.81,55.46,62.0
169,2013725,26932,26951,38:09.2,38:11.1,38,9,1.9,1,2,869,right_to_left,Sydney FC,0,True,False,False,create,1,medium_block,9,-19.33,7.9,3,center,1,defensive_third,False,-3.84,-17.27,4,half_space_right,2,middle_third,False,54.5,54.98,47.62,51.83,38.05,44.33,61.64,58.73
170,2013725,26951,27024,38:11.1,38:18.4,38,11,7.3,1,1,1803,left_to_right,Western United,2,True,False,False,quick_break,3,defending_quick_break,12,3.88,18.28,2,half_space_left,2,middle_third,False,29.95,12.61,2,half_space_left,3,attacking_third,False,44.65,41.35,58.72,71.65,54.93,40.55,52.1,47.06
171,2013725,27024,27118,38:18.4,38:27.8,38,18,9.4,1,2,869,right_to_left,Sydney FC,2,True,False,True,transition,4,defending_transition,11,-29.81,-12.35,4,half_space_right,1,defensive_third,False,44.43,8.37,3,center,3,attacking_third,True,40.38,33.24,46.83,76.42,41.27,36.51,71.45,66.17
172,2013725,27118,27199,38:27.8,38:35.9,38,27,8.1,1,1,1803,left_to_right,Western United,3,False,False,False,build_up,0,high_block,10,-44.32,-7.94,3,center,1,defensive_third,False,-46.99,10.57,2,half_space_left,1,defensive_third,False,36.56,41.54,65.94,44.16,33.16,38.81,76.63,76.4
173,2013725,27199,27231,38:35.9,38:39.1,38,35,3.2,1,1,1803,left_to_right,Western United,1,True,False,False,direct,6,defending_direct,15,-46.42,10.91,2,half_space_left,1,defensive_third,False,-6.8,18.54,2,half_space_left,2,middle_third,False,41.52,34.57,44.18,46.13,38.92,36.3,76.38,72.2
174,2013725,27231,27282,38:39.1,38:44.2,38,39,5.1,1,2,869,right_to_left,Sydney FC,2,True,False,False,chaotic,5,chaotic,5,6.35,-18.49,4,half_space_right,2,middle_third,False,9.2,-7.24,3,center,2,middle_third,False,36.15,50.5,72.07,65.82,34.26,33.38,46.1,38.88
175,2013725,27282,27356,38:44.2,38:51.6,38,44,7.4,1,1,1803,left_to_right,Western United,1,True,False,False,create,1,medium_block,9,-9.03,6.62,3,center,2,middle_third,False,14.34,-12.61,4,half_space_right,2,middle_third,False,33.32,38.14,38.58,67.07,50.69,56.62,65.76,61.52
176,2013725,27356,27417,38:51.6,38:57.7,38,51,6.1,1,2,869,right_to_left,Sydney FC,2,False,False,False,chaotic,5,chaotic,5,-13.95,13.05,2,half_space_left,2,middle_third,False,30.59,-8.18,3,center,3,attacking_third,False,56.68,51.15,61.36,73.9,38.12,31.62,67.13,64.91
177,2013725,28199,28399,40:15.9,40:35.9,40,15,20.0,1,2,869,right_to_left,Sydney FC,1,False,False,False,set_play,7,defending_set_play,13,33.88,-11.77,4,half_space_right,3,attacking_third,False,41.62,-16.0,4,half_space_right,3,attacking_third,True,23.53,42.0,64.97,68.72,14.81,58.04,12.19,41.22
178,2013725,28399,28439,40:35.9,40:39.9,40,35,4.0,1,2,869,right_to_left,Sydney FC,0,True,False,False,create,1,medium_block,9,41.66,-16.3,4,half_space_right,3,attacking_third,True,23.72,-11.59,4,half_space_right,3,attacking_third,False,42.06,37.96,68.6,63.09,58.0,49.88,41.25,46.92
179,2013725,28439,28494,40:39.9,40:45.4,40,39,5.5,1,1,1803,left_to_right,Western United,3,True,False,False,chaotic,5,chaotic,5,-23.93,11.02,2,half_space_left,1,defensive_third,False,-15.5,-6.03,3,center,2,middle_third,False,49.46,35.52,46.97,49.93,37.71,27.1,62.93,58.17
180,2013725,28494,28541,40:45.4,40:50.1,40,45,4.7,1,2,869,right_to_left,Sydney FC,2,True,False,True,quick_break,3,defending_quick_break,12,15.62,6.51,3,center,2,middle_third,False,49.78,-4.04,3,center,3,attacking_third,True,26.83,27.01,58.12,69.22,35.46,23.19,50.05,49.44
181,2013725,28541,28777,40:50.1,41:13.7,40,50,23.6,1,1,1803,left_to_right,Western United,5,False,False,False,create,1,medium_block,9,-50.28,4.6,3,center,1,defensive_third,False,-3.67,30.93,1,wide_left,2,middle_third,False,23.14,58.01,49.52,49.61,27.02,40.07,69.4,55.36
182,2013725,28939,28967,41:29.9,41:32.7,41,29,2.8,1,1,1803,left_to_right,Western United,2,True,False,False,create,1,medium_block,9,,,2,half_space_left,2,middle_third,False,-3.75,-26.85,5,wide_right,2,middle_third,False,,57.75,,51.95,,41.58,,51.66
183,2013725,29027,29036,41:38.7,41:39.6,41,38,0.9,1,2,869,right_to_left,Sydney FC,1,False,False,False,create,1,medium_block,9,-12.04,35.66,1,wide_left,2,middle_third,False,-19.65,32.57,1,wide_left,1,defensive_third,False,49.46,49.68,57.3,57.77,36.53,34.66,49.7,52.5
184,2013725,29036,29083,41:39.6,41:44.3,41,39,4.7,1,2,869,right_to_left,Sydney FC,2,False,False,False,build_up,0,high_block,10,-20.7,32.06,1,wide_left,1,defensive_third,False,-20.94,20.78,1,wide_left,1,defensive_third,False,49.67,53.77,57.86,52.2,34.48,34.93,52.92,66.95
185,2013725,29083,29093,41:44.3,41:45.3,41,44,1.0,1,2,869,right_to_left,Sydney FC,0,True,False,False,create,1,medium_block,9,-19.14,21.08,1,wide_left,1,defensive_third,False,-5.45,20.99,1,wide_left,2,middle_third,False,53.71,52.93,52.05,51.54,35.2,36.89,66.9,65.73
186,2013725,29093,29127,41:45.3,41:48.7,41,45,3.4,1,1,1803,left_to_right,Western United,1,False,False,False,quick_break,3,defending_quick_break,12,5.05,-20.8,5,wide_right,2,middle_third,False,22.07,-10.7,4,half_space_right,3,attacking_third,False,36.9,25.73,65.56,63.52,52.76,47.03,51.46,48.2
187,2013725,29127,29172,41:48.7,41:53.2,41,48,4.5,1,1,1803,left_to_right,Western United,2,True,False,False,chaotic,5,chaotic,5,21.35,-10.54,4,half_space_right,3,attacking_third,False,25.27,-25.44,5,wide_right,3,attacking_third,False,25.6,32.6,63.52,62.59,46.75,30.87,48.15,43.53
188,2013725,29172,29261,41:53.2,42:02.1,41,53,8.9,1,2,869,right_to_left,Sydney FC,5,False,False,False,build_up,0,high_block,10,-26.0,24.98,1,wide_left,1,defensive_third,False,-20.02,29.88,1,wide_left,1,defensive_third,False,30.94,37.14,43.42,50.59,32.76,33.41,62.57,62.03
189,2013725,29261,29264,42:02.1,42:02.4,42,2,0.3,1,2,869,right_to_left,Sydney FC,0,True,False,False,create,1,medium_block,9,-18.05,30.06,1,wide_left,1,defensive_third,False,-14.67,31.31,1,wide_left,2,middle_third,False,37.31,37.63,50.77,51.17,33.58,33.6,62.09,62.24
190,2013725,29558,29573,42:31.8,42:33.3,42,31,1.5,1,1,1803,left_to_right,Western United,1,True,False,False,chaotic,5,chaotic,5,8.97,-34.45,5,wide_right,2,middle_third,False,19.14,-27.32,5,wide_right,3,attacking_third,False,30.78,29.66,58.25,54.15,26.92,26.36,45.03,43.15
191,2013725,29573,29593,42:33.3,42:35.3,42,33,2.0,1,2,869,right_to_left,Sydney FC,2,True,False,False,chaotic,5,chaotic,5,-19.39,26.9,1,wide_left,1,defensive_third,False,-9.06,26.34,1,wide_left,2,middle_third,False,26.48,28.23,43.01,39.19,29.49,25.44,54.04,55.38
192,2013725,29741,29759,42:50.1,42:51.9,42,50,1.8,1,1,1803,left_to_right,Western United,1,True,False,False,chaotic,5,chaotic,5,,,2,half_space_left,2,middle_third,False,34.62,-28.53,5,wide_right,3,attacking_third,False,,28.46,,62.85,,30.03,,40.62
193,2013725,29759,29823,42:51.9,42:58.3,42,51,6.4,1,2,869,right_to_left,Sydney FC,2,False,False,False,build_up,0,high_block,10,-35.28,28.01,1,wide_left,1,defensive_third,False,-48.35,30.98,1,wide_left,1,defensive_third,False,30.08,30.98,40.67,39.0,28.29,27.21,63.14,72.43
194,2013725,29823,29857,42:58.3,43:01.7,42,58,3.4,1,2,869,right_to_left,Sydney FC,1,True,False,False,direct,6,defending_direct,15,-48.14,31.12,1,wide_left,1,defensive_third,False,-5.4,26.0,1,wide_left,2,middle_third,False,30.93,28.67,38.96,42.56,27.14,28.84,72.55,68.81
195,2013725,29857,29873,43:01.7,43:03.3,43,1,1.6,1,1,1803,left_to_right,Western United,1,True,False,False,chaotic,5,chaotic,5,5.5,-26.0,5,wide_right,2,middle_third,False,23.56,-29.57,5,wide_right,3,attacking_third,False,28.89,29.56,68.59,63.82,28.66,27.89,42.84,46.31
196,2013725,29873,29884,43:03.3,43:04.4,43,3,1.1,1,2,869,right_to_left,Sydney FC,1,True,False,False,chaotic,5,chaotic,5,-23.92,29.57,1,wide_left,1,defensive_third,False,-21.48,29.84,1,wide_left,1,defensive_third,False,27.84,28.35,46.45,47.24,29.6,29.77,63.54,60.62
197,2013725,29884,29894,43:04.4,43:05.4,43,4,1.0,1,1,1803,left_to_right,Western United,1,True,False,False,chaotic,5,chaotic,5,21.79,-29.84,5,wide_right,3,attacking_third,False,30.75,-33.6,5,wide_right,3,attacking_third,False,29.76,29.89,60.32,57.9,28.43,28.85,47.31,48.17
198,2013725,30037,30057,43:19.7,43:21.7,43,19,2.0,1,2,869,right_to_left,Sydney FC,1,True,False,False,chaotic,5,chaotic,5,-21.47,34.19,1,wide_left,1,defensive_third,False,1.19,32.12,1,wide_left,2,middle_third,False,29.82,27.59,54.77,54.59,24.03,23.4,55.1,53.0
199,2013725,30057,30067,43:21.7,43:22.7,43,21,1.0,1,1,1803,left_to_right,Western United,1,True,False,False,chaotic,5,chaotic,5,-0.94,-32.15,5,wide_right,2,middle_third,False,3.47,-35.35,5,wide_right,2,middle_third,False,23.39,23.43,52.88,51.71,27.7,28.7,54.51,53.46
200,2013725,30158,30167,43:31.8,43:32.7,43,31,0.9,1,2,869,right_to_left,Sydney FC,1,False,False,False,create,1,medium_block,9,-8.78,34.61,1,wide_left,2,middle_third,False,-18.79,32.41,1,wide_left,1,defensive_third,False,35.63,36.54,50.41,50.18,25.38,25.32,50.08,51.7
201,2013725,30167,30254,43:32.7,43:41.4,43,32,8.7,1,2,869,right_to_left,Sydney FC,4,True,False,False,build_up,0,high_block,10,-20.1,32.18,1,wide_left,1,defensive_third,False,-42.6,24.74,1,wide_left,1,defensive_third,False,36.77,51.01,50.15,48.36,25.31,33.29,52.06,71.41
202,2013725,30431,30457,43:59.1,44:01.7,43,59,2.6,1,1,1803,left_to_right,Western United,2,True,False,False,chaotic,5,chaotic,5,42.62,-34.56,5,wide_right,3,attacking_third,False,41.93,-28.7,5,wide_right,3,attacking_third,False,39.1,37.98,66.19,60.34,26.86,31.79,22.13,22.34
203,2013725,30457,30514,44:01.7,44:07.4,44,1,5.7,1,2,869,right_to_left,Sydney FC,2,False,False,False,chaotic,5,chaotic,5,-42.0,28.83,1,wide_left,1,defensive_third,False,-23.69,35.54,1,wide_left,1,defensive_third,False,31.79,38.9,22.41,31.99,37.97,38.18,60.33,58.23
204,2013725,30592,30622,44:15.2,44:18.2,44,15,3.0,1,2,869,right_to_left,Sydney FC,2,False,False,False,create,1,medium_block,9,-19.78,34.67,1,wide_left,1,defensive_third,False,-19.43,32.16,1,wide_left,1,defensive_third,False,36.22,35.88,48.44,48.71,26.63,27.28,51.98,51.87
205,2013725,30622,30692,44:18.2,44:25.2,44,18,7.0,1,2,869,right_to_left,Sydney FC,2,False,False,False,build_up,0,high_block,10,-20.53,32.11,1,wide_left,1,defensive_third,False,-45.95,-7.02,3,center,1,defensive_third,False,35.99,54.53,48.67,47.62,27.26,37.81,51.86,71.7
206,2013725,30692,30723,44:25.2,44:28.3,44,25,3.1,1,2,869,right_to_left,Sydney FC,1,True,False,False,direct,6,defending_direct,15,-45.9,-7.26,3,center,1,defensive_third,False,3.71,-26.91,5,wide_right,2,middle_third,False,54.79,54.55,47.6,49.9,37.93,43.36,72.11,73.5
207,2013725,30723,30742,44:28.3,44:30.2,44,28,1.9,1,1,1803,left_to_right,Western United,1,False,False,False,create,1,medium_block,9,-4.83,26.84,1,wide_left,2,middle_third,False,-19.62,18.81,2,half_space_left,1,defensive_third,False,43.46,43.62,73.42,72.47,54.42,49.1,50.33,57.77
208,2013725,30742,30831,44:30.2,44:39.1,44,30,8.9,1,1,1803,left_to_right,Western United,3,False,False,False,build_up,0,high_block,10,-20.22,18.56,2,half_space_left,1,defensive_third,False,-20.44,23.25,1,wide_left,1,defensive_third,False,43.54,43.77,72.41,55.56,48.62,38.45,58.24,61.38
209,2013725,30831,30846,44:39.1,44:40.6,44,39,1.5,1,1,1803,left_to_right,Western United,1,True,False,False,create,1,medium_block,9,-19.94,22.91,1,wide_left,1,defensive_third,False,-16.72,17.51,2,half_space_left,2,middle_third,False,43.72,43.09,55.43,53.85,37.98,32.64,60.69,55.9
210,2013725,30846,30869,44:40.6,44:42.9,44,40,2.3,1,2,869,right_to_left,Sydney FC,1,True,False,False,chaotic,5,chaotic,5,16.4,-17.15,4,half_space_right,2,middle_third,False,19.87,-13.07,4,half_space_right,3,attacking_third,False,32.43,30.98,55.81,59.12,43.01,39.53,53.73,51.99
211,2013725,30869,30960,44:42.9,44:52.0,44,42,9.1,1,1,1803,left_to_right,Western United,3,False,False,False,build_up,0,high_block,10,-20.21,13.39,2,half_space_left,1,defensive_third,False,-20.6,21.98,1,wide_left,1,defensive_third,False,39.42,43.93,51.88,47.38,31.01,33.54,59.24,77.14
212,2013725,30960,30963,44:52.0,44:52.3,44,52,0.3,1,1,1803,left_to_right,Western United,0,True,False,False,create,1,medium_block,9,-19.37,21.84,1,wide_left,1,defensive_third,False,-17.19,21.78,1,wide_left,2,middle_third,False,43.48,42.51,47.22,46.85,33.59,33.69,77.1,76.97
213,2013725,30963,31020,44:52.3,44:58.0,44,52,5.7,1,2,869,right_to_left,Sydney FC,2,False,False,False,quick_break,3,defending_quick_break,12,16.45,-21.86,5,wide_right,2,middle_third,False,29.46,-31.36,5,wide_right,3,attacking_third,False,33.74,45.05,76.91,68.4,41.98,40.22,46.66,36.78
214,2013725,31020,31054,44:58.0,45:01.4,44,58,3.4,1,2,869,right_to_left,Sydney FC,1,False,False,False,finish,2,low_block,8,28.09,-31.17,5,wide_right,3,attacking_third,False,5.93,-18.96,4,half_space_right,2,middle_third,False,45.12,50.6,68.24,61.38,40.07,36.97,36.47,32.35
215,2013725,31054,31103,45:01.4,45:06.3,45,1,4.9,1,2,869,right_to_left,Sydney FC,2,False,False,False,create,1,medium_block,9,5.36,-18.47,4,half_space_right,2,middle_third,False,4.01,20.36,1,wide_left,2,middle_third,False,51.05,65.42,61.13,55.31,36.98,38.13,32.43,36.64
216,2013725,31103,31142,45:06.3,45:10.2,45,6,3.9,1,2,869,right_to_left,Sydney FC,1,False,False,False,finish,2,low_block,8,5.13,21.62,1,wide_left,2,middle_third,False,5.71,19.38,2,half_space_left,2,middle_third,False,65.5,58.89,55.34,57.32,38.48,35.19,36.67,37.02
217,2013725,31142,31162,45:10.2,45:12.2,45,10,2.0,1,2,869,right_to_left,Sydney FC,1,False,False,False,create,1,medium_block,9,5.25,18.99,2,half_space_left,2,middle_third,False,4.45,14.3,2,half_space_left,2,middle_third,False,59.03,62.44,57.37,57.79,34.89,34.24,36.99,40.02
218,2013725,31162,31246,45:12.2,45:20.6,45,12,8.4,1,2,869,right_to_left,Sydney FC,2,True,False,False,finish,2,low_block,8,5.55,12.54,2,half_space_left,2,middle_third,False,21.53,-8.19,3,center,3,attacking_third,False,62.47,54.82,57.78,59.11,34.23,39.56,40.22,37.45
219,2013725,31246,31287,45:20.6,45:24.7,45,20,4.1,1,1,1803,left_to_right,Western United,2,True,False,False,create,1,medium_block,9,-21.79,7.95,3,center,1,defensive_third,False,-11.54,23.61,1,wide_left,2,middle_third,False,39.47,41.07,37.48,53.87,54.83,50.23,59.08,52.92
220,2013725,31287,31339,45:24.7,45:29.9,45,24,5.2,1,2,869,right_to_left,Sydney FC,2,True,False,False,chaotic,5,chaotic,5,11.47,-24.5,5,wide_right,2,middle_third,False,25.49,-9.83,4,half_space_right,3,attacking_third,False,50.03,43.74,52.74,67.04,41.24,28.85,54.16,51.25
221,2013725,31339,31362,45:29.9,45:32.2,45,29,2.3,1,1,1803,left_to_right,Western United,1,True,False,False,chaotic,5,chaotic,5,-25.16,9.51,2,half_space_left,1,defensive_third,False,4.74,1.55,3,center,2,middle_third,False,28.43,24.23,51.12,49.84,43.66,43.17,67.01,63.95
222,2013725,31362,31391,45:32.2,45:35.1,45,32,2.9,1,2,869,right_to_left,Sydney FC,1,False,False,False,create,1,medium_block,9,-5.53,-1.12,3,center,2,middle_third,False,-19.4,10.24,2,half_space_left,1,defensive_third,False,43.23,50.07,63.67,58.68,24.25,29.14,49.89,56.34
223,2013725,31391,31497,45:35.1,45:45.7,45,35,10.6,1,2,869,right_to_left,Sydney FC,4,False,False,False,build_up,0,high_block,10,-20.58,10.15,2,half_space_left,1,defensive_third,False,-20.64,-6.16,3,center,1,defensive_third,False,50.36,59.72,58.56,50.92,29.44,32.52,56.78,63.34
224,2013725,31497,31512,45:45.7,45:47.2,45,45,1.5,1,2,869,right_to_left,Sydney FC,1,False,False,False,create,1,medium_block,9,-19.42,-6.72,3,center,1,defensive_third,False,-17.4,-3.3,3,center,2,middle_third,False,59.56,57.55,50.88,50.24,32.51,31.9,63.39,62.38
225,2013725,31829,31863,46:18.9,46:22.3,46,18,3.4,1,2,869,right_to_left,Sydney FC,3,False,False,False,create,1,medium_block,9,-13.95,-3.52,3,center,2,middle_third,False,-7.88,8.42,3,center,2,middle_third,False,60.46,63.99,56.6,53.91,40.73,40.57,48.12,49.53
226,2013725,31921,31931,46:28.1,46:29.1,46,28,1.0,1,2,869,right_to_left,Sydney FC,1,False,False,False,create,1,medium_block,9,11.48,25.28,1,wide_left,2,middle_third,False,,,2,half_space_left,2,middle_third,False,54.29,,52.36,,40.54,,51.85,
227,2013725,40960,41103,45:00.0,45:14.3,0,0,14.3,2,1,869,left_to_right,Sydney FC,5,False,False,False,create,1,medium_block,9,0.82,0.15,3,center,2,middle_third,False,-19.7,-16.6,4,half_space_right,1,defensive_third,False,57.13,62.86,37.86,48.67,42.63,35.46,39.33,48.09
228,2013725,41103,41137,45:14.3,45:17.7,0,14,3.4,2,1,869,left_to_right,Sydney FC,1,True,False,False,direct,6,defending_direct,15,-19.36,-16.36,4,half_space_right,1,defensive_third,False,19.64,18.27,2,half_space_left,3,attacking_third,False,62.91,54.02,48.74,55.05,35.52,40.32,48.14,49.07
229,2013725,41137,41158,45:17.7,45:19.8,0,17,2.1,2,2,1803,right_to_left,Western United,2,True,False,False,chaotic,5,chaotic,5,-20.34,-18.34,4,half_space_right,1,defensive_third,False,-19.96,-21.81,5,wide_right,1,defensive_third,False,40.23,39.02,49.07,46.98,53.53,45.32,55.4,60.89
230,2013725,41226,41236,45:26.6,45:27.6,0,26,1.0,2,1,869,left_to_right,Sydney FC,1,False,False,False,chaotic,5,chaotic,5,3.4,33.68,1,wide_left,2,middle_third,False,14.29,30.07,1,wide_left,2,middle_third,False,51.92,50.45,58.74,59.75,36.09,35.03,42.74,42.06
231,2013725,41381,41398,45:42.1,45:43.8,0,42,1.7,2,1,869,left_to_right,Sydney FC,1,True,False,False,chaotic,5,chaotic,5,16.98,29.26,1,wide_left,2,middle_third,False,8.67,24.43,1,wide_left,2,middle_third,False,31.78,27.79,64.92,62.86,30.24,29.52,43.53,43.42
232,2013725,41398,41408,45:43.8,45:44.8,0,43,1.0,2,2,1803,right_to_left,Western United,1,True,False,False,chaotic,5,chaotic,5,-8.5,-24.2,5,wide_right,2,middle_third,False,-7.37,-20.36,5,wide_right,2,middle_third,False,29.5,29.04,43.32,42.57,27.35,25.88,62.66,61.39
233,2013725,41408,41439,45:44.8,45:47.9,0,44,3.1,2,1,869,left_to_right,Sydney FC,2,False,False,False,create,1,medium_block,9,7.32,19.85,2,half_space_left,2,middle_third,False,20.08,7.74,3,center,3,attacking_third,False,25.98,27.62,61.25,59.15,28.98,22.84,42.69,48.75
234,2013725,41439,41456,45:47.9,45:49.6,0,47,1.7,2,1,869,left_to_right,Sydney FC,2,True,False,False,finish,2,low_block,8,20.58,8.0,3,center,3,attacking_third,False,36.35,11.23,2,half_space_left,3,attacking_third,False,27.83,30.2,59.38,64.71,22.67,21.1,48.91,50.95
235,2013725,41456,41670,45:49.6,46:11.0,0,49,21.4,2,2,1803,right_to_left,Western United,6,False,False,False,build_up,0,high_block,10,-37.33,-9.72,4,half_space_right,1,defensive_third,False,-49.81,7.67,3,center,1,defensive_third,False,21.24,54.22,50.94,46.61,30.26,42.73,64.99,74.27
236,2013725,41833,41859,46:27.3,46:29.9,1,27,2.6,2,2,1803,right_to_left,Western United,2,True,False,False,build_up,0,high_block,10,,,2,half_space_left,2,middle_third,False,-22.41,30.15,1,wide_left,1,defensive_third,False,,33.94,,45.13,,39.08,,58.94
237,2013725,41859,41869,46:29.9,46:30.9,1,29,1.0,2,1,869,left_to_right,Sydney FC,1,False,False,False,chaotic,5,chaotic,5,22.26,-30.41,5,wide_right,3,attacking_third,False,25.57,-32.93,5,wide_right,3,attacking_third,False,39.24,40.54,58.87,58.43,34.19,35.99,45.02,43.91
238,2013725,42004,42021,46:44.4,46:46.1,1,44,1.7,2,1,869,left_to_right,Sydney FC,2,True,False,False,chaotic,5,chaotic,5,36.03,-34.22,5,wide_right,3,attacking_third,False,37.79,-30.27,5,wide_right,3,attacking_third,False,44.39,44.17,66.4,62.36,28.38,29.82,21.6,20.81
239,2013725,42021,42069,46:46.1,46:50.9,1,46,4.8,2,2,1803,right_to_left,Western United,1,True,False,False,chaotic,5,chaotic,5,-37.56,30.0,1,wide_left,1,defensive_third,False,-14.82,19.99,2,half_space_left,2,middle_third,False,29.83,32.68,20.83,30.36,44.17,42.03,62.11,61.34
240,2013725,42069,42095,46:50.9,46:53.5,1,50,2.6,2,1,869,left_to_right,Sydney FC,1,True,False,False,chaotic,5,chaotic,5,14.5,-19.63,4,half_space_right,2,middle_third,False,34.46,-15.83,4,half_space_right,3,attacking_third,False,42.06,37.87,61.2,59.82,32.77,33.39,30.77,35.0
241,2013725,42095,42206,46:53.5,47:04.6,1,53,11.1,2,2,1803,right_to_left,Western United,2,False,False,False,build_up,0,high_block,10,-34.62,15.91,2,half_space_left,1,defensive_third,False,-20.35,23.55,1,wide_left,1,defensive_third,False,33.38,33.93,35.05,34.84,37.77,40.59,59.89,60.0
242,2013725,42206,42279,47:04.6,47:11.9,2,4,7.3,2,2,1803,right_to_left,Western United,3,False,False,False,create,1,medium_block,9,-19.31,23.02,1,wide_left,1,defensive_third,False,26.13,-3.69,3,center,3,attacking_third,False,33.93,31.06,34.77,65.49,40.3,25.32,59.91,59.06
243,2013725,42279,42303,47:11.9,47:14.3,2,11,2.4,2,2,1803,right_to_left,Western United,2,False,False,False,finish,2,low_block,8,26.47,-4.75,3,center,3,attacking_third,False,35.57,-16.75,4,half_space_right,3,attacking_third,False,31.08,32.84,65.9,72.89,25.33,29.69,58.95,54.98
244,2013725,42674,42761,47:51.4,48:00.1,2,51,8.7,2,2,1803,right_to_left,Western United,2,True,False,False,set_play,7,defending_set_play,13,52.46,-32.54,5,wide_right,3,attacking_third,False,42.84,-0.96,3,center,3,attacking_third,True,41.49,29.25,73.08,61.05,23.2,22.77,12.32,24.59
245,2013725,42761,42795,48:00.1,48:03.5,3,0,3.4,2,1,869,left_to_right,Sydney FC,1,True,False,False,chaotic,5,chaotic,5,-43.33,1.19,3,center,1,defensive_third,False,-17.75,11.95,2,half_space_left,1,defensive_third,False,22.98,30.14,24.79,36.2,29.34,31.08,61.02,62.83
246,2013725,42998,43091,48:23.8,48:33.1,3,23,9.3,2,2,1803,right_to_left,Western United,3,True,False,False,create,1,medium_block,9,-19.5,-33.51,5,wide_right,1,defensive_third,False,25.67,20.36,1,wide_left,3,attacking_third,False,45.94,41.49,51.08,67.99,32.82,31.63,52.7,50.19
247,2013725,43091,43148,48:33.1,48:38.8,3,33,5.7,2,1,869,left_to_right,Sydney FC,1,False,False,False,build_up,0,high_block,10,-26.22,-20.8,5,wide_right,1,defensive_third,False,-20.48,-31.96,5,wide_right,1,defensive_third,False,31.8,37.79,50.15,44.82,41.28,38.48,68.28,68.05
248,2013725,43148,43188,48:38.8,48:42.8,3,38,4.0,2,1,869,left_to_right,Sydney FC,2,True,False,False,create,1,medium_block,9,-19.99,-31.9,5,wide_right,1,defensive_third,False,6.45,-31.96,5,wide_right,2,middle_third,False,37.71,39.62,44.76,51.55,38.23,30.91,67.77,63.89
249,2013725,43406,43444,49:04.6,49:08.4,4,4,3.8,2,2,1803,right_to_left,Western United,1,True,False,False,chaotic,5,chaotic,5,-4.77,32.14,1,wide_left,2,middle_third,False,8.79,22.95,1,wide_left,2,middle_third,False,34.27,29.79,52.66,49.13,27.55,28.65,53.98,48.42
250,2013725,43444,43516,49:08.4,49:15.6,4,8,7.2,2,1,869,left_to_right,Sydney FC,2,True,False,False,chaotic,5,chaotic,5,-8.88,-22.52,5,wide_right,2,middle_third,False,33.87,20.4,1,wide_left,3,attacking_third,False,28.8,36.25,48.41,64.02,29.8,46.37,48.94,46.34
251,2013725,43516,43561,49:15.6,49:20.1,4,15,4.5,2,2,1803,right_to_left,Western United,1,True,False,False,direct,6,defending_direct,15,-33.93,-20.66,5,wide_right,1,defensive_third,False,18.31,-30.12,5,wide_right,3,attacking_third,False,46.58,52.4,46.29,54.36,36.51,43.79,64.3,64.5
252,2013725,43561,43585,49:20.1,49:22.5,4,20,2.4,2,1,869,left_to_right,Sydney FC,1,False,False,False,chaotic,5,chaotic,5,-18.86,30.23,1,wide_left,1,defensive_third,False,-14.78,30.06,1,wide_left,2,middle_third,False,43.88,44.0,64.41,61.6,52.29,44.19,54.92,60.18
253,2013725,43749,43753,49:38.9,49:39.3,4,38,0.4,2,1,869,left_to_right,Sydney FC,1,False,False,False,create,1,medium_block,9,-15.08,32.59,1,wide_left,2,middle_third,False,-19.67,30.82,1,wide_left,1,defensive_third,False,46.94,47.61,55.24,55.32,34.6,34.58,56.4,56.69
254,2013725,43753,43849,49:39.3,49:48.9,4,39,9.6,2,1,869,left_to_right,Sydney FC,2,True,False,False,build_up,0,high_block,10,-21.12,29.95,1,wide_left,1,defensive_third,False,-22.33,-28.27,5,wide_right,1,defensive_third,False,47.72,55.65,55.34,47.86,34.59,43.42,56.87,70.2
255,2013725,43849,43955,49:48.9,49:59.5,4,48,10.6,2,2,1803,right_to_left,Western United,3,True,False,True,quick_break,3,defending_quick_break,12,22.02,28.32,1,wide_left,3,attacking_third,False,47.43,-8.55,3,center,3,attacking_third,True,43.51,31.71,69.94,72.14,55.36,30.13,47.74,41.16
256,2013725,44254,44255,50:29.4,50:29.5,5,29,0.1,2,1,869,left_to_right,Sydney FC,1,False,False,False,direct,6,defending_direct,15,-34.21,-13.28,4,half_space_right,1,defensive_third,False,-34.21,-13.28,4,half_space_right,1,defensive_third,False,39.13,39.13,57.15,57.15,26.13,26.13,49.15,49.15
257,2013725,44255,44338,50:29.5,50:37.8,5,29,8.3,2,1,869,left_to_right,Sydney FC,1,False,False,False,create,1,medium_block,9,-31.56,-13.25,4,half_space_right,1,defensive_third,False,-27.11,-36.69,5,wide_right,1,defensive_third,False,39.03,49.87,57.02,50.0,26.21,30.81,49.05,59.97
258,2013725,44476,44485,50:51.6,50:52.5,5,51,0.9,2,1,869,left_to_right,Sydney FC,1,True,False,False,chaotic,5,chaotic,5,,,2,half_space_left,2,middle_third,False,-12.32,-29.0,5,wide_right,2,middle_third,False,,51.59,,44.0,,25.3,,52.53
259,2013725,44485,44486,50:52.5,50:52.6,5,52,0.1,2,2,1803,right_to_left,Western United,1,False,False,False,finish,2,low_block,8,11.88,28.28,1,wide_left,2,middle_third,False,11.88,28.28,1,wide_left,2,middle_third,False,25.33,25.33,52.46,52.46,51.38,51.38,44.14,44.14
260,2013725,44486,44518,50:52.6,50:55.8,5,52,3.2,2,2,1803,right_to_left,Western United,2,False,False,False,create,1,medium_block,9,11.45,27.56,1,wide_left,2,middle_third,False,18.48,8.53,3,center,3,attacking_third,False,25.36,30.7,52.4,59.53,51.16,35.85,44.27,45.05
261,2013725,44518,44570,50:55.8,51:01.0,5,55,5.2,2,2,1803,right_to_left,Western United,3,True,False,False,finish,2,low_block,8,18.52,8.97,3,center,3,attacking_third,False,35.78,23.33,1,wide_left,3,attacking_third,False,30.83,31.83,59.9,70.02,35.4,31.1,44.95,38.62
262,2013725,44570,44698,51:01.0,51:13.8,6,1,12.8,2,1,869,left_to_right,Sydney FC,4,True,False,True,transition,4,defending_transition,11,-35.66,-22.47,5,wide_right,1,defensive_third,False,46.39,0.15,3,center,3,attacking_third,True,31.25,35.3,38.47,74.22,31.83,26.03,69.98,57.93
263,2013725,44917,44938,51:35.7,51:37.8,6,35,2.1,2,2,1803,right_to_left,Western United,2,True,False,False,create,1,medium_block,9,,,2,half_space_left,2,middle_third,False,-3.53,-10.78,4,half_space_right,2,middle_third,False,,45.14,,51.11,,41.11,,64.88
264,2013725,44938,44996,51:37.8,51:43.6,6,37,5.8,2,1,869,left_to_right,Sydney FC,3,True,False,False,chaotic,5,chaotic,5,3.93,10.5,2,half_space_left,2,middle_third,False,1.89,-0.61,3,center,2,middle_third,False,40.91,33.33,64.84,59.19,44.58,31.83,51.25,54.22
265,2013725,44996,45008,51:43.6,51:44.8,6,43,1.2,2,2,1803,right_to_left,Western United,1,True,False,False,chaotic,5,chaotic,5,-1.98,0.81,3,center,2,middle_third,False,-10.68,4.45,3,center,2,middle_third,False,31.74,30.7,54.15,53.35,33.3,33.19,59.11,58.51
266,2013725,45176,45186,52:01.6,52:02.6,7,1,1.0,2,1,869,left_to_right,Sydney FC,1,False,False,False,set_play,7,defending_set_play,13,6.73,-1.51,3,center,2,middle_third,False,4.45,-9.24,4,half_space_right,2,middle_third,False,52.39,53.3,55.6,55.05,32.32,32.78,35.86,36.33
267,2013725,45186,45337,52:02.6,52:17.7,7,2,15.1,2,1,869,left_to_right,Sydney FC,5,True,False,False,create,1,medium_block,9,4.37,-9.59,4,half_space_right,2,middle_third,False,36.69,7.46,3,center,3,attacking_third,True,53.46,48.07,55.02,66.01,32.86,36.87,36.45,40.67
268,2013725,45337,45441,52:17.7,52:28.1,7,17,10.4,2,2,1803,right_to_left,Western United,4,False,False,False,build_up,0,high_block,10,-37.27,-7.21,3,center,1,defensive_third,False,-20.81,-25.49,5,wide_right,1,defensive_third,False,37.05,49.1,40.71,49.94,47.77,43.48,66.51,65.46
269,2013725,45441,45452,52:28.1,52:29.2,7,28,1.1,2,2,1803,right_to_left,Western United,1,True,False,False,create,1,medium_block,9,-19.58,-26.4,5,wide_right,1,defensive_third,False,-17.26,-29.45,5,wide_right,2,middle_third,False,49.13,49.65,49.87,48.93,43.45,43.45,65.55,64.98
270,2013725,45452,45583,52:29.2,52:42.3,7,29,13.1,2,1,869,left_to_right,Sydney FC,5,False,False,False,finish,2,low_block,8,17.76,29.45,1,wide_left,3,attacking_third,False,-25.48,-31.49,5,wide_right,1,defensive_third,False,43.46,32.65,64.84,26.86,49.65,40.61,48.84,61.09
271,2013725,45583,45593,52:42.3,52:43.3,7,42,1.0,2,1,869,left_to_right,Sydney FC,1,False,False,False,chaotic,5,chaotic,5,25.51,31.88,1,wide_left,3,attacking_third,False,24.07,34.06,1,wide_left,3,attacking_third,False,40.66,44.56,61.06,60.87,32.96,34.83,26.9,27.19
272,2013725,45601,45637,52:44.1,52:47.7,7,44,3.6,2,1,869,left_to_right,Sydney FC,2,False,False,False,finish,2,low_block,8,22.47,33.97,1,wide_left,3,attacking_third,False,5.84,26.79,1,wide_left,2,middle_third,False,46.76,51.05,60.87,59.46,34.83,34.92,27.73,35.84
273,2013725,45637,46015,52:47.7,53:25.5,7,47,37.8,2,1,869,left_to_right,Sydney FC,10,False,False,False,create,1,medium_block,9,4.8,25.89,1,wide_left,2,middle_third,False,-20.22,-15.02,4,half_space_right,1,defensive_third,False,51.16,64.13,59.41,47.61,34.99,39.48,36.08,49.03
274,2013725,46015,46047,53:25.5,53:28.7,8,25,3.2,2,1,869,left_to_right,Sydney FC,1,True,False,False,direct,6,defending_direct,15,-19.71,-15.19,4,half_space_right,1,defensive_third,False,30.45,-22.28,5,wide_right,3,attacking_third,False,64.03,55.25,47.94,61.96,39.39,37.68,48.99,48.92
275,2013725,46047,46324,53:28.7,53:56.4,8,28,27.7,2,2,1803,right_to_left,Western United,7,True,False,False,build_up,0,high_block,10,-31.33,22.62,1,wide_left,1,defensive_third,False,-48.44,29.51,1,wide_left,1,defensive_third,False,37.71,46.57,49.04,42.41,54.89,40.41,62.4,76.2
276,2013725,46324,46341,53:56.4,53:58.1,8,56,1.7,2,1,869,left_to_right,Sydney FC,1,False,False,False,chaotic,5,chaotic,5,48.31,-29.81,5,wide_right,3,attacking_third,False,46.68,-33.33,5,wide_right,3,attacking_third,False,40.43,40.44,76.08,73.36,46.47,44.43,42.33,41.0
277,2013725,46724,46734,54:36.4,54:37.4,9,36,1.0,2,1,869,left_to_right,Sydney FC,1,True,False,False,set_play,7,defending_set_play,13,47.48,-27.07,5,wide_right,3,attacking_third,False,50.9,-8.78,3,center,3,attacking_third,True,39.63,37.16,62.45,63.92,28.78,28.02,6.94,9.64
278,2013725,46905,46947,54:54.5,54:58.7,9,54,4.2,2,2,1803,right_to_left,Western United,3,False,False,False,build_up,0,high_block,10,-48.1,3.62,3,center,1,defensive_third,False,-48.52,7.37,3,center,1,defensive_third,False,55.94,56.42,48.05,49.59,39.66,39.08,67.87,74.78
279,2013725,46947,46969,54:58.7,55:00.9,9,58,2.2,2,2,1803,right_to_left,Western United,1,False,False,False,direct,6,defending_direct,15,-48.16,7.37,3,center,1,defensive_third,False,-16.16,25.03,1,wide_left,2,middle_third,False,56.34,52.32,49.66,49.8,38.89,36.13,75.16,75.33
280,2013725,46969,46986,55:00.9,55:02.6,10,0,1.7,2,2,1803,right_to_left,Western United,1,False,False,False,create,1,medium_block,9,-15.71,25.14,1,wide_left,2,middle_third,False,-16.82,19.84,2,half_space_left,2,middle_third,False,52.04,47.72,49.76,50.26,35.99,33.58,75.17,73.02
281,2013725,46986,47027,55:02.6,55:06.7,10,2,4.1,2,2,1803,right_to_left,Western United,1,True,False,False,direct,6,defending_direct,15,-16.46,18.97,2,half_space_left,2,middle_third,False,28.56,-4.25,3,center,3,attacking_third,False,47.54,42.11,50.51,62.68,33.48,42.14,73.1,70.78
282,2013725,47027,47070,55:06.7,55:11.0,10,6,4.3,2,1,869,left_to_right,Sydney FC,2,False,False,False,chaotic,5,chaotic,5,-29.08,4.6,3,center,1,defensive_third,False,-8.75,30.75,1,wide_left,2,middle_third,False,42.53,52.2,70.58,59.49,41.97,39.88,63.17,65.65
283,2013725,47142,47340,55:18.2,55:38.0,10,18,19.8,2,1,869,left_to_right,Sydney FC,5,False,False,False,create,1,medium_block,9,-18.82,32.63,1,wide_left,1,defensive_third,False,11.86,-35.79,5,wide_right,2,middle_third,False,51.99,58.38,54.9,59.14,34.63,39.37,50.9,45.52
284,2013725,47420,47491,55:46.0,55:53.1,10,46,7.1,2,1,869,left_to_right,Sydney FC,2,True,False,False,create,1,medium_block,9,,,2,half_space_left,2,middle_third,False,-17.13,-4.04,3,center,2,middle_third,False,,62.21,,52.99,,38.27,,55.52
285,2013725,47491,47523,55:53.1,55:56.3,10,53,3.2,2,2,1803,right_to_left,Western United,3,False,False,False,create,1,medium_block,9,16.46,4.04,3,center,2,middle_third,False,17.97,-6.68,3,center,3,attacking_third,False,38.45,40.41,55.73,62.11,62.21,56.91,52.95,53.03
286,2013725,47523,47584,55:56.3,56:02.4,10,56,6.1,2,2,1803,right_to_left,Western United,2,False,False,False,finish,2,low_block,8,19.57,-5.58,3,center,3,attacking_third,False,5.81,1.1,3,center,2,middle_third,False,40.2,38.86,62.53,66.7,56.39,43.6,53.08,43.67
287,2013725,47584,47633,56:02.4,56:07.3,11,2,4.9,2,2,1803,right_to_left,Western United,1,False,False,False,create,1,medium_block,9,5.02,1.71,3,center,2,middle_third,False,-19.48,3.88,3,center,1,defensive_third,False,38.99,47.99,66.53,59.89,43.28,36.13,43.3,53.88
288,2013725,47633,47655,56:07.3,56:09.5,11,7,2.2,2,2,1803,right_to_left,Western United,1,False,False,False,build_up,0,high_block,10,-20.02,3.58,3,center,1,defensive_third,False,-23.54,-4.28,3,center,1,defensive_third,False,48.17,53.5,59.75,56.08,36.18,37.49,54.36,61.22
289,2013725,47655,47677,56:09.5,56:11.7,11,9,2.2,2,2,1803,right_to_left,Western United,1,False,False,False,direct,6,defending_direct,15,-22.01,-5.57,3,center,1,defensive_third,False,10.43,-19.08,4,half_space_right,2,middle_third,False,53.73,50.62,55.88,53.59,37.62,39.55,61.29,58.43
290,2013725,47677,47823,56:11.7,56:26.3,11,11,14.6,2,2,1803,right_to_left,Western United,5,True,False,False,create,1,medium_block,9,10.72,-19.15,4,half_space_right,2,middle_third,False,25.78,24.92,1,wide_left,3,attacking_third,False,50.24,46.37,53.71,68.2,39.61,32.59,58.28,51.07
291,2013725,47823,47849,56:26.3,56:28.9,11,26,2.6,2,1,869,left_to_right,Sydney FC,1,False,False,False,chaotic,5,chaotic,5,-25.86,-25.37,5,wide_right,1,defensive_third,False,-14.62,-29.7,5,wide_right,2,middle_third,False,32.96,34.37,51.11,49.13,45.98,42.11,68.48,69.91
292,2013725,47930,48080,56:37.0,56:52.0,11,37,15.0,2,1,869,left_to_right,Sydney FC,6,False,False,False,build_up,0,high_block,10,-26.53,-31.78,5,wide_right,1,defensive_third,False,-20.05,26.16,1,wide_left,1,defensive_third,False,52.17,56.02,49.17,47.37,36.31,39.68,58.29,72.35
293,2013725,48080,48110,56:52.0,56:55.0,11,52,3.0,2,1,869,left_to_right,Sydney FC,1,True,False,False,create,1,medium_block,9,-19.16,25.78,1,wide_left,1,defensive_third,False,-17.1,30.91,1,wide_left,2,middle_third,False,55.79,50.47,47.27,45.88,39.62,36.91,72.33,67.68
294,2013725,48110,48142,56:55.0,56:58.2,11,55,3.2,2,2,1803,right_to_left,Western United,0,False,False,False,chaotic,5,chaotic,5,16.96,-31.13,5,wide_right,2,middle_third,False,-1.16,-30.67,5,wide_right,2,middle_third,False,36.77,34.81,67.46,61.04,50.47,53.02,45.88,46.55
295,2013725,48142,48181,56:58.2,57:02.1,11,58,3.9,2,2,1803,right_to_left,Western United,1,True,False,False,direct,6,defending_direct,15,-0.84,-30.62,5,wide_right,2,middle_third,False,40.94,-22.53,5,wide_right,3,attacking_third,False,34.62,32.28,60.85,71.38,52.99,53.49,46.63,48.1
296,2013725,48181,48222,57:02.1,57:06.2,12,2,4.1,2,1,869,left_to_right,Sydney FC,1,True,False,False,chaotic,5,chaotic,5,-41.37,22.35,1,wide_left,1,defensive_third,False,-18.46,23.44,1,wide_left,1,defensive_third,False,53.54,50.55,48.15,43.66,32.34,32.43,71.93,70.98
297,2013725,48222,48250,57:06.2,57:09.0,12,6,2.8,2,2,1803,right_to_left,Western United,1,False,False,False,chaotic,5,chaotic,5,18.08,-23.43,5,wide_right,3,attacking_third,False,22.31,-8.0,3,center,3,attacking_third,False,32.4,32.44,70.71,64.67,50.43,44.95,43.46,38.81
298,2013725,48891,48901,58:13.1,58:14.1,13,13,1.0,2,2,1803,right_to_left,Western United,1,True,False,False,set_play,7,defending_set_play,13,22.26,-4.44,3,center,3,attacking_third,False,42.92,-3.92,3,center,3,attacking_third,True,32.53,29.42,62.33,65.41,26.48,25.09,22.01,22.19
299,2013725,49179,49224,58:41.9,58:46.4,13,41,4.5,2,1,869,left_to_right,Sydney FC,2,True,False,False,direct,6,defending_direct,15,,,2,half_space_left,2,middle_third,False,15.49,-3.67,3,center,2,middle_third,False,,28.08,,58.97,,19.79,,48.8
300,2013725,49224,49254,58:46.4,58:49.4,13,46,3.0,2,2,1803,right_to_left,Western United,1,True,False,False,chaotic,5,chaotic,5,-15.72,3.76,3,center,2,middle_third,False,6.87,11.01,2,half_space_left,2,middle_third,False,19.88,24.1,48.84,49.09,27.98,32.55,59.08,56.07
301,2013725,49254,49303,58:49.4,58:54.3,13,49,4.9,2,1,869,left_to_right,Sydney FC,2,False,False,False,chaotic,5,chaotic,5,-7.82,-11.14,4,half_space_right,2,middle_third,False,-41.54,-5.72,3,center,1,defensive_third,False,32.56,36.64,56.1,48.29,24.14,27.2,49.04,71.68
302,2013725,49303,49328,58:54.3,58:56.8,13,54,2.5,2,1,869,left_to_right,Sydney FC,1,True,False,False,direct,6,defending_direct,15,-40.81,-5.82,3,center,1,defensive_third,False,-3.23,-12.94,4,half_space_right,2,middle_third,False,36.77,37.11,47.9,43.22,27.33,29.03,72.1,72.88
303,2013725,49542,49545,59:18.2,59:18.5,14,18,0.3,2,2,1803,right_to_left,Western United,1,False,False,False,direct,6,defending_direct,15,,,2,half_space_left,2,middle_third,False,,,2,half_space_left,2,middle_third,False,,,,,,,,
304,2013725,49545,49616,59:18.5,59:25.6,14,18,7.1,2,2,1803,right_to_left,Western United,3,True,False,False,create,1,medium_block,9,-2.96,0.49,3,center,2,middle_third,False,15.33,-32.4,5,wide_right,2,middle_third,False,55.11,55.12,56.2,59.41,34.42,43.22,40.9,47.64
305,2013725,49616,49648,59:25.6,59:28.8,14,25,3.2,2,1,869,left_to_right,Sydney FC,1,False,False,False,create,1,medium_block,9,-15.22,32.44,1,wide_left,2,middle_third,False,-19.62,29.19,1,wide_left,1,defensive_third,False,43.1,40.36,47.58,45.03,55.05,47.79,59.44,59.35
306,2013725,49648,49711,59:28.8,59:35.1,14,28,6.3,2,1,869,left_to_right,Sydney FC,3,False,False,False,build_up,0,high_block,10,-20.45,28.46,1,wide_left,1,defensive_third,False,-20.24,30.71,1,wide_left,1,defensive_third,False,40.39,42.87,44.98,48.11,47.4,34.35,59.39,59.79
307,2013725,49711,49757,59:35.1,59:39.7,14,35,4.6,2,1,869,left_to_right,Sydney FC,2,True,False,False,create,1,medium_block,9,-19.87,30.6,1,wide_left,1,defensive_third,False,12.9,25.38,1,wide_left,2,middle_third,False,42.9,39.95,48.11,56.24,34.36,37.47,59.67,55.53
308,2013725,49757,49771,59:39.7,59:41.1,14,39,1.4,2,2,1803,right_to_left,Western United,1,False,False,False,create,1,medium_block,9,-13.5,-25.05,5,wide_right,2,middle_third,False,-18.94,-20.12,4,half_space_right,1,defensive_third,False,37.81,41.66,55.5,54.86,39.85,40.69,56.4,57.65
309,2013725,49771,49852,59:41.1,59:49.2,14,41,8.1,2,2,1803,right_to_left,Western United,2,False,False,False,build_up,0,high_block,10,-20.6,-19.13,4,half_space_right,1,defensive_third,False,-20.72,29.14,1,wide_left,1,defensive_third,False,41.88,58.54,54.78,51.99,40.78,48.98,57.83,65.52
310,2013725,49852,49886,59:49.2,59:52.6,14,49,3.4,2,2,1803,right_to_left,Western United,3,True,False,False,create,1,medium_block,9,-19.88,29.66,1,wide_left,1,defensive_third,False,5.4,20.25,1,wide_left,2,middle_third,False,58.4,54.39,52.07,55.24,49.36,46.94,65.12,56.93
311,2013725,49886,50029,59:52.6,60:06.9,14,52,14.3,2,1,869,left_to_right,Sydney FC,3,False,False,False,create,1,medium_block,9,-6.58,-20.55,5,wide_right,2,middle_third,False,21.4,-25.16,5,wide_right,3,attacking_third,False,46.61,37.01,56.81,63.91,54.06,32.16,55.34,60.89
312,2013725,50029,50059,60:06.9,60:09.9,15,6,3.0,2,1,869,left_to_right,Sydney FC,1,False,False,False,finish,2,low_block,8,21.34,-25.04,5,wide_right,3,attacking_third,False,21.7,-14.74,4,half_space_right,3,attacking_third,False,37.08,32.44,64.05,62.99,32.27,34.1,60.81,56.97
313,2013725,50570,50622,61:01.0,61:06.2,16,1,5.2,2,1,869,left_to_right,Sydney FC,2,True,False,True,set_play,7,defending_set_play,13,23.6,-18.16,4,half_space_right,3,attacking_third,False,50.84,1.91,3,center,3,attacking_third,True,34.43,26.8,64.11,71.31,24.6,17.3,19.31,16.65
314,2013725,50622,50786,61:06.2,61:22.6,16,6,16.4,2,2,1803,right_to_left,Western United,2,True,False,False,create,1,medium_block,9,-51.32,-1.94,3,center,1,defensive_third,False,-18.93,-34.26,5,wide_right,1,defensive_third,False,17.28,51.83,16.61,47.43,26.82,43.34,71.25,62.9
315,2013725,50836,50894,61:27.6,61:33.4,16,27,5.8,2,1,869,left_to_right,Sydney FC,3,True,False,False,finish,2,low_block,8,18.26,32.74,1,wide_left,3,attacking_third,False,47.17,14.3,2,half_space_left,3,attacking_third,True,44.26,43.61,58.55,77.4,34.35,30.98,39.98,38.97
316,2013725,50894,50914,61:33.4,61:35.4,16,33,2.0,2,2,1803,right_to_left,Western United,1,True,False,False,chaotic,5,chaotic,5,-47.84,-14.32,4,half_space_right,1,defensive_third,False,-50.57,-21.98,5,wide_right,1,defensive_third,False,30.96,30.2,39.17,41.83,43.39,40.9,78.13,84.9
317,2013725,51102,51176,61:54.2,62:01.6,16,54,7.4,2,1,869,left_to_right,Sydney FC,3,False,False,False,set_play,7,defending_set_play,13,51.67,32.17,1,wide_left,3,attacking_third,False,5.01,32.34,1,wide_left,2,middle_third,False,41.41,46.26,70.03,61.51,30.58,36.23,10.85,35.91
318,2013725,51176,51239,62:01.6,62:07.9,17,1,6.3,2,1,869,left_to_right,Sydney FC,2,False,False,False,create,1,medium_block,9,4.75,32.51,1,wide_left,2,middle_third,False,-21.21,6.46,3,center,1,defensive_third,False,46.38,58.94,61.31,48.29,36.66,39.6,36.01,53.61
319,2013725,51239,51269,62:07.9,62:10.9,17,7,3.0,2,1,869,left_to_right,Sydney FC,1,False,False,False,direct,6,defending_direct,15,-19.27,7.49,3,center,1,defensive_third,False,17.72,22.49,1,wide_left,3,attacking_third,False,58.93,46.26,48.09,53.4,39.63,33.37,53.92,57.97
320,2013725,51269,51287,62:10.9,62:12.7,17,10,1.8,2,1,869,left_to_right,Sydney FC,1,False,False,False,create,1,medium_block,9,18.23,22.59,1,wide_left,3,attacking_third,False,19.19,15.33,2,half_space_left,3,attacking_third,False,45.77,41.34,53.53,54.94,32.95,27.17,58.02,58.29
321,2013725,51287,51381,62:12.7,62:22.1,17,12,9.4,2,1,869,left_to_right,Sydney FC,2,False,False,False,finish,2,low_block,8,19.18,14.7,2,half_space_left,3,attacking_third,False,42.71,-6.39,3,center,3,attacking_third,True,41.29,36.99,55.02,79.11,26.98,28.47,58.28,49.07
322,2013725,51530,51551,62:37.0,62:39.1,17,37,2.1,2,1,869,left_to_right,Sydney FC,1,True,False,False,chaotic,5,chaotic,5,,,2,half_space_left,2,middle_third,False,18.14,-19.42,4,half_space_right,3,attacking_third,False,,45.48,,63.7,,32.71,,29.17
323,2013725,51551,51664,62:39.1,62:50.4,17,39,11.3,2,2,1803,right_to_left,Western United,4,False,False,False,create,1,medium_block,9,-17.73,18.9,2,half_space_left,1,defensive_third,False,24.13,-29.97,5,wide_right,3,attacking_third,False,32.7,46.98,29.7,61.8,45.73,41.08,63.49,52.24
324,2013725,51664,51701,62:50.4,62:54.1,17,50,3.7,2,2,1803,right_to_left,Western United,1,True,False,False,finish,2,low_block,8,24.75,-29.98,5,wide_right,3,attacking_third,False,40.99,-33.46,5,wide_right,3,attacking_third,False,47.29,48.98,62.04,74.88,40.89,40.17,52.2,48.43
325,2013725,51825,51891,63:06.5,63:13.1,18,6,6.6,2,1,869,left_to_right,Sydney FC,3,True,False,True,build_up,0,high_block,10,-34.54,31.64,1,wide_left,1,defensive_third,False,-23.75,5.64,3,center,1,defensive_third,False,39.99,42.24,44.02,44.0,32.06,31.47,63.55,72.76
326,2013725,51891,51937,63:13.1,63:17.7,18,13,4.6,2,2,1803,right_to_left,Western United,1,False,False,True,quick_break,3,defending_quick_break,12,23.48,-4.86,3,center,3,attacking_third,False,45.22,10.03,2,half_space_left,3,attacking_third,True,31.49,31.97,72.68,72.32,41.87,30.11,43.93,36.49
327,2013725,52372,52395,64:01.2,64:03.5,19,1,2.3,2,2,1803,right_to_left,Western United,2,False,False,True,set_play,7,defending_set_play,13,52.68,31.48,1,wide_left,3,attacking_third,False,52.32,2.89,3,center,3,attacking_third,True,40.95,38.54,69.04,67.6,11.68,14.55,15.94,18.6
328,2013725,52674,52760,64:31.4,64:40.0,19,31,8.6,2,2,1803,right_to_left,Western United,3,False,False,False,set_play,7,defending_set_play,13,52.01,-33.1,5,wide_right,3,attacking_third,False,5.96,21.61,1,wide_left,2,middle_third,False,39.09,50.1,68.9,55.4,18.5,30.85,13.86,35.37
329,2013725,52760,52792,64:40.0,64:43.2,19,40,3.2,2,2,1803,right_to_left,Western United,0,False,False,False,create,1,medium_block,9,4.78,21.54,1,wide_left,2,middle_third,False,-19.54,5.02,3,center,1,defensive_third,False,50.51,56.56,55.24,48.71,30.86,30.6,35.99,51.51
330,2013725,52792,52826,64:43.2,64:46.6,19,43,3.4,2,2,1803,right_to_left,Western United,1,False,False,False,build_up,0,high_block,10,-20.27,3.85,3,center,1,defensive_third,False,-24.91,-13.21,4,half_space_right,1,defensive_third,False,56.54,59.93,48.4,43.67,30.53,31.37,51.79,61.45
331,2013725,52826,52852,64:46.6,64:49.2,19,46,2.6,2,2,1803,right_to_left,Western United,1,False,False,False,direct,6,defending_direct,15,-23.26,-13.42,4,half_space_right,1,defensive_third,False,12.7,-19.77,4,half_space_right,2,middle_third,False,59.73,50.27,43.96,53.9,31.29,30.78,61.67,58.18
332,2013725,52852,52910,64:49.2,64:55.0,19,49,5.8,2,2,1803,right_to_left,Western United,1,True,False,False,create,1,medium_block,9,13.31,-19.74,4,half_space_right,2,middle_third,False,12.98,16.72,2,half_space_left,2,middle_third,False,49.87,35.85,54.24,55.72,30.79,36.51,57.92,43.51
333,2013725,52910,52982,64:55.0,65:02.2,19,55,7.2,2,1,869,left_to_right,Sydney FC,2,True,False,False,transition,4,defending_transition,11,-13.16,-17.26,4,half_space_right,2,middle_third,False,23.68,-14.25,4,half_space_right,3,attacking_third,False,36.71,36.15,43.65,63.46,35.05,21.82,55.84,57.59
334,2013725,52982,53021,65:02.2,65:06.1,20,2,3.9,2,2,1803,right_to_left,Western United,2,True,False,False,chaotic,5,chaotic,5,-23.55,14.3,2,half_space_left,1,defensive_third,False,-32.47,23.6,1,wide_left,1,defensive_third,False,21.92,33.62,57.3,47.11,36.17,43.14,63.59,60.67
335,2013725,53021,53238,65:06.1,65:27.8,20,6,21.7,2,1,869,left_to_right,Sydney FC,8,True,False,False,finish,2,low_block,8,32.9,-24.0,5,wide_right,3,attacking_third,False,19.9,-35.31,5,wide_right,3,attacking_third,False,43.21,53.23,60.63,50.16,33.97,38.52,46.87,35.44
336,2013725,53432,53494,65:47.2,65:53.4,20,47,6.2,2,2,1803,right_to_left,Western United,2,True,False,False,chaotic,5,chaotic,5,-20.44,34.67,1,wide_left,1,defensive_third,False,3.12,14.78,2,half_space_left,2,middle_third,False,33.61,30.54,51.29,48.06,23.17,23.54,52.49,50.58
337,2013725,53494,53615,65:53.4,66:05.5,20,53,12.1,2,1,869,left_to_right,Sydney FC,3,True,False,False,chaotic,5,chaotic,5,-3.49,-14.78,4,half_space_right,2,middle_third,False,37.18,-8.65,3,center,3,attacking_third,True,23.81,29.33,50.57,67.12,30.48,32.81,47.98,44.46
338,2013725,53615,53678,66:05.5,66:11.8,21,5,6.3,2,2,1803,right_to_left,Western United,1,True,False,False,build_up,0,high_block,10,-37.9,9.11,3,center,1,defensive_third,False,-22.39,17.3,2,half_space_left,1,defensive_third,False,33.01,36.49,44.33,36.85,29.31,26.22,67.4,72.05
339,2013725,53678,53694,66:11.8,66:13.4,21,11,1.6,2,1,869,left_to_right,Sydney FC,1,True,False,False,chaotic,5,chaotic,5,21.96,-17.27,4,half_space_right,3,attacking_third,False,29.51,-23.5,5,wide_right,3,attacking_third,False,26.4,26.96,71.81,68.38,36.38,31.53,36.64,36.11
340,2013725,53694,53709,66:13.4,66:14.9,21,13,1.5,2,2,1803,right_to_left,Western United,1,True,False,False,chaotic,5,chaotic,5,-29.89,23.67,1,wide_left,1,defensive_third,False,-29.06,19.77,2,half_space_left,1,defensive_third,False,31.05,27.68,36.14,35.77,26.84,27.71,68.15,65.88
341,2013725,53709,53742,66:14.9,66:18.2,21,14,3.3,2,1,869,left_to_right,Sydney FC,3,True,False,False,chaotic,5,chaotic,5,29.12,-19.67,4,half_space_right,3,attacking_third,False,23.47,-25.02,5,wide_right,3,attacking_third,False,27.85,30.45,65.76,63.13,27.64,29.8,35.67,33.25
342,2013725,53742,53771,66:18.2,66:21.1,21,18,2.9,2,2,1803,right_to_left,Western United,1,True,False,False,chaotic,5,chaotic,5,-22.61,24.86,1,wide_left,1,defensive_third,False,-18.3,23.61,1,wide_left,1,defensive_third,False,29.82,29.02,33.35,37.25,30.37,29.53,63.02,60.74
343,2013725,53771,53795,66:21.1,66:23.5,21,21,2.4,2,1,869,left_to_right,Sydney FC,1,True,False,False,chaotic,5,chaotic,5,17.62,-23.31,5,wide_right,2,middle_third,False,17.94,-18.62,4,half_space_right,3,attacking_third,False,29.69,32.51,60.69,59.13,28.98,28.11,37.44,40.91
344,2013725,53795,53895,66:23.5,66:33.5,21,23,10.0,2,2,1803,right_to_left,Western United,4,False,False,False,create,1,medium_block,9,-18.17,18.18,2,half_space_left,1,defensive_third,False,-19.05,-2.17,3,center,1,defensive_third,False,28.12,43.24,41.06,52.11,32.62,34.76,59.06,56.34
345,2013725,53895,53952,66:33.5,66:39.2,21,33,5.7,2,2,1803,right_to_left,Western United,2,False,False,False,build_up,0,high_block,10,-20.06,-1.71,3,center,1,defensive_third,False,-20.29,-23.42,5,wide_right,1,defensive_third,False,43.28,48.42,52.06,46.94,34.23,39.28,56.25,53.95
346,2013725,53952,53992,66:39.2,66:43.2,21,39,4.0,2,2,1803,right_to_left,Western United,1,True,False,False,create,1,medium_block,9,-19.73,-24.25,5,wide_right,1,defensive_third,False,6.32,-6.41,3,center,2,middle_third,False,48.35,45.73,47.0,52.04,39.37,45.56,53.9,54.44
347,2013725,53992,54039,66:43.2,66:47.9,21,43,4.7,2,1,869,left_to_right,Sydney FC,2,True,False,False,chaotic,5,chaotic,5,-6.75,5.33,3,center,2,middle_third,False,10.93,1.06,3,center,2,middle_third,False,45.43,31.73,54.45,51.49,45.44,30.42,52.28,53.74
348,2013725,54039,54057,66:47.9,66:49.7,21,47,1.8,2,2,1803,right_to_left,Western United,1,True,False,False,chaotic,5,chaotic,5,-11.05,-0.79,3,center,2,middle_third,False,-1.42,1.7,3,center,2,middle_third,False,30.11,28.17,53.59,51.55,31.38,26.45,51.52,52.81
349,2013725,54057,54094,66:49.7,66:53.4,21,49,3.7,2,1,869,left_to_right,Sydney FC,1,True,False,False,chaotic,5,chaotic,5,1.73,-1.9,3,center,2,middle_third,False,22.44,6.28,3,center,3,attacking_third,False,26.27,23.82,52.91,58.49,28.14,25.74,51.42,47.72
350,2013725,54241,54250,67:08.1,67:09.0,22,8,0.9,2,2,1803,right_to_left,Western United,1,False,False,False,create,1,medium_block,9,-14.65,-5.69,3,center,2,middle_third,False,-19.61,-3.87,3,center,1,defensive_third,False,50.66,52.55,48.22,48.97,38.08,39.47,50.68,50.33
351,2013725,54250,54322,67:09.0,67:16.2,22,9,7.2,2,2,1803,right_to_left,Western United,3,False,False,False,build_up,0,high_block,10,-20.08,-3.72,3,center,1,defensive_third,False,-40.0,2.6,3,center,1,defensive_third,False,52.74,51.96,49.0,42.49,39.7,41.81,50.35,66.54
352,2013725,54322,54350,67:16.2,67:19.0,22,16,2.8,2,2,1803,right_to_left,Western United,1,True,False,False,direct,6,defending_direct,15,-39.74,2.94,3,center,1,defensive_third,False,-4.69,27.36,1,wide_left,2,middle_third,False,51.96,52.29,42.25,45.26,41.7,41.93,66.93,69.77
353,2013725,54350,54382,67:19.0,67:22.2,22,19,3.2,2,1,869,left_to_right,Sydney FC,1,False,False,False,chaotic,5,chaotic,5,4.34,-27.77,5,wide_right,2,middle_third,False,15.69,-33.02,5,wide_right,2,middle_third,False,42.05,41.85,69.79,65.05,52.27,48.28,45.41,48.06
354,2013725,54545,54629,67:38.5,67:46.9,22,38,8.4,2,1,869,left_to_right,Sydney FC,4,False,False,True,create,1,medium_block,9,9.5,-32.5,5,wide_right,2,middle_third,False,17.8,23.05,1,wide_left,3,attacking_third,False,51.36,61.32,58.74,59.81,33.68,39.01,33.64,41.6
355,2013725,54629,54675,67:46.9,67:51.5,22,46,4.6,2,1,869,left_to_right,Sydney FC,2,False,False,True,finish,2,low_block,8,18.37,24.15,1,wide_left,3,attacking_third,False,5.27,28.5,1,wide_left,2,middle_third,False,61.08,57.31,59.96,61.46,39.32,38.74,41.47,38.88
356,2013725,54675,54877,67:51.5,68:11.7,22,51,20.2,2,1,869,left_to_right,Sydney FC,7,False,False,True,create,1,medium_block,9,5.03,28.5,1,wide_left,2,middle_third,False,19.12,16.88,2,half_space_left,3,attacking_third,False,57.39,55.69,61.31,60.28,38.57,39.18,39.08,49.09
357,2013725,54877,54941,68:11.7,68:18.1,23,11,6.4,2,1,869,left_to_right,Sydney FC,3,True,False,True,finish,2,low_block,8,19.67,16.85,2,half_space_left,3,attacking_third,False,36.63,-14.07,4,half_space_right,3,attacking_third,True,55.36,26.86,60.61,71.17,38.7,16.36,49.11,44.32
358,2013725,54941,55026,68:18.1,68:26.6,23,18,8.5,2,2,1803,right_to_left,Western United,1,True,False,False,chaotic,5,chaotic,5,-36.92,13.79,2,half_space_left,1,defensive_third,False,-16.49,-10.97,4,half_space_right,2,middle_third,False,16.5,20.78,44.13,38.63,26.83,28.3,71.13,60.65
359,2013725,55026,55144,68:26.6,68:38.4,23,26,11.8,2,1,869,left_to_right,Sydney FC,4,False,False,False,finish,2,low_block,8,16.24,11.06,2,half_space_left,2,middle_third,False,5.02,12.86,2,half_space_left,2,middle_third,False,28.48,45.9,60.56,58.19,21.1,35.71,38.71,38.8
360,2013725,55144,55395,68:38.4,69:03.5,23,38,25.1,2,1,869,left_to_right,Sydney FC,7,True,False,False,create,1,medium_block,9,4.64,11.91,2,half_space_left,2,middle_third,False,15.23,-26.08,5,wide_right,2,middle_third,False,45.85,56.87,58.23,53.86,35.84,48.86,38.9,48.65
361,2013725,55395,55437,69:03.5,69:07.7,24,3,4.2,2,2,1803,right_to_left,Western United,1,True,False,False,chaotic,5,chaotic,5,-15.61,27.13,1,wide_left,2,middle_third,False,-3.64,22.16,1,wide_left,2,middle_third,False,49.14,46.91,48.71,46.58,56.65,49.09,54.06,58.12
362,2013725,55437,55562,69:07.7,69:20.2,24,7,12.5,2,1,869,left_to_right,Sydney FC,4,True,False,False,create,1,medium_block,9,4.07,-21.77,5,wide_right,2,middle_third,False,13.04,2.24,3,center,2,middle_third,False,48.78,24.83,58.11,58.32,46.71,25.63,46.44,38.44
363,2013725,55562,55652,69:20.2,69:29.2,24,20,9.0,2,2,1803,right_to_left,Western United,2,False,False,False,transition,4,defending_transition,11,-13.4,-2.59,3,center,2,middle_third,False,15.77,36.0,1,wide_left,2,middle_third,False,25.73,37.32,38.34,65.93,25.05,37.1,58.25,54.7
364,2013725,56046,56378,70:08.6,70:41.8,25,8,33.2,2,2,1803,right_to_left,Western United,10,True,False,False,finish,2,low_block,8,13.82,34.24,1,wide_left,2,middle_third,False,32.04,-1.99,3,center,3,attacking_third,False,27.25,27.89,63.54,62.23,28.26,26.56,39.03,33.73
365,2013725,56378,56439,70:41.8,70:47.9,25,41,6.1,2,1,869,left_to_right,Sydney FC,1,True,False,False,transition,4,defending_transition,11,-32.13,2.43,3,center,1,defensive_third,False,14.76,21.83,1,wide_left,2,middle_third,False,26.77,48.57,33.92,55.43,27.93,40.52,62.12,58.31
366,2013725,56439,56447,70:47.9,70:48.7,25,47,0.8,2,2,1803,right_to_left,Western United,1,False,False,True,create,1,medium_block,9,-15.45,-21.9,5,wide_right,2,middle_third,False,-19.67,-22.3,5,wide_right,1,defensive_third,False,40.54,40.97,58.31,58.23,48.71,49.03,55.78,58.45
367,2013725,56447,56570,70:48.7,71:01.0,25,48,12.3,2,2,1803,right_to_left,Western United,5,False,False,True,build_up,0,high_block,10,-20.21,-22.38,5,wide_right,1,defensive_third,False,-20.07,28.88,1,wide_left,1,defensive_third,False,41.03,50.5,58.26,43.02,48.97,44.88,58.88,63.38
368,2013725,56570,56670,71:01.0,71:11.0,26,1,10.0,2,2,1803,right_to_left,Western United,2,False,False,True,create,1,medium_block,9,-18.95,28.12,1,wide_left,1,defensive_third,False,13.1,-16.6,4,half_space_right,2,middle_third,False,50.45,37.04,43.11,60.04,44.65,33.27,63.32,56.88
369,2013725,56670,56931,71:11.0,71:37.1,26,11,26.1,2,2,1803,right_to_left,Western United,4,False,False,True,finish,2,low_block,8,13.62,-16.62,4,half_space_right,2,middle_third,False,5.47,17.94,2,half_space_left,2,middle_third,False,37.0,39.71,60.3,54.91,33.42,54.15,56.74,52.01
370,2013725,56931,57064,71:37.1,71:50.4,26,37,13.3,2,2,1803,right_to_left,Western United,4,False,False,False,create,1,medium_block,9,4.09,16.68,2,half_space_left,2,middle_third,False,-19.02,-10.81,4,half_space_right,1,defensive_third,False,39.54,43.64,54.71,44.78,54.22,37.65,52.24,51.47
371,2013725,57064,57119,71:50.4,71:55.9,26,50,5.5,2,2,1803,right_to_left,Western United,2,False,False,False,build_up,0,high_block,10,-20.25,-9.89,4,half_space_right,1,defensive_third,False,-22.81,8.96,3,center,1,defensive_third,False,43.8,51.54,44.6,42.6,37.67,42.46,51.88,64.17
372,2013725,57319,57435,72:15.9,72:27.5,27,15,11.6,2,2,1803,right_to_left,Western United,5,True,False,True,build_up,0,high_block,10,-31.15,4.55,3,center,1,defensive_third,False,-32.94,-13.16,4,half_space_right,1,defensive_third,False,59.56,50.12,51.26,50.8,45.21,46.42,53.17,64.96
373,2013725,57435,57457,72:27.5,72:29.7,27,27,2.2,2,1,869,left_to_right,Sydney FC,1,True,False,True,finish,2,low_block,8,33.14,12.71,2,half_space_left,3,attacking_third,False,52.65,6.63,3,center,3,attacking_third,True,46.27,42.71,65.13,69.44,50.16,48.72,50.7,46.9
374,2013725,57730,57780,72:57.0,73:02.0,27,57,5.0,2,2,1803,right_to_left,Western United,4,False,False,False,build_up,0,high_block,10,-49.05,0.6,3,center,1,defensive_third,False,-42.59,32.37,1,wide_left,1,defensive_third,False,50.43,53.62,50.74,51.1,42.33,42.77,71.51,76.37
375,2013725,57780,57827,73:02.0,73:06.7,28,2,4.7,2,2,1803,right_to_left,Western United,3,False,False,False,direct,6,defending_direct,15,-41.38,32.69,1,wide_left,1,defensive_third,False,13.06,29.73,1,wide_left,2,middle_third,False,53.52,42.62,51.1,57.2,42.9,31.36,76.31,67.94
376,2013725,57997,58003,73:23.7,73:24.3,28,23,0.6,2,2,1803,right_to_left,Western United,1,False,False,False,create,1,medium_block,9,,,2,half_space_left,2,middle_third,False,,,2,half_space_left,2,middle_third,False,,,,,,,,
377,2013725,58003,58029,73:24.3,73:26.9,28,24,2.6,2,2,1803,right_to_left,Western United,2,False,False,False,finish,2,low_block,8,10.66,31.31,1,wide_left,2,middle_third,False,5.46,26.14,1,wide_left,2,middle_third,False,34.07,32.99,66.73,61.57,32.19,32.23,48.19,44.61
378,2013725,58029,58031,73:26.9,73:27.1,28,26,0.2,2,2,1803,right_to_left,Western United,0,True,False,False,create,1,medium_block,9,5.18,25.6,1,wide_left,2,middle_third,False,5.13,25.34,1,wide_left,2,middle_third,False,32.93,32.85,61.39,61.2,32.12,32.02,44.48,44.39
379,2013725,58031,58105,73:27.1,73:34.5,28,27,7.4,2,1,869,left_to_right,Sydney FC,3,True,False,False,chaotic,5,chaotic,5,-5.26,-25.31,5,wide_right,2,middle_third,False,40.6,-18.76,4,half_space_right,3,attacking_third,True,31.9,32.24,44.33,77.73,32.74,26.62,61.01,56.19
380,2013725,58105,58148,73:34.5,73:38.8,28,34,4.3,2,2,1803,right_to_left,Western United,1,False,False,False,build_up,0,high_block,10,-40.93,18.71,2,half_space_left,1,defensive_third,False,-42.41,30.13,1,wide_left,1,defensive_third,False,26.6,30.24,56.05,42.87,32.16,27.64,77.78,73.53
381,2013725,58148,58174,73:38.8,73:41.4,28,38,2.6,2,2,1803,right_to_left,Western United,1,True,False,False,direct,6,defending_direct,15,-41.9,30.46,1,wide_left,1,defensive_third,False,-2.81,26.46,1,wide_left,2,middle_third,False,30.29,29.64,42.71,44.65,27.51,25.49,73.35,67.44
382,2013725,58174,58200,73:41.4,73:44.0,28,41,2.6,2,1,869,left_to_right,Sydney FC,1,True,False,False,chaotic,5,chaotic,5,2.36,-26.09,5,wide_right,2,middle_third,False,21.05,-6.36,3,center,3,attacking_third,False,25.54,26.36,67.24,64.04,29.58,29.27,44.78,44.37
383,2013725,58200,58327,73:44.0,73:56.7,28,44,12.7,2,2,1803,right_to_left,Western United,4,True,False,False,create,1,medium_block,9,-21.46,5.73,3,center,1,defensive_third,False,0.26,-5.89,3,center,2,middle_third,False,29.54,39.3,44.51,55.77,26.45,29.13,63.98,56.1
384,2013725,58327,58342,73:56.7,73:58.2,28,56,1.5,2,1,869,left_to_right,Sydney FC,1,True,False,False,chaotic,5,chaotic,5,-0.12,5.86,3,center,2,middle_third,False,5.76,6.89,3,center,2,middle_third,False,29.19,30.01,56.05,55.17,38.99,35.24,55.55,53.04
385,2013725,58342,58377,73:58.2,74:01.7,28,58,3.5,2,2,1803,right_to_left,Western United,1,True,False,False,chaotic,5,chaotic,5,-5.38,-7.02,3,center,2,middle_third,False,-7.42,3.18,3,center,2,middle_third,False,35.03,24.59,52.9,51.92,30.09,30.6,55.07,54.22
386,2013725,58377,58420,74:01.7,74:06.0,29,1,4.3,2,1,869,left_to_right,Sydney FC,1,True,False,False,chaotic,5,chaotic,5,8.04,-3.62,3,center,2,middle_third,False,28.05,-5.61,3,center,3,attacking_third,False,30.71,29.37,54.39,69.12,24.09,15.29,52.0,56.69
387,2013725,58420,58476,74:06.0,74:11.6,29,6,5.6,2,2,1803,right_to_left,Western United,1,False,False,False,build_up,0,high_block,10,-28.08,5.91,3,center,1,defensive_third,False,-20.42,29.23,1,wide_left,1,defensive_third,False,15.55,38.54,56.63,47.83,29.24,34.67,69.28,63.6
388,2013725,58476,58518,74:11.6,74:15.8,29,11,4.2,2,2,1803,right_to_left,Western United,1,False,False,False,create,1,medium_block,9,-19.37,29.76,1,wide_left,1,defensive_third,False,-8.45,35.26,1,wide_left,2,middle_third,False,38.79,41.96,47.89,51.66,34.92,37.12,63.52,62.1
389,2013725,59065,59097,75:10.5,75:13.7,30,10,3.2,2,2,1803,right_to_left,Western United,1,True,False,False,chaotic,5,chaotic,5,-5.5,32.36,1,wide_left,2,middle_third,False,4.29,18.83,2,half_space_left,2,middle_third,False,30.27,27.09,56.01,50.2,25.23,24.15,51.46,51.31
390,2013725,59097,59116,75:13.7,75:15.6,30,13,1.9,2,1,869,left_to_right,Sydney FC,1,True,False,False,chaotic,5,chaotic,5,-4.07,-18.86,4,half_space_right,2,middle_third,False,0.3,-23.32,5,wide_right,2,middle_third,False,24.2,25.87,51.18,50.52,26.94,28.18,50.14,49.98
391,2013725,59116,59166,75:15.6,75:20.6,30,15,5.0,2,2,1803,right_to_left,Western United,1,True,False,False,chaotic,5,chaotic,5,-0.15,23.49,1,wide_left,2,middle_third,False,22.42,21.16,1,wide_left,3,attacking_third,False,28.29,31.31,49.98,54.49,25.95,25.99,50.55,49.89
392,2013725,59166,59214,75:20.6,75:25.4,30,20,4.8,2,1,869,left_to_right,Sydney FC,2,True,False,False,chaotic,5,chaotic,5,-23.49,-21.32,5,wide_right,1,defensive_third,False,-44.86,-14.46,4,half_space_right,1,defensive_third,False,26.06,38.3,49.87,48.64,31.22,32.83,54.93,78.79
393,2013725,59404,59482,75:44.4,75:52.2,30,44,7.8,2,2,1803,right_to_left,Western United,3,False,False,False,finish,2,low_block,8,22.54,34.33,1,wide_left,3,attacking_third,False,5.87,24.25,1,wide_left,2,middle_third,False,34.68,33.07,64.8,66.22,28.82,33.42,32.44,43.87
394,2013725,59482,59567,75:52.2,76:00.7,30,52,8.5,2,2,1803,right_to_left,Western United,3,True,False,False,create,1,medium_block,9,3.91,23.91,1,wide_left,2,middle_third,False,16.26,18.07,2,half_space_left,2,middle_third,False,33.21,37.28,66.05,61.37,33.61,34.18,44.63,48.01
395,2013725,59567,59642,76:00.7,76:08.2,31,0,7.5,2,1,869,left_to_right,Sydney FC,3,False,False,False,transition,4,defending_transition,11,-16.64,-17.66,4,half_space_right,2,middle_third,False,15.61,-35.12,5,wide_right,2,middle_third,False,34.09,38.7,48.14,57.11,36.88,36.27,61.87,52.89
396,2013725,59781,59821,76:22.1,76:26.1,31,22,4.0,2,1,869,left_to_right,Sydney FC,3,True,False,False,chaotic,5,chaotic,5,12.15,-34.66,5,wide_right,2,middle_third,False,31.27,-31.78,5,wide_right,3,attacking_third,False,47.01,42.33,55.42,60.2,29.87,29.96,40.23,40.06
397,2013725,59821,59847,76:26.1,76:28.7,31,26,2.6,2,2,1803,right_to_left,Western United,1,False,False,False,build_up,0,high_block,10,-31.55,31.77,1,wide_left,1,defensive_third,False,-20.38,25.59,1,wide_left,1,defensive_third,False,29.69,30.48,40.0,36.62,42.16,37.43,60.37,61.2
398,2013725,59847,59867,76:28.7,76:30.7,31,28,2.0,2,2,1803,right_to_left,Western United,2,True,False,False,create,1,medium_block,9,-19.49,24.85,1,wide_left,1,defensive_third,False,-23.32,19.76,2,half_space_left,1,defensive_third,False,30.61,32.66,36.39,31.48,37.18,32.52,61.03,56.55
399,2013725,59867,60053,76:30.7,76:49.3,31,30,18.6,2,1,869,left_to_right,Sydney FC,6,False,False,False,finish,2,low_block,8,23.03,-19.5,4,half_space_right,3,attacking_third,False,-30.28,16.56,2,half_space_left,1,defensive_third,False,32.28,21.29,56.3,33.72,32.72,21.67,31.42,69.28
400,2013725,60053,60068,76:49.3,76:50.8,31,49,1.5,2,1,869,left_to_right,Sydney FC,1,True,False,False,chaotic,5,chaotic,5,30.46,-16.66,4,half_space_right,3,attacking_third,False,33.81,-11.54,4,half_space_right,3,attacking_third,False,21.53,22.72,68.91,64.12,21.39,22.37,33.64,32.48
401,2013725,60068,60090,76:50.8,76:53.0,31,50,2.2,2,2,1803,right_to_left,Western United,1,False,False,False,chaotic,5,chaotic,5,-34.03,11.09,2,half_space_left,1,defensive_third,False,-19.79,17.88,2,half_space_left,1,defensive_third,False,22.52,23.12,32.4,32.74,22.9,24.51,63.83,61.29
402,2013725,60385,60452,77:22.5,77:29.2,32,22,6.7,2,2,1803,right_to_left,Western United,3,True,False,False,create,1,medium_block,9,-7.27,19.88,2,half_space_left,2,middle_third,False,23.18,30.56,1,wide_left,3,attacking_third,False,54.59,43.86,56.85,61.62,37.84,35.33,49.92,49.07
403,2013725,60452,60487,77:29.2,77:32.7,32,29,3.5,2,1,869,left_to_right,Sydney FC,1,True,False,False,direct,6,defending_direct,15,-23.41,-30.55,5,wide_right,1,defensive_third,False,8.93,-24.47,5,wide_right,2,middle_third,False,35.35,30.27,49.12,54.56,43.4,32.45,61.74,58.59
404,2013725,60487,60620,77:32.7,77:46.0,32,32,13.3,2,2,1803,right_to_left,Western United,3,True,False,False,chaotic,5,chaotic,5,-9.41,24.98,1,wide_left,2,middle_third,False,8.94,26.5,1,wide_left,2,middle_third,False,32.18,25.53,58.33,51.12,29.94,30.29,54.7,46.43
405,2013725,60620,60642,77:46.0,77:48.2,32,46,2.2,2,1,869,left_to_right,Sydney FC,2,True,False,False,chaotic,5,chaotic,5,-9.16,-26.4,5,wide_right,2,middle_third,False,3.73,-21.91,5,wide_right,2,middle_third,False,30.35,31.28,46.38,47.02,25.51,24.42,51.18,52.67
406,2013725,60642,60658,77:48.2,77:49.8,32,48,1.6,2,2,1803,right_to_left,Western United,1,True,False,False,chaotic,5,chaotic,5,-4.24,21.7,1,wide_left,2,middle_third,False,10.68,17.43,2,half_space_left,2,middle_third,False,24.39,23.83,52.79,53.91,31.17,29.13,47.06,47.26
407,2013725,60658,60692,77:49.8,77:53.2,32,49,3.4,2,1,869,left_to_right,Sydney FC,1,True,False,False,chaotic,5,chaotic,5,-11.36,-17.45,4,half_space_right,2,middle_third,False,7.31,-23.09,5,wide_right,2,middle_third,False,29.02,26.09,47.28,49.7,23.77,22.86,53.91,51.64
408,2013725,60793,60895,78:03.3,78:13.5,33,3,10.2,2,2,1803,right_to_left,Western United,3,True,False,False,create,1,medium_block,9,-9.05,19.2,2,half_space_left,2,middle_third,False,45.67,-15.7,4,half_space_right,3,attacking_third,True,44.84,38.17,55.28,69.59,38.51,48.4,49.58,46.27
409,2013725,60895,61060,78:13.5,78:30.0,33,13,16.5,2,1,869,left_to_right,Sydney FC,3,False,False,False,create,1,medium_block,9,-45.87,15.68,2,half_space_left,1,defensive_third,False,-19.78,30.67,1,wide_left,1,defensive_third,False,48.7,62.34,46.11,47.2,38.05,41.47,69.3,59.52
410,2013725,61060,61100,78:30.0,78:34.0,33,30,4.0,2,1,869,left_to_right,Sydney FC,2,False,False,False,build_up,0,high_block,10,-20.05,30.24,1,wide_left,1,defensive_third,False,-20.61,29.43,1,wide_left,1,defensive_third,False,61.97,60.9,47.39,50.75,41.46,36.21,59.42,62.4
411,2013725,61100,61204,78:34.0,78:44.4,33,34,10.4,2,1,869,left_to_right,Sydney FC,4,False,False,False,create,1,medium_block,9,-19.56,29.9,1,wide_left,1,defensive_third,False,23.25,20.81,1,wide_left,3,attacking_third,False,60.76,46.09,50.79,62.52,36.37,29.75,62.37,50.48
412,2013725,61204,61250,78:44.4,78:49.0,33,44,4.6,2,1,869,left_to_right,Sydney FC,1,True,False,False,finish,2,low_block,8,23.98,20.7,1,wide_left,3,attacking_third,False,42.84,13.45,2,half_space_left,3,attacking_third,True,45.66,30.33,62.82,70.58,29.47,28.24,50.72,44.12
413,2013725,61250,61260,78:49.0,78:50.0,33,49,1.0,2,2,1803,right_to_left,Western United,1,True,False,False,chaotic,5,chaotic,5,-42.92,-13.44,4,half_space_right,1,defensive_third,False,-44.7,-20.92,5,wide_right,1,defensive_third,False,28.2,28.13,43.68,37.97,30.35,30.34,70.57,70.06
414,2013725,61702,61730,79:34.2,79:37.0,34,34,2.8,2,1,869,left_to_right,Sydney FC,2,True,False,True,set_play,7,defending_set_play,13,51.45,-21.33,5,wide_right,3,attacking_third,False,48.71,1.45,3,center,3,attacking_third,True,43.41,39.87,59.21,57.93,32.46,25.29,9.67,13.99
415,2013725,61730,61939,79:37.0,79:57.9,34,37,20.9,2,2,1803,right_to_left,Western United,3,True,False,False,create,1,medium_block,9,-49.11,-1.39,3,center,1,defensive_third,False,-13.15,29.12,1,wide_left,2,middle_third,False,24.93,47.38,14.22,47.09,39.66,44.69,57.8,67.06
416,2013725,61939,62029,79:57.9,80:06.9,34,57,9.0,2,1,869,left_to_right,Sydney FC,2,True,False,False,quick_break,3,defending_quick_break,12,12.82,-29.05,5,wide_right,2,middle_third,False,38.11,-25.74,5,wide_right,3,attacking_third,False,44.57,41.16,66.81,67.17,47.12,32.8,47.07,46.93
417,2013725,62029,62069,80:06.9,80:10.9,35,6,4.0,2,2,1803,right_to_left,Western United,1,True,False,False,chaotic,5,chaotic,5,-38.68,25.72,1,wide_left,1,defensive_third,False,-39.71,33.57,1,wide_left,1,defensive_third,False,32.71,36.25,46.91,45.29,41.03,39.66,67.69,76.38
418,2013725,62189,62320,80:22.9,80:36.0,35,22,13.1,2,1,869,left_to_right,Sydney FC,7,True,False,False,finish,2,low_block,8,31.41,-34.54,5,wide_right,3,attacking_third,False,44.65,-13.38,4,half_space_right,3,attacking_third,True,42.01,38.78,65.39,73.92,28.12,25.74,28.63,26.62
419,2013725,62320,62465,80:36.0,80:50.5,35,36,14.5,2,2,1803,right_to_left,Western United,6,True,False,True,transition,4,defending_transition,11,-44.27,11.79,2,half_space_left,1,defensive_third,False,48.57,-1.36,3,center,3,attacking_third,True,25.38,30.38,26.58,76.13,38.27,24.84,74.23,55.76
420,2013725,62465,62525,80:50.5,80:56.5,35,50,6.0,2,1,869,left_to_right,Sydney FC,1,True,False,True,chaotic,5,chaotic,5,-48.67,1.23,3,center,1,defensive_third,False,-18.89,15.18,2,half_space_left,1,defensive_third,False,25.1,34.53,55.47,45.06,30.38,31.82,76.43,72.25
421,2013725,62525,62561,80:56.5,81:00.1,35,56,3.6,2,2,1803,right_to_left,Western United,1,True,False,True,quick_break,3,defending_quick_break,12,18.74,-15.14,4,half_space_right,3,attacking_third,False,47.83,-4.46,3,center,3,attacking_third,True,32.15,34.58,72.01,65.66,34.67,33.51,44.84,37.49
422,2013725,62942,63025,81:38.2,81:46.5,36,38,8.3,2,1,869,left_to_right,Sydney FC,1,False,False,True,direct,6,defending_direct,15,-41.82,-10.44,4,half_space_right,1,defensive_third,False,13.45,0.6,3,center,2,middle_third,False,30.59,28.11,57.52,61.56,23.37,24.71,48.05,48.05
423,2013725,63025,63074,81:46.5,81:51.4,36,46,4.9,2,1,869,left_to_right,Sydney FC,1,False,False,True,create,1,medium_block,9,13.58,0.89,3,center,2,middle_third,False,14.87,-11.29,4,half_space_right,2,middle_third,False,28.27,42.76,61.56,61.58,24.77,30.71,48.09,39.05
424,2013725,63074,63121,81:51.4,81:56.1,36,51,4.7,2,1,869,left_to_right,Sydney FC,4,True,False,True,finish,2,low_block,8,15.24,-11.77,4,half_space_right,2,middle_third,False,50.16,-3.96,3,center,3,attacking_third,True,42.88,29.23,61.72,79.15,30.78,30.96,38.87,35.22
425,2013725,63360,63432,82:20.0,82:27.2,37,20,7.2,2,2,1803,right_to_left,Western United,4,True,False,False,build_up,0,high_block,10,,,2,half_space_left,2,middle_third,False,-21.85,-26.85,5,wide_right,1,defensive_third,False,,50.38,,46.68,,45.62,,67.8
426,2013725,63432,63476,82:27.2,82:31.6,37,27,4.4,2,1,869,left_to_right,Sydney FC,2,False,False,False,finish,2,low_block,8,21.64,26.73,1,wide_left,3,attacking_third,False,5.97,28.08,1,wide_left,2,middle_third,False,45.58,47.22,67.64,63.67,49.93,40.47,46.53,35.41
427,2013725,63476,63568,82:31.6,82:40.8,37,31,9.2,2,1,869,left_to_right,Sydney FC,4,False,False,False,create,1,medium_block,9,5.13,27.89,1,wide_left,2,middle_third,False,16.59,31.61,1,wide_left,2,middle_third,False,47.36,57.18,63.47,57.8,40.34,42.9,35.46,38.68
428,2013725,63568,63736,82:40.8,82:57.6,37,40,16.8,2,1,869,left_to_right,Sydney FC,6,False,False,False,finish,2,low_block,8,15.9,31.37,1,wide_left,2,middle_third,False,4.22,-8.03,3,center,2,middle_third,False,57.11,38.11,57.94,38.86,42.9,59.7,38.51,58.6
429,2013725,63736,63849,82:57.6,83:08.9,37,57,11.3,2,1,869,left_to_right,Sydney FC,4,False,False,False,create,1,medium_block,9,-5.17,7.39,3,center,2,middle_third,False,13.13,-32.5,5,wide_right,2,middle_third,False,60.0,56.62,58.42,58.65,38.11,39.77,39.14,40.96
430,2013725,63849,63874,83:08.9,83:11.4,38,8,2.5,2,1,869,left_to_right,Sydney FC,1,True,False,False,finish,2,low_block,8,12.87,-32.21,5,wide_right,2,middle_third,False,25.14,-18.09,4,half_space_right,3,attacking_third,False,56.13,41.75,58.79,60.76,39.63,29.27,40.91,40.35
431,2013725,63874,63902,83:11.4,83:14.2,38,11,2.8,2,2,1803,right_to_left,Western United,1,True,False,False,direct,6,defending_direct,15,-25.08,17.63,2,half_space_left,1,defensive_third,False,8.68,3.82,3,center,2,middle_third,False,28.78,27.96,40.35,47.16,41.24,34.46,60.96,58.09
432,2013725,63902,63919,83:14.2,83:15.9,38,14,1.7,2,1,869,left_to_right,Sydney FC,1,False,False,False,create,1,medium_block,9,-9.69,-3.16,3,center,2,middle_third,False,-19.94,4.09,3,center,1,defensive_third,False,34.44,37.26,57.92,56.46,28.09,30.12,47.72,56.94
433,2013725,63919,64051,83:15.9,83:29.1,38,15,13.2,2,1,869,left_to_right,Sydney FC,5,False,False,False,build_up,0,high_block,10,-20.55,4.53,3,center,1,defensive_third,False,-20.12,-34.18,5,wide_right,1,defensive_third,False,37.61,44.33,56.45,46.46,30.21,36.94,57.51,62.55
434,2013725,64051,64055,83:29.1,83:29.5,38,29,0.4,2,1,869,left_to_right,Sydney FC,1,True,False,False,create,1,medium_block,9,-19.98,-34.2,5,wide_right,1,defensive_third,False,-19.89,-34.0,5,wide_right,1,defensive_third,False,44.11,43.39,46.35,46.07,36.96,36.85,62.39,61.92
435,2013725,64055,64092,83:29.5,83:33.2,38,29,3.7,2,2,1803,right_to_left,Western United,1,False,False,False,chaotic,5,chaotic,5,19.92,33.92,1,wide_left,3,attacking_third,False,25.5,36.3,1,wide_left,3,attacking_third,False,36.77,37.28,61.77,61.31,43.13,37.78,46.0,44.35
436,2013725,64279,64300,83:51.9,83:54.0,38,51,2.1,2,2,1803,right_to_left,Western United,2,False,False,False,chaotic,5,chaotic,5,24.63,34.07,1,wide_left,3,attacking_third,False,34.47,23.06,1,wide_left,3,attacking_third,False,32.31,30.17,71.71,68.77,24.8,24.01,36.03,35.21
437,2013725,64847,64857,84:48.7,84:49.7,39,48,1.0,2,2,1803,right_to_left,Western United,1,False,False,False,set_play,7,defending_set_play,13,28.65,20.16,1,wide_left,3,attacking_third,False,39.93,6.4,3,center,3,attacking_third,True,30.29,28.75,60.96,63.81,23.19,21.73,16.84,16.29
438,2013725,65130,65166,85:17.0,85:20.6,40,17,3.6,2,2,1803,right_to_left,Western United,1,True,False,False,chaotic,5,chaotic,5,47.06,-32.91,5,wide_right,3,attacking_third,False,48.34,-32.1,5,wide_right,3,attacking_third,False,29.68,29.11,67.64,65.88,33.08,34.53,31.19,34.11
439,2013725,65166,65217,85:20.6,85:25.7,40,20,5.1,2,1,869,left_to_right,Sydney FC,1,True,False,False,chaotic,5,chaotic,5,-48.41,31.94,1,wide_left,1,defensive_third,False,-24.31,6.97,3,center,1,defensive_third,False,34.5,31.74,34.17,33.32,29.0,19.88,65.87,64.9
440,2013725,65217,65278,85:25.7,85:31.8,40,25,6.1,2,2,1803,right_to_left,Western United,3,False,False,False,finish,2,low_block,8,23.49,-6.44,3,center,3,attacking_third,False,5.39,-16.57,4,half_space_right,2,middle_third,False,19.61,40.16,64.55,57.83,31.49,29.44,33.43,35.72
441,2013725,65278,65318,85:31.8,85:35.8,40,31,4.0,2,2,1803,right_to_left,Western United,2,False,False,False,create,1,medium_block,9,4.73,-16.21,4,half_space_right,2,middle_third,False,-19.25,6.61,3,center,1,defensive_third,False,40.57,48.31,57.8,53.63,29.66,32.5,36.12,54.9
442,2013725,65318,65405,85:35.8,85:44.5,40,35,8.7,2,2,1803,right_to_left,Western United,3,False,False,False,build_up,0,high_block,10,-20.21,6.53,3,center,1,defensive_third,False,-20.78,22.69,1,wide_left,1,defensive_third,False,48.2,50.22,53.48,43.64,32.58,38.96,55.34,67.71
443,2013725,65405,65501,85:44.5,85:54.1,40,44,9.6,2,2,1803,right_to_left,Western United,2,False,False,False,create,1,medium_block,9,-19.34,21.92,1,wide_left,1,defensive_third,False,1.45,-14.73,4,half_space_right,2,middle_third,False,49.9,34.73,43.62,55.02,38.52,35.1,67.74,57.71
444,2013725,65951,65959,86:39.1,86:39.9,41,39,0.8,2,2,1803,right_to_left,Western United,1,False,False,False,create,1,medium_block,9,1.3,4.58,3,center,2,middle_third,False,4.78,-6.82,3,center,2,middle_third,False,50.73,51.48,58.71,59.12,29.95,31.06,41.1,41.65
445,2013725,65959,66068,86:39.9,86:50.8,41,39,10.9,2,2,1803,right_to_left,Western United,2,False,False,False,finish,2,low_block,8,5.03,-8.24,3,center,2,middle_third,False,48.31,-19.85,4,half_space_right,3,attacking_third,True,51.44,34.22,59.21,78.75,31.24,35.05,41.71,39.57
446,2013725,66582,66660,87:42.2,87:50.0,42,42,7.8,2,2,1803,right_to_left,Western United,4,True,False,True,set_play,7,defending_set_play,13,48.1,-20.67,5,wide_right,3,attacking_third,False,51.17,0.71,3,center,3,attacking_third,True,31.26,19.39,70.73,74.26,22.33,26.07,14.8,19.92
447,2013725,66660,66733,87:50.0,87:57.3,42,50,7.3,2,1,869,left_to_right,Sydney FC,1,False,False,False,build_up,0,high_block,10,-51.62,-1.04,3,center,1,defensive_third,False,-20.08,21.41,1,wide_left,1,defensive_third,False,26.1,52.93,20.22,39.09,19.33,34.3,74.08,64.36
448,2013725,66733,66751,87:57.3,87:59.1,42,57,1.8,2,1,869,left_to_right,Sydney FC,0,True,False,False,create,1,medium_block,9,-19.06,22.21,1,wide_left,1,defensive_third,False,-5.57,31.43,1,wide_left,2,middle_third,False,53.17,53.49,39.4,44.09,35.14,47.15,64.24,62.0
449,2013725,66751,66788,87:59.1,88:02.8,42,59,3.7,2,2,1803,right_to_left,Western United,0,False,False,False,chaotic,5,chaotic,5,4.82,-31.73,5,wide_right,2,middle_third,False,-17.81,-28.95,5,wide_right,1,defensive_third,False,47.4,44.92,61.91,58.66,53.27,44.74,44.35,55.86
450,2013725,66788,66815,88:02.8,88:05.5,43,2,2.7,2,2,1803,right_to_left,Western United,1,True,False,False,direct,6,defending_direct,15,-17.44,-29.24,5,wide_right,2,middle_third,False,24.08,-22.33,5,wide_right,3,attacking_third,False,44.85,39.26,58.62,60.38,44.65,42.76,56.21,58.41
451,2013725,66815,66871,88:05.5,88:11.1,43,5,5.6,2,1,869,left_to_right,Sydney FC,1,True,False,False,chaotic,5,chaotic,5,-25.11,21.87,1,wide_left,1,defensive_third,False,-6.43,23.52,1,wide_left,2,middle_third,False,42.8,41.64,58.37,50.02,39.1,36.05,60.46,67.57
452,2013725,66871,66973,88:11.1,88:21.3,43,11,10.2,2,2,1803,right_to_left,Western United,2,False,False,False,create,1,medium_block,9,5.61,-23.79,5,wide_right,2,middle_third,False,-16.87,-27.01,5,wide_right,2,middle_third,False,35.95,50.8,67.44,52.02,41.36,28.64,49.79,56.5
453,2013725,66973,66995,88:21.3,88:23.5,43,21,2.2,2,2,1803,right_to_left,Western United,1,False,False,False,direct,6,defending_direct,15,-16.93,-27.2,5,wide_right,2,middle_third,False,15.06,-26.52,5,wide_right,2,middle_third,False,51.03,51.8,52.0,57.97,29.1,32.33,56.55,57.73
454,2013725,66995,67031,88:23.5,88:27.1,43,23,3.6,2,2,1803,right_to_left,Western United,1,False,False,False,create,1,medium_block,9,16.11,-26.2,5,wide_right,2,middle_third,False,25.18,-34.72,5,wide_right,3,attacking_third,False,51.54,46.75,58.31,66.27,32.31,33.18,57.79,55.46
455,2013725,67197,67303,88:43.7,88:54.3,43,43,10.6,2,2,1803,right_to_left,Western United,5,True,False,True,finish,2,low_block,8,26.34,-30.58,5,wide_right,3,attacking_third,False,44.64,9.47,2,half_space_left,3,attacking_third,True,30.09,17.9,60.07,74.57,24.65,21.39,35.2,41.69
456,2013725,67514,67609,89:15.4,89:24.9,44,15,9.5,2,1,869,left_to_right,Sydney FC,2,True,False,False,direct,6,defending_direct,15,-44.52,-10.9,4,half_space_right,1,defensive_third,False,8.28,6.48,3,center,2,middle_third,False,21.48,28.49,59.52,57.01,23.11,23.99,47.54,48.07
457,2013725,67609,67707,89:24.9,89:34.7,44,24,9.8,2,2,1803,right_to_left,Western United,5,True,False,False,transition,4,defending_transition,11,-8.34,-6.46,3,center,2,middle_third,False,47.72,-6.47,3,center,3,attacking_third,True,24.21,33.77,48.07,80.47,28.65,33.32,57.06,49.81
458,2013725,67837,68002,89:47.7,90:04.2,44,47,16.5,2,1,869,left_to_right,Sydney FC,6,False,False,False,create,1,medium_block,9,-32.0,4.27,3,center,1,defensive_third,False,11.49,-27.91,5,wide_right,2,middle_third,False,44.85,51.95,47.58,61.37,37.09,39.37,60.12,43.35
459,2013725,68066,68155,90:10.6,90:19.5,45,10,8.9,2,1,869,left_to_right,Sydney FC,3,True,False,False,create,1,medium_block,9,4.75,-32.21,5,wide_right,2,middle_third,False,10.78,2.34,3,center,2,middle_third,False,47.41,50.74,57.87,54.91,28.3,36.86,39.77,44.07
460,2013725,68396,68422,90:43.6,90:46.2,45,43,2.6,2,2,1803,right_to_left,Western United,1,True,False,False,chaotic,5,chaotic,5,-12.8,-26.55,5,wide_right,2,middle_third,False,-9.95,-10.47,4,half_space_right,2,middle_third,False,35.69,32.89,41.63,46.04,37.36,36.05,51.49,52.57
461,2013725,68422,68452,90:46.2,90:49.2,45,46,3.0,2,1,869,left_to_right,Sydney FC,2,False,False,False,create,1,medium_block,9,9.98,9.59,2,half_space_left,2,middle_third,False,26.71,-5.65,3,center,3,attacking_third,False,36.08,33.49,52.69,61.64,32.69,27.18,46.13,46.75
462,2013725,68452,68493,90:49.2,90:53.3,45,49,4.1,2,1,869,left_to_right,Sydney FC,1,False,False,False,finish,2,low_block,8,27.58,-5.71,3,center,3,attacking_third,False,51.44,-28.56,5,wide_right,3,attacking_third,False,33.48,42.43,62.14,77.93,26.88,33.36,46.7,44.54
463,2013725,68551,68666,90:59.1,91:10.6,45,59,11.5,2,1,869,left_to_right,Sydney FC,5,False,False,False,finish,2,low_block,8,41.58,-32.23,5,wide_right,3,attacking_third,False,-35.45,24.6,1,wide_left,1,defensive_third,False,48.0,27.43,68.63,29.85,27.63,26.76,26.58,70.78
464,2013725,68666,68677,91:10.6,91:11.7,46,10,1.1,2,1,869,left_to_right,Sydney FC,1,True,False,False,chaotic,5,chaotic,5,34.59,-24.8,5,wide_right,3,attacking_third,False,36.01,-25.44,5,wide_right,3,attacking_third,False,26.85,27.43,70.69,68.43,27.63,28.11,30.08,31.06
465,2013725,68677,68698,91:11.7,91:13.8,46,11,2.1,2,2,1803,right_to_left,Western United,1,True,False,False,chaotic,5,chaotic,5,-36.14,25.5,1,wide_left,1,defensive_third,False,-39.1,29.2,1,wide_left,1,defensive_third,False,28.12,30.53,30.98,28.04,27.54,30.9,68.06,62.53
466,2013725,68698,68754,91:13.8,91:19.4,46,13,5.6,2,1,869,left_to_right,Sydney FC,3,True,False,False,chaotic,5,chaotic,5,39.01,-29.51,5,wide_right,3,attacking_third,False,32.29,-14.99,4,half_space_right,3,attacking_third,False,31.23,34.27,62.56,59.64,30.66,23.76,27.9,23.14
467,2013725,68754,68764,91:19.4,91:20.4,46,19,1.0,2,2,1803,right_to_left,Western United,1,True,False,False,chaotic,5,chaotic,5,-31.67,15.25,2,half_space_left,1,defensive_third,False,-20.46,23.19,1,wide_left,1,defensive_third,False,23.73,23.81,23.32,24.94,34.14,33.15,59.63,59.39
468,2013725,68990,69009,91:43.0,91:44.9,46,43,1.9,2,1,869,left_to_right,Sydney FC,2,False,False,False,finish,2,low_block,8,9.99,-29.05,5,wide_right,2,middle_third,False,8.72,-30.22,5,wide_right,2,middle_third,False,36.88,36.57,55.91,54.31,31.0,31.84,32.61,34.7
469,2013725,69009,69016,91:44.9,91:45.6,46,44,0.7,2,1,869,left_to_right,Sydney FC,1,False,False,False,create,1,medium_block,9,9.31,-30.83,5,wide_right,2,middle_third,False,11.77,-32.68,5,wide_right,2,middle_third,False,36.54,36.48,54.22,53.64,31.87,32.13,34.71,34.24
470,2013725,69016,69077,91:45.6,91:51.7,46,45,6.1,2,1,869,left_to_right,Sydney FC,2,False,False,False,finish,2,low_block,8,12.03,-32.71,5,wide_right,2,middle_third,False,24.18,-28.24,5,wide_right,3,attacking_third,False,36.5,35.07,53.57,54.87,32.17,30.89,34.07,35.01
471,2013725,69166,69200,92:00.6,92:04.0,47,0,3.4,2,1,869,left_to_right,Sydney FC,3,False,False,False,create,1,medium_block,9,-0.14,-30.46,5,wide_right,2,middle_third,False,12.22,-28.59,5,wide_right,2,middle_third,False,36.83,35.29,57.28,55.03,30.1,31.4,36.81,33.7
472,2013725,69200,69331,92:04.0,92:17.1,47,4,13.1,2,1,869,left_to_right,Sydney FC,3,True,False,False,finish,2,low_block,8,12.99,-28.34,5,wide_right,2,middle_third,False,40.41,-1.82,3,center,3,attacking_third,True,35.18,33.13,55.13,65.57,31.36,25.64,33.79,22.1
473,2013725,69331,69419,92:17.1,92:25.9,47,17,8.8,2,2,1803,right_to_left,Western United,1,True,False,False,transition,4,defending_transition,11,-40.21,0.47,3,center,1,defensive_third,False,7.29,-19.64,4,half_space_right,2,middle_third,False,25.61,42.8,22.22,52.11,32.98,52.24,65.83,64.25
474,2013725,69419,69432,92:25.9,92:27.2,47,25,1.3,2,1,869,left_to_right,Sydney FC,1,True,False,False,chaotic,5,chaotic,5,-8.21,19.86,2,half_space_left,2,middle_third,False,-7.28,21.23,1,wide_left,2,middle_third,False,52.07,50.9,64.17,61.89,42.54,39.3,52.55,57.04
475,2013725,69432,69469,92:27.2,92:30.9,47,27,3.7,2,2,1803,right_to_left,Western United,1,False,False,False,create,1,medium_block,9,7.67,-21.22,5,wide_right,2,middle_third,False,27.93,-11.42,4,half_space_right,3,attacking_third,False,39.06,35.1,57.26,67.01,50.81,45.49,61.68,58.94
476,2013725,69469,69512,92:30.9,92:35.2,47,30,4.3,2,2,1803,right_to_left,Western United,2,False,False,False,finish,2,low_block,8,28.61,-11.26,4,half_space_right,3,attacking_third,False,-29.76,1.5,3,center,1,defensive_third,False,34.98,38.03,67.46,50.54,45.32,29.78,58.89,70.66
477,2013725,69512,69519,92:35.2,92:35.9,47,35,0.7,2,2,1803,right_to_left,Western United,1,True,False,False,chaotic,5,chaotic,5,30.4,-1.19,3,center,3,attacking_third,False,32.5,-0.27,3,center,3,attacking_third,False,29.72,29.56,70.29,68.15,37.91,37.45,50.27,48.82
478,2013725,69519,69664,92:35.9,92:50.4,47,35,14.5,2,1,869,left_to_right,Sydney FC,4,True,False,False,transition,4,defending_transition,11,-32.23,0.34,3,center,1,defensive_third,False,34.82,-10.79,4,half_space_right,3,attacking_third,False,37.4,36.47,48.62,68.38,29.54,29.1,67.83,52.3
479,2013725,69664,69731,92:50.4,92:57.1,47,50,6.7,2,2,1803,right_to_left,Western United,2,True,False,False,chaotic,5,chaotic,5,-35.05,10.88,2,half_space_left,1,defensive_third,False,7.36,21.76,1,wide_left,2,middle_third,False,29.17,27.22,52.22,46.81,36.29,29.78,68.35,61.92
480,2013725,69731,69767,92:57.1,93:00.7,47,57,3.6,2,1,869,left_to_right,Sydney FC,1,False,False,False,chaotic,5,chaotic,5,-7.82,-21.81,5,wide_right,2,middle_third,False,-1.54,-12.43,4,half_space_right,2,middle_third,False,30.07,30.8,61.81,58.52,27.39,28.77,46.86,44.74
