index,match_id,frame_start,frame_end,time_start,time_end,minute_start,second_start,duration,period,attacking_side_id,team_in_possession_id,attacking_side,team_in_possession_shortname,n_player_possessions_in_phase,team_possession_loss_in_phase,team_possession_lead_to_goal,team_possession_lead_to_shot,team_in_possession_phase_type,team_in_possession_phase_type_id,team_out_of_possession_phase_type,team_out_of_possession_phase_type_id,x_start,y_start,channel_id_start,channel_start,third_id_start,third_start,penalty_area_start,x_end,y_end,channel_id_end,channel_end,third_id_end,third_end,penalty_area_end,team_in_possession_width_start,team_in_possession_width_end,team_in_possession_length_start,team_in_possession_length_end,team_out_of_possession_width_start,team_out_of_possession_width_end,team_out_of_possession_length_start,team_out_of_possession_length_end
0,2010085,12,37,00:00.2,00:02.7,0,0,2.5,1,2,2380,right_to_left,Melbourne City,2,False,False,False,create,1,medium_block,9,-0.58,0.64,3,center,2,middle_third,False,-12.83,0.07,3,center,2,middle_third,False,49.15,47.09,42.63,47.79,43.97,42.83,40.2,50.18
1,2010085,37,70,00:02.7,00:06.0,0,2,3.3,1,2,2380,right_to_left,Melbourne City,2,True,False,False,direct,6,defending_direct,15,-12.72,-0.09,3,center,2,middle_third,False,33.23,-26.91,5,wide_right,3,attacking_third,False,46.85,40.37,48.18,62.72,42.67,40.09,50.42,52.5
2,2010085,127,169,00:11.7,00:15.9,0,11,4.2,1,1,870,left_to_right,CC Mariners,2,True,False,False,chaotic,5,chaotic,5,-44.24,28.03,1,wide_left,1,defensive_third,False,-12.82,23.07,1,wide_left,2,middle_third,False,42.75,43.48,47.82,47.04,29.6,29.19,64.64,68.0
3,2010085,169,189,00:15.9,00:17.9,0,15,2.0,1,2,2380,right_to_left,Melbourne City,1,True,False,False,chaotic,5,chaotic,5,12.02,-22.69,5,wide_right,2,middle_third,False,26.21,-18.01,4,half_space_right,3,attacking_third,False,29.15,29.72,67.85,63.8,43.16,34.05,47.02,46.5
4,2010085,368,386,00:35.8,00:37.6,0,35,1.8,1,1,870,left_to_right,CC Mariners,2,True,False,False,chaotic,5,chaotic,5,-46.31,34.74,1,wide_left,1,defensive_third,False,-36.78,32.25,1,wide_left,1,defensive_third,False,32.85,32.62,36.95,35.28,24.0,25.42,72.98,72.51
5,2010085,449,530,00:43.9,00:52.0,0,43,8.1,1,2,2380,right_to_left,Melbourne City,3,False,False,False,create,1,medium_block,9,20.01,-33.67,5,wide_right,3,attacking_third,False,9.97,27.37,1,wide_left,2,middle_third,False,40.52,58.07,67.39,56.72,30.49,41.33,32.88,38.12
6,2010085,530,552,00:52.0,00:54.2,0,52,2.2,1,2,2380,right_to_left,Melbourne City,1,False,False,False,finish,2,low_block,8,10.4,27.98,1,wide_left,2,middle_third,False,5.27,26.07,1,wide_left,2,middle_third,False,57.97,58.23,56.88,60.27,41.34,41.91,38.33,41.54
7,2010085,552,624,00:54.2,01:01.4,0,54,7.2,1,2,2380,right_to_left,Melbourne City,2,True,False,False,create,1,medium_block,9,3.75,25.29,1,wide_left,2,middle_third,False,7.86,20.3,1,wide_left,2,middle_third,False,58.37,57.05,60.43,57.04,41.85,40.62,41.65,46.1
8,2010085,624,699,01:01.4,01:08.9,1,1,7.5,1,1,870,left_to_right,CC Mariners,3,True,False,True,transition,4,defending_transition,11,-7.8,-19.26,4,half_space_right,2,middle_third,False,48.09,-3.76,3,center,3,attacking_third,True,40.52,37.32,46.06,78.36,56.81,39.46,56.94,46.81
9,2010085,1106,1184,01:49.6,01:57.4,1,49,7.8,1,2,2380,right_to_left,Melbourne City,1,True,False,False,direct,6,defending_direct,15,-32.07,9.38,2,half_space_left,1,defensive_third,False,22.59,3.73,3,center,3,attacking_third,False,24.1,23.34,50.91,61.13,25.53,22.32,46.4,47.2
10,2010085,1184,1278,01:57.4,02:06.8,1,57,9.4,1,1,870,left_to_right,CC Mariners,2,True,False,False,chaotic,5,chaotic,5,-22.92,-3.83,3,center,1,defensive_third,False,-5.12,9.28,2,half_space_left,2,middle_third,False,22.57,23.51,47.06,43.64,23.59,22.87,61.15,52.42
11,2010085,1278,1333,02:06.8,02:12.3,2,6,5.5,1,2,2380,right_to_left,Melbourne City,3,False,False,False,create,1,medium_block,9,4.43,-9.55,4,half_space_right,2,middle_third,False,18.83,-27.21,5,wide_right,3,attacking_third,False,22.51,39.15,52.19,57.42,23.64,31.47,43.6,43.87
12,2010085,1333,1381,02:12.3,02:17.1,2,12,4.8,1,2,2380,right_to_left,Melbourne City,1,True,False,False,finish,2,low_block,8,19.67,-27.29,5,wide_right,3,attacking_third,False,45.65,-32.15,5,wide_right,3,attacking_third,False,39.41,38.41,57.64,72.7,31.79,34.43,43.92,43.14
13,2010085,1381,1468,02:17.1,02:25.8,2,17,8.7,1,1,870,left_to_right,CC Mariners,4,True,False,False,build_up,0,high_block,10,-45.76,32.26,1,wide_left,1,defensive_third,False,-28.92,23.74,1,wide_left,1,defensive_third,False,34.47,38.28,43.07,40.73,38.33,26.71,72.82,69.4
14,2010085,1468,1484,02:25.8,02:27.4,2,25,1.6,1,2,2380,right_to_left,Melbourne City,1,True,False,False,chaotic,5,chaotic,5,27.97,-23.52,5,wide_right,3,attacking_third,False,36.51,-18.61,4,half_space_right,3,attacking_third,True,26.79,26.86,69.22,66.59,38.2,34.88,40.74,40.64
15,2010085,1484,1570,02:27.4,02:36.0,2,27,8.6,1,1,870,left_to_right,CC Mariners,1,True,False,False,chaotic,5,chaotic,5,-36.28,18.52,2,half_space_left,1,defensive_third,False,-36.15,-16.77,4,half_space_right,1,defensive_third,False,34.57,40.12,40.63,43.78,26.74,34.83,66.41,65.68
16,2010085,1570,1582,02:36.0,02:37.2,2,36,1.2,1,2,2380,right_to_left,Melbourne City,1,True,False,False,chaotic,5,chaotic,5,36.49,17.06,2,half_space_left,3,attacking_third,True,41.14,17.9,2,half_space_left,3,attacking_third,True,35.1,34.51,66.15,70.5,40.06,38.13,43.78,43.2
17,2010085,1582,1611,02:37.2,02:40.1,2,37,2.9,1,1,870,left_to_right,CC Mariners,1,False,False,False,chaotic,5,chaotic,5,-41.51,-17.8,4,half_space_right,1,defensive_third,False,-45.38,-13.69,4,half_space_right,1,defensive_third,False,37.87,33.47,43.1,41.45,34.22,31.19,70.73,74.22
18,2010085,1611,1644,02:40.1,02:43.4,2,40,3.3,1,1,870,left_to_right,CC Mariners,1,True,False,False,direct,6,defending_direct,15,-44.85,-13.73,4,half_space_right,1,defensive_third,False,-8.64,-20.0,4,half_space_right,2,middle_third,False,33.6,32.62,41.42,41.3,31.22,33.54,74.03,64.09
19,2010085,1644,1683,02:43.4,02:47.3,2,43,3.9,1,2,2380,right_to_left,Melbourne City,2,True,False,False,chaotic,5,chaotic,5,8.5,20.15,2,half_space_left,2,middle_third,False,10.87,35.83,1,wide_left,2,middle_third,False,33.57,43.24,63.71,56.8,32.65,38.92,41.34,39.62
20,2010085,1789,1799,02:57.9,02:58.9,2,57,1.0,1,1,870,left_to_right,CC Mariners,1,False,False,False,create,1,medium_block,9,-9.45,-34.23,5,wide_right,2,middle_third,False,-19.33,-30.67,5,wide_right,1,defensive_third,False,52.36,52.7,52.71,52.84,32.45,32.1,48.7,48.23
21,2010085,1799,1879,02:58.9,03:06.9,2,58,8.0,1,1,870,left_to_right,CC Mariners,3,False,False,False,build_up,0,high_block,10,-20.39,-30.27,5,wide_right,1,defensive_third,False,-21.35,17.93,2,half_space_left,1,defensive_third,False,52.73,59.41,52.82,49.29,32.1,40.99,48.24,60.72
22,2010085,1879,1882,03:06.9,03:07.2,3,6,0.3,1,1,870,left_to_right,CC Mariners,0,True,False,False,create,1,medium_block,9,-19.68,18.42,2,half_space_left,1,defensive_third,False,-16.99,19.58,2,half_space_left,2,middle_third,False,59.18,58.71,49.16,48.95,41.02,41.0,60.5,60.11
23,2010085,1956,2113,03:14.6,03:30.3,3,14,15.7,1,2,2380,right_to_left,Melbourne City,5,False,False,False,create,1,medium_block,9,10.79,-34.06,5,wide_right,2,middle_third,False,13.76,-24.16,5,wide_right,2,middle_third,False,46.02,58.78,56.05,55.48,39.69,41.19,39.46,40.73
24,2010085,2113,2177,03:30.3,03:36.7,3,30,6.4,1,2,2380,right_to_left,Melbourne City,4,False,False,False,finish,2,low_block,8,14.01,-23.65,5,wide_right,2,middle_third,False,5.71,-2.39,3,center,2,middle_third,False,58.58,49.65,55.66,58.62,41.04,34.5,40.7,31.42
25,2010085,2177,2196,03:36.7,03:38.6,3,36,1.9,1,2,2380,right_to_left,Melbourne City,1,False,False,False,create,1,medium_block,9,5.22,-1.56,3,center,2,middle_third,False,4.89,7.57,3,center,2,middle_third,False,49.75,52.1,58.58,58.24,34.52,35.54,31.52,33.86
26,2010085,2196,2502,03:38.6,04:09.2,3,38,30.6,1,2,2380,right_to_left,Melbourne City,10,True,False,False,finish,2,low_block,8,5.4,8.32,3,center,2,middle_third,False,32.83,-24.59,5,wide_right,3,attacking_third,False,52.25,52.19,58.25,62.33,35.61,34.75,33.97,26.52
27,2010085,2775,2785,04:36.5,04:37.5,4,36,1.0,1,1,870,left_to_right,CC Mariners,1,True,False,False,direct,6,defending_direct,15,,,2,half_space_left,2,middle_third,False,-16.43,12.92,2,half_space_left,2,middle_third,False,,52.48,,55.65,,41.29,,67.33
28,2010085,4029,4034,06:41.9,06:42.4,6,41,0.5,1,2,2380,right_to_left,Melbourne City,1,False,False,False,create,1,medium_block,9,-16.61,-13.59,4,half_space_right,2,middle_third,False,-19.5,-9.78,4,half_space_right,1,defensive_third,False,61.4,61.31,46.55,45.83,42.21,42.17,48.19,48.21
29,2010085,4034,4093,06:42.4,06:48.3,6,42,5.9,1,2,2380,right_to_left,Melbourne City,2,False,False,False,build_up,0,high_block,10,-20.09,-8.77,3,center,1,defensive_third,False,-20.23,-18.36,4,half_space_right,1,defensive_third,False,61.29,62.67,45.6,40.94,42.17,45.69,48.23,51.47
30,2010085,4093,4133,06:48.3,06:52.3,6,48,4.0,1,2,2380,right_to_left,Melbourne City,2,True,False,False,create,1,medium_block,9,-19.65,-18.38,4,half_space_right,1,defensive_third,False,-5.38,4.22,3,center,2,middle_third,False,62.56,52.84,41.1,49.24,45.68,40.22,51.55,50.05
31,2010085,4668,4805,07:45.8,07:59.5,7,45,13.7,1,1,870,left_to_right,CC Mariners,4,False,False,False,set_play,7,defending_set_play,13,15.98,-2.08,3,center,2,middle_third,False,39.06,-28.9,5,wide_right,3,attacking_third,False,29.5,38.2,59.48,64.97,18.36,30.2,25.09,39.39
32,2010085,5279,5313,08:46.9,08:50.3,8,46,3.4,1,1,870,left_to_right,CC Mariners,2,True,False,True,set_play,7,defending_set_play,13,41.96,-32.63,5,wide_right,3,attacking_third,False,50.5,8.34,3,center,3,attacking_third,True,40.99,38.3,57.73,58.04,28.32,22.88,7.54,10.81
33,2010085,5548,5581,09:13.8,09:17.1,9,13,3.3,1,2,2380,right_to_left,Melbourne City,2,False,False,False,build_up,0,high_block,10,,,2,half_space_left,2,middle_third,False,-26.36,-31.61,5,wide_right,1,defensive_third,False,,58.18,,52.44,,35.41,,66.29
34,2010085,5661,5686,09:25.1,09:27.6,9,25,2.5,1,2,2380,right_to_left,Melbourne City,1,True,False,False,chaotic,5,chaotic,5,-21.37,-26.19,5,wide_right,1,defensive_third,False,2.13,-21.46,5,wide_right,2,middle_third,False,53.72,45.98,50.27,48.57,37.69,34.22,58.68,57.72
35,2010085,5686,5773,09:27.6,09:36.3,9,27,8.7,1,1,870,left_to_right,CC Mariners,2,True,False,False,chaotic,5,chaotic,5,-2.48,21.27,1,wide_left,2,middle_third,False,17.77,23.9,1,wide_left,3,attacking_third,False,33.84,36.37,57.67,50.61,45.52,36.07,48.49,43.04
36,2010085,5773,5775,09:36.3,09:36.5,9,36,0.2,1,2,2380,right_to_left,Melbourne City,0,False,False,False,create,1,medium_block,9,-18.68,-23.78,5,wide_right,1,defensive_third,False,-19.51,-23.64,5,wide_right,1,defensive_third,False,36.25,36.44,43.09,43.12,36.51,36.64,50.92,51.25
37,2010085,5775,5904,09:36.5,09:49.4,9,36,12.9,1,2,2380,right_to_left,Melbourne City,5,False,False,False,build_up,0,high_block,10,-20.21,-23.56,5,wide_right,1,defensive_third,False,-20.9,-34.85,5,wide_right,1,defensive_third,False,36.65,54.76,43.14,50.36,36.75,47.7,51.61,62.57
38,2010085,5994,6058,09:58.4,10:04.8,9,58,6.4,1,2,2380,right_to_left,Melbourne City,3,True,False,False,chaotic,5,chaotic,5,-19.05,-31.05,5,wide_right,1,defensive_third,False,-7.41,-3.54,3,center,2,middle_third,False,51.55,38.57,48.99,47.93,39.55,32.48,61.88,58.31
39,2010085,6058,6186,10:04.8,10:17.6,10,4,12.8,1,1,870,left_to_right,CC Mariners,6,True,False,False,create,1,medium_block,9,7.01,3.15,3,center,2,middle_third,False,-13.33,12.3,2,half_space_left,2,middle_third,False,32.36,60.23,58.25,47.72,38.24,31.96,47.84,56.94
40,2010085,6357,6366,10:34.7,10:35.6,10,34,0.9,1,2,2380,right_to_left,Melbourne City,2,True,False,False,chaotic,5,chaotic,5,-2.23,-31.32,5,wide_right,2,middle_third,False,-4.08,-28.98,5,wide_right,2,middle_third,False,44.63,43.11,59.58,59.21,34.65,33.84,53.61,53.32
41,2010085,6366,6681,10:35.6,11:07.1,10,35,31.5,1,1,870,left_to_right,CC Mariners,14,True,False,False,create,1,medium_block,9,4.3,28.98,1,wide_left,2,middle_third,False,-10.58,1.01,3,center,2,middle_third,False,33.8,31.09,53.28,44.52,42.95,24.06,59.15,57.56
42,2010085,6681,6938,11:07.1,11:32.8,11,7,25.7,1,2,2380,right_to_left,Melbourne City,8,False,False,False,create,1,medium_block,9,9.84,-1.13,3,center,2,middle_third,False,14.7,31.96,1,wide_left,2,middle_third,False,24.13,52.2,57.29,60.9,31.17,41.47,44.39,53.58
43,2010085,6938,6995,11:32.8,11:38.5,11,32,5.7,1,2,2380,right_to_left,Melbourne City,4,False,False,False,finish,2,low_block,8,14.97,31.94,1,wide_left,2,middle_third,False,-18.41,-28.36,5,wide_right,1,defensive_third,False,52.0,34.94,61.28,46.93,41.68,37.79,53.57,67.11
44,2010085,6995,7025,11:38.5,11:41.5,11,38,3.0,1,2,2380,right_to_left,Melbourne City,1,False,False,False,chaotic,5,chaotic,5,18.16,28.82,1,wide_left,3,attacking_third,False,13.23,35.01,1,wide_left,2,middle_third,False,37.92,43.44,66.89,60.67,35.31,43.04,46.76,44.16
45,2010085,7062,7240,11:45.2,12:03.0,11,45,17.8,1,2,2380,right_to_left,Melbourne City,5,True,False,False,create,1,medium_block,9,7.15,32.75,1,wide_left,2,middle_third,False,0.64,25.53,1,wide_left,2,middle_third,False,45.44,54.75,59.16,55.58,39.09,40.05,39.27,42.31
46,2010085,7240,7250,12:03.0,12:04.0,12,3,1.0,1,1,870,left_to_right,CC Mariners,1,True,False,False,chaotic,5,chaotic,5,-0.14,-25.75,5,wide_right,2,middle_third,False,5.34,-31.27,5,wide_right,2,middle_third,False,40.05,40.01,42.72,46.29,54.65,53.74,55.53,54.7
47,2010085,7537,7544,12:32.7,12:33.4,12,32,0.7,1,2,2380,right_to_left,Melbourne City,1,False,False,False,create,1,medium_block,9,-13.28,31.76,1,wide_left,2,middle_third,False,-19.4,30.39,1,wide_left,1,defensive_third,False,51.5,51.38,52.81,53.16,36.39,36.62,51.9,52.48
48,2010085,7544,7660,12:33.4,12:45.0,12,33,11.6,1,2,2380,right_to_left,Melbourne City,3,False,False,False,build_up,0,high_block,10,-20.56,29.95,1,wide_left,1,defensive_third,False,-21.43,-25.88,5,wide_right,1,defensive_third,False,51.34,56.6,53.3,53.91,36.69,37.72,52.6,60.38
49,2010085,7660,7727,12:45.0,12:51.7,12,45,6.7,1,2,2380,right_to_left,Melbourne City,1,True,False,False,create,1,medium_block,9,-19.82,-23.84,5,wide_right,1,defensive_third,False,23.05,17.99,2,half_space_left,3,attacking_third,False,56.28,37.09,54.06,62.86,37.74,33.9,59.98,55.08
50,2010085,7727,7776,12:51.7,12:56.6,12,51,4.9,1,1,870,left_to_right,CC Mariners,3,True,False,False,chaotic,5,chaotic,5,-23.15,-17.83,4,half_space_right,1,defensive_third,False,-12.03,-25.5,5,wide_right,2,middle_third,False,33.9,40.6,55.1,51.5,36.84,31.08,63.07,56.69
51,2010085,7776,7825,12:56.6,13:01.5,12,56,4.9,1,2,2380,right_to_left,Melbourne City,1,False,False,False,create,1,medium_block,9,11.89,25.62,1,wide_left,2,middle_third,False,15.26,25.19,1,wide_left,2,middle_third,False,31.04,38.44,56.52,61.86,40.8,39.83,51.53,44.29
52,2010085,7825,7960,13:01.5,13:15.0,13,1,13.5,1,2,2380,right_to_left,Melbourne City,3,False,False,False,finish,2,low_block,8,16.11,24.97,1,wide_left,2,middle_third,False,5.52,4.18,3,center,2,middle_third,False,38.48,51.46,62.11,61.9,39.55,38.65,44.09,34.79
53,2010085,7960,7974,13:15.0,13:16.4,13,15,1.4,1,2,2380,right_to_left,Melbourne City,1,False,False,False,create,1,medium_block,9,5.04,2.91,3,center,2,middle_third,False,4.51,-2.27,3,center,2,middle_third,False,51.59,52.6,61.69,60.75,38.68,39.33,34.8,35.17
54,2010085,7974,7991,13:16.4,13:18.1,13,16,1.7,1,2,2380,right_to_left,Melbourne City,1,True,False,False,finish,2,low_block,8,5.16,-2.44,3,center,2,middle_third,False,11.96,-6.03,3,center,2,middle_third,False,52.58,52.77,60.66,59.4,39.38,41.13,35.19,35.73
55,2010085,7991,8193,13:18.1,13:38.3,13,18,20.2,1,1,870,left_to_right,CC Mariners,5,False,False,False,create,1,medium_block,9,-11.51,6.33,3,center,2,middle_third,False,17.16,-31.63,5,wide_right,2,middle_third,False,41.17,59.98,35.82,53.7,52.7,35.82,59.35,44.38
56,2010085,8193,8296,13:38.3,13:48.6,13,38,10.3,1,1,870,left_to_right,CC Mariners,3,False,False,False,finish,2,low_block,8,17.45,-31.58,5,wide_right,2,middle_third,False,5.48,1.59,3,center,2,middle_third,False,59.75,59.95,53.91,58.21,35.98,32.94,44.29,34.44
57,2010085,8296,8355,13:48.6,13:54.5,13,48,5.9,1,1,870,left_to_right,CC Mariners,2,False,False,False,create,1,medium_block,9,5.07,2.48,3,center,2,middle_third,False,7.17,-9.43,4,half_space_right,2,middle_third,False,60.18,59.38,58.08,53.16,33.2,37.9,34.57,41.87
58,2010085,8355,8445,13:54.5,14:03.5,13,54,9.0,1,1,870,left_to_right,CC Mariners,2,True,False,False,finish,2,low_block,8,8.68,-10.67,4,half_space_right,2,middle_third,False,36.99,-17.15,4,half_space_right,3,attacking_third,True,59.28,49.7,53.1,62.99,37.71,30.72,41.83,31.04
59,2010085,8798,8902,14:38.8,14:49.2,14,38,10.4,1,2,2380,right_to_left,Melbourne City,5,True,False,False,build_up,0,high_block,10,-45.34,1.27,3,center,1,defensive_third,False,-38.63,-31.65,5,wide_right,1,defensive_third,False,63.96,52.73,47.83,47.16,43.45,34.77,72.52,73.71
60,2010085,8902,8943,14:49.2,14:53.3,14,49,4.1,1,1,870,left_to_right,CC Mariners,1,False,False,False,create,1,medium_block,9,36.98,31.15,1,wide_left,3,attacking_third,False,4.7,11.09,2,half_space_left,2,middle_third,False,34.66,31.9,73.68,68.33,52.48,36.69,47.04,47.56
61,2010085,8943,9123,14:53.3,15:11.3,14,53,18.0,1,1,870,left_to_right,CC Mariners,2,False,False,False,finish,2,low_block,8,5.86,10.96,2,half_space_left,2,middle_third,False,5.59,20.31,1,wide_left,2,middle_third,False,31.93,47.0,68.15,67.22,36.38,34.75,47.7,35.18
62,2010085,9123,9432,15:11.3,15:42.2,15,11,30.9,1,1,870,left_to_right,CC Mariners,9,False,False,False,create,1,medium_block,9,5.08,20.29,1,wide_left,2,middle_third,False,23.01,22.62,1,wide_left,3,attacking_third,False,47.42,44.56,67.06,62.16,34.93,31.09,35.47,51.65
63,2010085,9432,9454,15:42.2,15:44.4,15,42,2.2,1,1,870,left_to_right,CC Mariners,1,False,False,False,finish,2,low_block,8,23.28,22.88,1,wide_left,3,attacking_third,False,41.63,1.4,3,center,3,attacking_third,True,44.68,42.53,62.56,74.71,31.5,33.92,51.63,49.52
64,2010085,9895,9953,16:28.5,16:34.3,16,28,5.8,1,1,870,left_to_right,CC Mariners,2,True,False,False,set_play,7,defending_set_play,13,51.18,-31.73,5,wide_right,3,attacking_third,False,31.37,-31.23,5,wide_right,3,attacking_third,False,41.15,37.04,65.28,56.94,25.48,30.45,10.68,22.9
65,2010085,10303,10359,17:09.3,17:14.9,17,9,5.6,1,2,2380,right_to_left,Melbourne City,1,True,False,False,chaotic,5,chaotic,5,-20.29,34.56,1,wide_left,1,defensive_third,False,-9.73,17.94,2,half_space_left,2,middle_third,False,29.92,25.59,48.06,43.29,24.29,21.48,61.3,53.91
66,2010085,10359,10395,17:14.9,17:18.5,17,14,3.6,1,1,870,left_to_right,CC Mariners,1,True,False,False,chaotic,5,chaotic,5,10.07,-17.59,4,half_space_right,2,middle_third,False,25.81,-7.31,3,center,3,attacking_third,False,21.44,31.31,53.78,60.33,25.52,22.39,43.48,44.48
67,2010085,10395,10477,17:18.5,17:26.7,17,18,8.2,1,2,2380,right_to_left,Melbourne City,2,True,False,False,transition,4,defending_transition,11,-25.94,6.82,3,center,1,defensive_third,False,19.05,-10.85,4,half_space_right,3,attacking_third,False,22.46,34.8,44.5,61.84,31.56,22.4,60.6,62.49
68,2010085,10477,10478,17:26.7,17:26.8,17,26,0.1,1,1,870,left_to_right,CC Mariners,0,False,False,False,create,1,medium_block,9,-19.93,10.07,2,half_space_left,1,defensive_third,False,-19.93,10.07,2,half_space_left,1,defensive_third,False,22.73,22.73,62.4,62.4,34.74,34.74,62.21,62.21
69,2010085,10478,10597,17:26.8,17:38.7,17,26,11.9,1,1,870,left_to_right,CC Mariners,4,True,False,False,build_up,0,high_block,10,-20.77,9.22,2,half_space_left,1,defensive_third,False,-31.2,-31.68,5,wide_right,1,defensive_third,False,23.07,55.06,62.3,51.6,34.67,41.38,62.54,68.58
70,2010085,10597,10690,17:38.7,17:48.0,17,38,9.3,1,2,2380,right_to_left,Melbourne City,2,True,False,False,finish,2,low_block,8,30.64,31.78,1,wide_left,3,attacking_third,False,45.48,-0.13,3,center,3,attacking_third,True,41.59,32.35,68.44,73.27,54.94,25.22,51.66,39.23
71,2010085,10690,10841,17:48.0,18:03.1,17,48,15.1,1,1,870,left_to_right,CC Mariners,1,False,False,False,create,1,medium_block,9,-45.75,0.44,3,center,1,defensive_third,False,-28.72,-27.69,5,wide_right,1,defensive_third,False,25.18,60.34,39.24,51.09,32.31,44.3,73.03,66.4
72,2010085,10841,10859,18:03.1,18:04.9,18,3,1.8,1,1,870,left_to_right,CC Mariners,1,False,False,False,direct,6,defending_direct,15,-28.14,-26.91,5,wide_right,1,defensive_third,False,6.69,-18.83,4,half_space_right,2,middle_third,False,60.19,56.0,51.17,54.83,44.24,43.5,66.17,64.18
73,2010085,10983,11067,18:17.3,18:25.7,18,17,8.4,1,1,870,left_to_right,CC Mariners,3,False,False,False,create,1,medium_block,9,7.82,-34.12,5,wide_right,2,middle_third,False,-19.76,-2.94,3,center,1,defensive_third,False,52.26,64.09,61.47,52.58,34.79,37.02,43.8,54.68
74,2010085,11067,11150,18:25.7,18:34.0,18,25,8.3,1,1,870,left_to_right,CC Mariners,2,False,False,False,build_up,0,high_block,10,-20.19,-1.47,3,center,1,defensive_third,False,-43.76,-2.54,3,center,1,defensive_third,False,64.05,65.11,52.47,43.44,37.08,43.83,54.73,73.42
75,2010085,11150,11188,18:34.0,18:37.8,18,34,3.8,1,1,870,left_to_right,CC Mariners,1,True,False,False,direct,6,defending_direct,15,-43.62,-2.84,3,center,1,defensive_third,False,12.41,-12.47,4,half_space_right,2,middle_third,False,65.09,53.58,43.24,54.64,43.94,40.61,73.57,68.94
76,2010085,11188,11452,18:37.8,19:04.2,18,37,26.4,1,2,2380,right_to_left,Melbourne City,7,False,False,False,create,1,medium_block,9,-12.63,12.69,2,half_space_left,2,middle_third,False,29.24,-31.25,5,wide_right,3,attacking_third,False,40.57,57.27,68.75,63.11,53.25,43.2,55.15,48.9
77,2010085,11452,11474,19:04.2,19:06.4,19,4,2.2,1,2,2380,right_to_left,Melbourne City,1,True,False,False,finish,2,low_block,8,29.84,-31.38,5,wide_right,3,attacking_third,False,40.28,-35.62,5,wide_right,3,attacking_third,False,57.04,50.55,63.7,69.42,43.3,45.64,49.01,49.65
78,2010085,11496,11530,19:08.6,19:12.0,19,8,3.4,1,1,870,left_to_right,CC Mariners,2,False,False,False,build_up,0,high_block,10,-40.78,33.04,1,wide_left,1,defensive_third,False,-46.38,29.34,1,wide_left,1,defensive_third,False,48.08,47.89,48.74,47.78,43.55,37.53,65.53,74.5
79,2010085,11530,11570,19:12.0,19:16.0,19,12,4.0,1,1,870,left_to_right,CC Mariners,1,False,False,False,direct,6,defending_direct,15,-46.09,29.58,1,wide_left,1,defensive_third,False,-8.93,27.12,1,wide_left,2,middle_third,False,47.86,43.71,47.73,47.01,37.39,33.37,74.54,67.91
80,2010085,11570,11612,19:16.0,19:20.2,19,16,4.2,1,1,870,left_to_right,CC Mariners,1,True,False,False,create,1,medium_block,9,-9.19,27.09,1,wide_left,2,middle_third,False,-17.42,20.8,1,wide_left,2,middle_third,False,43.64,46.43,46.91,47.18,33.27,31.28,67.66,56.77
81,2010085,11612,11618,19:20.2,19:20.8,19,20,0.6,1,2,2380,right_to_left,Melbourne City,1,False,False,True,create,1,medium_block,9,17.65,-20.4,5,wide_right,3,attacking_third,False,17.85,-18.47,4,half_space_right,3,attacking_third,False,31.21,30.81,56.68,56.66,46.43,46.18,47.18,47.1
82,2010085,11618,11899,19:20.8,19:48.9,19,20,28.1,1,2,2380,right_to_left,Melbourne City,8,False,False,True,finish,2,low_block,8,17.62,-18.16,4,half_space_right,3,attacking_third,False,49.57,10.29,2,half_space_left,3,attacking_third,True,30.72,25.11,56.75,65.14,46.07,20.13,47.08,22.68
83,2010085,12182,12257,20:17.2,20:24.7,20,17,7.5,1,2,2380,right_to_left,Melbourne City,4,True,False,False,set_play,7,defending_set_play,13,46.55,31.89,1,wide_left,3,attacking_third,False,45.16,18.12,2,half_space_left,3,attacking_third,True,42.27,33.96,69.04,68.59,37.09,18.65,8.92,18.73
84,2010085,12545,12555,20:53.5,20:54.5,20,53,1.0,1,1,870,left_to_right,CC Mariners,1,False,False,False,create,1,medium_block,9,,,2,half_space_left,2,middle_third,False,,,2,half_space_left,2,middle_third,False,,,,,,,,
85,2010085,12566,12576,20:55.6,20:56.6,20,55,1.0,1,1,870,left_to_right,CC Mariners,1,True,False,False,direct,6,defending_direct,15,-12.24,19.34,2,half_space_left,2,middle_third,False,-3.96,25.82,1,wide_left,2,middle_third,False,57.62,55.14,44.94,47.68,36.94,39.87,61.9,61.37
86,2010085,12674,12875,21:06.4,21:26.5,21,6,20.1,1,2,2380,right_to_left,Melbourne City,6,False,False,False,build_up,0,high_block,10,-29.97,-27.14,5,wide_right,1,defensive_third,False,-20.5,-17.88,4,half_space_right,1,defensive_third,False,50.57,58.19,49.92,50.59,44.89,38.73,51.93,54.17
87,2010085,12875,12926,21:26.5,21:31.6,21,26,5.1,1,2,2380,right_to_left,Melbourne City,1,False,False,False,create,1,medium_block,9,-18.9,-18.87,4,half_space_right,1,defensive_third,False,20.83,-28.68,5,wide_right,3,attacking_third,False,58.16,47.8,50.66,61.42,38.68,37.98,54.23,53.98
88,2010085,12926,12969,21:31.6,21:35.9,21,31,4.3,1,2,2380,right_to_left,Melbourne City,1,False,False,False,finish,2,low_block,8,21.37,-28.88,5,wide_right,3,attacking_third,False,41.29,-33.58,5,wide_right,3,attacking_third,False,47.67,46.55,61.65,73.89,38.11,38.2,53.87,48.8
89,2010085,13182,13407,21:57.2,22:19.7,21,57,22.5,1,2,2380,right_to_left,Melbourne City,8,False,False,False,finish,2,low_block,8,47.22,-31.65,5,wide_right,3,attacking_third,False,44.92,22.88,1,wide_left,3,attacking_third,False,34.47,47.83,73.92,72.43,27.49,38.51,18.54,39.5
90,2010085,13541,13865,22:33.1,23:05.5,22,33,32.4,1,2,2380,right_to_left,Melbourne City,14,True,False,True,finish,2,low_block,8,44.1,34.36,1,wide_left,3,attacking_third,False,48.33,-2.31,3,center,3,attacking_third,True,43.08,42.39,73.89,67.25,27.59,26.94,23.41,25.32
91,2010085,14178,14183,23:36.8,23:37.3,23,36,0.5,1,1,870,left_to_right,CC Mariners,1,False,False,False,build_up,0,high_block,10,,,2,half_space_left,2,middle_third,False,-21.59,16.04,2,half_space_left,1,defensive_third,False,,55.26,,56.62,,39.38,,74.03
92,2010085,14183,14288,23:37.3,23:47.8,23,37,10.5,1,1,870,left_to_right,CC Mariners,1,True,False,False,create,1,medium_block,9,-19.92,16.47,2,half_space_left,1,defensive_third,False,6.14,7.55,3,center,2,middle_third,False,54.75,43.2,56.62,49.89,39.33,36.05,73.49,49.85
93,2010085,14288,14354,23:47.8,23:54.4,23,47,6.6,1,2,2380,right_to_left,Melbourne City,2,True,False,False,chaotic,5,chaotic,5,-5.89,-6.9,3,center,2,middle_third,False,23.98,-2.08,3,center,3,attacking_third,False,35.98,30.53,49.68,63.58,42.95,27.69,49.79,52.64
94,2010085,14354,14551,23:54.4,24:14.1,23,54,19.7,1,1,870,left_to_right,CC Mariners,6,False,False,False,create,1,medium_block,9,-24.19,1.92,3,center,1,defensive_third,False,18.4,-32.41,5,wide_right,3,attacking_third,False,27.7,50.1,52.56,60.52,30.41,34.45,63.81,54.58
95,2010085,14551,14575,24:14.1,24:16.5,24,14,2.4,1,1,870,left_to_right,CC Mariners,2,False,False,False,finish,2,low_block,8,18.36,-32.84,5,wide_right,3,attacking_third,False,8.41,-31.08,5,wide_right,2,middle_third,False,50.11,53.0,60.61,60.04,34.67,34.14,54.23,46.33
96,2010085,14575,14822,24:16.5,24:41.2,24,16,24.7,1,1,870,left_to_right,CC Mariners,9,False,False,False,create,1,medium_block,9,7.82,-31.46,5,wide_right,2,middle_third,False,-19.94,-11.4,4,half_space_right,1,defensive_third,False,53.12,62.65,59.92,51.02,34.04,39.61,46.16,55.79
97,2010085,14822,14873,24:41.2,24:46.3,24,41,5.1,1,1,870,left_to_right,CC Mariners,2,False,False,False,build_up,0,high_block,10,-20.02,-11.36,4,half_space_right,1,defensive_third,False,-20.71,15.55,2,half_space_left,1,defensive_third,False,62.64,63.62,51.01,48.36,39.66,38.54,55.95,62.98
98,2010085,14873,14875,24:46.3,24:46.5,24,46,0.2,1,1,870,left_to_right,CC Mariners,0,True,False,False,create,1,medium_block,9,-19.03,15.88,2,half_space_left,1,defensive_third,False,-17.52,16.21,2,half_space_left,1,defensive_third,False,63.46,63.27,48.35,48.35,38.56,38.58,62.85,62.72
99,2010085,14875,14952,24:46.5,24:54.2,24,46,7.7,1,2,2380,right_to_left,Melbourne City,3,False,False,False,quick_break,3,defending_quick_break,12,16.24,-16.6,4,half_space_right,2,middle_third,False,27.48,-28.44,5,wide_right,3,attacking_third,False,38.61,43.7,62.61,64.97,63.07,40.77,48.33,32.63
100,2010085,14952,15426,24:54.2,25:41.6,24,54,47.4,1,2,2380,right_to_left,Melbourne City,17,False,False,False,finish,2,low_block,8,26.86,-28.18,5,wide_right,3,attacking_third,False,6.49,-18.25,4,half_space_right,2,middle_third,False,43.42,36.33,64.94,54.13,40.36,32.71,32.4,33.03
101,2010085,15426,15613,25:41.6,26:00.3,25,41,18.7,1,2,2380,right_to_left,Melbourne City,7,False,False,False,create,1,medium_block,9,5.71,-18.4,4,half_space_right,2,middle_third,False,18.65,-30.67,5,wide_right,3,attacking_third,False,36.47,53.16,54.09,56.96,32.77,38.73,33.17,41.27
102,2010085,15613,16019,26:00.3,26:40.9,26,0,40.6,1,2,2380,right_to_left,Melbourne City,13,True,False,False,finish,2,low_block,8,18.89,-30.72,5,wide_right,3,attacking_third,False,41.43,-7.32,3,center,3,attacking_third,True,52.99,45.04,57.29,68.88,38.6,28.55,41.16,23.78
103,2010085,16019,16079,26:40.9,26:46.9,26,40,6.0,1,1,870,left_to_right,CC Mariners,1,True,False,False,chaotic,5,chaotic,5,-41.77,6.84,3,center,1,defensive_third,False,-13.19,29.61,1,wide_left,2,middle_third,False,28.3,30.8,24.0,31.46,44.83,39.28,69.14,66.66
104,2010085,16079,16163,26:46.9,26:55.3,26,46,8.4,1,2,2380,right_to_left,Melbourne City,3,True,False,False,finish,2,low_block,8,12.61,-29.84,5,wide_right,2,middle_third,False,41.15,-16.83,4,half_space_right,3,attacking_third,True,39.5,45.62,66.56,71.42,31.09,31.12,31.69,35.25
105,2010085,16163,16232,26:55.3,27:02.2,26,55,6.9,1,1,870,left_to_right,CC Mariners,1,True,False,False,build_up,0,high_block,10,-41.38,16.97,2,half_space_left,1,defensive_third,False,-52.64,32.11,1,wide_left,1,defensive_third,False,30.99,29.86,35.25,33.13,45.48,36.21,71.7,78.5
106,2010085,16420,16505,27:21.0,27:29.5,27,21,8.5,1,2,2380,right_to_left,Melbourne City,4,True,False,False,finish,2,low_block,8,43.01,-33.85,5,wide_right,3,attacking_third,False,26.23,22.79,1,wide_left,3,attacking_third,False,35.91,55.18,68.5,59.1,27.83,37.15,21.32,39.48
107,2010085,16505,16513,27:29.5,27:30.3,27,29,0.8,1,1,870,left_to_right,CC Mariners,1,True,False,False,chaotic,5,chaotic,5,-26.0,-23.04,5,wide_right,1,defensive_third,False,-17.03,-21.24,5,wide_right,2,middle_third,False,37.14,36.89,39.5,39.71,55.05,52.6,59.1,59.38
108,2010085,17108,17148,28:29.8,28:33.8,28,29,4.0,1,2,2380,right_to_left,Melbourne City,4,False,True,True,set_play,7,defending_set_play,13,21.77,10.39,2,half_space_left,3,attacking_third,False,49.84,4.64,3,center,3,attacking_third,True,31.01,22.59,61.69,69.7,22.05,16.61,20.52,20.43
109,2010085,17883,17896,29:47.3,29:48.6,29,47,1.3,1,1,870,left_to_right,CC Mariners,1,False,False,False,create,1,medium_block,9,-0.09,-0.92,3,center,2,middle_third,False,-18.78,-0.55,3,center,1,defensive_third,False,50.71,50.64,42.96,45.21,39.84,38.96,41.58,45.16
110,2010085,17896,17924,29:48.6,29:51.4,29,48,2.8,1,1,870,left_to_right,CC Mariners,1,False,False,False,build_up,0,high_block,10,-20.03,-0.56,3,center,1,defensive_third,False,-24.95,-1.44,3,center,1,defensive_third,False,50.49,42.67,45.6,55.6,38.9,37.51,45.58,56.92
111,2010085,17924,17956,29:51.4,29:54.6,29,51,3.2,1,1,870,left_to_right,CC Mariners,1,True,False,False,direct,6,defending_direct,15,-23.49,-0.78,3,center,1,defensive_third,False,22.75,22.46,1,wide_left,3,attacking_third,False,42.23,31.89,55.92,63.26,37.46,33.27,57.13,54.94
112,2010085,18283,18337,30:27.3,30:32.7,30,27,5.4,1,2,2380,right_to_left,Melbourne City,3,True,False,False,chaotic,5,chaotic,5,-9.1,-29.96,5,wide_right,2,middle_third,False,12.27,-12.8,4,half_space_right,2,middle_third,False,34.31,26.41,48.42,49.44,24.17,23.29,50.31,45.93
113,2010085,18337,18368,30:32.7,30:35.8,30,32,3.1,1,1,870,left_to_right,CC Mariners,1,True,False,False,chaotic,5,chaotic,5,-12.68,12.56,2,half_space_left,2,middle_third,False,3.55,-0.42,3,center,2,middle_third,False,23.3,25.31,45.8,43.37,26.39,24.68,49.55,49.92
114,2010085,18368,18425,30:35.8,30:41.5,30,35,5.7,1,2,2380,right_to_left,Melbourne City,1,False,False,False,create,1,medium_block,9,-3.84,0.79,3,center,2,middle_third,False,14.85,25.83,1,wide_left,2,middle_third,False,24.66,40.69,49.92,60.55,25.49,33.8,43.34,45.95
115,2010085,18425,18445,30:41.5,30:43.5,30,41,2.0,1,2,2380,right_to_left,Melbourne City,1,True,False,False,finish,2,low_block,8,15.69,26.0,1,wide_left,2,middle_third,False,24.71,18.72,2,half_space_left,3,attacking_third,False,40.78,39.63,60.77,64.38,33.95,35.69,45.84,40.8
116,2010085,18445,18486,30:43.5,30:47.6,30,43,4.1,1,1,870,left_to_right,CC Mariners,2,False,False,False,build_up,0,high_block,10,-25.06,-18.28,4,half_space_right,1,defensive_third,False,-20.56,3.03,3,center,1,defensive_third,False,35.69,41.61,40.37,38.41,39.53,31.61,64.48,59.4
117,2010085,18486,18556,30:47.6,30:54.6,30,47,7.0,1,1,870,left_to_right,CC Mariners,2,False,False,False,create,1,medium_block,9,-19.64,4.0,3,center,1,defensive_third,False,-19.99,28.09,1,wide_left,1,defensive_third,False,41.69,52.53,38.49,52.96,31.27,38.05,59.43,53.61
118,2010085,18556,18630,30:54.6,31:02.0,30,54,7.4,1,1,870,left_to_right,CC Mariners,2,False,False,False,build_up,0,high_block,10,-21.12,27.58,1,wide_left,1,defensive_third,False,-20.09,26.86,1,wide_left,1,defensive_third,False,52.49,59.52,52.99,48.61,37.97,31.99,53.66,60.7
119,2010085,18630,18697,31:02.0,31:08.7,31,2,6.7,1,1,870,left_to_right,CC Mariners,2,True,False,False,create,1,medium_block,9,-19.71,27.46,1,wide_left,1,defensive_third,False,9.27,26.51,1,wide_left,2,middle_third,False,59.47,50.67,48.55,56.77,32.0,36.23,60.5,47.62
120,2010085,18697,19337,31:08.7,32:12.7,31,8,64.0,1,2,2380,right_to_left,Melbourne City,20,True,False,False,create,1,medium_block,9,-8.93,-26.45,5,wide_right,2,middle_third,False,8.4,-30.89,5,wide_right,2,middle_third,False,36.3,51.82,47.41,53.44,50.74,44.39,56.9,41.13
121,2010085,19337,19392,32:12.7,32:18.2,32,12,5.5,1,1,870,left_to_right,CC Mariners,1,False,False,False,transition,4,defending_transition,11,-8.34,30.92,1,wide_left,2,middle_third,False,21.94,32.88,1,wide_left,3,attacking_third,False,44.55,49.39,41.18,55.9,51.76,47.14,53.49,51.35
122,2010085,19496,19516,32:28.6,32:30.6,32,28,2.0,1,1,870,left_to_right,CC Mariners,2,False,False,False,finish,2,low_block,8,12.91,28.22,1,wide_left,2,middle_third,False,5.82,22.45,1,wide_left,2,middle_third,False,50.94,55.31,60.1,59.3,33.21,34.39,37.64,38.54
123,2010085,19516,19708,32:30.6,32:49.8,32,30,19.2,1,1,870,left_to_right,CC Mariners,9,True,False,False,create,1,medium_block,9,4.98,20.4,1,wide_left,2,middle_third,False,13.56,14.91,2,half_space_left,2,middle_third,False,55.57,57.99,59.27,50.97,34.51,34.46,38.65,47.81
124,2010085,19708,19741,32:49.8,32:53.1,32,49,3.3,1,2,2380,right_to_left,Melbourne City,2,True,False,False,chaotic,5,chaotic,5,-13.97,-15.19,4,half_space_right,2,middle_third,False,-2.27,-18.67,4,half_space_right,2,middle_third,False,34.55,37.13,48.04,52.89,57.45,40.51,51.05,50.06
125,2010085,19741,19787,32:53.1,32:57.7,32,53,4.6,1,1,870,left_to_right,CC Mariners,3,False,False,False,create,1,medium_block,9,2.19,18.54,2,half_space_left,2,middle_third,False,18.34,29.53,1,wide_left,3,attacking_third,False,40.18,47.91,50.27,58.77,36.91,41.0,52.86,46.7
126,2010085,19787,19819,32:57.7,33:00.9,32,57,3.2,1,1,870,left_to_right,CC Mariners,2,False,False,False,finish,2,low_block,8,18.52,29.69,1,wide_left,3,attacking_third,False,6.61,29.5,1,wide_left,2,middle_third,False,47.97,48.71,58.91,60.28,41.08,37.35,46.46,41.48
127,2010085,19819,20032,33:00.9,33:22.2,33,0,21.3,1,1,870,left_to_right,CC Mariners,6,False,False,False,create,1,medium_block,9,6.41,29.54,1,wide_left,2,middle_third,False,27.17,-22.88,5,wide_right,3,attacking_third,False,48.83,54.95,60.18,64.32,37.4,42.48,41.59,54.65
128,2010085,20222,20249,33:41.2,33:43.9,33,41,2.7,1,1,870,left_to_right,CC Mariners,2,False,False,False,finish,2,low_block,8,22.23,-34.41,5,wide_right,3,attacking_third,False,5.15,-30.04,5,wide_right,2,middle_third,False,52.82,54.92,69.49,63.74,29.36,30.28,33.8,38.36
129,2010085,20249,20299,33:43.9,33:48.9,33,43,5.0,1,1,870,left_to_right,CC Mariners,2,True,False,False,create,1,medium_block,9,4.86,-29.92,5,wide_right,2,middle_third,False,10.52,5.07,3,center,2,middle_third,False,55.01,60.7,63.51,54.12,30.3,32.53,38.61,47.78
130,2010085,20299,20447,33:48.9,34:03.7,33,48,14.8,1,2,2380,right_to_left,Melbourne City,3,True,False,False,transition,4,defending_transition,11,-11.06,-5.74,3,center,2,middle_third,False,42.13,2.04,3,center,3,attacking_third,True,32.49,28.53,47.77,82.3,60.49,24.32,54.12,26.99
131,2010085,20447,20472,34:03.7,34:06.2,34,3,2.5,1,1,870,left_to_right,CC Mariners,1,True,False,False,chaotic,5,chaotic,5,-42.03,-2.08,3,center,1,defensive_third,False,-41.54,-16.2,4,half_space_right,1,defensive_third,False,24.23,22.35,26.6,22.73,28.48,30.33,82.06,72.96
132,2010085,20534,20772,34:12.4,34:36.2,34,12,23.8,1,2,2380,right_to_left,Melbourne City,10,False,False,False,finish,2,low_block,8,37.48,33.63,1,wide_left,3,attacking_third,False,39.35,8.88,3,center,3,attacking_third,True,46.9,42.69,68.74,65.33,25.09,29.96,24.26,25.65
133,2010085,21465,21505,35:45.5,35:49.5,35,45,4.0,1,2,2380,right_to_left,Melbourne City,2,False,False,False,finish,2,low_block,8,39.77,34.1,1,wide_left,3,attacking_third,False,5.34,26.1,1,wide_left,2,middle_third,False,41.83,47.53,66.64,54.95,30.32,34.34,21.38,34.21
134,2010085,21505,21623,35:49.5,36:01.3,35,49,11.8,1,2,2380,right_to_left,Melbourne City,4,False,False,False,create,1,medium_block,9,4.24,25.09,1,wide_left,2,middle_third,False,-19.97,-20.61,5,wide_right,1,defensive_third,False,47.75,59.85,54.59,47.96,34.46,40.31,34.63,46.05
135,2010085,21623,21719,36:01.3,36:10.9,36,1,9.6,1,2,2380,right_to_left,Melbourne City,4,False,False,False,build_up,0,high_block,10,-20.28,-20.38,5,wide_right,1,defensive_third,False,-20.01,-19.05,4,half_space_right,1,defensive_third,False,59.93,59.74,47.83,47.92,40.32,44.21,46.09,51.51
136,2010085,21719,21893,36:10.9,36:28.3,36,10,17.4,1,2,2380,right_to_left,Melbourne City,6,False,False,False,create,1,medium_block,9,-19.57,-19.18,4,half_space_right,1,defensive_third,False,8.0,-0.51,3,center,2,middle_third,False,59.72,41.22,48.05,52.31,44.16,31.53,51.47,40.94
137,2010085,22061,22071,36:45.1,36:46.1,36,45,1.0,1,2,2380,right_to_left,Melbourne City,1,False,False,False,direct,6,defending_direct,15,,,2,half_space_left,2,middle_third,False,,,2,half_space_left,2,middle_third,False,,,,,,,,
138,2010085,22078,22105,36:46.8,36:49.5,36,46,2.7,1,2,2380,right_to_left,Melbourne City,2,True,False,False,chaotic,5,chaotic,5,,,2,half_space_left,2,middle_third,False,38.78,-25.51,5,wide_right,3,attacking_third,False,,55.53,,66.19,,42.04,,36.74
139,2010085,22105,22115,36:49.5,36:50.5,36,49,1.0,1,1,870,left_to_right,CC Mariners,1,True,False,False,chaotic,5,chaotic,5,-38.95,25.73,1,wide_left,1,defensive_third,False,-27.09,30.53,1,wide_left,1,defensive_third,False,41.93,41.41,36.68,35.95,55.25,52.68,66.78,70.32
140,2010085,22149,22190,36:53.9,36:58.0,36,53,4.1,1,2,2380,right_to_left,Melbourne City,2,False,False,False,finish,2,low_block,8,20.05,-33.53,5,wide_right,3,attacking_third,False,5.48,-18.3,4,half_space_right,2,middle_third,False,52.21,57.81,65.14,57.75,39.05,38.33,34.09,36.75
141,2010085,22190,22290,36:58.0,37:08.0,36,58,10.0,1,2,2380,right_to_left,Melbourne City,3,True,False,False,create,1,medium_block,9,5.18,-16.68,4,half_space_right,2,middle_third,False,24.65,17.69,2,half_space_left,3,attacking_third,False,58.06,53.27,57.55,56.17,38.36,34.69,36.87,42.01
142,2010085,22290,22300,37:08.0,37:09.0,37,8,1.0,1,1,870,left_to_right,CC Mariners,1,True,False,False,chaotic,5,chaotic,5,-25.35,-17.66,4,half_space_right,1,defensive_third,False,-23.34,-19.36,4,half_space_right,1,defensive_third,False,34.65,34.35,41.98,41.8,53.05,50.65,56.45,58.83
143,2010085,22300,22366,37:09.0,37:15.6,37,9,6.6,1,2,2380,right_to_left,Melbourne City,4,False,False,False,finish,2,low_block,8,22.98,19.65,2,half_space_left,3,attacking_third,False,6.12,28.82,1,wide_left,2,middle_third,False,50.41,53.5,59.08,54.53,34.32,42.11,41.83,37.32
144,2010085,22366,22599,37:15.6,37:38.9,37,15,23.3,1,2,2380,right_to_left,Melbourne City,7,False,False,False,create,1,medium_block,9,5.34,29.33,1,wide_left,2,middle_third,False,14.73,31.97,1,wide_left,2,middle_third,False,53.64,55.1,54.39,58.3,42.07,41.33,37.2,44.88
145,2010085,22599,22656,37:38.9,37:44.6,37,38,5.7,1,2,2380,right_to_left,Melbourne City,2,True,False,False,finish,2,low_block,8,14.98,31.99,1,wide_left,2,middle_third,False,31.89,34.03,1,wide_left,3,attacking_third,False,54.96,53.14,58.66,64.97,41.54,40.12,44.79,37.44
146,2010085,22661,22674,37:45.1,37:46.4,37,45,1.3,1,1,870,left_to_right,CC Mariners,1,True,False,False,chaotic,5,chaotic,5,-32.19,-32.48,5,wide_right,1,defensive_third,False,-20.36,-27.45,5,wide_right,1,defensive_third,False,39.82,38.42,36.36,34.05,52.73,52.1,64.88,63.58
147,2010085,22674,22767,37:46.4,37:55.7,37,46,9.3,1,2,2380,right_to_left,Melbourne City,3,False,False,False,finish,2,low_block,8,19.96,27.17,1,wide_left,3,attacking_third,False,5.93,7.57,3,center,2,middle_third,False,52.08,57.55,63.38,58.18,38.14,37.92,33.88,33.0
148,2010085,22767,22790,37:55.7,37:58.0,37,55,2.3,1,2,2380,right_to_left,Melbourne City,1,False,False,False,create,1,medium_block,9,5.19,6.26,3,center,2,middle_third,False,4.85,-12.42,4,half_space_right,2,middle_third,False,57.65,58.82,58.14,55.82,37.84,37.49,33.18,32.37
149,2010085,22790,22839,37:58.0,38:02.9,37,58,4.9,1,2,2380,right_to_left,Melbourne City,2,False,False,False,finish,2,low_block,8,5.34,-14.11,4,half_space_right,2,middle_third,False,6.21,-23.7,5,wide_right,2,middle_third,False,58.79,54.56,55.8,55.97,37.48,37.36,32.44,37.73
150,2010085,22839,22975,38:02.9,38:16.5,38,2,13.6,1,2,2380,right_to_left,Melbourne City,4,False,False,False,create,1,medium_block,9,5.55,-24.33,5,wide_right,2,middle_third,False,13.18,32.15,1,wide_left,2,middle_third,False,54.67,61.46,55.92,56.86,37.52,45.13,37.94,44.55
151,2010085,22975,23004,38:16.5,38:19.4,38,16,2.9,1,2,2380,right_to_left,Melbourne City,1,False,False,False,finish,2,low_block,8,13.4,32.13,1,wide_left,2,middle_third,False,9.81,26.74,1,wide_left,2,middle_third,False,61.42,58.96,57.0,51.35,45.09,42.55,44.6,41.59
152,2010085,23004,23157,38:19.4,38:34.7,38,19,15.3,1,2,2380,right_to_left,Melbourne City,4,True,False,False,create,1,medium_block,9,9.5,26.25,1,wide_left,2,middle_third,False,37.86,18.5,2,half_space_left,3,attacking_third,True,58.9,54.65,51.11,59.21,42.43,42.83,41.49,45.66
153,2010085,23157,23327,38:34.7,38:51.7,38,34,17.0,1,1,870,left_to_right,CC Mariners,2,False,False,False,build_up,0,high_block,10,-38.31,-18.26,4,half_space_right,1,defensive_third,False,-45.95,-1.1,3,center,1,defensive_third,False,42.87,67.19,45.49,48.15,54.28,40.55,59.74,67.72
154,2010085,23327,23360,38:51.7,38:55.0,38,51,3.3,1,1,870,left_to_right,CC Mariners,1,True,False,False,direct,6,defending_direct,15,-44.49,-1.23,3,center,1,defensive_third,False,-2.75,-10.07,4,half_space_right,2,middle_third,False,66.9,56.1,47.97,41.69,40.29,28.3,67.59,62.23
155,2010085,23360,23414,38:55.0,39:00.4,38,55,5.4,1,2,2380,right_to_left,Melbourne City,2,False,False,False,create,1,medium_block,9,1.89,10.44,2,half_space_left,2,middle_third,False,-19.91,-2.5,3,center,1,defensive_third,False,27.8,34.56,62.06,52.03,55.72,39.43,41.8,51.67
156,2010085,23414,23480,39:00.4,39:07.0,39,0,6.6,1,2,2380,right_to_left,Melbourne City,2,False,False,False,build_up,0,high_block,10,-20.05,-2.79,3,center,1,defensive_third,False,-20.02,28.6,1,wide_left,1,defensive_third,False,35.03,57.43,51.81,43.87,39.26,43.47,51.47,62.03
157,2010085,23480,23504,39:07.0,39:09.4,39,7,2.4,1,2,2380,right_to_left,Melbourne City,1,False,False,False,create,1,medium_block,9,-19.45,29.45,1,wide_left,1,defensive_third,False,-25.38,30.74,1,wide_left,1,defensive_third,False,57.61,57.54,44.16,50.74,43.59,46.54,62.13,63.5
158,2010085,23703,23800,39:29.3,39:39.0,39,29,9.7,1,2,2380,right_to_left,Melbourne City,4,False,False,True,build_up,0,high_block,10,-31.46,27.38,1,wide_left,1,defensive_third,False,-20.4,-17.82,4,half_space_right,1,defensive_third,False,55.19,51.67,56.08,46.33,42.26,41.92,63.53,66.65
159,2010085,23800,23817,39:39.0,39:40.7,39,39,1.7,1,2,2380,right_to_left,Melbourne City,0,False,False,True,create,1,medium_block,9,-19.99,-17.13,4,half_space_right,1,defensive_third,False,-19.64,-9.0,3,center,1,defensive_third,False,51.3,43.36,46.18,43.98,41.6,37.11,66.5,63.9
160,2010085,23817,23842,39:40.7,39:43.2,39,40,2.5,1,2,2380,right_to_left,Melbourne City,1,False,False,True,build_up,0,high_block,10,-20.01,-9.08,3,center,1,defensive_third,False,-20.09,-11.99,4,half_space_right,1,defensive_third,False,42.8,35.21,43.84,41.64,36.83,28.96,63.74,61.77
161,2010085,23842,23892,39:43.2,39:48.2,39,43,5.0,1,2,2380,right_to_left,Melbourne City,2,False,False,True,create,1,medium_block,9,-18.95,-12.11,4,half_space_right,1,defensive_third,False,-19.66,-17.39,4,half_space_right,1,defensive_third,False,34.91,27.8,41.6,40.82,28.7,26.6,61.64,56.78
162,2010085,23892,23954,39:48.2,39:54.4,39,48,6.2,1,2,2380,right_to_left,Melbourne City,4,False,False,True,build_up,0,high_block,10,-20.05,-17.2,4,half_space_right,1,defensive_third,False,-21.28,16.33,2,half_space_left,1,defensive_third,False,27.94,55.67,40.93,45.02,26.62,37.9,56.77,56.15
163,2010085,23954,24005,39:54.4,39:59.5,39,54,5.1,1,2,2380,right_to_left,Melbourne City,1,False,False,True,create,1,medium_block,9,-19.94,17.73,2,half_space_left,1,defensive_third,False,22.1,28.75,1,wide_left,3,attacking_third,False,55.92,53.2,45.21,61.78,38.05,37.04,56.21,55.39
164,2010085,24005,24103,39:59.5,40:09.3,39,59,9.8,1,2,2380,right_to_left,Melbourne City,4,True,False,True,finish,2,low_block,8,23.09,29.29,1,wide_left,3,attacking_third,False,42.56,4.25,3,center,3,attacking_third,True,52.89,34.13,62.2,70.81,37.15,25.64,55.3,25.79
165,2010085,24397,24454,40:38.7,40:44.4,40,38,5.7,1,1,870,left_to_right,CC Mariners,1,False,False,False,direct,6,defending_direct,15,-41.59,-7.83,3,center,1,defensive_third,False,-1.36,-27.3,5,wide_right,2,middle_third,False,51.97,35.6,56.65,54.73,38.3,26.53,64.4,53.96
166,2010085,24454,24509,40:44.4,40:49.9,40,44,5.5,1,1,870,left_to_right,CC Mariners,2,True,False,False,create,1,medium_block,9,-1.33,-27.48,5,wide_right,2,middle_third,False,31.02,-30.98,5,wide_right,3,attacking_third,False,35.71,41.2,54.82,60.38,26.8,30.92,53.79,47.1
167,2010085,24731,24774,41:12.1,41:16.4,41,12,4.3,1,2,2380,right_to_left,Melbourne City,1,True,False,False,chaotic,5,chaotic,5,-33.29,34.66,1,wide_left,1,defensive_third,False,-6.35,25.53,1,wide_left,2,middle_third,False,28.89,26.95,39.39,41.09,26.0,22.95,61.08,58.05
168,2010085,24774,24787,41:16.4,41:17.7,41,16,1.3,1,1,870,left_to_right,CC Mariners,1,True,False,False,chaotic,5,chaotic,5,6.65,-25.25,5,wide_right,2,middle_third,False,23.61,-22.87,5,wide_right,3,attacking_third,False,22.93,22.37,57.96,57.92,26.91,25.92,41.4,43.72
169,2010085,24787,24815,41:17.7,41:20.5,41,17,2.8,1,2,2380,right_to_left,Melbourne City,2,True,False,False,chaotic,5,chaotic,5,-24.18,22.72,1,wide_left,1,defensive_third,False,1.01,16.42,2,half_space_left,2,middle_third,False,25.87,24.13,43.95,47.13,22.28,21.96,58.06,57.4
170,2010085,24815,24911,41:20.5,41:30.1,41,20,9.6,1,1,870,left_to_right,CC Mariners,2,False,False,False,create,1,medium_block,9,-1.65,-15.9,4,half_space_right,2,middle_third,False,-19.78,21.86,1,wide_left,1,defensive_third,False,21.97,52.3,57.33,48.09,24.08,34.66,47.05,52.59
171,2010085,24911,24966,41:30.1,41:35.6,41,30,5.5,1,1,870,left_to_right,CC Mariners,2,False,False,False,build_up,0,high_block,10,-20.23,22.0,1,wide_left,1,defensive_third,False,-40.07,11.1,2,half_space_left,1,defensive_third,False,52.73,60.95,48.09,41.75,34.98,36.32,52.7,65.42
172,2010085,24966,24992,41:35.6,41:38.2,41,35,2.6,1,1,870,left_to_right,CC Mariners,1,True,False,False,direct,6,defending_direct,15,-39.75,11.2,2,half_space_left,1,defensive_third,False,-3.69,14.33,2,half_space_left,2,middle_third,False,61.05,55.57,41.52,44.53,36.39,34.78,65.71,63.68
173,2010085,24992,25026,41:38.2,41:41.6,41,38,3.4,1,2,2380,right_to_left,Melbourne City,2,True,False,False,chaotic,5,chaotic,5,3.48,-14.07,4,half_space_right,2,middle_third,False,17.66,-20.84,5,wide_right,3,attacking_third,False,34.76,37.03,63.47,57.09,55.19,46.85,44.8,46.1
174,2010085,25026,25092,41:41.6,41:48.2,41,41,6.6,1,1,870,left_to_right,CC Mariners,2,True,False,False,create,1,medium_block,9,-17.67,20.78,1,wide_left,1,defensive_third,False,-11.46,34.73,1,wide_left,2,middle_third,False,46.61,52.85,46.06,48.2,37.12,40.64,56.96,51.86
175,2010085,25201,25296,41:59.1,42:08.6,41,59,9.5,1,2,2380,right_to_left,Melbourne City,4,False,False,False,create,1,medium_block,9,13.07,-33.16,5,wide_right,2,middle_third,False,-19.16,4.19,3,center,1,defensive_third,False,41.75,59.21,60.16,45.98,40.22,41.36,40.66,49.83
176,2010085,25296,25352,42:08.6,42:14.2,42,8,5.6,1,2,2380,right_to_left,Melbourne City,2,False,False,False,build_up,0,high_block,10,-20.23,3.95,3,center,1,defensive_third,False,-20.17,19.0,2,half_space_left,1,defensive_third,False,59.21,59.89,45.77,45.4,41.41,41.91,49.86,54.36
177,2010085,25352,25371,42:14.2,42:16.1,42,14,1.9,1,2,2380,right_to_left,Melbourne City,1,False,False,False,create,1,medium_block,9,-19.88,19.06,2,half_space_left,1,defensive_third,False,-14.61,22.78,1,wide_left,2,middle_third,False,59.79,58.14,45.57,48.5,41.87,41.43,54.17,49.02
178,2010085,25371,25397,42:16.1,42:18.7,42,16,2.6,1,2,2380,right_to_left,Melbourne City,1,True,False,False,direct,6,defending_direct,15,-14.35,23.19,1,wide_left,2,middle_third,False,22.5,15.85,2,half_space_left,3,attacking_third,False,58.14,51.33,48.69,59.08,41.44,38.48,48.8,47.03
179,2010085,25397,25436,42:18.7,42:22.6,42,18,3.9,1,1,870,left_to_right,CC Mariners,1,True,False,False,chaotic,5,chaotic,5,-23.02,-15.76,4,half_space_right,1,defensive_third,False,-11.95,-3.42,3,center,2,middle_third,False,38.53,33.51,47.08,47.08,51.12,46.09,59.51,60.57
180,2010085,25436,25456,42:22.6,42:24.6,42,22,2.0,1,2,2380,right_to_left,Melbourne City,1,True,False,False,chaotic,5,chaotic,5,11.79,3.32,3,center,2,middle_third,False,18.26,2.89,3,center,3,attacking_third,False,45.92,41.83,60.43,58.41,33.33,30.78,47.07,46.97
181,2010085,25456,25551,42:24.6,42:34.1,42,24,9.5,1,1,870,left_to_right,CC Mariners,2,True,False,False,chaotic,5,chaotic,5,-17.7,-3.12,3,center,1,defensive_third,False,7.6,-18.17,4,half_space_right,2,middle_third,False,30.63,35.59,46.84,48.62,41.59,33.34,58.28,55.98
182,2010085,25551,25653,42:34.1,42:44.3,42,34,10.2,1,2,2380,right_to_left,Melbourne City,4,True,False,False,create,1,medium_block,9,-7.77,18.56,2,half_space_left,2,middle_third,False,-2.27,32.72,1,wide_left,2,middle_third,False,33.44,39.62,56.02,52.92,35.77,37.14,49.21,51.23
183,2010085,26538,26598,44:12.8,44:18.8,44,12,6.0,1,1,870,left_to_right,CC Mariners,2,True,False,False,set_play,7,defending_set_play,13,,,2,half_space_left,2,middle_third,False,37.57,-5.42,3,center,3,attacking_third,True,,37.28,,57.19,,47.62,,47.8
184,2010085,26598,26692,44:18.8,44:28.2,44,18,9.4,1,2,2380,right_to_left,Melbourne City,2,False,False,False,build_up,0,high_block,10,-37.8,5.1,3,center,1,defensive_third,False,-22.35,18.82,2,half_space_left,1,defensive_third,False,48.02,65.7,47.76,50.27,37.44,43.05,57.33,60.07
185,2010085,26692,26701,44:28.2,44:29.1,44,28,0.9,1,2,2380,right_to_left,Melbourne City,0,True,False,False,create,1,medium_block,9,-19.9,18.21,2,half_space_left,1,defensive_third,False,-4.46,12.03,2,half_space_left,2,middle_third,False,65.68,63.44,50.32,50.69,42.69,40.04,59.7,57.87
186,2010085,26701,26905,44:29.1,44:49.5,44,29,20.4,1,1,870,left_to_right,CC Mariners,7,False,False,False,create,1,medium_block,9,3.09,-10.94,4,half_space_right,2,middle_third,False,-19.32,5.98,3,center,1,defensive_third,False,39.82,66.21,57.68,49.25,63.28,39.71,50.65,51.91
187,2010085,26905,26999,44:49.5,44:58.9,44,49,9.4,1,1,870,left_to_right,CC Mariners,3,False,False,False,build_up,0,high_block,10,-20.23,5.35,3,center,1,defensive_third,False,-20.52,7.61,3,center,1,defensive_third,False,66.22,61.18,49.24,47.12,39.73,34.96,51.83,63.21
188,2010085,26999,27055,44:58.9,45:04.5,44,58,5.6,1,1,870,left_to_right,CC Mariners,2,True,False,False,create,1,medium_block,9,-19.88,8.82,3,center,1,defensive_third,False,1.83,3.91,3,center,2,middle_third,False,61.24,52.9,47.03,52.18,35.18,24.69,63.24,57.91
189,2010085,27055,27091,45:04.5,45:08.1,45,4,3.6,1,2,2380,right_to_left,Melbourne City,2,False,False,False,chaotic,5,chaotic,5,-1.71,-4.13,3,center,2,middle_third,False,7.31,-2.92,3,center,2,middle_third,False,24.46,22.64,57.68,54.96,52.65,42.78,52.17,49.79
190,2010085,28796,28890,47:58.6,48:08.0,47,58,9.4,1,2,2380,right_to_left,Melbourne City,3,False,False,False,finish,2,low_block,8,5.58,-6.5,3,center,2,middle_third,False,5.12,28.21,1,wide_left,2,middle_third,False,65.16,58.09,58.97,56.63,43.58,38.52,39.03,38.59
191,2010085,28890,28978,48:08.0,48:16.8,48,8,8.8,1,2,2380,right_to_left,Melbourne City,1,False,False,False,create,1,medium_block,9,4.32,27.85,1,wide_left,2,middle_third,False,-19.6,7.77,3,center,1,defensive_third,False,58.18,63.9,56.48,49.42,38.35,41.4,38.59,47.98
192,2010085,28978,29006,48:16.8,48:19.6,48,16,2.8,1,2,2380,right_to_left,Melbourne City,1,False,False,False,build_up,0,high_block,10,-20.5,7.28,3,center,1,defensive_third,False,-20.84,-9.96,4,half_space_right,1,defensive_third,False,63.86,61.12,49.06,44.45,41.54,45.1,48.49,61.26
193,2010085,29006,29048,48:19.6,48:23.8,48,19,4.2,1,2,2380,right_to_left,Melbourne City,1,False,False,False,create,1,medium_block,9,-19.9,-11.22,4,half_space_right,1,defensive_third,False,-19.92,-22.01,5,wide_right,1,defensive_third,False,60.96,55.14,44.58,50.09,45.2,42.41,61.44,56.39
194,2010085,29048,29097,48:23.8,48:28.7,48,23,4.9,1,2,2380,right_to_left,Melbourne City,1,True,False,False,direct,6,defending_direct,15,-19.68,-21.89,5,wide_right,1,defensive_third,False,21.9,9.38,2,half_space_left,3,attacking_third,False,54.97,34.73,50.14,61.11,42.32,36.61,56.44,56.4
195,2010085,29097,29139,48:28.7,48:32.9,48,28,4.2,1,1,870,left_to_right,CC Mariners,2,True,False,False,chaotic,5,chaotic,5,-22.1,-9.63,4,half_space_right,1,defensive_third,False,-5.59,-2.38,3,center,2,middle_third,False,36.58,32.22,56.3,50.04,34.53,26.89,61.28,60.07
196,2010085,29139,29171,48:32.9,48:36.1,48,32,3.2,1,2,2380,right_to_left,Melbourne City,2,False,False,False,create,1,medium_block,9,5.13,2.83,3,center,2,middle_third,False,11.23,19.21,2,half_space_left,2,middle_third,False,26.84,33.14,59.94,59.54,32.17,31.86,49.85,45.03
197,2010085,29171,29378,48:36.1,48:56.8,48,36,20.7,1,2,2380,right_to_left,Melbourne City,5,False,False,False,finish,2,low_block,8,11.72,19.45,2,half_space_left,2,middle_third,False,5.07,18.09,2,half_space_left,2,middle_third,False,33.64,47.81,59.7,60.35,31.85,37.65,44.85,35.97
198,2010085,29378,29404,48:56.8,48:59.4,48,56,2.6,1,2,2380,right_to_left,Melbourne City,1,True,False,False,create,1,medium_block,9,4.52,17.75,2,half_space_left,2,middle_third,False,-5.29,2.02,3,center,2,middle_third,False,47.92,51.79,60.29,58.16,37.68,40.65,36.35,43.68
199,2010085,29404,29540,48:59.4,49:13.0,48,59,13.6,1,1,870,left_to_right,CC Mariners,3,False,False,False,build_up,0,high_block,10,5.5,-1.66,3,center,2,middle_third,False,26.41,32.57,1,wide_left,3,attacking_third,False,40.8,35.51,43.81,63.57,51.94,35.0,58.07,62.64
200,2010085,29690,29712,45:24.0,45:26.2,0,24,2.2,2,1,2380,left_to_right,Melbourne City,1,True,False,False,chaotic,5,chaotic,5,-38.64,-34.8,5,wide_right,1,defensive_third,False,-16.09,-30.7,5,wide_right,2,middle_third,False,30.48,29.49,34.83,36.25,22.07,23.08,70.09,64.87
201,2010085,29712,29733,45:26.2,45:28.3,0,26,2.1,2,2,870,right_to_left,CC Mariners,1,True,False,False,chaotic,5,chaotic,5,15.99,30.73,1,wide_left,2,middle_third,False,32.36,21.78,1,wide_left,3,attacking_third,False,23.12,22.42,64.6,61.72,29.6,27.35,36.4,35.58
202,2010085,29733,29857,45:28.3,45:40.7,0,28,12.4,2,1,2380,left_to_right,Melbourne City,2,False,False,False,create,1,medium_block,9,-32.58,-21.6,5,wide_right,1,defensive_third,False,31.86,21.64,1,wide_left,3,attacking_third,False,27.11,40.39,35.35,64.42,22.4,32.73,61.71,55.22
203,2010085,29857,29900,45:40.7,45:45.0,0,40,4.3,2,1,2380,left_to_right,Melbourne City,1,True,False,False,finish,2,low_block,8,32.72,21.55,1,wide_left,3,attacking_third,False,46.2,12.54,2,half_space_left,3,attacking_third,True,40.15,32.09,64.97,75.85,32.56,20.46,55.22,49.0
204,2010085,30251,30294,46:20.1,46:24.4,1,20,4.3,2,2,870,right_to_left,CC Mariners,1,True,False,False,direct,6,defending_direct,15,,,2,half_space_left,2,middle_third,False,5.2,-8.93,3,center,2,middle_third,False,,26.6,,63.5,,18.7,,46.14
205,2010085,30294,30312,46:24.4,46:26.2,1,24,1.8,2,1,2380,left_to_right,Melbourne City,1,True,False,False,chaotic,5,chaotic,5,-4.77,8.7,3,center,2,middle_third,False,5.85,3.52,3,center,2,middle_third,False,18.55,18.18,46.02,46.86,26.52,24.98,63.41,59.97
206,2010085,30312,30324,46:26.2,46:27.4,1,26,1.2,2,2,870,right_to_left,CC Mariners,1,True,False,False,chaotic,5,chaotic,5,-6.0,-3.06,3,center,2,middle_third,False,3.98,-4.0,3,center,2,middle_third,False,25.01,24.15,59.75,56.63,18.35,20.38,46.97,46.55
207,2010085,30324,30344,46:27.4,46:29.4,1,27,2.0,2,1,2380,left_to_right,Melbourne City,2,True,False,False,chaotic,5,chaotic,5,-4.38,4.14,3,center,2,middle_third,False,7.36,8.07,3,center,2,middle_third,False,20.58,23.39,46.45,45.02,24.03,24.38,56.24,49.68
208,2010085,30344,30366,46:29.4,46:31.6,1,29,2.2,2,2,870,right_to_left,CC Mariners,1,False,False,False,create,1,medium_block,9,-7.81,-8.43,3,center,2,middle_third,False,-19.97,-5.66,3,center,1,defensive_third,False,24.5,32.13,49.38,45.89,23.5,26.03,45.05,50.92
209,2010085,30366,30473,46:31.6,46:42.3,1,31,10.7,2,2,870,right_to_left,CC Mariners,3,False,False,False,build_up,0,high_block,10,-21.64,-5.0,3,center,1,defensive_third,False,-42.51,-3.52,3,center,1,defensive_third,False,32.71,63.19,45.87,41.65,26.15,40.56,51.33,70.1
210,2010085,30473,30503,46:42.3,46:45.3,1,42,3.0,2,2,870,right_to_left,CC Mariners,1,True,False,False,direct,6,defending_direct,15,-42.3,-3.64,3,center,1,defensive_third,False,10.32,-3.93,3,center,2,middle_third,False,63.14,53.9,41.47,53.76,40.58,37.21,70.14,68.72
211,2010085,30503,30760,46:45.3,47:11.0,1,45,25.7,2,1,2380,left_to_right,Melbourne City,8,True,False,False,create,1,medium_block,9,-10.94,3.81,3,center,2,middle_third,False,29.88,11.42,2,half_space_left,3,attacking_third,False,37.07,55.71,68.63,67.01,53.54,41.59,54.23,53.22
212,2010085,30760,30923,47:11.0,47:27.3,2,11,16.3,2,2,870,right_to_left,CC Mariners,6,True,False,False,build_up,0,high_block,10,-29.98,-11.26,4,half_space_right,1,defensive_third,False,-27.44,-20.73,5,wide_right,1,defensive_third,False,41.41,55.04,53.18,50.04,55.23,35.85,67.14,73.76
213,2010085,30923,30956,47:27.3,47:30.6,2,27,3.3,2,1,2380,left_to_right,Melbourne City,1,True,False,False,chaotic,5,chaotic,5,27.46,20.57,1,wide_left,3,attacking_third,False,33.55,14.66,2,half_space_left,3,attacking_third,False,35.73,24.61,73.54,66.12,54.84,50.03,49.99,48.08
214,2010085,30956,31145,47:30.6,47:49.5,2,30,18.9,2,2,870,right_to_left,CC Mariners,5,True,False,False,transition,4,defending_transition,11,-33.34,-14.97,4,half_space_right,1,defensive_third,False,27.18,13.53,2,half_space_left,3,attacking_third,False,49.82,42.79,48.11,62.37,24.43,24.86,66.12,45.89
215,2010085,31332,31349,48:08.2,48:09.9,3,8,1.7,2,1,2380,left_to_right,Melbourne City,1,True,False,False,chaotic,5,chaotic,5,-38.28,-34.75,5,wide_right,1,defensive_third,False,-18.37,-28.58,5,wide_right,1,defensive_third,False,31.5,28.42,36.1,34.48,31.72,30.07,70.82,67.43
216,2010085,31349,31430,48:09.9,48:18.0,3,9,8.1,2,2,870,right_to_left,CC Mariners,3,False,False,False,finish,2,low_block,8,17.75,28.27,1,wide_left,3,attacking_third,False,5.42,30.34,1,wide_left,2,middle_third,False,29.89,37.88,67.11,62.3,28.17,28.3,34.45,34.21
217,2010085,31430,31505,48:18.0,48:25.5,3,18,7.5,2,2,870,right_to_left,CC Mariners,3,False,False,False,create,1,medium_block,9,4.33,30.12,1,wide_left,2,middle_third,False,-19.76,-16.78,4,half_space_right,1,defensive_third,False,38.13,56.13,62.1,48.89,28.18,47.6,34.46,54.64
218,2010085,31505,31539,48:25.5,48:28.9,3,25,3.4,2,2,870,right_to_left,CC Mariners,1,False,False,False,build_up,0,high_block,10,-20.07,-17.06,4,half_space_right,1,defensive_third,False,-41.27,-8.73,3,center,1,defensive_third,False,56.12,55.66,48.73,44.04,47.69,43.65,54.84,65.17
219,2010085,31539,31581,48:28.9,48:33.1,3,28,4.2,2,2,870,right_to_left,CC Mariners,1,True,False,False,direct,6,defending_direct,15,-41.41,-8.65,3,center,1,defensive_third,False,10.18,0.01,3,center,2,middle_third,False,55.6,43.41,43.75,54.24,43.54,38.87,65.64,65.58
220,2010085,31581,31684,48:33.1,48:43.4,3,33,10.3,2,1,2380,left_to_right,Melbourne City,4,False,False,False,create,1,medium_block,9,-10.9,-0.29,3,center,2,middle_third,False,-19.26,12.29,2,half_space_left,1,defensive_third,False,38.78,50.64,65.45,48.35,43.13,37.67,54.52,56.3
221,2010085,31684,31761,48:43.4,48:51.1,3,43,7.7,2,1,2380,left_to_right,Melbourne City,3,False,False,False,build_up,0,high_block,10,-20.23,11.43,2,half_space_left,1,defensive_third,False,-20.06,-29.25,5,wide_right,1,defensive_third,False,50.67,58.4,48.21,50.02,37.72,41.48,56.3,64.19
222,2010085,31761,31820,48:51.1,48:57.0,3,51,5.9,2,1,2380,left_to_right,Melbourne City,3,False,False,False,create,1,medium_block,9,-19.62,-29.19,5,wide_right,1,defensive_third,False,22.1,-32.63,5,wide_right,3,attacking_third,False,58.58,50.61,50.22,63.45,41.45,34.26,64.24,59.89
223,2010085,31820,31936,48:57.0,49:08.6,3,57,11.6,2,1,2380,left_to_right,Melbourne City,4,True,False,False,finish,2,low_block,8,22.48,-32.6,5,wide_right,3,attacking_third,False,47.43,3.83,3,center,3,attacking_third,True,50.34,32.59,63.62,73.59,34.35,25.72,59.76,32.26
224,2010085,31936,32036,49:08.6,49:18.6,4,8,10.0,2,2,870,right_to_left,CC Mariners,2,False,False,False,build_up,0,high_block,10,-47.67,-2.37,3,center,1,defensive_third,False,-43.4,25.27,1,wide_left,1,defensive_third,False,25.54,49.32,32.07,45.83,32.32,35.05,73.73,71.16
225,2010085,32036,32072,49:18.6,49:22.2,4,18,3.6,2,2,870,right_to_left,CC Mariners,1,True,False,False,direct,6,defending_direct,15,-43.16,25.5,1,wide_left,1,defensive_third,False,8.76,29.25,1,wide_left,2,middle_third,False,49.53,47.21,45.99,55.57,34.82,36.68,71.51,73.89
226,2010085,32072,32084,49:22.2,49:23.4,4,22,1.2,2,1,2380,left_to_right,Melbourne City,1,False,False,False,create,1,medium_block,9,-9.77,-29.46,5,wide_right,2,middle_third,False,-19.78,-32.2,5,wide_right,1,defensive_third,False,36.81,38.1,73.9,74.34,47.07,45.36,55.86,59.63
227,2010085,32084,32156,49:23.4,49:30.6,4,23,7.2,2,1,2380,left_to_right,Melbourne City,3,False,False,False,build_up,0,high_block,10,-20.58,-32.36,5,wide_right,1,defensive_third,False,-20.1,-2.62,3,center,1,defensive_third,False,38.24,55.61,74.45,53.88,45.25,40.59,60.07,60.85
228,2010085,32156,32242,49:30.6,49:39.2,4,30,8.6,2,1,2380,left_to_right,Melbourne City,1,False,False,False,create,1,medium_block,9,-19.39,-2.69,3,center,1,defensive_third,False,23.38,-19.03,4,half_space_right,3,attacking_third,False,55.9,52.86,53.72,58.87,40.55,40.8,60.52,47.43
229,2010085,32335,32382,49:48.5,49:53.2,4,48,4.7,2,1,2380,left_to_right,Melbourne City,3,False,False,False,chaotic,5,chaotic,5,30.83,-30.7,5,wide_right,3,attacking_third,False,20.73,-17.91,4,half_space_right,3,attacking_third,False,48.73,48.02,63.33,59.72,35.02,33.86,34.84,32.5
230,2010085,32997,33197,50:54.7,51:14.7,5,54,20.0,2,1,2380,left_to_right,Melbourne City,7,False,False,False,set_play,7,defending_set_play,13,20.48,-26.64,5,wide_right,3,attacking_third,False,29.04,-6.68,3,center,3,attacking_third,False,37.66,35.77,56.87,63.27,28.59,23.76,19.5,23.4
231,2010085,33197,33219,51:14.7,51:16.9,6,14,2.2,2,1,2380,left_to_right,Melbourne City,1,True,False,True,finish,2,low_block,8,30.46,-6.57,3,center,3,attacking_third,False,47.1,-2.24,3,center,3,attacking_third,True,35.94,34.09,63.08,61.09,23.93,25.59,23.26,21.79
232,2010085,33219,33419,51:16.9,51:36.9,6,16,20.0,2,2,870,right_to_left,CC Mariners,1,False,False,False,build_up,0,high_block,10,-48.15,2.22,3,center,1,defensive_third,False,-35.88,3.81,3,center,1,defensive_third,False,25.65,44.26,21.77,43.99,33.88,31.91,61.05,66.17
233,2010085,33419,33458,51:36.9,51:40.8,6,36,3.9,2,2,870,right_to_left,CC Mariners,1,True,False,False,direct,6,defending_direct,15,-35.34,4.05,3,center,1,defensive_third,False,23.73,18.84,2,half_space_left,3,attacking_third,False,44.05,34.01,43.95,58.93,31.79,25.78,65.89,52.45
234,2010085,33458,33478,51:40.8,51:42.8,6,40,2.0,2,1,2380,left_to_right,Melbourne City,2,False,False,True,create,1,medium_block,9,-24.08,-19.0,4,half_space_right,1,defensive_third,False,-19.95,-22.85,5,wide_right,1,defensive_third,False,25.69,26.89,51.96,49.24,33.87,32.53,59.28,62.74
235,2010085,33478,33569,51:42.8,51:51.9,6,42,9.1,2,1,2380,left_to_right,Melbourne City,5,False,False,True,build_up,0,high_block,10,-20.08,-23.28,5,wide_right,1,defensive_third,False,-20.74,21.88,1,wide_left,1,defensive_third,False,27.1,62.42,49.17,46.52,32.5,42.1,62.75,72.34
236,2010085,33569,33626,51:51.9,51:57.6,6,51,5.7,2,1,2380,left_to_right,Melbourne City,1,False,False,True,create,1,medium_block,9,-19.98,22.04,1,wide_left,1,defensive_third,False,14.4,20.04,2,half_space_left,2,middle_third,False,62.69,61.99,46.53,62.67,42.15,37.68,72.32,64.53
237,2010085,33626,33783,51:57.6,52:13.3,6,57,15.7,2,1,2380,left_to_right,Melbourne City,6,True,False,True,finish,2,low_block,8,15.04,20.01,2,half_space_left,2,middle_third,False,41.78,-10.61,4,half_space_right,3,attacking_third,True,61.82,33.64,62.89,64.7,37.49,22.33,64.29,18.83
238,2010085,33783,33832,52:13.3,52:18.2,7,13,4.9,2,2,870,right_to_left,CC Mariners,1,True,False,False,chaotic,5,chaotic,5,-41.36,10.25,2,half_space_left,1,defensive_third,False,5.84,15.25,2,half_space_left,2,middle_third,False,22.13,28.24,18.58,25.29,33.32,35.98,64.91,43.47
239,2010085,33832,33855,52:18.2,52:20.5,7,18,2.3,2,1,2380,left_to_right,Melbourne City,1,True,False,True,chaotic,5,chaotic,5,-5.45,-15.18,4,half_space_right,2,middle_third,False,4.91,-13.69,4,half_space_right,2,middle_third,False,36.25,40.65,42.78,35.99,28.42,31.99,25.77,37.16
240,2010085,33855,33880,52:20.5,52:23.0,7,20,2.5,2,2,870,right_to_left,CC Mariners,1,False,False,True,create,1,medium_block,9,-4.86,13.58,2,half_space_left,2,middle_third,False,19.28,9.18,2,half_space_left,3,attacking_third,False,32.02,33.39,37.72,43.53,40.67,41.41,36.37,48.93
241,2010085,34575,34623,53:32.5,53:37.3,8,32,4.8,2,2,870,right_to_left,CC Mariners,2,True,False,True,set_play,7,defending_set_play,13,51.1,32.61,1,wide_left,3,attacking_third,False,51.8,2.1,3,center,3,attacking_third,True,40.68,33.49,66.68,60.98,26.24,17.18,8.68,14.87
242,2010085,34997,35007,54:14.7,54:15.7,9,14,1.0,2,1,2380,left_to_right,Melbourne City,1,False,False,False,create,1,medium_block,9,,,2,half_space_left,2,middle_third,False,,,2,half_space_left,2,middle_third,False,,,,,,,,
243,2010085,35008,35114,54:15.8,54:26.4,9,15,10.6,2,1,2380,left_to_right,Melbourne City,3,True,False,False,create,1,medium_block,9,-14.33,11.78,2,half_space_left,2,middle_third,False,22.4,12.83,2,half_space_left,3,attacking_third,False,29.94,23.28,50.41,58.8,24.82,21.71,42.45,46.86
244,2010085,35114,35119,54:26.4,54:26.9,9,26,0.5,2,2,870,right_to_left,CC Mariners,1,True,False,False,chaotic,5,chaotic,5,-22.8,-13.1,4,half_space_right,1,defensive_third,False,-21.93,-14.01,4,half_space_right,1,defensive_third,False,21.5,20.78,46.96,47.36,23.32,23.29,59.11,60.23
245,2010085,35119,35272,54:26.9,54:42.2,9,26,15.3,2,1,2380,left_to_right,Melbourne City,3,True,False,False,chaotic,5,chaotic,5,21.75,14.26,2,half_space_left,3,attacking_third,False,-23.84,-32.38,5,wide_right,1,defensive_third,False,23.26,53.48,60.46,48.47,20.62,46.02,47.44,59.07
246,2010085,35349,35438,54:49.9,54:58.8,9,49,8.9,2,2,870,right_to_left,CC Mariners,3,True,False,False,create,1,medium_block,9,17.06,33.94,1,wide_left,2,middle_third,False,5.82,-10.02,4,half_space_right,2,middle_third,False,47.45,53.42,61.46,57.72,35.22,36.0,35.82,49.85
247,2010085,35763,35798,55:31.3,55:34.8,10,31,3.5,2,1,2380,left_to_right,Melbourne City,1,False,False,True,direct,6,defending_direct,15,-40.84,-3.57,3,center,1,defensive_third,False,7.22,-21.36,5,wide_right,2,middle_third,False,65.43,53.04,48.9,52.26,44.8,39.87,71.34,66.63
248,2010085,35798,35855,55:34.8,55:40.5,10,34,5.7,2,1,2380,left_to_right,Melbourne City,2,False,False,True,create,1,medium_block,9,8.06,-21.8,5,wide_right,2,middle_third,False,23.56,-7.21,3,center,3,attacking_third,False,52.79,38.86,52.5,62.26,39.81,26.69,66.6,58.35
249,2010085,35855,35954,55:40.5,55:50.4,10,40,9.9,2,1,2380,left_to_right,Melbourne City,5,True,False,True,finish,2,low_block,8,23.97,-6.89,3,center,3,attacking_third,False,49.04,-6.62,3,center,3,attacking_third,True,38.64,27.84,62.77,72.2,26.65,19.76,58.1,42.26
250,2010085,35954,35978,55:50.4,55:52.8,10,50,2.4,2,2,870,right_to_left,CC Mariners,1,True,False,False,chaotic,5,chaotic,5,-49.2,6.7,3,center,1,defensive_third,False,-45.77,24.08,1,wide_left,1,defensive_third,False,19.84,21.29,42.17,40.23,27.66,25.95,72.42,75.03
251,2010085,36050,36505,56:00.0,56:45.5,11,0,45.5,2,1,2380,left_to_right,Melbourne City,17,False,False,False,finish,2,low_block,8,38.55,-32.32,5,wide_right,3,attacking_third,False,44.88,-30.63,5,wide_right,3,attacking_third,False,40.18,39.31,70.05,74.06,31.65,32.71,33.04,24.69
252,2010085,36580,36845,56:53.0,57:19.5,11,53,26.5,2,1,2380,left_to_right,Melbourne City,10,False,False,True,finish,2,low_block,8,35.34,-31.21,5,wide_right,3,attacking_third,False,6.89,22.91,1,wide_left,2,middle_third,False,41.55,52.63,66.62,52.23,33.34,41.52,23.95,38.08
253,2010085,36845,37078,57:19.5,57:42.8,12,19,23.3,2,1,2380,left_to_right,Melbourne City,8,False,False,True,create,1,medium_block,9,5.92,22.39,1,wide_left,2,middle_third,False,19.11,30.89,1,wide_left,3,attacking_third,False,52.65,59.76,51.94,58.56,41.41,38.39,38.06,45.88
254,2010085,37078,37138,57:42.8,57:48.8,12,42,6.0,2,1,2380,left_to_right,Melbourne City,2,True,False,True,finish,2,low_block,8,19.72,30.82,1,wide_left,3,attacking_third,False,50.75,2.72,3,center,3,attacking_third,True,59.57,29.69,58.8,69.65,38.32,19.22,45.87,41.17
255,2010085,37402,37424,58:15.2,58:17.4,13,15,2.2,2,2,870,right_to_left,CC Mariners,1,True,False,False,direct,6,defending_direct,15,,,2,half_space_left,2,middle_third,False,10.69,-4.98,3,center,2,middle_third,False,,37.09,,55.35,,32.22,,56.4
256,2010085,37424,37442,58:17.4,58:19.2,13,17,1.8,2,1,2380,left_to_right,Melbourne City,1,False,False,False,create,1,medium_block,9,-10.9,5.01,3,center,2,middle_third,False,-19.32,2.26,3,center,1,defensive_third,False,32.04,30.34,56.24,52.95,36.73,31.82,55.29,54.53
257,2010085,37442,37504,58:19.2,58:25.4,13,19,6.2,2,1,2380,left_to_right,Melbourne City,2,False,False,False,build_up,0,high_block,10,-20.57,1.65,3,center,1,defensive_third,False,-20.06,-8.2,3,center,1,defensive_third,False,30.38,45.06,52.78,45.8,31.66,36.59,54.59,61.7
258,2010085,37504,37553,58:25.4,58:30.3,13,25,4.9,2,1,2380,left_to_right,Melbourne City,2,True,False,False,create,1,medium_block,9,-19.87,-8.12,3,center,1,defensive_third,False,-14.8,-26.81,5,wide_right,2,middle_third,False,45.28,61.05,45.93,49.9,36.65,40.13,61.8,64.4
259,2010085,37553,37573,58:30.3,58:32.3,13,30,2.0,2,2,870,right_to_left,CC Mariners,1,True,False,False,chaotic,5,chaotic,5,13.85,26.22,1,wide_left,2,middle_third,False,27.58,22.93,1,wide_left,3,attacking_third,False,40.34,40.56,64.37,61.35,61.16,60.02,49.85,48.64
260,2010085,37573,37639,58:32.3,58:38.9,13,32,6.6,2,1,2380,left_to_right,Melbourne City,3,False,False,False,build_up,0,high_block,10,-27.84,-22.97,5,wide_right,1,defensive_third,False,-45.02,-3.21,3,center,1,defensive_third,False,59.81,50.81,48.58,43.88,40.49,42.63,61.12,74.13
261,2010085,37639,37673,58:38.9,58:42.3,13,38,3.4,2,1,2380,left_to_right,Melbourne City,1,True,False,False,direct,6,defending_direct,15,-44.73,-3.13,3,center,1,defensive_third,False,2.36,7.94,3,center,2,middle_third,False,50.91,43.92,43.88,47.87,42.69,37.15,74.3,70.24
262,2010085,37673,37693,58:42.3,58:44.3,13,42,2.0,2,2,870,right_to_left,CC Mariners,1,True,False,False,chaotic,5,chaotic,5,-2.76,-8.12,3,center,2,middle_third,False,13.76,-0.94,3,center,2,middle_third,False,36.83,34.17,70.0,65.58,43.63,38.05,47.98,49.23
263,2010085,37693,37775,58:44.3,58:52.5,13,44,8.2,2,1,2380,left_to_right,Melbourne City,2,False,False,False,create,1,medium_block,9,-14.25,0.74,3,center,2,middle_third,False,16.64,30.7,1,wide_left,2,middle_third,False,37.85,47.16,49.3,61.62,33.95,38.64,65.41,51.74
264,2010085,37775,37806,58:52.5,58:55.6,13,52,3.1,2,1,2380,left_to_right,Melbourne City,2,False,False,False,finish,2,low_block,8,16.69,30.7,1,wide_left,2,middle_third,False,8.18,24.3,1,wide_left,2,middle_third,False,47.17,46.68,61.68,57.89,38.7,37.58,51.59,44.21
265,2010085,37806,37881,58:55.6,59:03.1,13,55,7.5,2,1,2380,left_to_right,Melbourne City,3,False,False,False,create,1,medium_block,9,8.21,23.88,1,wide_left,2,middle_third,False,5.44,-26.94,5,wide_right,2,middle_third,False,46.73,54.14,57.8,57.23,37.52,38.14,43.94,40.17
266,2010085,37881,37905,59:03.1,59:05.5,14,3,2.4,2,1,2380,left_to_right,Melbourne City,1,False,False,False,finish,2,low_block,8,5.56,-27.21,5,wide_right,2,middle_third,False,6.58,-23.1,5,wide_right,2,middle_third,False,54.05,54.24,57.23,57.26,38.43,40.72,40.25,42.16
267,2010085,37905,37952,59:05.5,59:10.2,14,5,4.7,2,1,2380,left_to_right,Melbourne City,2,False,False,False,create,1,medium_block,9,6.67,-22.47,5,wide_right,2,middle_third,False,11.2,15.23,2,half_space_left,2,middle_third,False,54.57,58.32,57.21,55.74,40.43,34.03,42.23,36.62
268,2010085,37952,38102,59:10.2,59:25.2,14,10,15.0,2,1,2380,left_to_right,Melbourne City,6,True,False,False,finish,2,low_block,8,11.75,16.61,2,half_space_left,2,middle_third,False,52.23,10.9,2,half_space_left,3,attacking_third,True,58.46,33.44,55.93,74.25,34.12,25.04,36.52,27.74
269,2010085,38102,38220,59:25.2,59:37.0,14,25,11.8,2,2,870,right_to_left,CC Mariners,2,False,False,False,build_up,0,high_block,10,-52.3,-10.54,4,half_space_right,1,defensive_third,False,-21.1,-20.68,5,wide_right,1,defensive_third,False,25.01,50.65,28.08,40.47,32.91,35.68,74.26,59.77
270,2010085,38220,38232,59:37.0,59:38.2,14,37,1.2,2,2,870,right_to_left,CC Mariners,1,False,False,False,create,1,medium_block,9,-19.98,-19.36,4,half_space_right,1,defensive_third,False,-19.93,-15.58,4,half_space_right,1,defensive_third,False,50.7,51.91,40.72,42.53,35.6,33.88,59.82,59.23
271,2010085,38232,38317,59:38.2,59:46.7,14,38,8.5,2,2,870,right_to_left,CC Mariners,4,False,False,False,build_up,0,high_block,10,-20.33,-15.37,4,half_space_right,1,defensive_third,False,-20.4,-31.31,5,wide_right,1,defensive_third,False,52.06,57.68,42.65,48.13,33.65,39.86,59.1,61.81
272,2010085,38317,38346,59:46.7,59:49.6,14,46,2.9,2,2,870,right_to_left,CC Mariners,1,True,False,False,create,1,medium_block,9,-19.83,-31.07,5,wide_right,1,defensive_third,False,-6.16,-23.22,5,wide_right,2,middle_third,False,57.4,43.57,48.16,49.85,40.0,34.06,61.71,59.86
273,2010085,38346,38348,59:49.6,59:49.8,14,49,0.2,2,1,2380,left_to_right,Melbourne City,1,False,False,False,finish,2,low_block,8,5.82,23.12,1,wide_left,2,middle_third,False,5.66,23.15,1,wide_left,2,middle_third,False,33.81,33.57,59.81,59.75,43.36,43.15,49.89,49.94
274,2010085,38348,38378,59:49.8,59:52.8,14,49,3.0,2,1,2380,left_to_right,Melbourne City,1,False,False,False,create,1,medium_block,9,5.68,23.29,1,wide_left,2,middle_third,False,15.08,28.48,1,wide_left,2,middle_third,False,33.47,39.18,59.7,62.71,42.94,39.59,49.98,50.1
275,2010085,38378,38428,59:52.8,59:57.8,14,52,5.0,2,1,2380,left_to_right,Melbourne City,1,False,False,False,finish,2,low_block,8,15.54,28.63,1,wide_left,2,middle_third,False,6.95,29.45,1,wide_left,2,middle_third,False,39.4,43.17,62.97,63.37,39.39,37.36,50.06,44.87
276,2010085,38428,38567,59:57.8,60:11.7,14,57,13.9,2,1,2380,left_to_right,Melbourne City,5,False,False,False,create,1,medium_block,9,5.53,29.22,1,wide_left,2,middle_third,False,22.87,-32.58,5,wide_right,3,attacking_third,False,43.45,56.66,63.3,57.31,37.42,44.95,44.75,42.96
277,2010085,38567,38615,60:11.7,60:16.5,15,11,4.8,2,1,2380,left_to_right,Melbourne City,1,True,False,False,finish,2,low_block,8,23.15,-32.73,5,wide_right,3,attacking_third,False,39.88,-27.86,5,wide_right,3,attacking_third,False,56.56,47.04,57.41,65.49,44.92,39.93,42.92,43.9
278,2010085,38615,38646,60:16.5,60:19.6,15,16,3.1,2,2,870,right_to_left,CC Mariners,1,True,False,False,chaotic,5,chaotic,5,-40.29,27.75,1,wide_left,1,defensive_third,False,-32.94,35.53,1,wide_left,1,defensive_third,False,39.79,39.44,44.05,44.4,46.85,45.12,65.9,73.43
279,2010085,38983,39068,60:53.3,61:01.8,15,53,8.5,2,1,2380,left_to_right,Melbourne City,4,True,False,False,finish,2,low_block,8,20.8,-34.2,5,wide_right,3,attacking_third,False,29.13,-22.98,5,wide_right,3,attacking_third,False,45.92,50.13,63.96,62.05,30.72,38.03,36.39,41.64
280,2010085,39068,39131,61:01.8,61:08.1,16,1,6.3,2,2,870,right_to_left,CC Mariners,2,False,False,False,chaotic,5,chaotic,5,-29.97,22.28,1,wide_left,1,defensive_third,False,-50.6,31.6,1,wide_left,1,defensive_third,False,37.97,38.65,41.64,41.93,49.91,42.5,62.2,70.98
281,2010085,39381,39386,61:33.1,61:33.6,16,33,0.5,2,2,870,right_to_left,CC Mariners,1,False,False,False,build_up,0,high_block,10,-45.97,6.17,3,center,1,defensive_third,False,-46.29,5.52,3,center,1,defensive_third,False,54.67,54.14,59.2,58.61,34.16,34.01,70.4,69.62
282,2010085,39386,39418,61:33.6,61:36.8,16,33,3.2,2,2,870,right_to_left,CC Mariners,1,True,False,False,direct,6,defending_direct,15,-46.03,5.46,3,center,1,defensive_third,False,15.52,25.01,1,wide_left,2,middle_third,False,53.98,44.13,58.44,61.64,33.97,30.26,69.39,62.75
283,2010085,39614,39655,61:56.4,62:00.5,16,56,4.1,2,1,2380,left_to_right,Melbourne City,3,True,False,False,chaotic,5,chaotic,5,-44.7,-34.33,5,wide_right,1,defensive_third,False,-9.12,-18.45,4,half_space_right,2,middle_third,False,30.55,26.42,34.04,35.89,26.29,26.86,73.7,71.05
284,2010085,39655,39702,62:00.5,62:05.2,17,0,4.7,2,2,870,right_to_left,CC Mariners,1,True,False,False,chaotic,5,chaotic,5,8.87,18.14,2,half_space_left,2,middle_third,False,47.69,9.6,2,half_space_left,3,attacking_third,True,27.09,32.36,70.88,67.48,26.29,30.21,36.18,40.57
285,2010085,39702,39841,62:05.2,62:19.1,17,5,13.9,2,1,2380,left_to_right,Melbourne City,2,False,False,False,build_up,0,high_block,10,-47.8,-9.4,4,half_space_right,1,defensive_third,False,-20.03,23.86,1,wide_left,1,defensive_third,False,30.47,57.36,40.65,53.75,32.42,36.53,67.53,57.58
286,2010085,39841,39863,62:19.1,62:21.3,17,19,2.2,2,1,2380,left_to_right,Melbourne City,1,False,False,False,create,1,medium_block,9,-19.5,24.01,1,wide_left,1,defensive_third,False,-12.41,31.09,1,wide_left,2,middle_third,False,57.25,54.1,53.88,55.27,36.54,40.11,57.21,53.47
287,2010085,40028,40193,62:37.8,62:54.3,17,37,16.5,2,1,2380,left_to_right,Melbourne City,5,False,False,False,create,1,medium_block,9,-16.91,16.63,2,half_space_left,2,middle_third,False,13.92,27.95,1,wide_left,2,middle_third,False,54.13,54.84,46.37,56.45,36.51,34.48,46.78,46.4
288,2010085,40193,40234,62:54.3,62:58.4,17,54,4.1,2,1,2380,left_to_right,Melbourne City,2,True,False,False,finish,2,low_block,8,15.22,27.25,1,wide_left,2,middle_third,False,25.71,20.12,2,half_space_left,3,attacking_third,False,54.58,41.92,56.58,61.84,34.49,29.29,46.43,47.63
289,2010085,40234,40259,62:58.4,63:00.9,17,58,2.5,2,2,870,right_to_left,CC Mariners,1,False,False,False,build_up,0,high_block,10,-25.96,-19.94,4,half_space_right,1,defensive_third,False,-20.57,-11.37,4,half_space_right,1,defensive_third,False,29.28,25.49,47.54,46.61,41.69,36.27,61.82,60.66
290,2010085,40259,40419,63:00.9,63:16.9,18,0,16.0,2,2,870,right_to_left,CC Mariners,6,False,False,False,create,1,medium_block,9,-19.13,-10.2,4,half_space_right,1,defensive_third,False,18.39,-26.33,5,wide_right,3,attacking_third,False,25.3,46.11,46.57,58.13,36.11,33.25,60.63,48.85
291,2010085,40419,40553,63:16.9,63:30.3,18,16,13.4,2,2,870,right_to_left,CC Mariners,5,True,False,False,finish,2,low_block,8,18.48,-25.85,5,wide_right,3,attacking_third,False,35.35,24.39,1,wide_left,3,attacking_third,False,45.74,35.76,58.29,63.55,32.96,30.22,48.72,34.88
292,2010085,40553,40622,63:30.3,63:37.2,18,30,6.9,2,1,2380,left_to_right,Melbourne City,2,True,False,False,build_up,0,high_block,10,-35.83,-24.23,5,wide_right,1,defensive_third,False,-26.19,-27.05,5,wide_right,1,defensive_third,False,30.3,38.61,34.85,33.36,35.61,40.73,63.57,67.03
293,2010085,40737,40798,63:48.7,63:54.8,18,48,6.1,2,2,870,right_to_left,CC Mariners,4,True,False,False,finish,2,low_block,8,33.96,34.0,1,wide_left,3,attacking_third,False,28.8,25.29,1,wide_left,3,attacking_third,False,35.34,29.13,64.64,62.64,29.56,26.3,26.83,28.65
294,2010085,40798,40916,63:54.8,64:06.6,18,54,11.8,2,1,2380,left_to_right,Melbourne City,2,True,False,False,transition,4,defending_transition,11,-28.6,-25.7,5,wide_right,1,defensive_third,False,31.78,27.17,1,wide_left,3,attacking_third,False,26.13,37.33,28.66,60.04,29.07,39.12,62.56,54.06
295,2010085,40916,41047,64:06.6,64:19.7,19,6,13.1,2,2,870,right_to_left,CC Mariners,4,False,False,False,build_up,0,high_block,10,-32.27,-27.29,5,wide_right,1,defensive_third,False,-21.81,5.51,3,center,1,defensive_third,False,39.69,58.65,54.12,47.69,37.65,32.32,60.58,61.43
296,2010085,41047,41077,64:19.7,64:22.7,19,19,3.0,2,2,870,right_to_left,CC Mariners,1,True,False,False,create,1,medium_block,9,-19.56,5.61,3,center,1,defensive_third,False,-8.67,16.64,2,half_space_left,2,middle_third,False,58.58,57.72,47.72,50.22,32.25,31.09,61.34,55.52
297,2010085,41077,41172,64:22.7,64:32.2,19,22,9.5,2,1,2380,left_to_right,Melbourne City,1,False,False,False,quick_break,3,defending_quick_break,12,8.69,-17.48,4,half_space_right,2,middle_third,False,34.31,-20.38,5,wide_right,3,attacking_third,False,31.25,38.36,55.51,71.82,57.66,24.46,50.31,44.33
298,2010085,41172,41350,64:32.2,64:50.0,19,32,17.8,2,1,2380,left_to_right,Melbourne City,7,False,False,False,finish,2,low_block,8,33.52,-20.53,5,wide_right,3,attacking_third,False,6.06,24.06,1,wide_left,2,middle_third,False,38.39,48.7,71.74,62.25,24.62,37.11,44.11,35.27
299,2010085,41350,41417,64:50.0,64:56.7,19,50,6.7,2,1,2380,left_to_right,Melbourne City,3,False,False,False,create,1,medium_block,9,5.02,23.89,1,wide_left,2,middle_third,False,17.97,31.66,1,wide_left,3,attacking_third,False,48.93,54.08,62.15,62.92,36.95,41.58,35.63,45.19
300,2010085,41417,41471,64:56.7,65:02.1,19,56,5.4,2,1,2380,left_to_right,Melbourne City,3,True,False,False,finish,2,low_block,8,17.69,31.57,1,wide_left,3,attacking_third,False,32.99,17.92,2,half_space_left,3,attacking_third,False,53.91,42.44,62.91,67.43,41.75,37.31,45.26,48.15
301,2010085,41471,41554,65:02.1,65:10.4,20,2,8.3,2,2,870,right_to_left,CC Mariners,2,True,False,False,transition,4,defending_transition,11,-32.46,-17.63,4,half_space_right,1,defensive_third,False,22.48,4.46,3,center,3,attacking_third,False,37.25,33.8,48.21,62.74,42.3,44.15,67.48,60.74
302,2010085,41554,41886,65:10.4,65:43.6,20,10,33.2,2,1,2380,left_to_right,Melbourne City,10,False,False,False,create,1,medium_block,9,-22.7,-4.52,3,center,1,defensive_third,False,18.03,-26.96,5,wide_right,3,attacking_third,False,44.24,58.81,60.65,52.62,33.7,40.27,62.98,52.16
303,2010085,41886,41925,65:43.6,65:47.5,20,43,3.9,2,1,2380,left_to_right,Melbourne City,2,True,False,False,finish,2,low_block,8,18.75,-26.51,5,wide_right,3,attacking_third,False,45.68,-6.08,3,center,3,attacking_third,True,58.4,42.88,52.98,68.37,39.99,31.69,52.27,49.49
304,2010085,42609,42654,66:55.9,67:00.4,21,55,4.5,2,2,870,right_to_left,CC Mariners,2,True,False,False,direct,6,defending_direct,15,-46.47,4.2,3,center,1,defensive_third,False,15.66,29.69,1,wide_left,2,middle_third,False,50.81,38.53,59.75,62.48,35.73,38.16,64.23,60.12
305,2010085,42814,42849,67:16.4,67:19.9,22,16,3.5,2,1,2380,left_to_right,Melbourne City,1,True,False,False,chaotic,5,chaotic,5,-20.62,-34.73,5,wide_right,1,defensive_third,False,-1.98,-22.42,5,wide_right,2,middle_third,False,39.83,33.34,45.96,45.27,30.9,25.85,57.9,56.03
306,2010085,42849,42904,67:19.9,67:25.4,22,19,5.5,2,2,870,right_to_left,CC Mariners,2,True,False,False,chaotic,5,chaotic,5,2.33,22.07,1,wide_left,2,middle_third,False,22.71,13.53,2,half_space_left,3,attacking_third,False,25.75,27.32,55.91,58.28,33.11,24.49,45.3,44.05
307,2010085,42904,42923,67:25.4,67:27.3,22,25,1.9,2,1,2380,left_to_right,Melbourne City,1,False,False,False,chaotic,5,chaotic,5,-22.9,-13.8,4,half_space_right,1,defensive_third,False,-5.02,-20.32,5,wide_right,2,middle_third,False,24.35,23.25,43.96,43.51,27.35,27.99,58.57,62.05
308,2010085,43071,43081,67:42.1,67:43.1,22,42,1.0,2,1,2380,left_to_right,Melbourne City,1,False,False,False,chaotic,5,chaotic,5,-9.17,-33.92,5,wide_right,2,middle_third,False,2.39,-30.21,5,wide_right,2,middle_third,False,40.47,39.13,51.14,50.1,29.96,28.52,53.9,53.59
309,2010085,43224,43289,67:57.4,68:03.9,22,57,6.5,2,1,2380,left_to_right,Melbourne City,1,True,False,False,chaotic,5,chaotic,5,-10.73,-35.03,5,wide_right,2,middle_third,False,15.86,-19.15,4,half_space_right,2,middle_third,False,34.42,22.55,51.11,58.32,25.14,22.77,51.99,43.96
310,2010085,43289,43347,68:03.9,68:09.7,23,3,5.8,2,2,870,right_to_left,CC Mariners,1,True,False,False,direct,6,defending_direct,15,-16.11,19.0,2,half_space_left,2,middle_third,False,33.69,9.57,2,half_space_left,3,attacking_third,False,22.7,31.35,44.04,68.53,22.46,26.57,58.32,43.36
311,2010085,43347,43384,68:09.7,68:13.4,23,9,3.7,2,1,2380,left_to_right,Melbourne City,2,True,False,False,chaotic,5,chaotic,5,-33.74,-9.78,4,half_space_right,1,defensive_third,False,-6.26,-24.98,5,wide_right,2,middle_third,False,26.79,37.92,42.99,45.48,31.5,34.04,68.6,68.99
312,2010085,43384,43395,68:13.4,68:14.5,23,13,1.1,2,2,870,right_to_left,CC Mariners,1,True,False,False,chaotic,5,chaotic,5,4.97,24.68,1,wide_left,2,middle_third,False,4.98,20.56,1,wide_left,2,middle_third,False,34.08,33.4,68.89,66.41,38.07,38.4,45.5,44.56
313,2010085,43395,43681,68:14.5,68:43.1,23,14,28.6,2,1,2380,left_to_right,Melbourne City,7,False,False,False,create,1,medium_block,9,-5.17,-20.17,5,wide_right,2,middle_third,False,19.36,-20.0,4,half_space_right,3,attacking_third,False,38.35,46.05,44.36,57.2,33.26,22.24,66.07,59.62
314,2010085,43681,43751,68:43.1,68:50.1,23,43,7.0,2,1,2380,left_to_right,Melbourne City,2,True,False,False,finish,2,low_block,8,19.2,-20.38,5,wide_right,3,attacking_third,False,35.94,-12.87,4,half_space_right,3,attacking_third,False,45.7,33.12,57.29,70.15,22.19,26.94,59.47,48.74
315,2010085,43751,43861,68:50.1,69:01.1,23,50,11.0,2,2,870,right_to_left,CC Mariners,4,True,False,False,build_up,0,high_block,10,-35.57,12.46,2,half_space_left,1,defensive_third,False,-20.18,19.42,2,half_space_left,1,defensive_third,False,26.77,49.11,48.6,47.29,32.93,33.64,70.25,60.45
316,2010085,43861,43990,69:01.1,69:14.0,24,1,12.9,2,1,2380,left_to_right,Melbourne City,6,False,False,False,finish,2,low_block,8,19.49,-20.0,4,half_space_right,3,attacking_third,False,5.95,11.0,2,half_space_left,2,middle_third,False,33.86,58.3,60.18,62.37,49.2,43.27,47.34,37.57
317,2010085,43990,44035,69:14.0,69:18.5,24,14,4.5,2,1,2380,left_to_right,Melbourne City,2,False,False,False,create,1,medium_block,9,5.13,9.01,3,center,2,middle_third,False,12.38,-28.63,5,wide_right,2,middle_third,False,58.35,58.4,62.3,59.04,43.17,43.59,37.77,43.14
318,2010085,44035,44071,69:18.5,69:22.1,24,18,3.6,2,1,2380,left_to_right,Melbourne City,2,False,False,False,finish,2,low_block,8,12.46,-28.61,5,wide_right,2,middle_third,False,5.83,-5.89,3,center,2,middle_third,False,58.18,54.75,59.04,57.94,43.77,37.77,43.33,40.86
319,2010085,44071,44094,69:22.1,69:24.4,24,22,2.3,2,1,2380,left_to_right,Melbourne City,1,False,False,False,create,1,medium_block,9,5.19,-5.04,3,center,2,middle_third,False,4.87,4.11,3,center,2,middle_third,False,54.83,56.69,57.89,57.54,37.72,40.61,40.74,37.88
320,2010085,44094,44151,69:24.4,69:30.1,24,24,5.7,2,1,2380,left_to_right,Melbourne City,3,False,False,False,finish,2,low_block,8,5.46,5.24,3,center,2,middle_third,False,6.89,20.11,2,half_space_left,2,middle_third,False,56.75,53.22,57.49,57.92,40.84,41.0,37.75,39.73
321,2010085,44151,44252,69:30.1,69:40.2,24,30,10.1,2,1,2380,left_to_right,Melbourne City,4,False,False,False,create,1,medium_block,9,5.86,19.68,2,half_space_left,2,middle_third,False,18.4,7.54,3,center,3,attacking_third,False,53.32,56.34,57.85,56.07,40.87,34.73,39.85,44.9
322,2010085,44252,44484,69:40.2,70:03.4,24,40,23.2,2,1,2380,left_to_right,Melbourne City,5,True,False,False,finish,2,low_block,8,18.6,7.55,3,center,3,attacking_third,False,47.41,-10.26,4,half_space_right,3,attacking_third,True,56.19,40.58,56.37,68.27,34.63,33.21,44.93,29.15
323,2010085,44728,44767,70:27.8,70:31.7,25,27,3.9,2,2,870,right_to_left,CC Mariners,1,True,False,False,direct,6,defending_direct,15,,,2,half_space_left,2,middle_third,False,21.6,19.61,2,half_space_left,3,attacking_third,False,,32.45,,55.01,,25.14,,53.28
324,2010085,44767,45108,70:31.7,71:05.8,25,31,34.1,2,1,2380,left_to_right,Melbourne City,10,False,False,False,create,1,medium_block,9,-22.01,-19.89,4,half_space_right,1,defensive_third,False,15.04,-32.52,5,wide_right,2,middle_third,False,25.23,55.31,53.13,55.64,32.38,43.75,55.19,44.94
325,2010085,45108,45112,71:05.8,71:06.2,26,5,0.4,2,1,2380,left_to_right,Melbourne City,1,False,False,False,finish,2,low_block,8,14.97,-32.59,5,wide_right,2,middle_third,False,14.47,-32.63,5,wide_right,2,middle_third,False,55.17,54.82,55.75,56.24,43.67,43.47,44.92,44.99
326,2010085,45112,45159,71:06.2,71:10.9,26,6,4.7,2,1,2380,left_to_right,Melbourne City,2,False,False,False,create,1,medium_block,9,13.84,-32.48,5,wide_right,2,middle_third,False,-19.6,-13.47,4,half_space_right,1,defensive_third,False,54.72,57.13,56.4,48.59,43.42,41.95,45.02,54.41
327,2010085,45159,45214,71:10.9,71:16.4,26,10,5.5,2,1,2380,left_to_right,Melbourne City,2,False,False,False,build_up,0,high_block,10,-20.58,-12.02,4,half_space_right,1,defensive_third,False,-20.06,28.2,1,wide_left,1,defensive_third,False,57.21,61.24,48.39,48.49,42.01,46.59,54.8,66.12
328,2010085,45214,45234,71:16.4,71:18.4,26,16,2.0,2,1,2380,left_to_right,Melbourne City,1,False,False,False,create,1,medium_block,9,-19.16,28.67,1,wide_left,1,defensive_third,False,-11.17,32.87,1,wide_left,2,middle_third,False,61.11,57.62,48.73,52.62,46.6,45.14,66.12,64.58
329,2010085,45234,45260,71:18.4,71:21.0,26,18,2.6,2,1,2380,left_to_right,Melbourne City,1,True,False,False,direct,6,defending_direct,15,-10.49,32.87,1,wide_left,2,middle_third,False,26.78,16.5,2,half_space_left,3,attacking_third,False,57.46,51.47,52.82,64.08,44.98,42.01,64.49,63.24
330,2010085,45260,45329,71:21.0,71:27.9,26,21,6.9,2,2,870,right_to_left,CC Mariners,2,False,False,False,build_up,0,high_block,10,-27.91,-15.83,4,half_space_right,1,defensive_third,False,-20.23,15.21,2,half_space_left,1,defensive_third,False,41.91,54.91,63.14,52.26,51.26,38.0,64.57,56.51
331,2010085,45329,45471,71:27.9,71:42.1,26,27,14.2,2,2,870,right_to_left,CC Mariners,4,False,False,False,create,1,medium_block,9,-19.67,15.14,2,half_space_left,1,defensive_third,False,-19.49,-28.26,5,wide_right,1,defensive_third,False,55.06,57.27,52.17,49.73,37.8,46.36,56.06,53.91
332,2010085,45471,45540,71:42.1,71:49.0,26,42,6.9,2,2,870,right_to_left,CC Mariners,3,False,False,False,build_up,0,high_block,10,-20.35,-27.74,5,wide_right,1,defensive_third,False,-27.48,19.39,2,half_space_left,1,defensive_third,False,57.27,62.08,49.74,53.11,46.18,40.51,53.98,60.77
333,2010085,45540,45570,71:49.0,71:52.0,26,49,3.0,2,2,870,right_to_left,CC Mariners,1,True,False,False,direct,6,defending_direct,15,-26.89,19.7,2,half_space_left,1,defensive_third,False,17.66,8.03,3,center,3,attacking_third,False,62.02,54.32,53.38,63.7,40.59,40.63,60.63,57.22
334,2010085,45652,45662,72:00.2,72:01.2,27,0,1.0,2,1,2380,left_to_right,Melbourne City,1,False,False,False,create,1,medium_block,9,-40.41,-0.24,3,center,1,defensive_third,False,,,2,half_space_left,2,middle_third,False,45.3,,46.55,,42.49,,63.79,
335,2010085,47361,47398,74:51.1,74:54.8,29,51,3.7,2,1,2380,left_to_right,Melbourne City,2,False,False,False,build_up,0,high_block,10,-41.69,-2.54,3,center,1,defensive_third,False,-20.68,-26.45,5,wide_right,1,defensive_third,False,57.84,57.16,47.25,49.65,42.79,44.02,75.78,63.07
336,2010085,47398,47419,74:54.8,74:56.9,29,54,2.1,2,1,2380,left_to_right,Melbourne City,1,False,False,False,create,1,medium_block,9,-18.77,-27.2,5,wide_right,1,defensive_third,False,-4.82,-33.44,5,wide_right,2,middle_third,False,56.91,53.29,49.62,52.5,43.92,43.72,62.57,54.66
337,2010085,47419,47458,74:56.9,75:00.8,29,56,3.9,2,1,2380,left_to_right,Melbourne City,1,False,False,False,direct,6,defending_direct,15,-4.19,-33.46,5,wide_right,2,middle_third,False,35.9,-19.7,4,half_space_right,3,attacking_third,False,53.14,45.9,52.61,69.0,43.77,40.92,54.44,54.97
338,2010085,47604,47655,75:15.4,75:20.5,30,15,5.1,2,1,2380,left_to_right,Melbourne City,2,True,False,False,chaotic,5,chaotic,5,35.26,-34.82,5,wide_right,3,attacking_third,False,52.58,-21.83,5,wide_right,3,attacking_third,False,39.93,33.99,66.85,73.24,31.07,28.41,26.77,26.19
339,2010085,47825,47880,75:37.5,75:43.0,30,37,5.5,2,2,870,right_to_left,CC Mariners,1,False,False,False,direct,6,defending_direct,15,-46.76,2.64,3,center,1,defensive_third,False,5.99,-6.63,3,center,2,middle_third,False,46.85,32.7,56.53,60.36,33.22,26.91,61.64,54.78
340,2010085,47880,47913,75:43.0,75:46.3,30,43,3.3,2,2,870,right_to_left,CC Mariners,3,False,False,False,create,1,medium_block,9,6.44,-6.72,3,center,2,middle_third,False,22.19,-9.26,4,half_space_right,3,attacking_third,False,32.57,29.01,60.37,59.87,27.08,25.41,54.71,53.59
341,2010085,47913,48052,75:46.3,76:00.2,30,46,13.9,2,2,870,right_to_left,CC Mariners,3,False,False,False,finish,2,low_block,8,22.56,-9.8,4,half_space_right,3,attacking_third,False,-18.6,15.45,2,half_space_left,1,defensive_third,False,28.94,30.94,60.02,35.16,25.06,41.75,53.54,57.46
342,2010085,48052,48083,76:00.2,76:03.3,31,0,3.1,2,2,870,right_to_left,CC Mariners,2,False,False,False,chaotic,5,chaotic,5,18.48,-15.53,4,half_space_right,3,attacking_third,False,19.1,-12.27,4,half_space_right,3,attacking_third,False,41.62,42.02,57.4,55.37,30.82,30.23,35.02,34.73
343,2010085,48406,48548,76:35.6,76:49.8,31,35,14.2,2,2,870,right_to_left,CC Mariners,6,False,False,False,set_play,7,defending_set_play,13,18.18,-11.65,4,half_space_right,3,attacking_third,False,5.43,-2.39,3,center,2,middle_third,False,24.72,30.92,53.75,57.64,19.1,20.44,25.64,35.62
344,2010085,48548,48726,76:49.8,77:07.6,31,49,17.8,2,2,870,right_to_left,CC Mariners,4,False,False,False,create,1,medium_block,9,4.38,-2.25,3,center,2,middle_third,False,-18.69,16.44,2,half_space_left,1,defensive_third,False,31.37,61.16,57.59,48.05,20.7,39.19,36.14,54.64
345,2010085,48726,48786,77:07.6,77:13.6,32,7,6.0,2,2,870,right_to_left,CC Mariners,2,False,False,False,build_up,0,high_block,10,-20.06,16.29,2,half_space_left,1,defensive_third,False,-21.16,-18.02,4,half_space_right,1,defensive_third,False,61.07,62.25,48.0,46.63,39.26,43.54,54.59,63.95
346,2010085,48786,48912,77:13.6,77:26.2,32,13,12.6,2,2,870,right_to_left,CC Mariners,5,False,False,False,create,1,medium_block,9,-19.39,-19.04,4,half_space_right,1,defensive_third,False,13.93,34.47,1,wide_left,2,middle_third,False,62.16,52.7,46.7,57.81,43.74,41.56,63.8,46.22
347,2010085,48912,48930,77:26.2,77:28.0,32,26,1.8,2,2,870,right_to_left,CC Mariners,1,False,False,False,finish,2,low_block,8,14.13,34.59,1,wide_left,2,middle_third,False,15.43,34.04,1,wide_left,2,middle_third,False,52.8,53.97,57.99,59.09,41.49,40.03,46.06,44.83
348,2010085,48946,48992,77:29.6,77:34.2,32,29,4.6,2,2,870,right_to_left,CC Mariners,2,True,False,False,chaotic,5,chaotic,5,16.21,33.36,1,wide_left,2,middle_third,False,32.04,25.57,1,wide_left,3,attacking_third,False,54.22,45.04,58.39,56.26,37.76,33.17,42.47,37.23
349,2010085,48992,49027,77:34.2,77:37.7,32,34,3.5,2,1,2380,left_to_right,Melbourne City,1,True,False,False,chaotic,5,chaotic,5,-31.68,-25.51,5,wide_right,1,defensive_third,False,12.07,-21.17,5,wide_right,2,middle_third,False,33.38,37.02,37.21,49.08,44.88,46.09,56.26,59.93
350,2010085,49027,49047,77:37.7,77:39.7,32,37,2.0,2,2,870,right_to_left,CC Mariners,1,False,False,False,create,1,medium_block,9,-12.82,21.2,1,wide_left,2,middle_third,False,-19.67,23.68,1,wide_left,1,defensive_third,False,46.25,50.95,60.08,60.2,37.03,38.19,49.59,58.6
351,2010085,49047,49115,77:39.7,77:46.5,32,39,6.8,2,2,870,right_to_left,CC Mariners,2,False,False,False,build_up,0,high_block,10,-20.15,23.72,1,wide_left,1,defensive_third,False,-21.76,-10.44,4,half_space_right,1,defensive_third,False,51.18,62.0,60.15,40.01,38.33,43.81,59.02,66.49
352,2010085,49115,49206,77:46.5,77:55.6,32,46,9.1,2,2,870,right_to_left,CC Mariners,3,False,False,False,create,1,medium_block,9,-19.98,-11.29,4,half_space_right,1,defensive_third,False,17.93,31.04,1,wide_left,3,attacking_third,False,61.98,50.85,39.73,56.9,43.83,31.83,66.33,53.98
353,2010085,49206,49258,77:55.6,78:00.8,32,55,5.2,2,2,870,right_to_left,CC Mariners,2,True,False,False,finish,2,low_block,8,18.52,31.02,1,wide_left,3,attacking_third,False,44.9,9.67,2,half_space_left,3,attacking_third,True,50.56,32.77,57.22,70.51,31.84,30.31,53.85,47.06
354,2010085,49258,49373,78:00.8,78:12.3,33,0,11.5,2,1,2380,left_to_right,Melbourne City,5,False,False,False,build_up,0,high_block,10,-44.89,-9.84,4,half_space_right,1,defensive_third,False,-20.47,-22.66,5,wide_right,1,defensive_third,False,30.27,44.55,46.96,45.05,32.58,34.73,70.44,61.79
355,2010085,49373,49383,78:12.3,78:13.3,33,12,1.0,2,1,2380,left_to_right,Melbourne City,0,True,False,False,create,1,medium_block,9,-19.22,-22.71,5,wide_right,1,defensive_third,False,-8.0,-21.96,5,wide_right,2,middle_third,False,44.46,43.26,44.83,42.45,34.7,34.16,61.67,60.6
356,2010085,49383,49524,78:13.3,78:27.4,33,13,14.1,2,2,870,right_to_left,CC Mariners,5,False,False,False,create,1,medium_block,9,6.79,21.84,1,wide_left,2,middle_third,False,6.14,28.95,1,wide_left,2,middle_third,False,34.13,56.7,60.49,50.39,43.08,33.71,42.19,44.57
357,2010085,49580,49683,78:33.0,78:43.3,33,33,10.3,2,2,870,right_to_left,CC Mariners,4,True,False,False,create,1,medium_block,9,-0.29,32.07,1,wide_left,2,middle_third,False,-8.08,-23.23,5,wide_right,2,middle_third,False,57.48,52.04,55.88,53.52,34.36,44.26,41.16,58.21
358,2010085,50018,50064,79:16.8,79:21.4,34,16,4.6,2,1,2380,left_to_right,Melbourne City,1,False,False,False,direct,6,defending_direct,15,-13.14,19.62,2,half_space_left,2,middle_third,False,20.99,18.05,2,half_space_left,3,attacking_third,False,40.36,29.06,44.59,57.6,39.24,29.81,36.15,38.94
359,2010085,50064,50138,79:21.4,79:28.8,34,21,7.4,2,1,2380,left_to_right,Melbourne City,2,False,False,False,finish,2,low_block,8,20.58,17.74,2,half_space_left,3,attacking_third,False,5.87,6.16,3,center,2,middle_third,False,29.04,41.12,57.64,59.12,29.8,31.18,38.68,30.28
360,2010085,50138,50211,79:28.8,79:36.1,34,28,7.3,2,1,2380,left_to_right,Melbourne City,0,False,False,False,create,1,medium_block,9,5.34,5.24,3,center,2,middle_third,False,4.98,-18.96,4,half_space_right,2,middle_third,False,41.47,52.71,58.89,57.93,31.23,35.81,30.42,39.48
361,2010085,50211,50469,79:36.1,80:01.9,34,36,25.8,2,1,2380,left_to_right,Melbourne City,7,False,False,False,finish,2,low_block,8,5.36,-19.0,4,half_space_right,2,middle_third,False,6.61,-25.54,5,wide_right,2,middle_third,False,53.07,54.56,57.67,53.37,36.03,39.24,39.68,38.66
362,2010085,50469,50518,80:01.9,80:06.8,35,1,4.9,2,1,2380,left_to_right,Melbourne City,2,False,False,False,create,1,medium_block,9,5.06,-25.0,5,wide_right,2,middle_third,False,-24.95,0.49,3,center,1,defensive_third,False,54.76,59.09,53.27,40.9,39.21,44.62,39.01,60.16
363,2010085,50518,50569,80:06.8,80:11.9,35,6,5.1,2,1,2380,left_to_right,Melbourne City,1,False,False,False,direct,6,defending_direct,15,-24.72,0.79,3,center,1,defensive_third,False,32.6,22.77,1,wide_left,3,attacking_third,False,59.16,47.44,40.86,59.99,44.74,42.87,60.43,63.55
364,2010085,50569,50730,80:11.9,80:28.0,35,11,16.1,2,1,2380,left_to_right,Melbourne City,6,False,False,False,finish,2,low_block,8,33.13,22.89,1,wide_left,3,attacking_third,False,5.32,7.27,3,center,2,middle_third,False,47.12,53.32,60.55,58.85,42.69,33.34,63.52,33.66
365,2010085,50730,50800,80:28.0,80:35.0,35,28,7.0,2,1,2380,left_to_right,Melbourne City,3,False,False,False,create,1,medium_block,9,5.06,6.45,3,center,2,middle_third,False,4.2,-6.96,3,center,2,middle_third,False,53.53,58.86,58.73,57.48,33.35,37.3,33.78,39.75
366,2010085,50800,50837,80:35.0,80:38.7,35,35,3.7,2,1,2380,left_to_right,Melbourne City,1,False,False,False,finish,2,low_block,8,5.64,-6.71,3,center,2,middle_third,False,7.22,-4.64,3,center,2,middle_third,False,58.74,54.17,57.51,57.64,37.35,35.55,39.77,39.92
367,2010085,50837,50937,80:38.7,80:48.7,35,38,10.0,2,1,2380,left_to_right,Melbourne City,3,False,False,False,create,1,medium_block,9,6.59,-4.15,3,center,2,middle_third,False,10.84,18.27,2,half_space_left,2,middle_third,False,54.16,51.69,57.53,56.1,35.52,35.09,39.97,45.74
368,2010085,50937,50992,80:48.7,80:54.2,35,48,5.5,2,1,2380,left_to_right,Melbourne City,2,False,False,False,finish,2,low_block,8,11.25,19.25,2,half_space_left,2,middle_third,False,5.49,16.64,2,half_space_left,2,middle_third,False,51.65,51.54,56.27,59.4,35.1,34.88,45.64,37.81
369,2010085,50992,51078,80:54.2,81:02.8,35,54,8.6,2,1,2380,left_to_right,Melbourne City,4,False,False,False,create,1,medium_block,9,5.11,16.41,2,half_space_left,2,middle_third,False,4.41,-19.43,4,half_space_right,2,middle_third,False,51.76,61.3,59.31,54.15,34.81,38.29,37.89,38.34
370,2010085,51078,51148,81:02.8,81:09.8,36,2,7.0,2,1,2380,left_to_right,Melbourne City,1,False,False,False,finish,2,low_block,8,5.97,-20.7,5,wide_right,2,middle_third,False,6.79,-26.87,5,wide_right,2,middle_third,False,61.28,52.76,54.26,56.37,38.34,38.79,38.33,38.51
371,2010085,51148,51356,81:09.8,81:30.6,36,9,20.8,2,1,2380,left_to_right,Melbourne City,6,False,False,False,create,1,medium_block,9,5.61,-26.61,5,wide_right,2,middle_third,False,16.3,-32.72,5,wide_right,2,middle_third,False,52.88,54.86,56.18,58.3,38.76,40.74,38.64,46.34
372,2010085,51356,51401,81:30.6,81:35.1,36,30,4.5,2,1,2380,left_to_right,Melbourne City,1,False,False,False,finish,2,low_block,8,16.53,-32.73,5,wide_right,2,middle_third,False,9.5,-21.98,5,wide_right,2,middle_third,False,54.68,51.66,58.54,57.17,40.62,33.51,46.3,41.84
373,2010085,51401,51559,81:35.1,81:50.9,36,35,15.8,2,1,2380,left_to_right,Melbourne City,4,False,False,False,create,1,medium_block,9,8.05,-20.4,5,wide_right,2,middle_third,False,9.58,-16.28,4,half_space_right,2,middle_third,False,51.66,55.91,57.05,55.9,33.41,34.0,41.8,44.85
374,2010085,51559,51785,81:50.9,82:13.5,36,50,22.6,2,1,2380,left_to_right,Melbourne City,7,True,False,False,finish,2,low_block,8,10.64,-17.77,4,half_space_right,2,middle_third,False,43.54,-8.94,3,center,3,attacking_third,True,55.8,35.25,56.09,69.32,34.07,29.69,44.89,27.57
375,2010085,51785,51818,82:13.5,82:16.8,37,13,3.3,2,2,870,right_to_left,CC Mariners,1,False,False,False,chaotic,5,chaotic,5,-43.76,9.88,2,half_space_left,1,defensive_third,False,-43.25,29.18,1,wide_left,1,defensive_third,False,29.96,45.81,27.56,30.5,35.23,46.24,69.48,68.61
376,2010085,52267,52284,83:01.7,83:03.4,38,1,1.7,2,2,870,right_to_left,CC Mariners,2,True,False,False,chaotic,5,chaotic,5,-34.27,34.38,1,wide_left,1,defensive_third,False,-17.77,30.94,1,wide_left,1,defensive_third,False,31.3,30.23,43.53,43.13,26.32,25.39,68.7,64.36
377,2010085,52435,52618,83:18.5,83:36.8,38,18,18.3,2,1,2380,left_to_right,Melbourne City,1,True,False,False,chaotic,5,chaotic,5,10.06,-33.88,5,wide_right,2,middle_third,False,0.65,22.82,1,wide_left,2,middle_third,False,44.51,55.2,60.81,56.8,33.21,40.88,40.18,64.14
378,2010085,52618,52668,83:36.8,83:41.8,38,36,5.0,2,2,870,right_to_left,CC Mariners,3,True,False,False,chaotic,5,chaotic,5,-0.51,-23.24,5,wide_right,2,middle_third,False,-8.24,-30.88,5,wide_right,2,middle_third,False,40.88,43.37,63.97,56.56,55.03,50.97,56.71,51.0
379,2010085,52819,52844,83:56.9,83:59.4,38,56,2.5,2,1,2380,left_to_right,Melbourne City,1,False,False,False,chaotic,5,chaotic,5,10.9,33.08,1,wide_left,2,middle_third,False,-8.28,28.86,1,wide_left,2,middle_third,False,54.3,58.02,65.61,62.88,37.48,40.39,40.71,50.31
380,2010085,52844,52878,83:59.4,84:02.8,38,59,3.4,2,1,2380,left_to_right,Melbourne City,1,True,False,False,direct,6,defending_direct,15,-8.45,28.73,1,wide_left,2,middle_third,False,25.15,16.63,2,half_space_left,3,attacking_third,False,58.17,52.03,62.7,63.68,40.51,38.07,50.84,55.26
381,2010085,52950,52994,84:10.0,84:14.4,39,10,4.4,2,2,870,right_to_left,CC Mariners,2,False,False,False,build_up,0,high_block,10,-24.62,-15.06,4,half_space_right,1,defensive_third,False,-20.7,13.32,2,half_space_left,1,defensive_third,False,47.61,59.26,50.69,52.95,36.73,38.51,54.28,59.7
382,2010085,52994,53072,84:14.4,84:22.2,39,14,7.8,2,2,870,right_to_left,CC Mariners,2,False,False,False,create,1,medium_block,9,-19.81,13.5,2,half_space_left,1,defensive_third,False,24.02,28.37,1,wide_left,3,attacking_third,False,59.33,53.21,53.0,63.24,38.49,44.59,59.7,48.68
383,2010085,53072,53103,84:22.2,84:25.3,39,22,3.1,2,2,870,right_to_left,CC Mariners,1,False,False,False,finish,2,low_block,8,25.37,28.02,1,wide_left,3,attacking_third,False,49.76,13.68,2,half_space_left,3,attacking_third,True,53.02,45.13,63.9,80.92,44.8,42.23,48.58,48.64
384,2010085,53851,53910,85:40.1,85:46.0,40,40,5.9,2,2,870,right_to_left,CC Mariners,2,True,False,False,set_play,7,defending_set_play,13,41.76,21.48,1,wide_left,3,attacking_third,False,42.13,1.01,3,center,3,attacking_third,True,29.17,35.73,64.56,67.9,17.15,22.28,11.87,16.35
385,2010085,54288,54317,86:23.8,86:26.7,41,23,2.9,2,1,2380,left_to_right,Melbourne City,1,True,False,False,create,1,medium_block,9,-12.22,13.45,2,half_space_left,2,middle_third,False,11.03,20.4,1,wide_left,2,middle_third,False,29.99,21.47,51.67,52.19,34.0,33.09,44.25,44.85
386,2010085,54317,54344,86:26.7,86:29.4,41,26,2.7,2,2,870,right_to_left,CC Mariners,1,True,False,False,chaotic,5,chaotic,5,-11.25,-20.21,5,wide_right,2,middle_third,False,6.56,-13.56,4,half_space_right,2,middle_third,False,33.24,33.63,44.84,50.98,21.47,25.18,52.34,54.26
387,2010085,54344,54440,86:29.4,86:39.0,41,29,9.6,2,1,2380,left_to_right,Melbourne City,2,False,False,False,chaotic,5,chaotic,5,-7.62,13.01,2,half_space_left,2,middle_third,False,-13.34,-31.3,5,wide_right,2,middle_third,False,25.11,42.48,54.3,54.32,33.23,43.87,51.47,54.47
388,2010085,54743,54785,87:09.3,87:13.5,42,9,4.2,2,1,2380,left_to_right,Melbourne City,1,True,False,False,create,1,medium_block,9,-10.16,-26.63,5,wide_right,2,middle_third,False,18.74,-30.5,5,wide_right,3,attacking_third,False,29.22,25.16,40.79,57.11,25.99,28.49,43.22,39.76
389,2010085,54785,54817,87:13.5,87:16.7,42,13,3.2,2,2,870,right_to_left,CC Mariners,1,True,False,False,chaotic,5,chaotic,5,-18.19,30.55,1,wide_left,1,defensive_third,False,-17.72,27.13,1,wide_left,1,defensive_third,False,28.62,31.59,39.5,34.02,25.29,26.72,57.08,55.25
390,2010085,54817,54827,87:16.7,87:17.7,42,16,1.0,2,1,2380,left_to_right,Melbourne City,1,True,False,False,chaotic,5,chaotic,5,18.32,-26.85,5,wide_right,3,attacking_third,False,31.23,-27.64,5,wide_right,3,attacking_third,False,26.68,26.64,55.09,54.46,31.59,31.32,34.04,34.76
391,2010085,55031,55079,87:38.1,87:42.9,42,38,4.8,2,2,870,right_to_left,CC Mariners,1,True,False,False,create,1,medium_block,9,-13.72,14.99,2,half_space_left,2,middle_third,False,2.69,18.37,2,half_space_left,2,middle_third,False,33.54,25.23,55.32,56.67,26.13,21.3,46.46,48.38
392,2010085,55079,55096,87:42.9,87:44.6,42,42,1.7,2,1,2380,left_to_right,Melbourne City,1,True,False,False,chaotic,5,chaotic,5,-2.54,-18.48,4,half_space_right,2,middle_third,False,5.36,-15.5,4,half_space_right,2,middle_third,False,21.56,25.97,48.66,52.59,25.04,22.06,56.63,55.5
393,2010085,55096,55211,87:44.6,87:56.1,42,44,11.5,2,2,870,right_to_left,CC Mariners,6,True,False,False,create,1,medium_block,9,-6.56,15.11,2,half_space_left,2,middle_third,False,0.1,-31.53,5,wide_right,2,middle_third,False,21.92,54.05,55.49,59.38,26.14,42.26,52.72,46.34
394,2010085,55211,55286,87:56.1,88:03.6,42,56,7.5,2,1,2380,left_to_right,Melbourne City,2,False,False,False,create,1,medium_block,9,-0.37,31.88,1,wide_left,2,middle_third,False,-19.72,7.22,3,center,1,defensive_third,False,42.43,43.48,46.27,52.88,54.18,28.95,59.93,55.09
395,2010085,55286,55336,88:03.6,88:08.6,43,3,5.0,2,1,2380,left_to_right,Melbourne City,2,False,False,False,build_up,0,high_block,10,-20.01,7.06,3,center,1,defensive_third,False,-26.27,-17.63,4,half_space_right,1,defensive_third,False,43.77,55.73,52.79,54.42,28.91,35.38,55.04,60.78
396,2010085,55336,55356,88:08.6,88:10.6,43,8,2.0,2,1,2380,left_to_right,Melbourne City,1,True,False,False,direct,6,defending_direct,15,-25.94,-17.81,4,half_space_right,1,defensive_third,False,11.73,-18.06,4,half_space_right,2,middle_third,False,55.71,51.57,54.59,58.21,35.62,36.64,60.86,61.87
397,2010085,55356,55462,88:10.6,88:21.2,43,10,10.6,2,2,870,right_to_left,CC Mariners,3,False,False,False,transition,4,defending_transition,11,-12.59,18.38,2,half_space_left,2,middle_third,False,27.47,-16.39,4,half_space_right,3,attacking_third,False,36.6,35.49,61.84,68.5,51.2,35.34,58.22,49.24
398,2010085,56153,56163,89:30.3,89:31.3,44,30,1.0,2,2,870,right_to_left,CC Mariners,1,True,False,False,set_play,7,defending_set_play,13,28.65,-5.37,3,center,3,attacking_third,False,44.82,-3.59,3,center,3,attacking_third,True,22.58,20.77,59.54,62.48,14.1,13.13,14.54,14.39
399,2010085,56500,56510,90:05.0,90:06.0,45,5,1.0,2,1,2380,left_to_right,Melbourne City,1,True,False,False,direct,6,defending_direct,15,-25.12,11.27,2,half_space_left,1,defensive_third,False,-8.82,15.69,2,half_space_left,2,middle_third,False,34.9,33.53,54.99,56.2,35.25,35.84,41.89,43.13
400,2010085,56661,56663,90:21.1,90:21.3,45,21,0.2,2,2,870,right_to_left,CC Mariners,1,False,False,False,create,1,medium_block,9,-18.22,-21.98,5,wide_right,1,defensive_third,False,-18.97,-21.46,5,wide_right,1,defensive_third,False,47.71,47.84,51.84,52.1,33.78,33.86,50.29,50.39
401,2010085,56663,56740,90:21.3,90:29.0,45,21,7.7,2,2,870,right_to_left,CC Mariners,1,False,False,False,build_up,0,high_block,10,-20.01,-20.7,5,wide_right,1,defensive_third,False,-27.94,-7.23,3,center,1,defensive_third,False,47.97,51.31,52.34,52.3,33.95,36.55,50.51,57.82
402,2010085,56740,56774,90:29.0,90:32.4,45,29,3.4,2,2,870,right_to_left,CC Mariners,1,True,False,False,direct,6,defending_direct,15,-26.7,-6.71,3,center,1,defensive_third,False,9.5,24.5,1,wide_left,2,middle_third,False,51.17,41.17,52.38,56.84,36.64,36.04,57.86,55.67
403,2010085,56975,56996,90:52.5,90:54.6,45,52,2.1,2,1,2380,left_to_right,Melbourne City,1,True,False,False,chaotic,5,chaotic,5,-10.35,-34.09,5,wide_right,2,middle_third,False,8.55,-27.23,5,wide_right,2,middle_third,False,29.18,23.72,47.93,50.74,22.86,21.61,54.92,53.57
404,2010085,56996,57033,90:54.6,90:58.3,45,54,3.7,2,2,870,right_to_left,CC Mariners,2,False,False,False,create,1,medium_block,9,-9.0,26.86,1,wide_left,2,middle_third,False,-19.73,15.11,2,half_space_left,1,defensive_third,False,21.61,23.28,53.5,49.44,23.51,25.2,50.97,55.2
405,2010085,57033,57069,90:58.3,91:01.9,45,58,3.6,2,2,870,right_to_left,CC Mariners,1,False,False,False,build_up,0,high_block,10,-21.14,14.22,2,half_space_left,1,defensive_third,False,-37.9,-5.8,3,center,1,defensive_third,False,23.37,45.1,49.3,42.19,25.39,32.49,55.66,69.3
406,2010085,57069,57097,91:01.9,91:04.7,46,1,2.8,2,2,870,right_to_left,CC Mariners,1,True,False,False,direct,6,defending_direct,15,-37.54,-6.29,3,center,1,defensive_third,False,6.56,-17.52,4,half_space_right,2,middle_third,False,45.74,50.73,41.99,49.24,32.86,37.19,69.47,64.43
407,2010085,57097,57185,91:04.7,91:13.5,46,4,8.8,2,1,2380,left_to_right,Melbourne City,1,True,False,False,chaotic,5,chaotic,5,-6.93,16.99,2,half_space_left,2,middle_third,False,18.9,-14.41,4,half_space_right,3,attacking_third,False,37.16,33.15,64.1,54.45,50.47,45.23,49.54,48.56
408,2010085,57185,57258,91:13.5,91:20.8,46,13,7.3,2,2,870,right_to_left,CC Mariners,3,True,False,False,chaotic,5,chaotic,5,-19.11,15.03,2,half_space_left,1,defensive_third,False,2.99,23.76,1,wide_left,2,middle_third,False,45.38,45.49,48.68,51.18,33.34,32.44,54.71,52.06
409,2010085,57519,57541,91:46.9,91:49.1,46,46,2.2,2,1,2380,left_to_right,Melbourne City,1,True,False,False,chaotic,5,chaotic,5,-14.93,-34.84,5,wide_right,2,middle_third,False,-0.34,-29.88,5,wide_right,2,middle_third,False,27.39,26.61,46.32,49.48,23.22,22.81,57.57,56.0
410,2010085,57541,57597,91:49.1,91:54.7,46,49,5.6,2,2,870,right_to_left,CC Mariners,2,True,False,False,chaotic,5,chaotic,5,0.61,29.54,1,wide_left,2,middle_third,False,7.73,9.62,2,half_space_left,2,middle_third,False,22.83,29.5,55.88,50.78,26.59,22.97,49.77,54.01
411,2010085,57597,57660,91:54.7,92:01.0,46,54,6.3,2,1,2380,left_to_right,Melbourne City,4,False,False,False,chaotic,5,chaotic,5,-7.97,-9.55,4,half_space_right,2,middle_third,False,-0.77,7.48,3,center,2,middle_third,False,23.0,28.0,53.95,53.2,29.46,35.73,51.12,51.18
412,2010085,57877,57951,92:22.7,92:30.1,47,22,7.4,2,1,2380,left_to_right,Melbourne City,1,True,False,False,set_play,7,defending_set_play,13,4.54,5.52,3,center,2,middle_third,False,40.0,-35.56,5,wide_right,3,attacking_third,False,54.25,41.73,64.54,70.01,40.06,49.55,40.12,47.68
413,2010085,57951,58066,92:30.1,92:41.6,47,30,11.5,2,2,870,right_to_left,CC Mariners,6,True,False,False,build_up,0,high_block,10,-39.96,35.4,1,wide_left,1,defensive_third,False,-42.02,-20.18,5,wide_right,1,defensive_third,False,49.52,56.24,47.75,51.4,41.67,41.37,70.06,74.52
414,2010085,58066,58138,92:41.6,92:48.8,47,41,7.2,2,1,2380,left_to_right,Melbourne City,1,True,False,False,chaotic,5,chaotic,5,41.65,21.12,1,wide_left,3,attacking_third,False,33.81,30.99,1,wide_left,3,attacking_third,False,41.38,41.01,74.69,72.11,55.88,51.17,51.34,46.94
415,2010085,58138,58162,92:48.8,92:51.2,47,48,2.4,2,2,870,right_to_left,CC Mariners,1,False,False,False,build_up,0,high_block,10,-33.39,-30.86,5,wide_right,1,defensive_third,False,-20.04,-22.2,5,wide_right,1,defensive_third,False,51.12,49.32,46.94,46.19,40.83,38.21,72.18,71.94
416,2010085,58162,58256,92:51.2,93:00.6,47,51,9.4,2,2,870,right_to_left,CC Mariners,1,True,False,False,create,1,medium_block,9,-18.95,-20.89,5,wide_right,1,defensive_third,False,12.54,13.02,2,half_space_left,2,middle_third,False,49.17,38.77,46.17,51.3,38.16,26.87,72.07,56.74
417,2010085,58256,58289,93:00.6,93:03.9,48,0,3.3,2,1,2380,left_to_right,Melbourne City,1,True,False,False,chaotic,5,chaotic,5,-12.7,-13.35,4,half_space_right,2,middle_third,False,14.48,9.63,2,half_space_left,2,middle_third,False,26.46,26.67,56.49,55.41,38.53,34.06,51.07,49.96
418,2010085,58289,58426,93:03.9,93:17.6,48,3,13.7,2,2,870,right_to_left,CC Mariners,2,False,False,False,create,1,medium_block,9,-15.15,-10.42,4,half_space_right,2,middle_third,False,-19.97,-24.5,5,wide_right,1,defensive_third,False,34.06,48.81,49.96,50.87,26.66,32.47,55.34,53.54
419,2010085,58426,58519,93:17.6,93:26.9,48,17,9.3,2,2,870,right_to_left,CC Mariners,3,False,False,False,build_up,0,high_block,10,-20.05,-24.09,5,wide_right,1,defensive_third,False,-20.38,31.24,1,wide_left,1,defensive_third,False,48.93,54.05,50.91,56.05,32.53,40.38,53.52,63.75
420,2010085,58519,58604,93:26.9,93:35.4,48,26,8.5,2,2,870,right_to_left,CC Mariners,2,True,False,False,create,1,medium_block,9,-18.59,31.33,1,wide_left,1,defensive_third,False,24.56,-17.8,4,half_space_right,3,attacking_third,False,53.99,44.81,56.03,64.73,40.39,44.49,63.84,54.33
421,2010085,58604,58614,93:35.4,93:36.4,48,35,1.0,2,1,2380,left_to_right,Melbourne City,1,True,False,False,chaotic,5,chaotic,5,-25.36,18.54,2,half_space_left,1,defensive_third,False,-28.49,25.52,1,wide_left,1,defensive_third,False,44.65,45.91,54.18,52.83,44.69,44.3,64.92,66.36
422,2010085,58669,58861,93:41.9,94:01.1,48,41,19.2,2,2,870,right_to_left,CC Mariners,8,False,False,True,finish,2,low_block,8,33.74,-33.05,5,wide_right,3,attacking_third,False,49.42,-6.08,3,center,3,attacking_third,True,47.73,34.0,72.72,71.49,38.19,29.05,34.69,27.1
