index,match_id,frame_start,frame_end,time_start,time_end,minute_start,second_start,duration,period,attacking_side_id,team_in_possession_id,attacking_side,team_in_possession_shortname,n_player_possessions_in_phase,team_possession_loss_in_phase,team_possession_lead_to_goal,team_possession_lead_to_shot,team_in_possession_phase_type,team_in_possession_phase_type_id,team_out_of_possession_phase_type,team_out_of_possession_phase_type_id,x_start,y_start,channel_id_start,channel_start,third_id_start,third_start,penalty_area_start,x_end,y_end,channel_id_end,channel_end,third_id_end,third_end,penalty_area_end,team_in_possession_width_start,team_in_possession_width_end,team_in_possession_length_start,team_in_possession_length_end,team_out_of_possession_width_start,team_out_of_possession_width_end,team_out_of_possession_length_start,team_out_of_possession_length_end
0,1899585,11,201,00:00.1,00:19.1,0,0,19.0,1,1,867,left_to_right,Wellington P FC,9,False,False,False,create,1,medium_block,9,-0.01,-1.26,3,center,2,middle_third,False,-19.84,25.38,1,wide_left,1,defensive_third,False,59.76,55.14,39.62,63.22,36.04,34.19,40.77,56.07
1,1899585,201,269,00:19.1,00:25.9,0,19,6.8,1,1,867,left_to_right,Wellington P FC,2,False,False,False,build_up,0,high_block,10,-20.64,25.4,1,wide_left,1,defensive_third,False,-20.17,-19.91,4,half_space_right,1,defensive_third,False,55.14,58.03,63.27,55.82,34.27,39.74,56.52,79.4
2,1899585,269,305,00:25.9,00:29.5,0,25,3.6,1,1,867,left_to_right,Wellington P FC,2,True,False,False,create,1,medium_block,9,-18.8,-20.76,5,wide_right,1,defensive_third,False,-16.28,-20.21,5,wide_right,2,middle_third,False,57.58,44.18,55.73,50.72,39.75,36.19,79.26,68.12
3,1899585,873,995,01:26.3,01:38.5,1,26,12.2,1,2,4177,right_to_left,Auckland FC,7,False,False,False,set_play,7,defending_set_play,13,19.68,18.55,2,half_space_left,3,attacking_third,False,5.15,13.75,2,half_space_left,2,middle_third,False,38.55,40.45,62.91,59.5,25.47,32.93,23.3,31.67
4,1899585,995,1000,01:38.5,01:39.0,1,38,0.5,1,2,4177,right_to_left,Auckland FC,1,False,False,False,create,1,medium_block,9,4.99,13.35,2,half_space_left,2,middle_third,False,4.98,12.16,2,half_space_left,2,middle_third,False,40.39,40.02,59.51,59.21,33.12,33.85,31.91,32.87
5,1899585,1000,1018,01:39.0,01:40.8,1,39,1.8,1,2,4177,right_to_left,Auckland FC,1,False,False,False,finish,2,low_block,8,5.04,11.89,2,half_space_left,2,middle_third,False,5.17,10.02,2,half_space_left,2,middle_third,False,39.91,42.86,59.06,56.68,34.02,36.29,33.11,35.44
6,1899585,1018,1066,01:40.8,01:45.6,1,40,4.8,1,2,4177,right_to_left,Auckland FC,1,False,False,False,create,1,medium_block,9,5.03,9.12,3,center,2,middle_third,False,-19.5,-7.59,3,center,1,defensive_third,False,42.94,47.37,56.53,51.83,36.46,42.88,35.54,47.4
7,1899585,1066,1127,01:45.6,01:51.7,1,45,6.1,1,2,4177,right_to_left,Auckland FC,1,False,False,False,build_up,0,high_block,10,-20.27,-6.9,3,center,1,defensive_third,False,-20.29,-16.75,4,half_space_right,1,defensive_third,False,47.52,43.52,51.76,48.64,42.51,28.7,47.77,56.17
8,1899585,1127,1182,01:51.7,01:57.2,1,51,5.5,1,2,4177,right_to_left,Auckland FC,2,False,False,False,create,1,medium_block,9,-19.94,-17.3,4,half_space_right,1,defensive_third,False,15.9,-16.81,4,half_space_right,2,middle_third,False,43.79,48.17,48.9,59.24,29.06,38.67,56.01,47.72
9,1899585,1182,1280,01:57.2,02:07.0,1,57,9.8,1,2,4177,right_to_left,Auckland FC,4,False,False,False,finish,2,low_block,8,16.36,-16.05,4,half_space_right,2,middle_third,False,5.65,-1.75,3,center,2,middle_third,False,47.97,58.73,59.41,57.23,38.31,25.77,47.57,32.5
10,1899585,1280,1301,02:07.0,02:09.1,2,7,2.1,1,2,4177,right_to_left,Auckland FC,1,False,False,False,create,1,medium_block,9,5.13,-0.86,3,center,2,middle_third,False,4.91,10.63,2,half_space_left,2,middle_third,False,58.99,62.89,57.11,57.74,25.79,29.05,32.52,31.75
11,1899585,1301,1417,02:09.1,02:20.7,2,9,11.6,1,2,4177,right_to_left,Auckland FC,3,False,False,False,finish,2,low_block,8,6.4,12.58,2,half_space_left,2,middle_third,False,11.8,34.73,1,wide_left,2,middle_third,False,62.95,49.29,57.81,63.28,29.34,33.85,31.86,39.43
12,1899585,1463,1541,02:25.3,02:33.1,2,25,7.8,1,2,4177,right_to_left,Auckland FC,5,True,False,False,finish,2,low_block,8,15.73,34.77,1,wide_left,2,middle_third,False,41.55,16.0,2,half_space_left,3,attacking_third,True,46.95,37.74,65.95,71.76,29.02,30.51,40.9,37.85
13,1899585,1541,1592,02:33.1,02:38.2,2,33,5.1,1,1,867,left_to_right,Wellington P FC,1,True,False,False,chaotic,5,chaotic,5,-41.96,-16.09,4,half_space_right,1,defensive_third,False,-11.74,-27.05,5,wide_right,2,middle_third,False,30.25,33.34,37.89,39.31,37.5,35.96,72.17,66.03
14,1899585,1592,1678,02:38.2,02:46.8,2,38,8.6,1,2,4177,right_to_left,Auckland FC,2,False,False,False,create,1,medium_block,9,10.6,26.68,1,wide_left,2,middle_third,False,7.33,32.49,1,wide_left,2,middle_third,False,35.86,55.36,65.83,59.61,33.45,33.17,39.24,39.34
15,1899585,1678,1705,02:46.8,02:49.5,2,46,2.7,1,2,4177,right_to_left,Auckland FC,2,False,False,False,finish,2,low_block,8,7.59,32.45,1,wide_left,2,middle_third,False,11.28,37.87,1,wide_left,2,middle_third,False,55.41,56.03,59.67,61.62,33.42,36.07,39.29,38.72
16,1899585,1795,1835,02:58.5,03:02.5,2,58,4.0,1,2,4177,right_to_left,Auckland FC,2,False,False,False,chaotic,5,chaotic,5,14.57,34.92,1,wide_left,2,middle_third,False,52.69,26.8,1,wide_left,3,attacking_third,False,50.68,42.71,64.25,79.89,31.85,28.02,38.17,36.15
17,1899585,2179,2379,03:36.9,03:56.9,3,36,20.0,1,2,4177,right_to_left,Auckland FC,8,False,False,True,set_play,7,defending_set_play,13,50.04,33.38,1,wide_left,3,attacking_third,False,22.9,15.48,2,half_space_left,3,attacking_third,False,34.18,32.05,68.81,61.18,29.64,23.03,11.39,18.09
18,1899585,2379,2481,03:56.9,04:07.1,3,56,10.2,1,2,4177,right_to_left,Auckland FC,3,True,False,False,finish,2,low_block,8,22.95,15.81,2,half_space_left,3,attacking_third,False,50.32,19.31,2,half_space_left,3,attacking_third,True,32.01,29.43,61.06,69.97,22.92,23.18,18.36,16.38
19,1899585,2774,2982,04:36.4,04:57.2,4,36,20.8,1,1,867,left_to_right,Wellington P FC,5,False,False,False,create,1,medium_block,9,-41.91,-15.58,4,half_space_right,1,defensive_third,False,-5.68,32.8,1,wide_left,2,middle_third,False,38.45,48.82,54.72,52.99,26.46,39.41,48.43,51.15
20,1899585,3142,3170,05:13.2,05:16.0,5,13,2.8,1,1,867,left_to_right,Wellington P FC,4,True,False,False,create,1,medium_block,9,-0.59,32.33,1,wide_left,2,middle_third,False,-1.56,29.88,1,wide_left,2,middle_third,False,51.84,49.09,52.1,52.13,28.42,28.03,50.88,49.89
21,1899585,3170,3228,05:16.0,05:21.8,5,16,5.8,1,2,4177,right_to_left,Auckland FC,1,True,False,False,chaotic,5,chaotic,5,0.71,-30.11,5,wide_right,2,middle_third,False,-5.25,-25.78,5,wide_right,2,middle_third,False,28.02,30.95,49.85,51.22,49.03,43.29,52.07,49.51
22,1899585,3228,3236,05:21.8,05:22.6,5,21,0.8,1,1,867,left_to_right,Wellington P FC,1,True,False,False,chaotic,5,chaotic,5,5.81,25.9,1,wide_left,2,middle_third,False,3.16,27.11,1,wide_left,2,middle_third,False,43.12,42.34,49.51,49.52,30.83,29.96,51.1,50.6
23,1899585,3236,3271,05:22.6,05:26.1,5,22,3.5,1,2,4177,right_to_left,Auckland FC,1,True,False,False,chaotic,5,chaotic,5,-2.99,-27.2,5,wide_right,2,middle_third,False,-17.43,-31.16,5,wide_right,1,defensive_third,False,29.82,30.78,50.53,51.32,42.3,39.94,49.55,58.87
24,1899585,3346,3368,05:33.6,05:35.8,5,33,2.2,1,1,867,left_to_right,Wellington P FC,2,False,False,False,finish,2,low_block,8,19.15,30.53,1,wide_left,3,attacking_third,False,6.48,26.96,1,wide_left,2,middle_third,False,49.68,50.29,63.79,60.1,32.28,32.26,46.32,40.24
25,1899585,3368,3492,05:35.8,05:48.2,5,35,12.4,1,1,867,left_to_right,Wellington P FC,3,True,False,False,create,1,medium_block,9,4.69,26.35,1,wide_left,2,middle_third,False,24.31,-20.16,5,wide_right,3,attacking_third,False,50.34,50.18,59.84,57.46,32.29,33.37,40.04,51.46
26,1899585,3492,3503,05:48.2,05:49.3,5,48,1.1,1,2,4177,right_to_left,Auckland FC,1,False,False,False,chaotic,5,chaotic,5,-24.78,19.94,2,half_space_left,1,defensive_third,False,-29.0,23.93,1,wide_left,1,defensive_third,False,33.61,36.52,51.55,53.15,49.76,46.23,58.0,63.01
27,1899585,3503,3534,05:49.3,05:52.4,5,49,3.1,1,2,4177,right_to_left,Auckland FC,1,True,False,False,direct,6,defending_direct,15,-28.83,24.36,1,wide_left,1,defensive_third,False,17.14,26.63,1,wide_left,2,middle_third,False,36.82,39.15,53.3,63.38,46.0,42.04,63.46,67.99
28,1899585,3534,3546,05:52.4,05:53.6,5,52,1.2,1,1,867,left_to_right,Wellington P FC,1,True,False,False,chaotic,5,chaotic,5,-17.81,-26.57,5,wide_right,1,defensive_third,False,-12.34,-29.48,5,wide_right,2,middle_third,False,42.03,41.4,67.94,66.81,38.96,38.02,63.89,67.28
29,1899585,3546,3559,05:53.6,05:54.9,5,53,1.3,1,2,4177,right_to_left,Auckland FC,1,False,False,False,create,1,medium_block,9,12.21,29.62,1,wide_left,2,middle_third,False,16.66,30.45,1,wide_left,2,middle_third,False,38.03,38.73,67.33,66.31,41.3,39.94,66.64,64.41
30,1899585,3559,3621,05:54.9,06:01.1,5,54,6.2,1,2,4177,right_to_left,Auckland FC,2,True,False,False,finish,2,low_block,8,16.98,30.55,1,wide_left,2,middle_third,False,28.39,-0.04,3,center,3,attacking_third,False,38.85,42.02,66.17,67.83,39.8,24.35,64.22,46.78
31,1899585,3621,3845,06:01.1,06:23.5,6,1,22.4,1,1,867,left_to_right,Wellington P FC,6,True,False,False,transition,4,defending_transition,11,-28.56,0.09,3,center,1,defensive_third,False,48.77,-18.3,4,half_space_right,3,attacking_third,True,24.41,39.33,46.39,78.43,41.97,26.91,67.93,43.69
32,1899585,3845,3860,06:23.5,06:25.0,6,23,1.5,1,2,4177,right_to_left,Auckland FC,1,False,False,False,chaotic,5,chaotic,5,-48.75,18.17,2,half_space_left,1,defensive_third,False,-47.89,16.18,2,half_space_left,1,defensive_third,False,26.98,28.1,43.54,42.48,39.47,39.23,78.44,77.55
33,1899585,3860,3891,06:25.0,06:28.1,6,25,3.1,1,2,4177,right_to_left,Auckland FC,1,True,False,False,direct,6,defending_direct,15,-46.37,15.75,2,half_space_left,1,defensive_third,False,-4.92,10.11,2,half_space_left,2,middle_third,False,28.27,33.2,42.45,39.57,38.98,38.38,77.51,71.35
34,1899585,3891,4065,06:28.1,06:45.5,6,28,17.4,1,1,867,left_to_right,Wellington P FC,6,False,False,False,create,1,medium_block,9,4.53,-9.87,4,half_space_right,2,middle_third,False,-19.29,7.12,3,center,1,defensive_third,False,38.53,58.5,71.17,50.46,33.36,36.24,39.53,50.47
35,1899585,4065,4097,06:45.5,06:48.7,6,45,3.2,1,1,867,left_to_right,Wellington P FC,1,True,False,False,direct,6,defending_direct,15,-19.17,6.81,3,center,1,defensive_third,False,20.62,-17.04,4,half_space_right,3,attacking_third,False,58.6,53.09,50.47,57.56,36.3,37.03,50.5,50.61
36,1899585,4097,4106,06:48.7,06:49.6,6,48,0.9,1,2,4177,right_to_left,Auckland FC,1,True,False,False,chaotic,5,chaotic,5,-21.05,17.51,2,half_space_left,1,defensive_third,False,-17.52,18.02,2,half_space_left,1,defensive_third,False,36.97,36.65,50.59,50.26,52.53,48.64,57.52,56.14
37,1899585,4106,4156,06:49.6,06:54.6,6,49,5.0,1,1,867,left_to_right,Wellington P FC,2,True,False,False,chaotic,5,chaotic,5,17.01,-17.96,4,half_space_right,2,middle_third,False,19.59,-14.94,4,half_space_right,3,attacking_third,False,48.35,42.29,56.1,61.58,36.57,26.33,50.19,48.08
38,1899585,4156,4241,06:54.6,07:03.1,6,54,8.5,1,2,4177,right_to_left,Auckland FC,3,True,False,False,create,1,medium_block,9,-19.43,15.04,2,half_space_left,1,defensive_third,False,22.36,29.23,1,wide_left,3,attacking_third,False,26.16,37.86,48.03,60.88,42.28,36.57,61.92,61.2
39,1899585,4241,4251,07:03.1,07:04.1,7,3,1.0,1,1,867,left_to_right,Wellington P FC,1,True,False,False,chaotic,5,chaotic,5,-22.61,-29.78,5,wide_right,1,defensive_third,False,-22.85,-34.78,5,wide_right,1,defensive_third,False,36.95,39.13,61.11,59.79,37.97,39.17,61.29,63.37
40,1899585,4498,4708,07:28.8,07:49.8,7,28,21.0,1,2,4177,right_to_left,Auckland FC,11,False,False,False,finish,2,low_block,8,28.0,34.53,1,wide_left,3,attacking_third,False,6.34,26.1,1,wide_left,2,middle_third,False,35.69,42.77,65.88,63.43,27.18,35.78,29.06,35.16
41,1899585,4708,4855,07:49.8,08:04.5,7,49,14.7,1,2,4177,right_to_left,Auckland FC,5,False,False,False,create,1,medium_block,9,5.53,26.14,1,wide_left,2,middle_third,False,12.57,-6.19,3,center,2,middle_third,False,43.07,61.41,63.39,54.78,35.79,38.35,35.15,42.78
42,1899585,4855,5039,08:04.5,08:22.9,8,4,18.4,1,2,4177,right_to_left,Auckland FC,7,False,False,False,finish,2,low_block,8,12.09,-6.4,3,center,2,middle_third,False,44.96,-5.67,3,center,3,attacking_third,True,61.25,33.55,54.91,72.54,38.2,22.27,42.41,23.37
43,1899585,5208,5216,08:39.8,08:40.6,8,39,0.8,1,2,4177,right_to_left,Auckland FC,1,True,False,False,chaotic,5,chaotic,5,35.71,-32.08,5,wide_right,3,attacking_third,False,40.08,-26.9,5,wide_right,3,attacking_third,False,38.14,36.86,69.53,69.78,32.24,32.19,27.78,26.4
44,1899585,5216,5246,08:40.6,08:43.6,8,40,3.0,1,1,867,left_to_right,Wellington P FC,1,True,False,False,chaotic,5,chaotic,5,-40.78,26.47,1,wide_left,1,defensive_third,False,-39.33,34.84,1,wide_left,1,defensive_third,False,32.13,35.65,26.19,25.99,36.61,32.62,69.77,65.92
45,1899585,5374,5398,08:56.4,08:58.8,8,56,2.4,1,2,4177,right_to_left,Auckland FC,3,True,False,False,chaotic,5,chaotic,5,38.0,-33.19,5,wide_right,3,attacking_third,False,37.47,-32.56,5,wide_right,3,attacking_third,False,35.97,34.22,67.54,66.31,29.2,33.43,32.47,34.38
46,1899585,5398,5499,08:58.8,09:08.9,8,58,10.1,1,1,867,left_to_right,Wellington P FC,5,True,False,False,build_up,0,high_block,10,-37.58,32.33,1,wide_left,1,defensive_third,False,-28.67,29.31,1,wide_left,1,defensive_third,False,33.58,40.97,34.45,30.95,34.09,33.83,66.06,61.0
47,1899585,5664,5687,09:25.4,09:27.7,9,25,2.3,1,2,4177,right_to_left,Auckland FC,2,True,False,False,chaotic,5,chaotic,5,11.96,-32.95,5,wide_right,2,middle_third,False,32.79,-25.81,5,wide_right,3,attacking_third,False,36.31,35.05,59.12,67.51,29.27,29.65,42.06,40.4
48,1899585,5812,5841,09:40.2,09:43.1,9,40,2.9,1,1,867,left_to_right,Wellington P FC,2,False,False,False,create,1,medium_block,9,-34.43,-22.22,5,wide_right,1,defensive_third,False,-21.75,-28.74,5,wide_right,1,defensive_third,False,47.95,46.99,44.6,45.82,37.13,37.6,73.78,69.82
49,1899585,5985,5990,09:57.5,09:58.0,9,57,0.5,1,1,867,left_to_right,Wellington P FC,1,False,False,False,create,1,medium_block,9,-16.62,-23.12,5,wide_right,2,middle_third,False,-19.34,-20.09,4,half_space_right,1,defensive_third,False,44.39,44.51,49.87,49.83,30.81,30.98,52.22,52.71
50,1899585,5990,6074,09:58.0,10:06.4,9,58,8.4,1,1,867,left_to_right,Wellington P FC,3,False,False,False,build_up,0,high_block,10,-20.07,-19.3,4,half_space_right,1,defensive_third,False,-20.47,-18.75,4,half_space_right,1,defensive_third,False,44.55,54.7,49.84,50.48,31.02,38.2,52.82,63.22
51,1899585,6074,6082,10:06.4,10:07.2,10,6,0.8,1,1,867,left_to_right,Wellington P FC,0,True,False,False,create,1,medium_block,9,-19.32,-19.71,4,half_space_right,1,defensive_third,False,-12.75,-24.2,5,wide_right,2,middle_third,False,54.58,53.27,50.54,51.2,38.41,39.64,63.29,63.24
52,1899585,6082,6146,10:07.2,10:13.6,10,7,6.4,1,2,4177,right_to_left,Auckland FC,2,True,False,False,finish,2,low_block,8,12.24,24.54,1,wide_left,2,middle_third,False,26.78,0.22,3,center,3,attacking_third,False,39.78,41.35,63.12,64.24,53.01,39.43,51.33,38.92
53,1899585,6146,6169,10:13.6,10:15.9,10,13,2.3,1,1,867,left_to_right,Wellington P FC,1,False,False,False,chaotic,5,chaotic,5,-26.51,-0.12,3,center,1,defensive_third,False,-19.3,6.31,3,center,1,defensive_third,False,39.19,33.51,38.55,33.86,41.42,41.14,64.17,62.09
54,1899585,6307,6337,10:29.7,10:32.7,10,29,3.0,1,1,867,left_to_right,Wellington P FC,2,False,False,False,create,1,medium_block,9,-25.41,3.95,3,center,1,defensive_third,False,-20.63,24.16,1,wide_left,1,defensive_third,False,56.16,61.52,48.42,52.18,34.98,37.31,55.96,54.83
55,1899585,6337,6383,10:32.7,10:37.3,10,32,4.6,1,1,867,left_to_right,Wellington P FC,1,False,False,False,direct,6,defending_direct,15,-20.19,24.58,1,wide_left,1,defensive_third,False,34.54,29.72,1,wide_left,3,attacking_third,False,61.54,53.06,52.22,70.66,37.42,41.31,54.82,56.86
56,1899585,6383,6429,10:37.3,10:41.9,10,37,4.6,1,1,867,left_to_right,Wellington P FC,1,False,False,False,finish,2,low_block,8,35.06,29.76,1,wide_left,3,attacking_third,False,54.19,26.24,1,wide_left,3,attacking_third,False,52.93,46.55,71.24,82.41,41.2,39.06,56.86,55.68
57,1899585,6471,6516,10:46.1,10:50.6,10,46,4.5,1,1,867,left_to_right,Wellington P FC,3,False,False,False,set_play,7,defending_set_play,13,47.43,29.6,1,wide_left,3,attacking_third,False,51.88,13.18,2,half_space_left,3,attacking_third,True,47.0,41.86,77.05,80.12,34.79,32.87,48.07,43.54
58,1899585,6842,6985,11:23.2,11:37.5,11,23,14.3,1,1,867,left_to_right,Wellington P FC,7,True,False,False,set_play,7,defending_set_play,13,50.87,31.62,1,wide_left,3,attacking_third,False,47.59,1.32,3,center,3,attacking_third,True,44.36,35.17,72.64,70.91,20.91,22.23,25.36,42.79
59,1899585,6985,7050,11:37.5,11:44.0,11,37,6.5,1,2,4177,right_to_left,Auckland FC,1,True,False,False,transition,4,defending_transition,11,-47.89,-2.18,3,center,1,defensive_third,False,6.83,13.55,2,half_space_left,2,middle_third,False,22.2,40.38,42.75,49.7,35.37,36.31,71.26,59.09
60,1899585,7050,7081,11:44.0,11:47.1,11,44,3.1,1,1,867,left_to_right,Wellington P FC,1,True,False,False,chaotic,5,chaotic,5,-7.35,-13.82,4,half_space_right,2,middle_third,False,16.77,-3.55,3,center,2,middle_third,False,36.2,29.52,58.79,55.6,40.33,36.23,49.27,46.45
61,1899585,7081,7103,11:47.1,11:49.3,11,47,2.2,1,2,4177,right_to_left,Auckland FC,1,True,False,False,chaotic,5,chaotic,5,-17.24,3.32,3,center,2,middle_third,False,-11.51,-0.41,3,center,2,middle_third,False,36.06,30.86,46.44,44.26,29.4,22.77,55.56,54.13
62,1899585,7103,7158,11:49.3,11:54.8,11,49,5.5,1,1,867,left_to_right,Wellington P FC,2,False,False,False,chaotic,5,chaotic,5,11.35,0.85,3,center,2,middle_third,False,7.23,0.1,3,center,2,middle_third,False,22.46,23.84,54.05,50.27,30.57,21.15,44.16,40.1
63,1899585,7313,7320,12:10.3,12:11.0,12,10,0.7,1,1,867,left_to_right,Wellington P FC,1,False,False,False,create,1,medium_block,9,,,2,half_space_left,2,middle_third,False,,,2,half_space_left,2,middle_third,False,,,,,,,,
64,1899585,7320,7382,12:11.0,12:17.2,12,11,6.2,1,1,867,left_to_right,Wellington P FC,4,True,False,False,finish,2,low_block,8,13.54,30.25,1,wide_left,2,middle_third,False,41.02,22.87,1,wide_left,3,attacking_third,False,60.24,38.42,56.81,70.5,37.41,31.01,41.16,44.52
65,1899585,7382,7443,12:17.2,12:23.3,12,17,6.1,1,2,4177,right_to_left,Auckland FC,1,True,False,False,chaotic,5,chaotic,5,-41.34,-22.69,5,wide_right,1,defensive_third,False,-16.95,-14.49,4,half_space_right,2,middle_third,False,30.96,27.47,44.5,43.31,37.51,32.87,70.88,64.62
66,1899585,7443,7457,12:23.3,12:24.7,12,23,1.4,1,1,867,left_to_right,Wellington P FC,1,True,False,False,chaotic,5,chaotic,5,17.89,14.15,2,half_space_left,3,attacking_third,False,26.61,11.23,2,half_space_left,3,attacking_third,False,33.15,36.26,64.38,61.51,27.48,26.7,43.41,43.32
67,1899585,7457,7525,12:24.7,12:31.5,12,24,6.8,1,2,4177,right_to_left,Auckland FC,4,True,False,False,chaotic,5,chaotic,5,-26.65,-11.05,4,half_space_right,1,defensive_third,False,-9.87,-18.77,4,half_space_right,2,middle_third,False,26.69,41.02,43.29,47.17,36.4,33.45,61.33,57.93
68,1899585,7525,7554,12:31.5,12:34.4,12,31,2.9,1,1,867,left_to_right,Wellington P FC,2,False,False,False,create,1,medium_block,9,9.84,18.3,2,half_space_left,2,middle_third,False,17.97,21.58,1,wide_left,3,attacking_third,False,33.43,36.23,57.85,57.7,41.01,34.69,47.34,48.41
69,1899585,7554,7583,12:34.4,12:37.3,12,34,2.9,1,1,867,left_to_right,Wellington P FC,2,False,False,False,finish,2,low_block,8,18.07,21.81,1,wide_left,3,attacking_third,False,5.06,28.66,1,wide_left,2,middle_third,False,36.45,43.74,57.9,58.51,34.59,34.78,48.36,44.86
70,1899585,7583,7848,12:37.3,13:03.8,12,37,26.5,1,1,867,left_to_right,Wellington P FC,9,True,False,False,create,1,medium_block,9,4.96,28.67,1,wide_left,2,middle_third,False,-6.1,21.74,1,wide_left,2,middle_third,False,44.0,52.04,58.38,52.83,34.8,32.28,44.65,52.82
71,1899585,7848,8028,13:03.8,13:21.8,13,3,18.0,1,2,4177,right_to_left,Auckland FC,6,False,False,False,create,1,medium_block,9,6.2,-21.97,5,wide_right,2,middle_third,False,4.54,-8.07,3,center,2,middle_third,False,32.31,64.9,52.73,55.75,51.93,35.89,52.82,35.0
72,1899585,8028,8052,13:21.8,13:24.2,13,21,2.4,1,2,4177,right_to_left,Auckland FC,1,False,False,False,finish,2,low_block,8,5.25,-8.84,3,center,2,middle_third,False,5.08,-12.06,4,half_space_right,2,middle_third,False,64.91,63.98,55.73,55.79,35.8,36.47,35.01,37.98
73,1899585,8052,8056,13:24.2,13:24.6,13,24,0.4,1,2,4177,right_to_left,Auckland FC,1,False,False,False,create,1,medium_block,9,5.01,-11.98,4,half_space_right,2,middle_third,False,4.94,-11.44,4,half_space_right,2,middle_third,False,63.92,63.74,55.78,55.91,36.51,36.55,38.11,38.41
74,1899585,8056,8069,13:24.6,13:25.9,13,24,1.3,1,2,4177,right_to_left,Auckland FC,1,False,False,False,finish,2,low_block,8,5.04,-11.12,4,half_space_right,2,middle_third,False,5.61,-6.22,3,center,2,middle_third,False,63.68,62.68,55.97,56.79,36.54,35.48,38.47,38.15
75,1899585,8069,8161,13:25.9,13:35.1,13,25,9.2,1,2,4177,right_to_left,Auckland FC,4,False,False,False,create,1,medium_block,9,4.91,-4.74,3,center,2,middle_third,False,-5.6,31.87,1,wide_left,2,middle_third,False,62.58,60.27,56.86,52.66,35.31,41.97,38.07,48.89
76,1899585,8376,8736,13:56.6,14:32.6,13,56,36.0,1,2,4177,right_to_left,Auckland FC,14,True,False,False,finish,2,low_block,8,9.24,34.57,1,wide_left,2,middle_third,False,43.52,-3.13,3,center,3,attacking_third,True,44.36,32.88,59.48,68.66,26.76,28.09,37.71,18.12
77,1899585,8736,8981,14:32.6,14:57.1,14,32,24.5,1,1,867,left_to_right,Wellington P FC,3,True,False,False,create,1,medium_block,9,-43.93,2.77,3,center,1,defensive_third,False,2.77,-25.69,5,wide_right,2,middle_third,False,27.99,55.79,18.36,46.4,32.86,47.82,68.61,58.98
78,1899585,8981,8994,14:57.1,14:58.4,14,57,1.3,1,2,4177,right_to_left,Auckland FC,1,False,False,False,create,1,medium_block,9,-3.55,25.49,1,wide_left,2,middle_third,False,-19.8,19.54,2,half_space_left,1,defensive_third,False,47.9,48.4,58.89,57.11,55.52,51.75,46.91,51.63
79,1899585,8994,9204,14:58.4,15:19.4,14,58,21.0,1,2,4177,right_to_left,Auckland FC,4,False,False,False,build_up,0,high_block,10,-20.78,19.21,2,half_space_left,1,defensive_third,False,-36.72,-3.51,3,center,1,defensive_third,False,48.43,63.32,56.95,40.17,51.64,42.01,51.86,65.19
80,1899585,9204,9238,15:19.4,15:22.8,15,19,3.4,1,2,4177,right_to_left,Auckland FC,1,True,False,False,direct,6,defending_direct,15,-36.35,-3.54,3,center,1,defensive_third,False,8.22,-15.97,4,half_space_right,2,middle_third,False,63.18,49.41,39.98,46.73,41.69,34.82,65.51,64.9
81,1899585,9238,9253,15:22.8,15:24.3,15,22,1.5,1,1,867,left_to_right,Wellington P FC,1,True,False,False,chaotic,5,chaotic,5,-8.43,16.22,2,half_space_left,2,middle_third,False,0.23,20.24,1,wide_left,2,middle_third,False,34.63,33.03,64.78,62.8,48.79,41.06,46.8,50.1
82,1899585,9253,9307,15:24.3,15:29.7,15,24,5.4,1,2,4177,right_to_left,Auckland FC,3,False,False,False,create,1,medium_block,9,-0.56,-20.45,5,wide_right,2,middle_third,False,23.06,-14.9,4,half_space_right,3,attacking_third,False,40.71,37.55,50.36,58.73,33.02,26.9,62.66,56.26
83,1899585,9307,9499,15:29.7,15:48.9,15,29,19.2,1,2,4177,right_to_left,Auckland FC,7,True,False,False,finish,2,low_block,8,23.54,-14.79,4,half_space_right,3,attacking_third,False,42.7,-11.21,4,half_space_right,3,attacking_third,True,37.26,23.66,58.87,72.67,26.81,21.32,56.16,31.54
84,1899585,9499,9549,15:48.9,15:53.9,15,48,5.0,1,1,867,left_to_right,Wellington P FC,1,True,False,False,chaotic,5,chaotic,5,-42.34,11.07,2,half_space_left,1,defensive_third,False,-5.08,24.48,1,wide_left,2,middle_third,False,21.22,20.32,31.42,31.38,23.61,38.48,72.49,64.41
85,1899585,9549,9701,15:53.9,16:09.1,15,53,15.2,1,2,4177,right_to_left,Auckland FC,8,False,False,False,finish,2,low_block,8,5.01,-24.74,5,wide_right,2,middle_third,False,20.9,-26.36,5,wide_right,3,attacking_third,False,39.08,48.28,64.28,58.02,20.6,33.72,31.42,33.93
86,1899585,10394,10447,17:18.4,17:23.7,17,18,5.3,1,2,4177,right_to_left,Auckland FC,2,True,False,True,set_play,7,defending_set_play,13,24.31,-25.57,5,wide_right,3,attacking_third,False,43.95,5.43,3,center,3,attacking_third,True,38.75,29.26,65.12,65.17,29.14,29.22,22.07,31.11
87,1899585,10659,10756,17:44.9,17:54.6,17,44,9.7,1,1,867,left_to_right,Wellington P FC,2,True,False,False,direct,6,defending_direct,15,,,2,half_space_left,2,middle_third,False,37.75,18.67,2,half_space_left,3,attacking_third,True,,37.1,,73.25,,34.78,,51.84
88,1899585,10756,10770,17:54.6,17:56.0,17,54,1.4,1,2,4177,right_to_left,Auckland FC,1,False,False,False,chaotic,5,chaotic,5,-38.46,-18.17,4,half_space_right,1,defensive_third,False,-48.56,-8.37,3,center,1,defensive_third,False,34.85,36.03,51.39,47.68,36.65,35.05,73.66,77.65
89,1899585,10770,10796,17:56.0,17:58.6,17,56,2.6,1,2,4177,right_to_left,Auckland FC,1,True,False,False,direct,6,defending_direct,15,-48.44,-8.22,3,center,1,defensive_third,False,-7.36,-8.81,3,center,2,middle_third,False,36.12,35.48,47.48,44.61,34.98,34.14,77.91,74.0
90,1899585,10796,10851,17:58.6,18:04.1,17,58,5.5,1,1,867,left_to_right,Wellington P FC,3,False,False,False,finish,2,low_block,8,6.76,8.25,3,center,2,middle_third,False,5.03,-24.44,5,wide_right,2,middle_third,False,34.02,45.81,73.61,60.64,35.46,35.93,44.58,39.81
91,1899585,10851,10934,18:04.1,18:12.4,18,4,8.3,1,1,867,left_to_right,Wellington P FC,3,True,False,False,create,1,medium_block,9,4.91,-24.39,5,wide_right,2,middle_third,False,10.15,-31.35,5,wide_right,2,middle_third,False,45.9,54.88,60.63,59.04,36.0,42.61,39.92,53.9
92,1899585,10934,11196,18:12.4,18:38.6,18,12,26.2,1,2,4177,right_to_left,Auckland FC,9,True,False,False,create,1,medium_block,9,-10.51,31.33,1,wide_left,2,middle_third,False,11.92,-6.81,3,center,2,middle_third,False,42.63,59.05,53.91,57.18,54.73,38.96,59.05,40.27
93,1899585,11196,11255,18:38.6,18:44.5,18,38,5.9,1,1,867,left_to_right,Wellington P FC,2,True,False,False,create,1,medium_block,9,-12.85,6.91,3,center,2,middle_third,False,-5.55,-0.82,3,center,2,middle_third,False,38.98,37.32,40.07,49.39,58.94,34.52,57.17,48.33
94,1899585,11255,11318,18:44.5,18:50.8,18,44,6.3,1,2,4177,right_to_left,Auckland FC,2,False,False,False,create,1,medium_block,9,5.48,0.98,3,center,2,middle_third,False,11.47,6.33,3,center,2,middle_third,False,33.95,39.56,48.26,57.25,37.27,29.24,49.44,42.34
95,1899585,11318,11440,18:50.8,19:03.0,18,50,12.2,1,2,4177,right_to_left,Auckland FC,4,True,False,False,finish,2,low_block,8,11.56,5.08,3,center,2,middle_third,False,40.47,-7.7,3,center,3,attacking_third,True,40.01,36.65,57.7,71.54,29.2,35.05,42.26,23.29
96,1899585,11440,11496,19:03.0,19:08.6,19,3,5.6,1,1,867,left_to_right,Wellington P FC,1,True,False,False,build_up,0,high_block,10,-40.19,8.87,3,center,1,defensive_third,False,-32.8,30.65,1,wide_left,1,defensive_third,False,34.95,39.69,23.25,29.02,36.49,37.68,71.5,73.5
97,1899585,11542,11599,19:13.2,19:18.9,19,13,5.7,1,2,4177,right_to_left,Auckland FC,3,True,False,False,finish,2,low_block,8,27.24,-32.35,5,wide_right,3,attacking_third,False,32.86,0.02,3,center,3,attacking_third,False,44.85,40.82,68.47,65.78,39.23,30.71,31.39,24.52
98,1899585,11599,11666,19:18.9,19:25.6,19,18,6.7,1,1,867,left_to_right,Wellington P FC,3,False,False,False,build_up,0,high_block,10,-32.75,0.13,3,center,1,defensive_third,False,-20.23,-22.79,5,wide_right,1,defensive_third,False,30.65,42.97,24.53,32.61,40.58,39.22,65.82,61.1
99,1899585,11666,11683,19:25.6,19:27.3,19,25,1.7,1,1,867,left_to_right,Wellington P FC,1,False,False,False,create,1,medium_block,9,-19.23,-23.92,5,wide_right,1,defensive_third,False,-14.96,-29.94,5,wide_right,2,middle_third,False,43.18,44.77,32.89,37.94,39.11,44.54,61.02,60.3
100,1899585,11822,11938,19:41.2,19:52.8,19,41,11.6,1,1,867,left_to_right,Wellington P FC,4,False,False,False,create,1,medium_block,9,,,2,half_space_left,2,middle_third,False,-23.17,4.07,3,center,1,defensive_third,False,,56.58,,52.76,,38.59,,54.9
101,1899585,11938,11974,19:52.8,19:56.4,19,52,3.6,1,1,867,left_to_right,Wellington P FC,1,False,False,False,direct,6,defending_direct,15,-22.63,3.69,3,center,1,defensive_third,False,13.62,-23.99,5,wide_right,2,middle_third,False,56.55,50.69,52.94,55.73,38.63,41.92,54.82,56.8
102,1899585,11974,12020,19:56.4,20:01.0,19,56,4.6,1,1,867,left_to_right,Wellington P FC,1,True,False,False,create,1,medium_block,9,13.62,-24.64,5,wide_right,2,middle_third,False,34.03,-23.63,5,wide_right,3,attacking_third,False,50.49,46.07,55.58,68.69,41.89,41.1,56.73,54.22
103,1899585,12020,12044,20:01.0,20:03.4,20,1,2.4,1,2,4177,right_to_left,Auckland FC,1,True,False,False,chaotic,5,chaotic,5,-34.63,23.1,1,wide_left,1,defensive_third,False,-32.18,10.48,2,half_space_left,1,defensive_third,False,40.96,38.45,54.23,52.36,45.74,40.81,69.19,75.5
104,1899585,12044,12054,20:03.4,20:04.4,20,3,1.0,1,1,867,left_to_right,Wellington P FC,1,True,False,False,chaotic,5,chaotic,5,31.84,-10.32,4,half_space_right,3,attacking_third,False,27.99,-16.28,4,half_space_right,3,attacking_third,False,40.72,39.9,75.53,74.69,38.29,36.83,52.26,51.1
105,1899585,13309,13374,22:09.9,22:16.4,22,9,6.5,1,2,4177,right_to_left,Auckland FC,1,True,False,False,create,1,medium_block,9,-21.59,19.53,2,half_space_left,1,defensive_third,False,30.49,27.66,1,wide_left,3,attacking_third,False,22.31,21.53,59.16,73.34,23.41,25.54,38.48,37.43
106,1899585,13374,13417,22:16.4,22:20.7,22,16,4.3,1,1,867,left_to_right,Wellington P FC,1,False,False,False,chaotic,5,chaotic,5,-31.0,-27.94,5,wide_right,1,defensive_third,False,-40.36,-35.56,5,wide_right,1,defensive_third,False,25.8,33.9,37.33,32.36,21.76,25.64,73.21,71.56
107,1899585,13528,13559,22:31.8,22:34.9,22,31,3.1,1,1,867,left_to_right,Wellington P FC,1,True,False,False,chaotic,5,chaotic,5,-38.08,-35.25,5,wide_right,1,defensive_third,False,-27.82,-23.19,5,wide_right,1,defensive_third,False,42.53,38.08,40.31,39.44,23.79,23.02,72.03,68.69
108,1899585,13559,13624,22:34.9,22:41.4,22,34,6.5,1,2,4177,right_to_left,Auckland FC,3,False,False,True,finish,2,low_block,8,28.1,22.86,1,wide_left,3,attacking_third,False,5.82,9.02,3,center,2,middle_third,False,23.03,36.85,68.51,67.02,38.02,33.09,39.38,37.75
109,1899585,13624,13726,22:41.4,22:51.6,22,41,10.2,1,2,4177,right_to_left,Auckland FC,4,False,False,False,create,1,medium_block,9,5.27,8.63,3,center,2,middle_third,False,5.18,33.37,1,wide_left,2,middle_third,False,37.42,59.1,66.85,61.51,33.1,37.09,38.01,42.57
110,1899585,13726,13730,22:51.6,22:52.0,22,51,0.4,1,2,4177,right_to_left,Auckland FC,1,False,False,False,finish,2,low_block,8,5.36,33.34,1,wide_left,2,middle_third,False,5.09,32.66,1,wide_left,2,middle_third,False,59.03,58.79,61.56,61.65,37.26,37.75,42.43,42.03
111,1899585,13730,13767,22:52.0,22:55.7,22,52,3.7,1,2,4177,right_to_left,Auckland FC,1,True,False,False,create,1,medium_block,9,4.45,32.0,1,wide_left,2,middle_third,False,23.34,28.87,1,wide_left,3,attacking_third,False,58.72,57.9,61.67,64.45,37.91,36.29,41.91,46.19
112,1899585,14062,14103,23:25.2,23:29.3,23,25,4.1,1,1,867,left_to_right,Wellington P FC,1,True,False,False,direct,6,defending_direct,15,-46.04,-1.47,3,center,1,defensive_third,False,9.75,-13.61,4,half_space_right,2,middle_third,False,48.89,35.87,52.42,55.58,39.88,34.12,67.35,59.58
113,1899585,14103,14160,23:29.3,23:35.0,23,29,5.7,1,2,4177,right_to_left,Auckland FC,4,True,False,False,create,1,medium_block,9,-9.87,13.98,2,half_space_left,2,middle_third,False,-13.3,25.18,1,wide_left,2,middle_third,False,34.11,48.17,59.43,53.45,35.75,38.41,55.57,52.28
114,1899585,14160,14235,23:35.0,23:42.5,23,35,7.5,1,1,867,left_to_right,Wellington P FC,1,False,False,False,quick_break,3,defending_quick_break,12,12.73,-25.73,5,wide_right,2,middle_third,False,35.13,-19.3,4,half_space_right,3,attacking_third,False,38.77,35.81,52.28,74.13,48.42,27.56,53.4,44.29
115,1899585,14235,14311,23:42.5,23:50.1,23,42,7.6,1,1,867,left_to_right,Wellington P FC,2,False,False,False,finish,2,low_block,8,34.72,-18.7,4,half_space_right,3,attacking_third,False,7.96,30.76,1,wide_left,2,middle_third,False,35.85,49.71,73.91,66.77,27.23,38.1,44.17,38.35
116,1899585,14617,14733,24:20.7,24:32.3,24,20,11.6,1,1,867,left_to_right,Wellington P FC,5,False,False,False,finish,2,low_block,8,12.35,31.26,1,wide_left,2,middle_third,False,-16.7,-1.55,3,center,2,middle_third,False,47.36,34.07,60.45,38.65,31.82,34.58,41.15,67.1
117,1899585,14733,14760,24:32.3,24:35.0,24,32,2.7,1,1,867,left_to_right,Wellington P FC,2,True,False,False,chaotic,5,chaotic,5,16.13,2.05,3,center,2,middle_third,False,33.24,2.72,3,center,3,attacking_third,False,34.57,34.92,66.79,63.8,34.1,30.56,38.28,36.86
118,1899585,15323,15415,25:31.3,25:40.5,25,31,9.2,1,2,4177,right_to_left,Auckland FC,5,False,False,False,build_up,0,high_block,10,-44.31,-1.14,3,center,1,defensive_third,False,-43.36,3.45,3,center,1,defensive_third,False,57.94,57.9,49.79,46.51,44.68,36.91,62.18,72.85
119,1899585,15415,15438,25:40.5,25:42.8,25,40,2.3,1,2,4177,right_to_left,Auckland FC,1,True,False,False,direct,6,defending_direct,15,-43.19,3.32,3,center,1,defensive_third,False,-9.53,-17.18,4,half_space_right,2,middle_third,False,57.88,53.94,46.28,47.83,36.93,38.58,72.88,67.74
120,1899585,15438,15471,25:42.8,25:46.1,25,42,3.3,1,1,867,left_to_right,Wellington P FC,1,False,False,False,chaotic,5,chaotic,5,8.56,18.1,2,half_space_left,2,middle_third,False,6.92,24.03,1,wide_left,2,middle_third,False,38.45,35.47,67.46,58.09,53.75,43.31,48.09,49.85
121,1899585,15535,15556,25:52.5,25:54.6,25,52,2.1,1,1,867,left_to_right,Wellington P FC,2,False,False,False,create,1,medium_block,9,10.34,15.67,2,half_space_left,2,middle_third,False,12.03,3.97,3,center,2,middle_third,False,40.88,45.3,52.63,53.57,31.64,29.07,42.24,40.33
122,1899585,15556,15616,25:54.6,26:00.6,25,54,6.0,1,1,867,left_to_right,Wellington P FC,3,True,False,False,finish,2,low_block,8,12.88,3.66,3,center,2,middle_third,False,42.73,17.26,2,half_space_left,3,attacking_third,True,45.39,47.21,53.77,66.25,28.85,24.26,40.2,36.31
123,1899585,15616,15659,26:00.6,26:04.9,26,0,4.3,1,2,4177,right_to_left,Auckland FC,1,True,False,False,chaotic,5,chaotic,5,-43.2,-17.44,4,half_space_right,1,defensive_third,False,-50.82,-25.22,5,wide_right,1,defensive_third,False,24.52,35.51,36.28,35.23,46.82,39.33,66.75,79.06
124,1899585,15988,15998,26:37.8,26:38.8,26,37,1.0,1,1,867,left_to_right,Wellington P FC,1,True,False,False,set_play,7,defending_set_play,13,52.34,27.93,1,wide_left,3,attacking_third,False,50.2,-0.92,3,center,3,attacking_third,True,40.41,40.25,69.41,68.6,16.78,16.54,13.77,13.86
125,1899585,16933,17028,28:12.3,28:21.8,28,12,9.5,1,2,4177,right_to_left,Auckland FC,2,True,False,False,direct,6,defending_direct,15,-36.89,8.78,3,center,1,defensive_third,False,3.16,10.15,2,half_space_left,2,middle_third,False,24.84,23.43,60.84,56.38,25.22,21.64,40.94,46.63
126,1899585,17028,17100,28:21.8,28:29.0,28,21,7.2,1,1,867,left_to_right,Wellington P FC,2,False,False,False,create,1,medium_block,9,-3.05,-10.2,4,half_space_right,2,middle_third,False,11.42,28.53,1,wide_left,2,middle_third,False,21.65,48.31,46.43,59.9,23.41,37.0,56.13,49.91
127,1899585,17100,17203,28:29.0,28:39.3,28,29,10.3,1,1,867,left_to_right,Wellington P FC,3,True,False,False,finish,2,low_block,8,11.95,28.78,1,wide_left,2,middle_third,False,45.95,-0.65,3,center,3,attacking_third,True,48.58,37.83,60.24,73.02,37.28,27.87,49.75,30.73
128,1899585,17896,18043,29:48.6,30:03.3,29,48,14.7,1,2,4177,right_to_left,Auckland FC,4,False,True,True,create,1,medium_block,9,-31.01,6.89,3,center,1,defensive_third,False,20.73,-30.76,5,wide_right,3,attacking_third,False,31.13,56.41,47.32,60.67,31.31,37.53,45.56,50.35
129,1899585,18043,18174,30:03.3,30:16.4,30,3,13.1,1,2,4177,right_to_left,Auckland FC,7,False,True,True,finish,2,low_block,8,21.21,-30.87,5,wide_right,3,attacking_third,False,49.78,-5.19,3,center,3,attacking_third,True,56.2,36.25,61.04,77.94,37.35,30.96,50.29,28.69
130,1899585,18940,19016,31:33.0,31:40.6,31,33,7.6,1,1,867,left_to_right,Wellington P FC,3,True,False,False,create,1,medium_block,9,-8.1,2.88,3,center,2,middle_third,False,-5.39,-28.76,5,wide_right,2,middle_third,False,62.05,58.78,42.91,55.44,34.37,39.76,43.58,56.06
131,1899585,19016,19054,31:40.6,31:44.4,31,40,3.8,1,2,4177,right_to_left,Auckland FC,3,False,False,False,create,1,medium_block,9,4.45,28.03,1,wide_left,2,middle_third,False,17.31,19.99,2,half_space_left,2,middle_third,False,39.6,37.49,56.05,58.96,58.64,46.3,55.37,48.55
132,1899585,19054,19110,31:44.4,31:50.0,31,44,5.6,1,2,4177,right_to_left,Auckland FC,1,True,False,False,finish,2,low_block,8,17.62,19.48,2,half_space_left,3,attacking_third,False,31.67,-2.89,3,center,3,attacking_third,False,37.33,33.44,59.34,65.71,46.03,28.26,48.3,41.56
133,1899585,19110,19165,31:50.0,31:55.5,31,50,5.5,1,1,867,left_to_right,Wellington P FC,2,False,False,False,build_up,0,high_block,10,-31.82,2.84,3,center,1,defensive_third,False,-21.87,27.15,1,wide_left,1,defensive_third,False,28.21,50.6,41.46,47.7,33.32,43.54,65.57,65.39
134,1899585,19165,19174,31:55.5,31:56.4,31,55,0.9,1,1,867,left_to_right,Wellington P FC,0,True,False,False,create,1,medium_block,9,-19.38,27.18,1,wide_left,1,defensive_third,False,-4.24,27.43,1,wide_left,2,middle_third,False,50.79,51.07,47.97,48.47,43.7,45.16,65.35,65.35
135,1899585,19174,19219,31:56.4,32:00.9,31,56,4.5,1,2,4177,right_to_left,Auckland FC,1,False,False,False,chaotic,5,chaotic,5,3.54,-27.34,5,wide_right,2,middle_third,False,8.77,-34.18,5,wide_right,2,middle_third,False,45.45,44.9,65.48,63.95,50.95,44.81,48.31,42.09
136,1899585,19438,19487,32:22.8,32:27.7,32,22,4.9,1,2,4177,right_to_left,Auckland FC,3,False,False,False,create,1,medium_block,9,,,2,half_space_left,2,middle_third,False,3.93,18.74,2,half_space_left,2,middle_third,False,,59.95,,61.94,,38.2,,39.82
137,1899585,19487,19519,32:27.7,32:30.9,32,27,3.2,1,2,4177,right_to_left,Auckland FC,1,True,False,False,finish,2,low_block,8,5.44,20.75,1,wide_left,2,middle_third,False,5.3,35.77,1,wide_left,2,middle_third,False,60.12,57.88,61.98,60.48,38.51,48.67,39.86,40.79
138,1899585,19541,19567,32:33.1,32:35.7,32,33,2.6,1,1,867,left_to_right,Wellington P FC,2,False,False,False,create,1,medium_block,9,-3.75,-34.44,5,wide_right,2,middle_third,False,-19.93,-28.46,5,wide_right,1,defensive_third,False,48.67,50.14,49.6,52.65,50.45,43.06,58.22,55.4
139,1899585,19567,19621,32:35.7,32:41.1,32,35,5.4,1,1,867,left_to_right,Wellington P FC,3,False,False,False,build_up,0,high_block,10,-20.55,-27.96,5,wide_right,1,defensive_third,False,-20.31,-33.06,5,wide_right,1,defensive_third,False,50.32,58.81,52.64,49.3,42.83,42.55,55.7,63.11
140,1899585,19621,19634,32:41.1,32:42.4,32,41,1.3,1,1,867,left_to_right,Wellington P FC,1,False,False,False,create,1,medium_block,9,-19.98,-33.24,5,wide_right,1,defensive_third,False,-14.03,-33.73,5,wide_right,2,middle_third,False,58.84,59.07,49.39,51.01,42.57,43.33,63.13,63.44
141,1899585,19634,19687,32:42.4,32:47.7,32,42,5.3,1,1,867,left_to_right,Wellington P FC,2,True,False,False,direct,6,defending_direct,15,-13.36,-33.76,5,wide_right,2,middle_third,False,26.99,-21.65,5,wide_right,3,attacking_third,False,58.95,41.19,51.3,68.27,43.3,28.46,63.47,62.86
142,1899585,19687,19716,32:47.7,32:50.6,32,47,2.9,1,2,4177,right_to_left,Auckland FC,1,True,False,False,chaotic,5,chaotic,5,-27.51,21.56,1,wide_left,1,defensive_third,False,-17.58,26.41,1,wide_left,1,defensive_third,False,27.96,25.44,62.58,52.87,40.97,39.39,68.89,76.49
143,1899585,19716,19738,32:50.6,32:52.8,32,50,2.2,1,1,867,left_to_right,Wellington P FC,1,False,False,False,finish,2,low_block,8,17.24,-26.54,5,wide_right,2,middle_third,False,6.02,-31.79,5,wide_right,2,middle_third,False,39.56,47.2,76.31,71.91,25.77,33.72,52.55,48.99
144,1899585,19738,19744,32:52.8,32:53.4,32,52,0.6,1,1,867,left_to_right,Wellington P FC,1,False,False,False,create,1,medium_block,9,5.31,-31.86,5,wide_right,2,middle_third,False,4.66,-31.03,5,wide_right,2,middle_third,False,47.5,48.64,71.72,70.61,33.99,34.54,48.98,48.92
145,1899585,19744,19760,32:53.4,32:55.0,32,53,1.6,1,1,867,left_to_right,Wellington P FC,1,False,False,False,finish,2,low_block,8,5.11,-30.74,5,wide_right,2,middle_third,False,6.82,-26.53,5,wide_right,2,middle_third,False,48.79,49.13,70.36,66.78,34.48,30.42,48.9,48.29
146,1899585,19760,19803,32:55.0,32:59.3,32,55,4.3,1,1,867,left_to_right,Wellington P FC,2,False,False,False,create,1,medium_block,9,6.61,-25.38,5,wide_right,2,middle_third,False,9.24,21.12,1,wide_left,2,middle_third,False,49.14,57.05,66.55,63.31,30.08,34.57,48.23,44.61
147,1899585,19803,19833,32:59.3,33:02.3,32,59,3.0,1,1,867,left_to_right,Wellington P FC,1,True,False,False,finish,2,low_block,8,9.67,21.9,1,wide_left,2,middle_third,False,22.99,31.9,1,wide_left,3,attacking_third,False,57.24,57.17,63.31,63.74,34.91,43.48,44.5,42.71
148,1899585,20094,20143,33:28.4,33:33.3,33,28,4.9,1,2,4177,right_to_left,Auckland FC,2,False,False,False,chaotic,5,chaotic,5,-10.32,-32.88,5,wide_right,2,middle_third,False,3.25,-33.9,5,wide_right,2,middle_third,False,37.31,39.24,46.67,47.61,29.1,30.44,60.28,60.27
149,1899585,20184,20247,33:37.4,33:43.7,33,37,6.3,1,2,4177,right_to_left,Auckland FC,4,False,False,False,create,1,medium_block,9,-6.27,-31.85,5,wide_right,2,middle_third,False,-19.62,-27.34,5,wide_right,1,defensive_third,False,43.85,47.21,52.53,53.36,28.81,31.83,56.38,60.16
150,1899585,20247,20289,33:43.7,33:47.9,33,43,4.2,1,2,4177,right_to_left,Auckland FC,1,False,False,False,build_up,0,high_block,10,-20.64,-27.17,5,wide_right,1,defensive_third,False,-21.43,-23.38,5,wide_right,1,defensive_third,False,47.18,49.69,53.29,52.7,31.92,37.28,60.37,60.27
151,1899585,20289,20309,33:47.9,33:49.9,33,47,2.0,1,2,4177,right_to_left,Auckland FC,0,True,False,False,create,1,medium_block,9,-19.36,-21.76,5,wide_right,1,defensive_third,False,6.16,-5.57,3,center,2,middle_third,False,49.73,46.58,52.66,54.56,37.35,34.72,59.96,56.64
152,1899585,20309,20405,33:49.9,33:59.5,33,49,9.6,1,1,867,left_to_right,Wellington P FC,2,False,False,False,create,1,medium_block,9,-6.78,5.01,3,center,2,middle_third,False,-19.2,-19.58,4,half_space_right,1,defensive_third,False,34.85,54.76,56.63,59.47,46.4,38.85,54.82,54.82
153,1899585,20405,20451,33:59.5,34:04.1,33,59,4.6,1,1,867,left_to_right,Wellington P FC,1,False,False,False,build_up,0,high_block,10,-21.0,-18.65,4,half_space_right,1,defensive_third,False,-46.72,-13.43,4,half_space_right,1,defensive_third,False,54.94,62.24,59.56,57.75,38.76,39.98,55.22,76.05
154,1899585,20451,20477,34:04.1,34:06.7,34,4,2.6,1,1,867,left_to_right,Wellington P FC,1,True,False,False,direct,6,defending_direct,15,-46.73,-13.58,4,half_space_right,1,defensive_third,False,-0.3,-16.67,4,half_space_right,2,middle_third,False,62.28,58.09,57.47,54.51,39.94,37.83,76.13,72.9
155,1899585,20477,20580,34:06.7,34:17.0,34,6,10.3,1,2,4177,right_to_left,Auckland FC,2,True,False,False,create,1,medium_block,9,-0.88,16.59,2,half_space_left,2,middle_third,False,21.12,22.68,1,wide_left,3,attacking_third,False,37.65,46.89,72.7,59.04,57.73,31.56,54.34,50.84
156,1899585,20580,20596,34:17.0,34:18.6,34,17,1.6,1,1,867,left_to_right,Wellington P FC,1,True,False,False,chaotic,5,chaotic,5,-21.1,-22.95,5,wide_right,1,defensive_third,False,-10.28,-23.62,5,wide_right,2,middle_third,False,31.52,31.28,50.79,49.83,46.83,44.36,58.99,59.09
157,1899585,20596,20676,34:18.6,34:26.6,34,18,8.0,1,2,4177,right_to_left,Auckland FC,4,True,False,False,finish,2,low_block,8,10.27,23.66,1,wide_left,2,middle_third,False,42.29,11.77,2,half_space_left,3,attacking_third,True,44.18,27.57,59.12,75.11,31.25,28.13,49.81,40.9
158,1899585,20676,20718,34:26.6,34:30.8,34,26,4.2,1,1,867,left_to_right,Wellington P FC,1,True,False,False,chaotic,5,chaotic,5,-41.51,-9.87,4,half_space_right,1,defensive_third,False,-2.23,11.19,2,half_space_left,2,middle_third,False,28.38,31.87,40.78,44.08,27.54,25.31,75.24,69.88
159,1899585,20718,20798,34:30.8,34:38.8,34,30,8.0,1,2,4177,right_to_left,Auckland FC,3,False,False,False,create,1,medium_block,9,1.22,-11.62,4,half_space_right,2,middle_third,False,20.11,-29.27,5,wide_right,3,attacking_third,False,25.25,47.59,69.84,59.75,32.11,39.22,44.72,47.37
160,1899585,20798,20834,34:38.8,34:42.4,34,38,3.6,1,2,4177,right_to_left,Auckland FC,2,True,False,False,finish,2,low_block,8,20.35,-29.47,5,wide_right,3,attacking_third,False,35.03,-22.75,5,wide_right,3,attacking_third,False,47.46,45.73,59.69,62.37,39.32,36.39,47.29,45.61
161,1899585,21013,21023,35:00.3,35:01.3,35,0,1.0,1,1,867,left_to_right,Wellington P FC,1,False,False,False,create,1,medium_block,9,,,2,half_space_left,2,middle_third,False,-30.77,-32.98,5,wide_right,1,defensive_third,False,,52.54,,41.96,,39.24,,63.05
162,1899585,21222,21354,35:21.2,35:34.4,35,21,13.2,1,1,867,left_to_right,Wellington P FC,5,False,False,False,build_up,0,high_block,10,-26.63,-33.31,5,wide_right,1,defensive_third,False,-34.6,30.85,1,wide_left,1,defensive_third,False,39.45,57.0,41.32,44.77,29.46,49.26,64.12,70.78
163,1899585,21481,21585,35:47.1,35:57.5,35,47,10.4,1,1,867,left_to_right,Wellington P FC,3,True,False,False,build_up,0,high_block,10,-38.55,27.8,1,wide_left,1,defensive_third,False,-44.96,29.83,1,wide_left,1,defensive_third,False,54.32,56.1,46.47,46.98,40.88,45.14,67.45,74.93
164,1899585,21642,21700,36:03.2,36:09.0,36,3,5.8,1,2,4177,right_to_left,Auckland FC,2,False,False,False,create,1,medium_block,9,5.78,-31.38,5,wide_right,2,middle_third,False,-19.97,0.9,3,center,1,defensive_third,False,50.8,59.48,65.82,53.49,45.82,36.42,42.47,55.51
165,1899585,21700,21732,36:09.0,36:12.2,36,9,3.2,1,2,4177,right_to_left,Auckland FC,2,False,False,False,build_up,0,high_block,10,-20.2,1.58,3,center,1,defensive_third,False,-20.13,16.62,2,half_space_left,1,defensive_third,False,59.51,60.67,53.26,44.98,35.89,32.68,56.0,61.25
166,1899585,21732,21805,36:12.2,36:19.5,36,12,7.3,1,2,4177,right_to_left,Auckland FC,1,False,False,False,create,1,medium_block,9,-19.51,18.2,2,half_space_left,1,defensive_third,False,13.12,32.95,1,wide_left,2,middle_third,False,60.79,56.16,45.11,57.2,32.75,40.19,61.13,52.38
167,1899585,21805,21834,36:19.5,36:22.4,36,19,2.9,1,2,4177,right_to_left,Auckland FC,3,False,False,False,finish,2,low_block,8,14.05,32.77,1,wide_left,2,middle_third,False,13.57,20.8,1,wide_left,2,middle_third,False,55.85,51.91,57.22,57.25,40.07,33.81,52.28,49.06
168,1899585,21834,21842,36:22.4,36:23.2,36,22,0.8,1,2,4177,right_to_left,Auckland FC,0,False,False,False,create,1,medium_block,9,13.78,20.48,1,wide_left,2,middle_third,False,14.96,18.38,2,half_space_left,2,middle_third,False,51.5,48.71,57.18,56.47,33.47,31.77,48.96,48.35
169,1899585,22038,22065,36:42.8,36:45.5,36,42,2.7,1,2,4177,right_to_left,Auckland FC,3,True,False,False,finish,2,low_block,8,12.28,18.14,2,half_space_left,2,middle_third,False,10.87,12.6,2,half_space_left,2,middle_third,False,55.22,54.64,60.58,60.68,34.38,29.38,40.85,37.18
170,1899585,22065,22238,36:45.5,37:02.8,36,45,17.3,1,1,867,left_to_right,Wellington P FC,4,False,False,False,create,1,medium_block,9,-10.41,-12.29,4,half_space_right,2,middle_third,False,-19.74,29.24,1,wide_left,1,defensive_third,False,29.38,52.29,37.18,54.77,54.62,41.04,60.71,60.55
171,1899585,22238,22339,37:02.8,37:12.9,37,2,10.1,1,1,867,left_to_right,Wellington P FC,3,False,False,False,build_up,0,high_block,10,-20.92,29.17,1,wide_left,1,defensive_third,False,-20.13,-3.91,3,center,1,defensive_third,False,52.35,58.21,54.75,40.44,41.01,41.93,60.81,68.59
172,1899585,22339,22357,37:12.9,37:14.7,37,12,1.8,1,1,867,left_to_right,Wellington P FC,1,False,False,False,create,1,medium_block,9,-19.37,-3.28,3,center,1,defensive_third,False,-19.48,6.48,3,center,1,defensive_third,False,57.93,56.57,40.4,42.61,41.84,42.63,68.31,65.06
173,1899585,22357,22387,37:14.7,37:17.7,37,14,3.0,1,1,867,left_to_right,Wellington P FC,1,False,False,False,build_up,0,high_block,10,-20.56,7.35,3,center,1,defensive_third,False,-20.66,21.3,1,wide_left,1,defensive_third,False,56.73,58.78,42.87,49.94,42.74,43.87,64.91,61.47
174,1899585,22387,22468,37:17.7,37:25.8,37,17,8.1,1,1,867,left_to_right,Wellington P FC,2,True,False,False,create,1,medium_block,9,-19.89,22.6,1,wide_left,1,defensive_third,False,21.7,9.95,2,half_space_left,3,attacking_third,False,58.73,48.31,50.14,61.95,43.86,31.08,61.41,53.63
175,1899585,22468,22481,37:25.8,37:27.1,37,25,1.3,1,2,4177,right_to_left,Auckland FC,1,True,False,False,chaotic,5,chaotic,5,-22.14,-9.58,4,half_space_right,1,defensive_third,False,-18.48,-15.46,4,half_space_right,1,defensive_third,False,30.76,29.76,53.61,53.19,48.01,43.98,62.29,64.32
176,1899585,22481,22511,37:27.1,37:30.1,37,27,3.0,1,1,867,left_to_right,Wellington P FC,2,True,False,False,chaotic,5,chaotic,5,18.41,15.7,2,half_space_left,3,attacking_third,False,18.55,19.95,2,half_space_left,3,attacking_third,False,43.69,44.9,64.3,62.61,29.67,28.27,53.11,51.47
177,1899585,22511,22526,37:30.1,37:31.6,37,30,1.5,1,2,4177,right_to_left,Auckland FC,1,False,False,False,create,1,medium_block,9,-18.53,-20.23,5,wide_right,1,defensive_third,False,-19.86,-20.21,5,wide_right,1,defensive_third,False,28.31,29.55,51.44,51.2,44.85,41.03,62.6,62.08
178,1899585,22526,22553,37:31.6,37:34.3,37,31,2.7,1,2,4177,right_to_left,Auckland FC,1,False,False,False,build_up,0,high_block,10,-20.72,-19.91,4,half_space_right,1,defensive_third,False,-20.03,-22.93,5,wide_right,1,defensive_third,False,29.72,39.74,51.2,52.32,40.75,38.63,62.03,62.13
179,1899585,22553,22576,37:34.3,37:36.6,37,34,2.3,1,2,4177,right_to_left,Auckland FC,2,True,False,False,create,1,medium_block,9,-19.68,-23.2,5,wide_right,1,defensive_third,False,-18.2,-31.88,5,wide_right,1,defensive_third,False,40.1,42.66,52.37,53.56,38.88,46.75,62.14,61.63
180,1899585,22576,22637,37:36.6,37:42.7,37,36,6.1,1,1,867,left_to_right,Wellington P FC,1,False,False,False,chaotic,5,chaotic,5,17.55,31.64,1,wide_left,3,attacking_third,False,28.11,32.05,1,wide_left,3,attacking_third,False,46.95,44.39,61.6,63.22,42.51,42.18,53.59,51.17
181,1899585,22683,22725,37:47.3,37:51.5,37,47,4.2,1,1,867,left_to_right,Wellington P FC,2,False,False,False,finish,2,low_block,8,24.62,29.75,1,wide_left,3,attacking_third,False,5.41,4.93,3,center,2,middle_third,False,43.67,42.33,65.82,63.24,41.04,37.4,45.66,33.96
182,1899585,22725,22797,37:51.5,37:58.7,37,51,7.2,1,1,867,left_to_right,Wellington P FC,2,True,False,False,create,1,medium_block,9,4.85,4.2,3,center,2,middle_third,False,18.81,1.26,3,center,3,attacking_third,False,42.47,49.99,63.14,56.13,37.38,32.42,33.92,45.22
183,1899585,22797,22921,37:58.7,38:11.1,37,58,12.4,1,2,4177,right_to_left,Auckland FC,5,True,False,False,create,1,medium_block,9,-18.64,-1.44,3,center,1,defensive_third,False,21.3,16.65,2,half_space_left,3,attacking_third,False,32.22,49.87,45.3,57.95,49.89,35.22,56.14,49.98
184,1899585,22921,22953,38:11.1,38:14.3,38,11,3.2,1,1,867,left_to_right,Wellington P FC,1,True,False,False,chaotic,5,chaotic,5,-22.36,-17.12,4,half_space_right,1,defensive_third,False,-27.11,-28.5,5,wide_right,1,defensive_third,False,35.14,39.19,50.12,51.97,49.65,43.55,58.46,69.19
185,1899585,23147,23227,38:33.7,38:41.7,38,33,8.0,1,2,4177,right_to_left,Auckland FC,5,False,False,False,finish,2,low_block,8,29.56,34.96,1,wide_left,3,attacking_third,False,-29.82,-11.02,4,half_space_right,1,defensive_third,False,39.75,26.89,65.04,38.2,29.71,31.74,37.33,66.09
186,1899585,23227,23265,38:41.7,38:45.5,38,41,3.8,1,2,4177,right_to_left,Auckland FC,2,True,False,True,quick_break,3,defending_quick_break,12,29.81,10.78,2,half_space_left,3,attacking_third,False,48.47,6.22,3,center,3,attacking_third,True,31.65,28.94,65.88,73.54,26.69,21.57,38.23,38.92
187,1899585,23265,23502,38:45.5,39:09.2,38,45,23.7,1,1,867,left_to_right,Wellington P FC,3,False,False,False,build_up,0,high_block,10,-48.95,-5.44,3,center,1,defensive_third,False,-31.8,-28.22,5,wide_right,1,defensive_third,False,21.57,56.93,38.9,48.66,28.94,46.1,73.88,63.72
188,1899585,23502,23548,39:09.2,39:13.8,39,9,4.6,1,1,867,left_to_right,Wellington P FC,1,True,False,False,direct,6,defending_direct,15,-31.48,-28.41,5,wide_right,1,defensive_third,False,25.02,-10.64,4,half_space_right,3,attacking_third,False,57.15,42.11,48.76,65.49,46.13,40.83,63.71,58.02
189,1899585,23548,23838,39:13.8,39:42.8,39,13,29.0,1,2,4177,right_to_left,Auckland FC,6,True,False,False,build_up,0,high_block,10,-25.78,10.19,2,half_space_left,1,defensive_third,False,-24.46,27.49,1,wide_left,1,defensive_third,False,40.78,63.9,57.91,49.75,41.9,42.94,66.12,68.14
190,1899585,23920,23930,39:51.0,39:52.0,39,51,1.0,1,1,867,left_to_right,Wellington P FC,2,False,False,False,finish,2,low_block,8,13.74,-31.24,5,wide_right,2,middle_third,False,13.53,-28.45,5,wide_right,2,middle_third,False,45.71,44.1,64.47,63.76,37.9,35.15,47.7,47.03
191,1899585,23930,23995,39:52.0,39:58.5,39,52,6.5,1,1,867,left_to_right,Wellington P FC,4,False,False,False,create,1,medium_block,9,13.62,-28.33,5,wide_right,2,middle_third,False,7.45,19.89,2,half_space_left,2,middle_third,False,43.91,54.59,63.66,58.95,34.87,34.74,46.91,46.54
192,1899585,23995,24071,39:58.5,40:06.1,39,58,7.6,1,1,867,left_to_right,Wellington P FC,3,True,False,False,finish,2,low_block,8,7.81,20.07,2,half_space_left,2,middle_third,False,41.09,18.82,2,half_space_left,3,attacking_third,True,54.58,37.92,58.88,70.59,34.98,29.8,46.55,43.0
193,1899585,24071,24081,40:06.1,40:07.1,40,6,1.0,1,2,4177,right_to_left,Auckland FC,1,True,False,False,chaotic,5,chaotic,5,-41.21,-18.51,4,half_space_right,1,defensive_third,False,-46.72,-18.54,4,half_space_right,1,defensive_third,False,29.57,29.22,42.92,42.4,37.81,37.05,70.42,69.09
194,1899585,24198,24292,40:18.8,40:28.2,40,18,9.4,1,1,867,left_to_right,Wellington P FC,4,True,False,False,set_play,7,defending_set_play,13,29.85,24.9,1,wide_left,3,attacking_third,False,40.96,6.78,3,center,3,attacking_third,True,38.11,38.21,71.94,62.08,22.69,27.54,29.74,29.22
195,1899585,24645,24713,41:03.5,41:10.3,41,3,6.8,1,2,4177,right_to_left,Auckland FC,1,True,False,False,direct,6,defending_direct,15,,,2,half_space_left,2,middle_third,False,21.56,-11.04,4,half_space_right,3,attacking_third,False,,27.32,,62.24,,35.56,,50.16
196,1899585,24713,24751,41:10.3,41:14.1,41,10,3.8,1,1,867,left_to_right,Wellington P FC,1,False,False,True,create,1,medium_block,9,-21.81,11.61,2,half_space_left,1,defensive_third,False,-18.84,21.52,1,wide_left,1,defensive_third,False,36.28,48.95,50.26,52.72,27.61,40.1,62.22,58.26
197,1899585,24751,24854,41:14.1,41:24.4,41,14,10.3,1,1,867,left_to_right,Wellington P FC,4,False,False,True,build_up,0,high_block,10,-20.12,20.63,1,wide_left,1,defensive_third,False,-20.38,13.48,2,half_space_left,1,defensive_third,False,48.9,59.32,52.67,55.26,40.0,39.67,58.25,74.62
198,1899585,24854,24949,41:24.4,41:33.9,41,24,9.5,1,1,867,left_to_right,Wellington P FC,3,False,False,True,create,1,medium_block,9,-19.76,13.5,2,half_space_left,1,defensive_third,False,12.35,-30.19,5,wide_right,2,middle_third,False,59.18,51.87,55.47,64.73,39.54,39.65,74.51,55.89
199,1899585,24949,25068,41:33.9,41:45.8,41,33,11.9,1,1,867,left_to_right,Wellington P FC,5,True,False,True,finish,2,low_block,8,12.35,-30.22,5,wide_right,2,middle_third,False,48.63,0.58,3,center,3,attacking_third,True,51.94,42.24,64.82,73.56,39.54,20.23,55.58,41.88
200,1899585,25416,25474,42:20.6,42:26.4,42,20,5.8,1,2,4177,right_to_left,Auckland FC,1,True,False,False,direct,6,defending_direct,15,-44.06,9.18,2,half_space_left,1,defensive_third,False,30.72,18.06,2,half_space_left,3,attacking_third,False,24.22,21.69,59.66,74.16,25.01,22.83,41.82,45.76
201,1899585,25474,25487,42:26.4,42:27.7,42,26,1.3,1,1,867,left_to_right,Wellington P FC,1,True,False,False,chaotic,5,chaotic,5,-31.01,-17.93,4,half_space_right,1,defensive_third,False,-24.84,-13.16,4,half_space_right,1,defensive_third,False,22.9,24.0,45.78,45.91,21.78,23.4,74.48,76.18
202,1899585,25487,25564,42:27.7,42:35.4,42,27,7.7,1,2,4177,right_to_left,Auckland FC,2,True,False,False,finish,2,low_block,8,24.36,12.54,2,half_space_left,3,attacking_third,False,42.58,-11.84,4,half_space_right,3,attacking_third,True,23.65,35.14,76.07,80.98,24.11,37.39,45.91,45.19
203,1899585,25564,25607,42:35.4,42:39.7,42,35,4.3,1,1,867,left_to_right,Wellington P FC,1,True,False,False,chaotic,5,chaotic,5,-41.91,12.18,2,half_space_left,1,defensive_third,False,-23.55,26.03,1,wide_left,1,defensive_third,False,37.68,43.42,45.13,43.0,34.74,44.45,80.91,74.78
204,1899585,25607,25617,42:39.7,42:40.7,42,39,1.0,1,2,4177,right_to_left,Auckland FC,1,False,False,False,chaotic,5,chaotic,5,23.82,-26.33,5,wide_right,3,attacking_third,False,32.19,-29.66,5,wide_right,3,attacking_third,False,44.95,48.65,74.63,73.51,43.89,48.71,42.96,42.71
205,1899585,26161,26268,43:35.1,43:45.8,43,35,10.7,1,2,4177,right_to_left,Auckland FC,4,False,False,False,set_play,7,defending_set_play,13,32.46,-31.8,5,wide_right,3,attacking_third,False,27.35,20.21,1,wide_left,3,attacking_third,False,44.63,24.66,67.32,61.63,32.38,31.72,12.3,30.45
206,1899585,26455,26488,44:04.5,44:07.8,44,4,3.3,1,2,4177,right_to_left,Auckland FC,2,True,False,False,chaotic,5,chaotic,5,37.27,31.31,1,wide_left,3,attacking_third,False,38.86,9.67,2,half_space_left,3,attacking_third,True,39.54,34.34,66.33,66.98,34.05,29.99,16.73,21.31
207,1899585,26488,26517,44:07.8,44:10.7,44,7,2.9,1,1,867,left_to_right,Wellington P FC,2,True,False,False,chaotic,5,chaotic,5,-38.6,-9.65,4,half_space_right,1,defensive_third,False,-31.87,-24.48,5,wide_right,1,defensive_third,False,29.72,26.16,21.62,28.77,34.04,25.18,66.96,62.66
208,1899585,26517,26547,44:10.7,44:13.7,44,10,3.0,1,2,4177,right_to_left,Auckland FC,3,True,False,False,finish,2,low_block,8,31.61,24.76,1,wide_left,3,attacking_third,False,29.95,22.95,1,wide_left,3,attacking_third,False,24.99,25.99,62.61,60.64,26.46,27.23,28.91,28.33
209,1899585,26547,26606,44:13.7,44:19.6,44,13,5.9,1,1,867,left_to_right,Wellington P FC,4,True,False,False,build_up,0,high_block,10,-29.92,-22.27,5,wide_right,1,defensive_third,False,-22.45,-27.58,5,wide_right,1,defensive_third,False,27.26,30.91,28.3,34.71,26.3,25.82,60.75,55.6
210,1899585,26606,26702,44:19.6,44:29.2,44,19,9.6,1,2,4177,right_to_left,Auckland FC,2,True,False,True,quick_break,3,defending_quick_break,12,21.97,27.89,1,wide_left,3,attacking_third,False,41.87,3.89,3,center,3,attacking_third,True,26.23,32.75,55.67,65.94,31.18,29.0,35.42,46.12
211,1899585,27017,27061,45:00.7,45:05.1,45,0,4.4,1,1,867,left_to_right,Wellington P FC,1,True,False,False,direct,6,defending_direct,15,-44.67,-9.48,4,half_space_right,1,defensive_third,False,-0.33,-9.75,4,half_space_right,2,middle_third,False,30.26,28.82,55.49,61.35,24.38,24.09,47.31,46.11
212,1899585,27061,27187,45:05.1,45:17.7,45,5,12.6,1,2,4177,right_to_left,Auckland FC,5,False,False,True,create,1,medium_block,9,0.6,9.63,2,half_space_left,2,middle_third,False,14.43,30.55,1,wide_left,2,middle_third,False,24.22,48.23,46.12,59.27,28.77,31.99,61.19,42.75
213,1899585,27187,27310,45:17.7,45:30.0,45,17,12.3,1,2,4177,right_to_left,Auckland FC,4,True,False,True,finish,2,low_block,8,14.72,30.58,1,wide_left,2,middle_third,False,52.78,7.76,3,center,3,attacking_third,False,48.32,42.09,59.36,72.71,31.81,26.91,42.36,21.95
214,1899585,27581,27641,45:57.1,46:03.1,45,57,6.0,1,1,867,left_to_right,Wellington P FC,1,True,False,False,direct,6,defending_direct,15,-45.57,-8.17,3,center,1,defensive_third,False,-4.65,-28.74,5,wide_right,2,middle_third,False,29.35,25.74,51.12,57.49,24.91,27.71,46.96,48.4
215,1899585,27641,27765,46:03.1,46:15.5,46,3,12.4,1,2,4177,right_to_left,Auckland FC,5,False,False,True,quick_break,3,defending_quick_break,12,5.01,29.13,1,wide_left,2,middle_third,False,46.34,4.64,3,center,3,attacking_third,True,27.8,31.71,48.74,74.82,25.86,27.95,57.37,44.06
216,1899585,28231,28256,47:02.1,47:04.6,47,2,2.5,1,2,4177,right_to_left,Auckland FC,2,True,False,True,set_play,7,defending_set_play,13,51.59,-31.66,5,wide_right,3,attacking_third,False,43.32,4.27,3,center,3,attacking_third,True,36.79,33.25,75.6,72.22,30.85,26.92,10.76,14.1
217,1899585,28427,28477,47:21.7,47:26.7,47,21,5.0,1,1,867,left_to_right,Wellington P FC,2,False,False,False,build_up,0,high_block,10,-46.19,-5.43,3,center,1,defensive_third,False,-20.16,-3.53,3,center,1,defensive_third,False,48.05,49.3,40.91,44.78,35.0,34.83,67.9,71.77
218,1899585,28477,28499,47:26.7,47:28.9,47,26,2.2,1,1,867,left_to_right,Wellington P FC,1,False,False,False,create,1,medium_block,9,-19.47,-2.89,3,center,1,defensive_third,False,-19.86,10.12,2,half_space_left,1,defensive_third,False,48.99,46.1,44.97,48.5,34.7,33.1,71.58,68.81
219,1899585,28499,28527,47:28.9,47:31.7,47,28,2.8,1,1,867,left_to_right,Wellington P FC,1,False,False,False,build_up,0,high_block,10,-20.6,10.73,2,half_space_left,1,defensive_third,False,-20.02,20.41,1,wide_left,1,defensive_third,False,45.92,43.11,48.6,50.66,33.02,33.96,68.68,64.37
220,1899585,28527,28551,47:31.7,47:34.1,47,31,2.4,1,1,867,left_to_right,Wellington P FC,1,False,False,False,create,1,medium_block,9,-19.12,20.55,1,wide_left,1,defensive_third,False,-19.77,25.42,1,wide_left,1,defensive_third,False,43.11,47.58,50.73,50.91,34.09,36.99,64.25,62.72
221,1899585,28551,28647,47:34.1,47:43.7,47,34,9.6,1,1,867,left_to_right,Wellington P FC,3,False,False,False,build_up,0,high_block,10,-20.4,25.59,1,wide_left,1,defensive_third,False,-21.55,-20.7,5,wide_right,1,defensive_third,False,47.73,57.56,50.89,46.29,36.79,44.38,62.54,69.54
222,1899585,28647,28714,47:43.7,47:50.4,47,43,6.7,1,1,867,left_to_right,Wellington P FC,2,False,False,False,create,1,medium_block,9,-19.84,-20.3,5,wide_right,1,defensive_third,False,16.87,8.17,3,center,2,middle_third,False,57.46,45.13,46.32,64.91,44.17,29.89,69.33,61.13
223,1899585,28714,28751,47:50.4,47:54.1,47,50,3.7,1,1,867,left_to_right,Wellington P FC,1,True,False,False,finish,2,low_block,8,17.78,8.33,3,center,3,attacking_third,False,44.67,13.1,2,half_space_left,3,attacking_third,True,44.75,36.88,65.29,78.07,29.68,26.52,60.92,49.55
224,1899585,28751,28761,47:54.1,47:55.1,47,54,1.0,1,2,4177,right_to_left,Auckland FC,1,True,False,False,chaotic,5,chaotic,5,-44.79,-13.61,4,half_space_right,1,defensive_third,False,-38.45,-21.96,5,wide_right,1,defensive_third,False,26.64,28.18,49.26,46.12,36.82,36.36,78.41,81.14
225,1899585,28902,28933,48:09.2,48:12.3,48,9,3.1,1,1,867,left_to_right,Wellington P FC,1,True,False,False,chaotic,5,chaotic,5,,,2,half_space_left,2,middle_third,False,40.31,31.66,1,wide_left,3,attacking_third,False,,43.64,,70.98,,36.02,,30.36
226,1899585,28933,28950,48:12.3,48:14.0,48,12,1.7,1,2,4177,right_to_left,Auckland FC,1,True,False,False,chaotic,5,chaotic,5,-40.02,-31.69,5,wide_right,1,defensive_third,False,-30.92,-26.68,5,wide_right,1,defensive_third,False,36.28,38.01,30.32,30.06,43.63,44.16,70.97,70.16
227,1899585,28950,28975,48:14.0,48:16.5,48,14,2.5,1,1,867,left_to_right,Wellington P FC,1,False,False,False,chaotic,5,chaotic,5,30.63,26.44,1,wide_left,3,attacking_third,False,32.57,24.26,1,wide_left,3,attacking_third,False,44.19,44.56,70.08,69.31,38.0,35.94,30.04,27.75
228,1899585,29504,29514,49:09.4,49:10.4,49,9,1.0,1,1,867,left_to_right,Wellington P FC,1,False,False,False,set_play,7,defending_set_play,13,40.2,31.86,1,wide_left,3,attacking_third,False,42.3,13.96,2,half_space_left,3,attacking_third,True,40.85,40.61,60.94,62.09,31.15,30.11,31.91,32.8
229,1899585,29596,29772,49:18.6,49:36.2,49,18,17.6,1,1,867,left_to_right,Wellington P FC,1,False,False,False,create,1,medium_block,9,-1.3,8.48,3,center,2,middle_third,False,-0.15,0.33,3,center,2,middle_third,False,51.05,42.02,56.08,39.17,31.71,52.95,43.63,38.07
230,1899585,29772,29826,45:00.2,45:05.6,0,0,5.4,2,1,4177,left_to_right,Auckland FC,3,True,False,False,create,1,medium_block,9,-0.24,-0.64,3,center,2,middle_third,False,16.45,19.42,2,half_space_left,2,middle_third,False,53.1,43.23,38.32,56.57,42.04,39.3,39.54,51.05
231,1899585,29826,29871,45:05.6,45:10.1,0,5,4.5,2,2,867,right_to_left,Wellington P FC,1,True,False,False,chaotic,5,chaotic,5,-17.17,-19.75,4,half_space_right,2,middle_third,False,-15.05,-9.52,4,half_space_right,2,middle_third,False,39.36,34.14,50.96,39.75,42.72,31.21,57.03,63.21
232,1899585,29871,30063,45:10.1,45:29.3,0,10,19.2,2,1,4177,left_to_right,Auckland FC,7,False,False,False,finish,2,low_block,8,14.92,9.31,2,half_space_left,2,middle_third,False,5.16,-7.71,3,center,2,middle_third,False,31.02,60.21,63.04,58.71,33.94,42.66,39.45,36.01
233,1899585,30063,30207,45:29.3,45:43.7,0,29,14.4,2,1,4177,left_to_right,Auckland FC,3,True,False,False,create,1,medium_block,9,4.59,-8.12,3,center,2,middle_third,False,19.86,-11.91,4,half_space_right,3,attacking_third,False,60.51,44.0,58.67,58.19,42.87,38.16,36.37,47.99
234,1899585,30207,30239,45:43.7,45:46.9,0,43,3.2,2,2,867,right_to_left,Wellington P FC,2,True,False,False,chaotic,5,chaotic,5,-19.91,12.83,2,half_space_left,1,defensive_third,False,7.89,21.06,1,wide_left,2,middle_third,False,38.59,51.78,48.01,53.82,43.78,41.63,58.21,59.11
235,1899585,30239,30368,45:46.9,45:59.8,0,46,12.9,2,1,4177,left_to_right,Auckland FC,5,False,False,False,create,1,medium_block,9,-8.57,-21.08,5,wide_right,2,middle_third,False,6.67,-2.98,3,center,2,middle_third,False,41.46,49.78,59.13,55.99,51.79,25.63,54.06,47.14
236,1899585,30368,30456,45:59.8,46:08.6,0,59,8.8,2,1,4177,left_to_right,Auckland FC,3,True,False,False,finish,2,low_block,8,6.31,-3.37,3,center,2,middle_third,False,27.76,-18.98,4,half_space_right,3,attacking_third,False,49.9,54.96,56.08,63.84,25.55,38.47,46.87,35.68
237,1899585,30456,30514,46:08.6,46:14.4,1,8,5.8,2,2,867,right_to_left,Wellington P FC,3,False,False,False,chaotic,5,chaotic,5,-27.79,17.9,2,half_space_left,1,defensive_third,False,-23.2,35.43,1,wide_left,1,defensive_third,False,38.31,37.87,35.67,36.41,54.83,45.04,63.96,62.69
238,1899585,30703,30730,46:33.3,46:36.0,1,33,2.7,2,2,867,right_to_left,Wellington P FC,3,False,False,False,create,1,medium_block,9,-16.75,34.04,1,wide_left,2,middle_third,False,-19.99,29.29,1,wide_left,1,defensive_third,False,47.21,44.56,44.4,47.72,31.58,31.83,55.36,54.37
239,1899585,30730,30809,46:36.0,46:43.9,1,36,7.9,2,2,867,right_to_left,Wellington P FC,3,False,False,False,build_up,0,high_block,10,-20.3,28.97,1,wide_left,1,defensive_third,False,-20.0,-26.22,5,wide_right,1,defensive_third,False,44.5,49.02,47.81,50.18,31.74,35.33,54.25,57.67
240,1899585,30809,30836,46:43.9,46:46.6,1,43,2.7,2,2,867,right_to_left,Wellington P FC,1,False,False,False,create,1,medium_block,9,-19.55,-26.26,5,wide_right,1,defensive_third,False,-19.99,-21.51,5,wide_right,1,defensive_third,False,48.9,46.88,50.23,52.35,35.26,33.99,57.37,52.95
241,1899585,30836,30889,46:46.6,46:51.9,1,46,5.3,2,2,867,right_to_left,Wellington P FC,2,False,False,False,build_up,0,high_block,10,-20.99,-20.35,5,wide_right,1,defensive_third,False,-27.26,3.47,3,center,1,defensive_third,False,46.89,47.41,52.54,52.17,34.2,34.25,52.98,55.2
242,1899585,30889,30923,46:51.9,46:55.3,1,51,3.4,2,2,867,right_to_left,Wellington P FC,1,True,False,False,direct,6,defending_direct,15,-27.04,3.23,3,center,1,defensive_third,False,25.87,-15.34,4,half_space_right,3,attacking_third,False,47.45,45.0,52.23,65.99,34.29,34.02,55.28,59.61
243,1899585,31110,31175,47:14.0,47:20.5,2,14,6.5,2,1,4177,left_to_right,Auckland FC,4,False,False,False,build_up,0,high_block,10,,,2,half_space_left,2,middle_third,False,-42.47,-1.42,3,center,1,defensive_third,False,,60.88,,42.76,,38.35,,74.09
244,1899585,31175,31228,47:20.5,47:25.8,2,20,5.3,2,1,4177,left_to_right,Auckland FC,1,True,False,False,direct,6,defending_direct,15,-42.02,-1.77,3,center,1,defensive_third,False,9.29,-13.66,4,half_space_right,2,middle_third,False,60.78,40.94,42.64,56.07,38.4,28.96,74.09,65.51
245,1899585,31228,31341,47:25.8,47:37.1,2,25,11.3,2,2,867,right_to_left,Wellington P FC,4,True,False,True,transition,4,defending_transition,11,-9.19,13.57,2,half_space_left,2,middle_third,False,48.46,1.48,3,center,3,attacking_third,True,28.69,36.43,65.25,78.86,40.65,25.08,55.99,50.89
246,1899585,31600,31722,48:03.0,48:15.2,3,3,12.2,2,1,4177,left_to_right,Auckland FC,6,True,False,False,build_up,0,high_block,10,,,2,half_space_left,2,middle_third,False,-23.01,-16.24,4,half_space_right,1,defensive_third,False,,41.24,,45.0,,42.63,,67.0
247,1899585,31722,31728,48:15.2,48:15.8,3,15,0.6,2,2,867,right_to_left,Wellington P FC,1,True,False,False,chaotic,5,chaotic,5,22.83,15.73,2,half_space_left,3,attacking_third,False,25.93,16.15,2,half_space_left,3,attacking_third,False,42.59,42.35,66.85,66.02,40.85,38.83,44.99,45.01
248,1899585,31728,31752,48:15.8,48:18.2,3,15,2.4,2,1,4177,left_to_right,Auckland FC,2,False,False,False,build_up,0,high_block,10,-26.4,-16.05,4,half_space_right,1,defensive_third,False,-20.33,-15.07,4,half_space_right,1,defensive_third,False,38.41,33.76,44.99,42.49,42.29,37.37,65.84,62.58
249,1899585,31752,31798,48:18.2,48:22.8,3,18,4.6,2,1,4177,left_to_right,Auckland FC,2,True,False,False,create,1,medium_block,9,-19.42,-15.73,4,half_space_right,1,defensive_third,False,-13.67,-21.04,5,wide_right,2,middle_third,False,33.89,30.5,42.36,37.96,37.1,29.34,62.44,62.0
250,1899585,31798,31851,48:22.8,48:28.1,3,22,5.3,2,2,867,right_to_left,Wellington P FC,2,True,False,False,finish,2,low_block,8,13.47,20.65,1,wide_left,2,middle_third,False,23.02,3.56,3,center,3,attacking_third,False,29.57,40.96,62.16,64.43,30.42,24.64,38.1,41.41
251,1899585,32057,32101,48:48.7,48:53.1,3,48,4.4,2,1,4177,left_to_right,Auckland FC,2,False,False,False,build_up,0,high_block,10,,,2,half_space_left,2,middle_third,False,-21.12,18.8,2,half_space_left,1,defensive_third,False,,60.42,,45.07,,42.46,,65.8
252,1899585,32101,32179,48:53.1,49:00.9,3,53,7.8,2,1,4177,left_to_right,Auckland FC,4,False,False,False,create,1,medium_block,9,-19.67,18.99,2,half_space_left,1,defensive_third,False,6.96,-9.18,4,half_space_right,2,middle_third,False,60.18,50.59,45.12,58.35,42.53,32.61,65.64,51.65
253,1899585,32413,32422,49:24.3,49:25.2,4,24,0.9,2,1,4177,left_to_right,Auckland FC,1,False,False,False,direct,6,defending_direct,15,,,2,half_space_left,2,middle_third,False,,,2,half_space_left,2,middle_third,False,,,,,,,,
254,1899585,32422,32521,49:25.2,49:35.1,4,25,9.9,2,1,4177,left_to_right,Auckland FC,5,True,False,False,finish,2,low_block,8,23.51,30.23,1,wide_left,3,attacking_third,False,23.24,9.86,2,half_space_left,3,attacking_third,False,58.5,52.05,61.46,66.31,41.79,35.21,37.8,30.35
255,1899585,32521,32567,49:35.1,49:39.7,4,35,4.6,2,2,867,right_to_left,Wellington P FC,2,True,False,False,chaotic,5,chaotic,5,-23.3,-9.38,4,half_space_right,1,defensive_third,False,-1.23,-25.35,5,wide_right,2,middle_third,False,35.1,34.96,30.32,52.96,51.8,34.84,66.16,64.58
256,1899585,32567,32637,49:39.7,49:46.7,4,39,7.0,2,1,4177,left_to_right,Auckland FC,2,False,False,False,create,1,medium_block,9,0.46,25.49,1,wide_left,2,middle_third,False,17.1,21.16,1,wide_left,2,middle_third,False,34.58,40.16,64.51,61.62,34.95,29.87,53.53,59.14
257,1899585,32637,32724,49:46.7,49:55.4,4,46,8.7,2,1,4177,left_to_right,Auckland FC,3,False,False,False,finish,2,low_block,8,17.42,21.42,1,wide_left,3,attacking_third,False,31.68,3.48,3,center,3,attacking_third,False,39.98,31.23,61.91,70.16,29.86,25.92,58.82,32.71
258,1899585,33643,33843,51:27.3,51:47.3,6,27,20.0,2,1,4177,left_to_right,Auckland FC,1,False,False,False,set_play,7,defending_set_play,13,32.67,9.36,2,half_space_left,3,attacking_third,False,,,2,half_space_left,2,middle_third,False,21.83,,58.91,,12.7,,13.7,
259,1899585,33843,33872,51:47.3,51:50.2,6,47,2.9,2,1,4177,left_to_right,Auckland FC,0,True,False,False,create,1,medium_block,9,,,2,half_space_left,2,middle_third,False,47.86,0.1,3,center,3,attacking_third,True,,40.68,,70.85,,54.57,,41.46
260,1899585,33872,33901,51:50.2,51:53.1,6,50,2.9,2,2,867,right_to_left,Wellington P FC,2,True,False,False,chaotic,5,chaotic,5,-48.06,0.03,3,center,1,defensive_third,False,-48.67,-16.86,4,half_space_right,1,defensive_third,False,54.57,55.19,41.6,44.91,40.75,44.78,71.15,78.1
261,1899585,33901,34083,51:53.1,52:11.3,6,53,18.2,2,1,4177,left_to_right,Auckland FC,3,True,False,False,finish,2,low_block,8,49.26,17.04,2,half_space_left,3,attacking_third,True,39.84,-15.15,4,half_space_right,3,attacking_third,True,45.0,33.09,78.11,76.95,55.24,33.25,44.86,46.46
262,1899585,34083,34127,52:11.3,52:15.7,7,11,4.4,2,2,867,right_to_left,Wellington P FC,2,False,False,False,build_up,0,high_block,10,-39.12,15.39,2,half_space_left,1,defensive_third,False,-20.64,17.44,2,half_space_left,1,defensive_third,False,33.71,38.23,46.48,49.95,33.55,46.38,76.7,72.89
263,1899585,34127,34154,52:15.7,52:18.4,7,15,2.7,2,2,867,right_to_left,Wellington P FC,1,True,False,False,create,1,medium_block,9,-19.86,17.3,2,half_space_left,1,defensive_third,False,-0.64,20.73,1,wide_left,2,middle_third,False,38.07,31.08,50.05,53.78,46.3,38.19,72.79,68.72
264,1899585,34154,34194,52:18.4,52:22.4,7,18,4.0,2,1,4177,left_to_right,Auckland FC,1,False,False,False,chaotic,5,chaotic,5,0.07,-21.12,5,wide_right,2,middle_third,False,17.16,-30.74,5,wide_right,2,middle_third,False,37.76,35.21,68.54,60.36,30.83,36.88,53.91,54.72
265,1899585,35144,35286,53:57.4,54:11.6,8,57,14.2,2,1,4177,left_to_right,Auckland FC,7,True,False,False,set_play,7,defending_set_play,13,20.42,-31.05,5,wide_right,3,attacking_third,False,44.68,-26.87,5,wide_right,3,attacking_third,False,38.31,37.59,63.95,67.97,32.17,30.5,22.92,26.21
266,1899585,35286,35324,54:11.6,54:15.4,9,11,3.8,2,2,867,right_to_left,Wellington P FC,2,True,False,False,chaotic,5,chaotic,5,-44.84,26.93,1,wide_left,1,defensive_third,False,-47.59,36.2,1,wide_left,1,defensive_third,False,30.48,36.15,26.24,27.08,37.62,37.89,68.45,68.73
267,1899585,35658,35668,54:48.8,54:49.8,9,48,1.0,2,1,4177,left_to_right,Auckland FC,1,False,False,False,chaotic,5,chaotic,5,43.32,-34.98,5,wide_right,3,attacking_third,False,44.9,-26.82,5,wide_right,3,attacking_third,False,36.39,36.14,70.86,70.78,30.98,30.12,15.21,14.67
268,1899585,35803,35821,55:03.3,55:05.1,10,3,1.8,2,1,4177,left_to_right,Auckland FC,2,True,False,False,chaotic,5,chaotic,5,44.95,-32.05,5,wide_right,3,attacking_third,False,42.73,-31.48,5,wide_right,3,attacking_third,False,35.77,34.82,72.14,71.8,29.19,30.27,17.77,21.19
269,1899585,36048,36095,55:27.8,55:32.5,10,27,4.7,2,2,867,right_to_left,Wellington P FC,4,False,False,False,build_up,0,high_block,10,-29.76,34.5,1,wide_left,1,defensive_third,False,-20.09,14.43,2,half_space_left,1,defensive_third,False,33.88,33.24,32.95,34.56,24.44,24.15,65.43,60.77
270,1899585,36095,36210,55:32.5,55:44.0,10,32,11.5,2,2,867,right_to_left,Wellington P FC,4,True,False,False,create,1,medium_block,9,-19.83,14.25,2,half_space_left,1,defensive_third,False,-3.92,-18.43,4,half_space_right,2,middle_third,False,33.3,53.49,34.72,52.67,24.19,36.2,60.66,48.39
271,1899585,36210,36263,55:44.0,55:49.3,10,44,5.3,2,1,4177,left_to_right,Auckland FC,1,False,False,False,create,1,medium_block,9,3.83,18.83,2,half_space_left,2,middle_third,False,23.81,33.4,1,wide_left,3,attacking_third,False,36.16,43.29,48.37,56.2,53.44,52.62,52.63,53.41
272,1899585,36310,36338,55:54.0,55:56.8,10,54,2.8,2,1,4177,left_to_right,Auckland FC,2,False,False,False,finish,2,low_block,8,14.58,32.79,1,wide_left,2,middle_third,False,6.91,26.36,1,wide_left,2,middle_third,False,45.6,44.6,63.22,62.6,43.39,38.22,45.44,39.46
273,1899585,36338,36429,55:56.8,56:05.9,10,56,9.1,2,1,4177,left_to_right,Auckland FC,3,False,False,False,create,1,medium_block,9,5.96,25.68,1,wide_left,2,middle_third,False,11.96,-27.94,5,wide_right,2,middle_third,False,44.63,55.65,62.53,63.49,38.16,49.16,39.52,48.76
274,1899585,36429,36446,56:05.9,56:07.6,11,5,1.7,2,1,4177,left_to_right,Auckland FC,1,False,False,False,finish,2,low_block,8,12.06,-28.23,5,wide_right,2,middle_third,False,5.2,-31.2,5,wide_right,2,middle_third,False,55.59,55.5,63.57,63.94,49.12,50.63,48.88,50.36
275,1899585,36446,36471,56:07.6,56:10.1,11,7,2.5,2,1,4177,left_to_right,Auckland FC,1,True,False,False,create,1,medium_block,9,4.49,-31.18,5,wide_right,2,middle_third,False,-0.6,-23.66,5,wide_right,2,middle_third,False,55.56,51.77,63.86,61.19,50.69,47.58,50.38,50.75
276,1899585,36724,36772,56:35.4,56:40.2,11,35,4.8,2,2,867,right_to_left,Wellington P FC,3,False,False,False,build_up,0,high_block,10,,,2,half_space_left,2,middle_third,False,-27.29,-26.21,5,wide_right,1,defensive_third,False,,50.19,,55.61,,33.81,,58.4
277,1899585,36772,36802,56:40.2,56:43.2,11,40,3.0,2,2,867,right_to_left,Wellington P FC,1,True,False,False,direct,6,defending_direct,15,-27.04,-26.38,5,wide_right,1,defensive_third,False,20.74,-18.82,4,half_space_right,3,attacking_third,False,50.31,45.86,55.73,67.92,34.07,38.84,58.43,62.67
278,1899585,36802,36896,56:43.2,56:52.6,11,43,9.4,2,1,4177,left_to_right,Auckland FC,4,False,False,False,create,1,medium_block,9,-21.31,18.44,2,half_space_left,1,defensive_third,False,15.23,27.8,1,wide_left,2,middle_third,False,38.88,47.4,62.7,62.55,45.63,30.3,68.27,59.66
279,1899585,36896,36947,56:52.6,56:57.7,11,52,5.1,2,1,4177,left_to_right,Auckland FC,2,True,False,False,finish,2,low_block,8,16.5,28.02,1,wide_left,2,middle_third,False,37.37,13.53,2,half_space_left,3,attacking_third,True,47.18,32.58,62.76,74.1,30.19,25.87,59.47,44.46
280,1899585,36947,37035,56:57.7,57:06.5,11,57,8.8,2,2,867,right_to_left,Wellington P FC,3,False,False,False,build_up,0,high_block,10,-37.51,-13.18,4,half_space_right,1,defensive_third,False,-20.29,-22.16,5,wide_right,1,defensive_third,False,25.84,32.33,44.08,36.92,32.37,30.06,74.01,64.31
281,1899585,37035,37040,57:06.5,57:07.0,12,6,0.5,2,2,867,right_to_left,Wellington P FC,0,True,False,False,create,1,medium_block,9,-18.64,-21.77,5,wide_right,1,defensive_third,False,-12.97,-20.57,5,wide_right,2,middle_third,False,32.4,32.97,37.41,39.35,29.99,29.77,64.22,63.81
282,1899585,37040,37056,57:07.0,57:08.6,12,7,1.6,2,1,4177,left_to_right,Auckland FC,1,False,False,True,finish,2,low_block,8,12.14,20.48,1,wide_left,2,middle_third,False,6.1,16.72,2,half_space_left,2,middle_third,False,29.73,31.15,63.7,61.85,33.08,31.83,39.81,43.84
283,1899585,37056,37081,57:08.6,57:11.1,12,8,2.5,2,1,4177,left_to_right,Auckland FC,1,False,False,True,create,1,medium_block,9,5.29,16.02,2,half_space_left,2,middle_third,False,4.83,8.7,3,center,2,middle_third,False,31.48,44.63,61.72,59.3,31.92,32.44,43.97,41.35
284,1899585,37081,37228,57:11.1,57:25.8,12,11,14.7,2,1,4177,left_to_right,Auckland FC,4,True,False,True,finish,2,low_block,8,5.56,8.6,3,center,2,middle_third,False,56.49,9.74,2,half_space_left,3,attacking_third,False,45.12,27.51,59.29,74.63,32.33,26.36,40.98,23.87
285,1899585,37960,37996,58:39.0,58:42.6,13,39,3.6,2,2,867,right_to_left,Wellington P FC,1,True,False,False,direct,6,defending_direct,15,-46.23,-0.91,3,center,1,defensive_third,False,12.3,-0.29,3,center,2,middle_third,False,58.44,51.56,50.36,57.2,45.84,40.64,67.05,61.57
286,1899585,37996,38156,58:42.6,58:58.6,13,42,16.0,2,1,4177,left_to_right,Auckland FC,3,True,False,False,create,1,medium_block,9,-13.02,0.42,3,center,2,middle_third,False,27.28,12.93,2,half_space_left,3,attacking_third,False,40.46,37.76,61.41,64.05,51.33,36.48,57.17,56.66
287,1899585,38156,38220,58:58.6,59:05.0,13,58,6.4,2,2,867,right_to_left,Wellington P FC,2,True,False,False,build_up,0,high_block,10,-28.26,-12.83,4,half_space_right,1,defensive_third,False,-29.84,-32.13,5,wide_right,1,defensive_third,False,36.4,42.18,56.66,52.85,37.42,38.96,64.5,69.27
288,1899585,38296,38321,59:12.6,59:15.1,14,12,2.5,2,1,4177,left_to_right,Auckland FC,2,True,False,False,chaotic,5,chaotic,5,28.48,32.01,1,wide_left,3,attacking_third,False,15.73,27.9,1,wide_left,2,middle_third,False,40.4,40.72,69.42,65.49,32.67,37.11,41.19,38.75
289,1899585,38321,38375,59:15.1,59:20.5,14,15,5.4,2,2,867,right_to_left,Wellington P FC,1,False,False,True,create,1,medium_block,9,-15.18,-27.66,5,wide_right,2,middle_third,False,22.4,-29.01,5,wide_right,3,attacking_third,False,37.18,37.92,38.92,67.68,40.72,34.59,65.5,66.38
290,1899585,38375,38504,59:20.5,59:33.4,14,20,12.9,2,2,867,right_to_left,Wellington P FC,4,True,False,True,finish,2,low_block,8,22.87,-29.11,5,wide_right,3,attacking_third,False,36.98,-2.45,3,center,3,attacking_third,True,38.13,28.64,68.1,71.74,34.42,24.27,66.3,41.14
291,1899585,38952,39072,60:18.2,60:30.2,15,18,12.0,2,1,4177,left_to_right,Auckland FC,3,False,False,False,build_up,0,high_block,10,-46.53,2.38,3,center,1,defensive_third,False,-20.59,-27.91,5,wide_right,1,defensive_third,False,57.58,55.57,46.36,45.96,40.82,36.46,61.05,67.46
292,1899585,39072,39161,60:30.2,60:39.1,15,30,8.9,2,1,4177,left_to_right,Auckland FC,5,True,False,False,create,1,medium_block,9,-19.61,-28.27,5,wide_right,1,defensive_third,False,21.84,0.81,3,center,3,attacking_third,False,55.4,36.5,46.05,58.25,36.5,30.6,67.37,56.12
293,1899585,39161,39239,60:39.1,60:46.9,15,39,7.8,2,2,867,right_to_left,Wellington P FC,3,False,False,False,create,1,medium_block,9,-22.02,-1.23,3,center,1,defensive_third,False,-4.31,-12.73,4,half_space_right,2,middle_third,False,30.44,26.49,55.94,51.04,36.16,24.77,58.51,49.97
294,1899585,39239,39272,60:46.9,60:50.2,15,46,3.3,2,2,867,right_to_left,Wellington P FC,1,True,False,False,direct,6,defending_direct,15,-3.42,-12.63,4,half_space_right,2,middle_third,False,35.88,-1.82,3,center,3,attacking_third,True,26.68,28.15,51.4,68.95,24.55,30.72,50.04,51.4
295,1899585,39272,39401,60:50.2,61:03.1,15,50,12.9,2,1,4177,left_to_right,Auckland FC,2,False,False,False,build_up,0,high_block,10,-36.32,1.56,3,center,1,defensive_third,False,-20.24,-17.85,4,half_space_right,1,defensive_third,False,31.28,63.61,51.24,42.98,28.16,35.66,69.31,65.35
296,1899585,39401,39411,61:03.1,61:04.1,16,3,1.0,2,1,4177,left_to_right,Auckland FC,1,False,False,False,create,1,medium_block,9,-19.27,-17.92,4,half_space_right,1,defensive_third,False,-14.11,-18.02,4,half_space_right,2,middle_third,False,63.46,61.57,42.71,42.16,35.56,34.56,65.26,64.44
297,1899585,39482,39521,61:11.2,61:15.1,16,11,3.9,2,1,4177,left_to_right,Auckland FC,2,False,False,False,create,1,medium_block,9,-8.09,-19.82,4,half_space_right,2,middle_third,False,24.06,-30.01,5,wide_right,3,attacking_third,False,56.78,51.5,48.63,60.49,32.04,32.11,56.11,55.89
298,1899585,39521,39549,61:15.1,61:17.9,16,15,2.8,2,1,4177,left_to_right,Auckland FC,1,False,False,False,finish,2,low_block,8,24.37,-30.02,5,wide_right,3,attacking_third,False,43.35,-10.07,4,half_space_right,3,attacking_third,True,51.23,46.09,60.97,73.11,32.38,34.23,55.76,46.32
299,1899585,40082,40126,62:11.2,62:15.6,17,11,4.4,2,1,4177,left_to_right,Auckland FC,3,True,False,True,set_play,7,defending_set_play,13,50.57,-33.08,5,wide_right,3,attacking_third,False,47.16,-3.18,3,center,3,attacking_third,True,37.25,32.52,68.98,65.96,31.58,30.59,8.98,8.79
300,1899585,40279,40480,62:30.9,62:51.0,17,30,20.1,2,2,867,right_to_left,Wellington P FC,7,False,False,False,build_up,0,high_block,10,,,2,half_space_left,2,middle_third,False,-20.15,-26.43,5,wide_right,1,defensive_third,False,,61.03,,49.27,,43.06,,53.88
301,1899585,40480,40505,62:51.0,62:53.5,17,51,2.5,2,2,867,right_to_left,Wellington P FC,1,False,False,False,create,1,medium_block,9,-19.12,-26.8,5,wide_right,1,defensive_third,False,-19.51,-25.37,5,wide_right,1,defensive_third,False,61.03,58.86,49.35,48.8,43.25,43.4,53.94,53.58
302,1899585,40505,40799,62:53.5,63:22.9,17,53,29.4,2,2,867,right_to_left,Wellington P FC,8,False,False,False,build_up,0,high_block,10,-20.44,-24.98,5,wide_right,1,defensive_third,False,-20.29,19.5,2,half_space_left,1,defensive_third,False,58.87,47.78,48.73,50.24,43.23,35.74,53.57,61.7
303,1899585,40799,40920,63:22.9,63:35.0,18,22,12.1,2,2,867,right_to_left,Wellington P FC,3,True,False,False,create,1,medium_block,9,-19.93,19.4,2,half_space_left,1,defensive_third,False,36.86,-6.17,3,center,3,attacking_third,True,47.84,46.78,50.29,70.7,35.7,34.75,61.52,44.85
304,1899585,40920,40997,63:35.0,63:42.7,18,35,7.7,2,1,4177,left_to_right,Auckland FC,2,False,False,False,build_up,0,high_block,10,-37.37,5.82,3,center,1,defensive_third,False,-20.28,18.34,2,half_space_left,1,defensive_third,False,34.62,43.3,44.52,43.87,46.82,38.46,71.19,59.39
305,1899585,40997,41007,63:42.7,63:43.7,18,42,1.0,2,1,4177,left_to_right,Auckland FC,0,True,False,False,create,1,medium_block,9,-19.96,18.46,2,half_space_left,1,defensive_third,False,-17.74,19.48,2,half_space_left,1,defensive_third,False,43.31,42.0,44.08,44.85,38.13,34.58,59.18,57.73
306,1899585,41007,41028,63:43.7,63:45.8,18,43,2.1,2,2,867,right_to_left,Wellington P FC,2,True,False,False,chaotic,5,chaotic,5,17.64,-19.26,4,half_space_right,3,attacking_third,False,23.82,-12.98,4,half_space_right,3,attacking_third,False,34.64,36.4,57.53,56.63,41.7,32.54,44.85,44.01
307,1899585,41028,41053,63:45.8,63:48.3,18,45,2.5,2,1,4177,left_to_right,Auckland FC,1,True,False,False,chaotic,5,chaotic,5,-24.26,13.23,2,half_space_left,1,defensive_third,False,-22.0,13.78,2,half_space_left,1,defensive_third,False,32.14,32.23,43.97,43.91,36.42,34.08,56.72,63.25
308,1899585,41207,41294,64:03.7,64:12.4,19,3,8.7,2,2,867,right_to_left,Wellington P FC,4,True,False,False,create,1,medium_block,9,-9.31,-10.68,4,half_space_right,2,middle_third,False,19.05,-19.96,4,half_space_right,3,attacking_third,False,51.23,49.13,54.34,55.2,32.32,38.54,42.18,46.47
309,1899585,41294,41325,64:12.4,64:15.5,19,12,3.1,2,1,4177,left_to_right,Auckland FC,1,True,False,False,chaotic,5,chaotic,5,-18.8,19.52,2,half_space_left,1,defensive_third,False,10.98,6.68,3,center,2,middle_third,False,38.41,32.36,46.56,51.11,48.84,44.45,55.05,53.32
310,1899585,41325,41395,64:15.5,64:22.5,19,15,7.0,2,2,867,right_to_left,Wellington P FC,1,False,False,False,create,1,medium_block,9,-11.01,-6.47,3,center,2,middle_third,False,-19.72,-18.63,4,half_space_right,1,defensive_third,False,44.33,41.92,53.25,52.04,32.34,34.61,50.92,52.88
311,1899585,41395,41420,64:22.5,64:25.0,19,22,2.5,2,2,867,right_to_left,Wellington P FC,1,False,False,False,build_up,0,high_block,10,-20.19,-18.09,4,half_space_right,1,defensive_third,False,-21.12,-5.92,3,center,1,defensive_third,False,42.13,45.2,51.99,50.62,34.57,33.65,52.88,59.88
312,1899585,41420,41446,64:25.0,64:27.6,19,25,2.6,2,2,867,right_to_left,Wellington P FC,1,False,False,False,create,1,medium_block,9,-19.95,-4.91,3,center,1,defensive_third,False,-19.84,-1.73,3,center,1,defensive_third,False,45.33,48.83,50.53,49.04,33.59,32.12,60.06,57.43
313,1899585,41446,41541,64:27.6,64:37.1,19,27,9.5,2,2,867,right_to_left,Wellington P FC,1,False,False,False,build_up,0,high_block,10,-20.51,-1.06,3,center,1,defensive_third,False,-21.08,0.28,3,center,1,defensive_third,False,48.89,56.2,49.0,47.07,32.07,31.53,57.18,56.32
314,1899585,41541,41569,64:37.1,64:39.9,19,37,2.8,2,2,867,right_to_left,Wellington P FC,1,True,False,False,create,1,medium_block,9,-19.97,-0.53,3,center,1,defensive_third,False,-0.13,-1.47,3,center,2,middle_third,False,56.22,57.34,47.11,48.35,31.54,31.03,56.24,50.99
315,1899585,41569,41633,64:39.9,64:46.3,19,39,6.4,2,1,4177,left_to_right,Auckland FC,4,True,False,False,create,1,medium_block,9,0.11,1.31,3,center,2,middle_third,False,4.96,9.45,2,half_space_left,2,middle_third,False,31.03,42.15,50.81,52.42,57.29,39.38,48.36,51.55
316,1899585,41633,41680,64:46.3,64:51.0,19,46,4.7,2,2,867,right_to_left,Wellington P FC,2,True,False,False,transition,4,defending_transition,11,-5.22,-9.77,4,half_space_right,2,middle_third,False,22.78,-13.48,4,half_space_right,3,attacking_third,False,39.32,37.27,51.5,61.01,42.24,30.75,52.41,49.46
317,1899585,41680,41714,64:51.0,64:54.4,19,51,3.4,2,1,4177,left_to_right,Auckland FC,2,False,False,False,build_up,0,high_block,10,-23.74,13.01,2,half_space_left,1,defensive_third,False,-20.5,29.27,1,wide_left,1,defensive_third,False,30.39,31.44,49.41,46.73,37.17,37.42,61.38,63.27
318,1899585,41714,41754,64:54.4,64:58.4,19,54,4.0,2,1,4177,left_to_right,Auckland FC,1,True,False,False,create,1,medium_block,9,-19.62,29.9,1,wide_left,1,defensive_third,False,-17.64,28.92,1,wide_left,1,defensive_third,False,31.88,30.88,46.62,43.5,37.71,39.33,63.18,61.78
319,1899585,41754,41780,64:58.4,65:01.0,19,58,2.6,2,2,867,right_to_left,Wellington P FC,1,True,False,False,chaotic,5,chaotic,5,17.77,-28.89,5,wide_right,3,attacking_third,False,17.09,-32.4,5,wide_right,2,middle_third,False,39.08,40.29,61.73,59.99,30.6,33.69,43.46,42.38
320,1899585,41780,41818,65:01.0,65:04.8,20,1,3.8,2,1,4177,left_to_right,Auckland FC,1,True,False,False,chaotic,5,chaotic,5,-17.0,32.44,1,wide_left,2,middle_third,False,-5.32,33.89,1,wide_left,2,middle_third,False,33.91,37.9,42.32,42.27,40.34,40.54,59.93,58.32
321,1899585,41835,41960,65:06.5,65:19.0,20,6,12.5,2,2,867,right_to_left,Wellington P FC,2,False,False,False,create,1,medium_block,9,-0.49,-34.52,5,wide_right,2,middle_third,False,-14.08,-1.19,3,center,2,middle_third,False,43.12,54.55,57.3,51.26,38.9,35.29,43.07,43.85
322,1899585,41960,41996,65:19.0,65:22.6,20,19,3.6,2,2,867,right_to_left,Wellington P FC,1,True,False,False,direct,6,defending_direct,15,-13.68,-1.0,3,center,2,middle_third,False,34.57,17.02,2,half_space_left,3,attacking_third,False,54.1,50.19,51.19,67.87,35.33,33.13,43.77,49.85
323,1899585,41996,42006,65:22.6,65:23.6,20,22,1.0,2,1,4177,left_to_right,Auckland FC,1,True,False,False,chaotic,5,chaotic,5,-35.44,-17.65,4,half_space_right,1,defensive_third,False,-40.95,-25.47,5,wide_right,1,defensive_third,False,33.06,32.19,50.07,50.91,50.06,49.09,68.48,72.98
324,1899585,42180,42181,65:41.0,65:41.1,20,41,0.1,2,2,867,right_to_left,Wellington P FC,1,False,False,False,create,1,medium_block,9,,,2,half_space_left,2,middle_third,False,,,2,half_space_left,2,middle_third,False,,,,,,,,
325,1899585,42181,42216,65:41.1,65:44.6,20,41,3.5,2,2,867,right_to_left,Wellington P FC,1,False,False,False,finish,2,low_block,8,29.48,32.2,1,wide_left,3,attacking_third,False,5.47,24.63,1,wide_left,2,middle_third,False,39.02,44.57,64.92,61.83,29.84,31.55,24.49,29.21
326,1899585,42216,42243,65:44.6,65:47.3,20,44,2.7,2,2,867,right_to_left,Wellington P FC,2,False,False,False,create,1,medium_block,9,5.24,23.65,1,wide_left,2,middle_third,False,4.86,-2.9,3,center,2,middle_third,False,44.85,53.3,61.57,57.74,31.59,32.97,29.44,33.28
327,1899585,42243,42253,65:47.3,65:48.3,20,47,1.0,2,2,867,right_to_left,Wellington P FC,1,False,False,False,finish,2,low_block,8,5.02,-2.97,3,center,2,middle_third,False,5.19,-3.18,3,center,2,middle_third,False,53.59,55.64,57.69,57.2,33.03,33.3,33.32,33.57
328,1899585,42253,42417,65:48.3,66:04.7,20,48,16.4,2,2,867,right_to_left,Wellington P FC,4,True,False,False,create,1,medium_block,9,5.13,-3.14,3,center,2,middle_third,False,42.11,-29.27,5,wide_right,3,attacking_third,False,55.79,44.46,57.17,56.18,33.3,51.09,33.59,54.92
329,1899585,42417,42497,66:04.7,66:12.7,21,4,8.0,2,1,4177,left_to_right,Auckland FC,2,False,False,False,build_up,0,high_block,10,-42.33,29.27,1,wide_left,1,defensive_third,False,-37.95,-13.96,4,half_space_right,1,defensive_third,False,51.23,58.92,54.92,49.47,44.45,44.05,56.29,76.24
330,1899585,42698,42735,66:32.8,66:36.5,21,32,3.7,2,1,4177,left_to_right,Auckland FC,1,True,False,False,direct,6,defending_direct,15,,,2,half_space_left,2,middle_third,False,21.68,-9.08,3,center,3,attacking_third,False,,46.39,,58.26,,40.24,,58.84
331,1899585,42735,42751,66:36.5,66:38.1,21,36,1.6,2,2,867,right_to_left,Wellington P FC,1,True,False,False,chaotic,5,chaotic,5,-21.83,9.57,2,half_space_left,1,defensive_third,False,-6.09,7.75,3,center,2,middle_third,False,40.27,39.03,58.74,57.54,45.78,40.01,58.44,57.36
332,1899585,42751,42793,66:38.1,66:42.3,21,38,4.2,2,1,4177,left_to_right,Auckland FC,1,True,False,False,chaotic,5,chaotic,5,5.84,-7.64,3,center,2,middle_third,False,7.88,-6.71,3,center,2,middle_third,False,39.86,33.62,57.14,54.1,38.87,30.55,57.46,52.7
333,1899585,42793,42855,66:42.3,66:48.5,21,42,6.2,2,2,867,right_to_left,Wellington P FC,2,False,False,False,create,1,medium_block,9,-7.71,6.68,3,center,2,middle_third,False,18.29,-16.99,4,half_space_right,3,attacking_third,False,30.59,31.07,52.56,64.36,33.48,27.87,54.08,48.05
334,1899585,42855,42980,66:48.5,67:01.0,21,48,12.5,2,2,867,right_to_left,Wellington P FC,4,True,False,False,finish,2,low_block,8,18.99,-16.78,4,half_space_right,3,attacking_third,False,36.96,-17.06,4,half_space_right,3,attacking_third,True,31.09,44.86,64.7,70.56,27.79,33.79,47.9,24.04
335,1899585,42980,43138,67:01.0,67:16.8,22,1,15.8,2,1,4177,left_to_right,Auckland FC,5,False,False,True,transition,4,defending_transition,11,-37.35,17.0,2,half_space_left,1,defensive_third,False,34.91,0.05,3,center,3,attacking_third,False,33.55,31.8,24.24,78.91,44.63,39.79,70.77,51.56
336,1899585,43138,43397,67:16.8,67:42.7,22,16,25.9,2,1,4177,left_to_right,Auckland FC,7,True,False,False,finish,2,low_block,8,34.48,-0.62,3,center,3,attacking_third,False,27.64,-19.01,4,half_space_right,3,attacking_third,False,31.76,44.57,79.11,60.49,39.83,29.74,51.19,41.22
337,1899585,43397,43475,67:42.7,67:50.5,22,42,7.8,2,2,867,right_to_left,Wellington P FC,3,True,False,False,create,1,medium_block,9,-27.34,19.07,2,half_space_left,1,defensive_third,False,-3.58,22.97,1,wide_left,2,middle_third,False,29.82,37.11,41.23,48.01,44.21,32.02,60.51,62.59
338,1899585,43475,43524,67:50.5,67:55.4,22,50,4.9,2,1,4177,left_to_right,Auckland FC,2,False,False,False,quick_break,3,defending_quick_break,12,3.63,-23.2,5,wide_right,2,middle_third,False,23.8,-31.61,5,wide_right,3,attacking_third,False,32.3,39.71,62.5,60.56,37.06,32.37,47.94,46.84
339,1899585,44350,44388,69:18.0,69:21.8,24,18,3.8,2,1,4177,left_to_right,Auckland FC,2,True,False,True,set_play,7,defending_set_play,13,21.84,-32.54,5,wide_right,3,attacking_third,False,54.81,3.55,3,center,3,attacking_third,False,38.1,33.29,65.63,76.48,32.59,31.95,20.25,26.74
340,1899585,45118,45267,70:34.8,70:49.7,25,34,14.9,2,2,867,right_to_left,Wellington P FC,6,False,False,False,create,1,medium_block,9,-9.21,-2.7,3,center,2,middle_third,False,-11.21,8.9,3,center,2,middle_third,False,61.13,55.55,46.76,53.3,40.83,36.34,43.3,45.86
341,1899585,45267,45304,70:49.7,70:53.4,25,49,3.7,2,2,867,right_to_left,Wellington P FC,1,True,False,False,direct,6,defending_direct,15,-10.71,9.08,3,center,2,middle_third,False,39.07,22.36,1,wide_left,3,attacking_third,False,55.53,54.07,53.22,70.39,36.27,37.43,45.8,46.7
342,1899585,45304,45314,70:53.4,70:54.4,25,53,1.0,2,1,4177,left_to_right,Auckland FC,1,True,False,False,chaotic,5,chaotic,5,-39.37,-22.62,5,wide_right,1,defensive_third,False,-36.9,-31.28,5,wide_right,1,defensive_third,False,37.4,37.28,46.79,46.55,53.99,53.14,70.93,74.16
343,1899585,45395,45403,71:02.5,71:03.3,26,2,0.8,2,2,867,right_to_left,Wellington P FC,1,True,False,False,chaotic,5,chaotic,5,33.22,28.97,1,wide_left,3,attacking_third,False,30.4,25.23,1,wide_left,3,attacking_third,False,42.21,40.59,68.44,66.91,31.18,30.79,35.78,34.93
344,1899585,45403,45449,71:03.3,71:07.9,26,3,4.6,2,1,4177,left_to_right,Auckland FC,2,True,False,False,chaotic,5,chaotic,5,-30.09,-24.86,5,wide_right,1,defensive_third,False,-21.35,-21.98,5,wide_right,1,defensive_third,False,30.73,32.39,34.88,33.96,40.25,34.39,66.56,61.66
345,1899585,45449,45464,71:07.9,71:09.4,26,7,1.5,2,2,867,right_to_left,Wellington P FC,1,True,False,False,chaotic,5,chaotic,5,20.82,22.07,1,wide_left,3,attacking_third,False,23.93,25.24,1,wide_left,3,attacking_third,False,34.42,34.76,61.66,60.67,32.52,33.31,33.86,33.61
346,1899585,45650,45669,71:28.0,71:29.9,26,28,1.9,2,1,4177,left_to_right,Auckland FC,1,True,False,False,chaotic,5,chaotic,5,,,2,half_space_left,2,middle_third,False,,,2,half_space_left,2,middle_third,False,,,,,,,,
347,1899585,45669,45687,71:29.9,71:31.7,26,29,1.8,2,2,867,right_to_left,Wellington P FC,1,False,False,False,create,1,medium_block,9,-6.27,27.99,1,wide_left,2,middle_third,False,-19.03,22.58,1,wide_left,1,defensive_third,False,25.62,31.44,54.37,54.94,43.8,42.17,45.0,51.68
348,1899585,45687,45917,71:31.7,71:54.7,26,31,23.0,2,2,867,right_to_left,Wellington P FC,9,False,False,False,build_up,0,high_block,10,-20.55,21.29,1,wide_left,1,defensive_third,False,-20.17,-31.18,5,wide_right,1,defensive_third,False,32.05,56.45,54.91,51.9,42.02,50.99,51.9,62.43
349,1899585,45917,45945,71:54.7,71:57.5,26,54,2.8,2,2,867,right_to_left,Wellington P FC,1,False,False,False,direct,6,defending_direct,15,-19.04,-31.12,5,wide_right,1,defensive_third,False,23.02,-27.92,5,wide_right,3,attacking_third,False,56.46,50.1,52.07,64.23,50.86,47.3,62.37,65.32
350,1899585,45945,45953,71:57.5,71:58.3,26,57,0.8,2,2,867,right_to_left,Wellington P FC,1,False,False,False,create,1,medium_block,9,24.29,-27.95,5,wide_right,3,attacking_third,False,28.23,-28.38,5,wide_right,3,attacking_third,False,49.79,47.8,64.77,68.52,47.21,46.51,65.34,64.87
351,1899585,45953,45999,71:58.3,72:02.9,26,58,4.6,2,2,867,right_to_left,Wellington P FC,1,False,False,False,finish,2,low_block,8,28.69,-28.46,5,wide_right,3,attacking_third,False,46.99,-27.0,5,wide_right,3,attacking_third,False,47.65,44.4,69.05,79.1,46.38,40.36,64.76,54.84
352,1899585,46134,46138,72:16.4,72:16.8,27,16,0.4,2,2,867,right_to_left,Wellington P FC,1,False,False,False,create,1,medium_block,9,,,2,half_space_left,2,middle_third,False,,,2,half_space_left,2,middle_third,False,,,,,,,,
353,1899585,46138,46218,72:16.8,72:24.8,27,16,8.0,2,2,867,right_to_left,Wellington P FC,4,True,False,False,finish,2,low_block,8,48.0,-30.43,5,wide_right,3,attacking_third,False,36.89,4.31,3,center,3,attacking_third,True,45.58,35.06,77.08,68.51,32.23,27.24,32.9,32.63
354,1899585,46218,46278,72:24.8,72:30.8,27,24,6.0,2,1,4177,left_to_right,Auckland FC,2,True,False,False,chaotic,5,chaotic,5,-37.22,-4.59,3,center,1,defensive_third,False,-26.0,18.26,2,half_space_left,1,defensive_third,False,27.11,24.36,32.69,35.47,35.0,31.07,68.4,66.3
355,1899585,46278,46518,72:30.8,72:54.8,27,30,24.0,2,2,867,right_to_left,Wellington P FC,8,True,False,True,finish,2,low_block,8,25.64,-18.85,4,half_space_right,3,attacking_third,False,55.43,-2.1,3,center,3,attacking_third,False,31.19,41.8,66.23,79.71,24.69,25.95,35.69,33.14
356,1899585,46790,46806,73:22.0,73:23.6,28,22,1.6,2,1,4177,left_to_right,Auckland FC,1,True,False,False,direct,6,defending_direct,15,,,2,half_space_left,2,middle_third,False,,,2,half_space_left,2,middle_third,False,,,,,,,,
357,1899585,46806,46996,73:23.6,73:42.6,28,23,19.0,2,2,867,right_to_left,Wellington P FC,6,False,False,False,create,1,medium_block,9,-25.36,-21.7,5,wide_right,1,defensive_third,False,12.55,24.48,1,wide_left,2,middle_third,False,44.94,53.13,51.0,53.35,33.6,40.65,51.37,46.64
358,1899585,47098,47183,73:52.8,74:01.3,28,52,8.5,2,2,867,right_to_left,Wellington P FC,4,False,False,False,create,1,medium_block,9,2.03,27.25,1,wide_left,2,middle_third,False,14.57,34.07,1,wide_left,2,middle_third,False,52.67,54.18,55.37,52.18,37.24,42.08,43.18,42.31
359,1899585,47237,47282,74:06.7,74:11.2,29,6,4.5,2,2,867,right_to_left,Wellington P FC,2,False,False,False,chaotic,5,chaotic,5,25.86,33.56,1,wide_left,3,attacking_third,False,52.89,23.97,1,wide_left,3,attacking_third,False,44.76,35.09,61.75,79.75,41.42,30.31,45.67,47.11
360,1899585,47757,47793,74:58.7,75:02.3,29,58,3.6,2,2,867,right_to_left,Wellington P FC,1,True,False,False,set_play,7,defending_set_play,13,50.7,26.44,1,wide_left,3,attacking_third,False,44.15,-12.25,4,half_space_right,3,attacking_third,True,31.79,33.3,66.38,64.18,22.44,27.16,11.01,25.13
361,1899585,47793,47831,75:02.3,75:06.1,30,2,3.8,2,1,4177,left_to_right,Auckland FC,1,True,False,False,chaotic,5,chaotic,5,-44.15,12.91,2,half_space_left,1,defensive_third,False,-31.61,31.76,1,wide_left,1,defensive_third,False,27.56,38.29,25.31,33.99,33.64,47.26,64.16,62.37
362,1899585,47915,48089,75:14.5,75:31.9,30,14,17.4,2,2,867,right_to_left,Wellington P FC,8,True,False,False,create,1,medium_block,9,7.12,-28.3,5,wide_right,2,middle_third,False,18.2,-14.8,4,half_space_right,3,attacking_third,False,41.55,56.04,58.85,57.98,32.55,37.22,35.91,42.96
363,1899585,48393,48423,76:02.3,76:05.3,31,2,3.0,2,1,4177,left_to_right,Auckland FC,1,True,False,False,create,1,medium_block,9,,,2,half_space_left,2,middle_third,False,,,2,half_space_left,2,middle_third,False,,,,,,,,
364,1899585,48423,48479,76:05.3,76:10.9,31,5,5.6,2,2,867,right_to_left,Wellington P FC,2,False,False,False,create,1,medium_block,9,-6.62,25.55,1,wide_left,2,middle_third,False,-17.62,20.28,1,wide_left,1,defensive_third,False,41.8,43.58,48.57,52.66,46.9,38.1,54.07,54.42
365,1899585,48479,48512,76:10.9,76:14.2,31,10,3.3,2,2,867,right_to_left,Wellington P FC,2,True,False,False,direct,6,defending_direct,15,-17.51,20.22,1,wide_left,1,defensive_third,False,20.56,9.94,2,half_space_left,3,attacking_third,False,43.73,34.19,52.84,63.07,38.2,34.41,54.43,54.38
366,1899585,48512,48650,76:14.2,76:28.0,31,14,13.8,2,1,4177,left_to_right,Auckland FC,4,True,False,False,transition,4,defending_transition,11,-20.09,-9.61,4,half_space_right,1,defensive_third,False,48.51,-4.52,3,center,3,attacking_third,True,34.47,35.19,54.33,71.05,33.97,29.23,62.87,49.33
367,1899585,48650,48768,76:28.0,76:39.8,31,28,11.8,2,2,867,right_to_left,Wellington P FC,4,False,False,False,build_up,0,high_block,10,-48.77,4.24,3,center,1,defensive_third,False,-20.92,9.43,2,half_space_left,1,defensive_third,False,29.61,49.67,49.2,48.59,35.07,34.53,71.61,56.67
368,1899585,48768,48978,76:39.8,77:00.8,31,39,21.0,2,2,867,right_to_left,Wellington P FC,7,True,False,False,create,1,medium_block,9,-19.79,8.88,3,center,1,defensive_third,False,18.98,25.85,1,wide_left,3,attacking_third,False,49.72,50.29,48.54,56.25,34.52,38.81,56.51,44.03
369,1899585,48978,49070,77:00.8,77:10.0,32,0,9.2,2,1,4177,left_to_right,Auckland FC,2,False,False,False,create,1,medium_block,9,-19.24,-26.36,5,wide_right,1,defensive_third,False,5.4,-21.96,5,wide_right,2,middle_third,False,39.32,39.12,44.16,52.02,50.21,34.33,56.26,54.52
370,1899585,50750,50973,79:58.0,80:20.3,34,58,22.3,2,1,4177,left_to_right,Auckland FC,9,False,False,False,finish,2,low_block,8,7.43,-18.01,4,half_space_right,2,middle_third,False,47.94,-8.54,3,center,3,attacking_third,True,56.41,33.92,59.71,72.59,39.56,35.11,43.42,33.83
371,1899585,51178,51216,80:40.8,80:44.6,35,40,3.8,2,1,4177,left_to_right,Auckland FC,2,True,False,False,chaotic,5,chaotic,5,,,2,half_space_left,2,middle_third,False,37.55,-30.44,5,wide_right,3,attacking_third,False,,36.03,,63.62,,33.53,,40.39
372,1899585,51216,51312,80:44.6,80:54.2,35,44,9.6,2,2,867,right_to_left,Wellington P FC,3,False,False,False,build_up,0,high_block,10,-37.66,30.24,1,wide_left,1,defensive_third,False,-20.83,31.0,1,wide_left,1,defensive_third,False,33.44,48.07,40.44,36.42,35.96,39.82,63.62,57.52
373,1899585,51312,51330,80:54.2,80:56.0,35,54,1.8,2,2,867,right_to_left,Wellington P FC,0,True,False,False,create,1,medium_block,9,-19.39,30.34,1,wide_left,1,defensive_third,False,-5.94,20.35,1,wide_left,2,middle_third,False,48.18,47.86,36.58,39.96,40.21,41.63,57.57,58.16
374,1899585,51330,51469,80:56.0,81:09.9,35,56,13.9,2,1,4177,left_to_right,Auckland FC,5,False,False,False,quick_break,3,defending_quick_break,12,5.87,-20.06,4,half_space_right,2,middle_third,False,38.45,-32.06,5,wide_right,3,attacking_third,False,41.34,41.65,58.2,68.23,47.93,31.55,40.38,39.6
375,1899585,51469,51579,81:09.9,81:20.9,36,9,11.0,2,1,4177,left_to_right,Auckland FC,4,True,False,False,finish,2,low_block,8,38.07,-32.14,5,wide_right,3,attacking_third,False,41.08,-15.45,4,half_space_right,3,attacking_third,True,41.54,32.88,68.21,66.77,31.51,32.81,39.58,37.74
376,1899585,51579,51589,81:20.9,81:21.9,36,20,1.0,2,2,867,right_to_left,Wellington P FC,1,True,False,False,chaotic,5,chaotic,5,-40.79,16.04,2,half_space_left,1,defensive_third,False,-38.35,28.03,1,wide_left,1,defensive_third,False,32.73,31.76,37.82,38.18,32.92,33.17,66.54,66.76
377,1899585,51756,51830,81:38.6,81:46.0,36,38,7.4,2,1,4177,left_to_right,Auckland FC,4,False,False,False,finish,2,low_block,8,29.54,-31.6,5,wide_right,3,attacking_third,False,5.39,-30.31,5,wide_right,2,middle_third,False,46.07,47.11,66.51,60.72,36.49,37.15,39.44,43.62
378,1899585,51830,51848,81:46.0,81:47.8,36,46,1.8,2,1,4177,left_to_right,Auckland FC,1,True,False,False,create,1,medium_block,9,5.05,-30.26,5,wide_right,2,middle_third,False,6.06,-21.9,5,wide_right,2,middle_third,False,47.05,46.52,60.7,60.99,36.88,33.58,43.89,49.57
379,1899585,51848,51911,81:47.8,81:54.1,36,47,6.3,2,2,867,right_to_left,Wellington P FC,3,False,True,True,transition,4,defending_transition,11,-5.9,21.67,1,wide_left,2,middle_third,False,50.79,4.5,3,center,3,attacking_third,True,33.52,28.82,49.74,80.54,46.42,28.13,61.09,59.27
380,1899585,51919,51929,81:54.9,81:55.9,36,54,1.0,2,1,4177,left_to_right,Auckland FC,1,False,False,False,chaotic,5,chaotic,5,-51.21,-1.65,3,center,1,defensive_third,False,-49.35,2.63,3,center,1,defensive_third,False,27.13,26.87,60.42,59.56,28.06,28.09,82.96,85.55
381,1899585,52522,52608,82:55.2,83:03.8,37,55,8.6,2,1,4177,left_to_right,Auckland FC,4,False,False,False,create,1,medium_block,9,0.27,-0.3,3,center,2,middle_third,False,-1.11,31.47,1,wide_left,2,middle_third,False,50.49,56.08,53.11,54.53,45.12,46.07,39.67,56.68
382,1899585,52718,52736,83:14.8,83:16.6,38,14,1.8,2,1,4177,left_to_right,Auckland FC,1,True,False,False,chaotic,5,chaotic,5,15.14,33.2,1,wide_left,2,middle_third,False,32.07,30.27,1,wide_left,3,attacking_third,False,41.57,38.08,61.04,66.45,31.76,33.2,53.5,53.99
383,1899585,52736,52750,83:16.6,83:18.0,38,16,1.4,2,2,867,right_to_left,Wellington P FC,1,True,False,False,chaotic,5,chaotic,5,-32.67,-30.17,5,wide_right,1,defensive_third,False,-27.04,-29.47,5,wide_right,1,defensive_third,False,33.4,35.71,54.02,53.71,37.89,35.98,66.53,66.57
384,1899585,52750,52785,83:18.0,83:21.5,38,18,3.5,2,1,4177,left_to_right,Auckland FC,1,True,False,False,chaotic,5,chaotic,5,26.75,29.25,1,wide_left,3,attacking_third,False,26.06,25.49,1,wide_left,3,attacking_third,False,35.88,32.58,66.58,65.59,35.64,31.76,53.6,46.35
385,1899585,52785,52861,83:21.5,83:29.1,38,21,7.6,2,2,867,right_to_left,Wellington P FC,2,False,False,False,transition,4,defending_transition,11,-26.02,-25.33,5,wide_right,1,defensive_third,False,30.61,8.89,3,center,3,attacking_third,False,31.73,33.46,46.16,66.38,32.56,31.09,65.47,54.55
386,1899585,53161,53205,83:59.1,84:03.5,38,59,4.4,2,2,867,right_to_left,Wellington P FC,2,True,False,False,set_play,7,defending_set_play,13,,,2,half_space_left,2,middle_third,False,-41.51,-9.58,4,half_space_right,1,defensive_third,False,,33.21,,40.35,,38.32,,69.58
387,1899585,53205,53330,84:03.5,84:16.0,39,3,12.5,2,1,4177,left_to_right,Auckland FC,2,False,False,False,build_up,0,high_block,10,-41.97,-9.68,4,half_space_right,1,defensive_third,False,-20.04,16.49,2,half_space_left,1,defensive_third,False,33.22,55.49,40.13,46.84,38.17,41.69,69.9,67.49
388,1899585,53330,53528,84:16.0,84:35.8,39,16,19.8,2,1,4177,left_to_right,Auckland FC,6,True,False,False,create,1,medium_block,9,-18.72,16.1,2,half_space_left,1,defensive_third,False,1.79,-15.87,4,half_space_right,2,middle_third,False,55.23,52.93,46.87,53.89,41.64,38.17,67.41,42.83
389,1899585,53688,53703,84:51.8,84:53.3,39,51,1.5,2,2,867,right_to_left,Wellington P FC,1,True,False,False,create,1,medium_block,9,,,2,half_space_left,2,middle_third,False,4.99,-17.18,4,half_space_right,2,middle_third,False,,41.02,,44.88,,66.84,,53.6
390,1899585,53703,53736,84:53.3,84:56.6,39,53,3.3,2,1,4177,left_to_right,Auckland FC,2,True,False,False,chaotic,5,chaotic,5,-4.91,17.75,2,half_space_left,2,middle_third,False,16.27,10.09,2,half_space_left,2,middle_third,False,66.91,61.21,53.51,53.27,41.23,40.97,45.07,48.84
391,1899585,53736,53795,84:56.6,85:02.5,39,56,5.9,2,2,867,right_to_left,Wellington P FC,2,False,False,False,create,1,medium_block,9,-16.53,-9.86,4,half_space_right,2,middle_third,False,30.0,14.73,2,half_space_left,3,attacking_third,False,40.64,31.92,48.81,65.96,60.71,31.11,53.25,59.53
392,1899585,53795,53952,85:02.5,85:18.2,40,2,15.7,2,2,867,right_to_left,Wellington P FC,4,True,False,False,finish,2,low_block,8,30.55,15.02,2,half_space_left,3,attacking_third,False,42.38,-9.25,4,half_space_right,3,attacking_third,True,31.91,39.59,66.6,69.95,30.75,33.51,59.53,45.74
393,1899585,53952,54055,85:18.2,85:28.5,40,18,10.3,2,1,4177,left_to_right,Auckland FC,2,True,False,False,transition,4,defending_transition,11,-42.76,9.91,2,half_space_left,1,defensive_third,False,12.63,31.47,1,wide_left,2,middle_third,False,33.67,37.2,45.76,53.67,39.9,40.9,70.12,69.86
394,1899585,54055,54107,85:28.5,85:33.7,40,28,5.2,2,2,867,right_to_left,Wellington P FC,2,False,False,False,chaotic,5,chaotic,5,-13.7,-30.99,5,wide_right,2,middle_third,False,-45.35,-3.92,3,center,1,defensive_third,False,40.53,43.75,69.88,61.92,36.98,33.32,54.2,76.48
395,1899585,54107,54140,85:33.7,85:37.0,40,33,3.3,2,2,867,right_to_left,Wellington P FC,1,True,False,False,direct,6,defending_direct,15,-45.13,-3.99,3,center,1,defensive_third,False,1.86,-12.68,4,half_space_right,2,middle_third,False,43.83,38.51,61.69,57.42,33.4,34.94,76.71,71.38
396,1899585,54140,54281,85:37.0,85:51.1,40,37,14.1,2,1,4177,left_to_right,Auckland FC,5,False,False,False,create,1,medium_block,9,-2.53,12.84,2,half_space_left,2,middle_third,False,14.69,27.84,1,wide_left,2,middle_third,False,34.85,47.56,71.18,60.47,38.23,37.84,57.33,51.63
397,1899585,54281,54386,85:51.1,86:01.6,40,51,10.5,2,1,4177,left_to_right,Auckland FC,4,False,False,False,finish,2,low_block,8,14.76,26.53,1,wide_left,2,middle_third,False,-34.35,-6.65,3,center,1,defensive_third,False,47.58,37.8,60.46,39.11,37.6,35.81,51.63,73.92
398,1899585,54386,54414,86:01.6,86:04.4,41,1,2.8,2,1,4177,left_to_right,Auckland FC,1,True,False,False,chaotic,5,chaotic,5,33.61,6.18,3,center,3,attacking_third,False,25.67,10.04,2,half_space_left,3,attacking_third,False,35.67,32.52,73.74,70.39,37.85,41.9,38.83,40.17
399,1899585,54414,54434,86:04.4,86:06.4,41,4,2.0,2,2,867,right_to_left,Wellington P FC,1,True,False,False,chaotic,5,chaotic,5,-25.46,-9.84,4,half_space_right,1,defensive_third,False,-18.61,-13.72,4,half_space_right,1,defensive_third,False,42.0,45.15,40.35,43.89,32.49,30.55,70.39,70.76
400,1899585,54434,54634,86:06.4,86:26.4,41,6,20.0,2,1,4177,left_to_right,Auckland FC,7,True,False,False,finish,2,low_block,8,18.35,13.79,2,half_space_left,3,attacking_third,False,44.05,-30.26,5,wide_right,3,attacking_third,False,30.42,47.6,70.74,71.48,45.25,41.9,44.03,40.04
401,1899585,54634,54697,86:26.4,86:32.7,41,26,6.3,2,2,867,right_to_left,Wellington P FC,1,False,False,False,build_up,0,high_block,10,-44.08,29.99,1,wide_left,1,defensive_third,False,-20.26,13.57,2,half_space_left,1,defensive_third,False,41.81,46.89,40.14,42.89,47.41,41.49,71.74,67.16
402,1899585,54697,54799,86:32.7,86:42.9,41,32,10.2,2,2,867,right_to_left,Wellington P FC,2,True,False,False,create,1,medium_block,9,-19.92,13.22,2,half_space_left,1,defensive_third,False,26.37,13.45,2,half_space_left,3,attacking_third,False,47.06,46.09,43.06,62.44,41.51,39.68,67.24,60.08
403,1899585,54799,54840,86:42.9,86:47.0,41,42,4.1,2,1,4177,left_to_right,Auckland FC,1,False,False,False,chaotic,5,chaotic,5,-26.4,-13.75,4,half_space_right,1,defensive_third,False,-24.01,-28.75,5,wide_right,1,defensive_third,False,39.61,39.14,59.9,53.52,45.69,39.44,62.45,61.23
404,1899585,55274,55352,87:30.4,87:38.2,42,30,7.8,2,1,4177,left_to_right,Auckland FC,1,True,False,False,create,1,medium_block,9,-24.23,-25.96,5,wide_right,1,defensive_third,False,0.46,-10.19,4,half_space_right,2,middle_third,False,38.02,27.72,51.92,61.87,28.5,30.14,44.15,45.32
405,1899585,55352,55362,87:38.2,87:39.2,42,38,1.0,2,2,867,right_to_left,Wellington P FC,1,False,False,False,chaotic,5,chaotic,5,-0.27,10.48,2,half_space_left,2,middle_third,False,1.82,13.62,2,half_space_left,2,middle_third,False,30.09,30.64,45.33,49.75,27.65,26.23,61.91,62.14
406,1899585,55451,55730,87:48.1,88:16.0,42,48,27.9,2,2,867,right_to_left,Wellington P FC,9,False,False,False,create,1,medium_block,9,2.88,15.99,2,half_space_left,2,middle_third,False,-5.37,8.59,3,center,2,middle_third,False,40.93,48.53,56.36,57.39,29.66,36.42,46.58,41.64
407,1899585,55730,55757,88:16.0,88:18.7,43,16,2.7,2,2,867,right_to_left,Wellington P FC,1,False,False,False,direct,6,defending_direct,15,-5.0,8.61,3,center,2,middle_third,False,27.72,11.19,2,half_space_left,3,attacking_third,False,48.43,43.51,57.47,61.68,36.36,32.86,41.85,45.91
408,1899585,55757,55796,88:18.7,88:22.6,43,18,3.9,2,2,867,right_to_left,Wellington P FC,2,True,False,False,finish,2,low_block,8,28.46,11.25,2,half_space_left,3,attacking_third,False,31.63,5.62,3,center,3,attacking_third,False,43.34,37.03,61.79,64.79,32.73,26.41,46.02,46.04
409,1899585,55796,55850,88:22.6,88:28.0,43,22,5.4,2,1,4177,left_to_right,Auckland FC,3,True,False,False,create,1,medium_block,9,-31.65,-5.77,3,center,1,defensive_third,False,2.16,-1.61,3,center,2,middle_third,False,26.36,36.05,45.96,48.86,36.88,38.61,65.05,61.27
410,1899585,55850,55887,88:28.0,88:31.7,43,28,3.7,2,2,867,right_to_left,Wellington P FC,2,True,False,False,chaotic,5,chaotic,5,-2.87,0.5,3,center,2,middle_third,False,-5.74,-15.03,4,half_space_right,2,middle_third,False,38.64,36.1,61.11,59.95,36.08,35.06,49.47,53.15
411,1899585,55887,55930,88:31.7,88:36.0,43,31,4.3,2,1,4177,left_to_right,Auckland FC,1,False,False,True,create,1,medium_block,9,5.63,15.52,2,half_space_left,2,middle_third,False,21.6,28.28,1,wide_left,3,attacking_third,False,34.98,43.08,53.07,59.15,36.01,31.41,59.8,57.65
412,1899585,55930,56037,88:36.0,88:46.7,43,36,10.7,2,1,4177,left_to_right,Auckland FC,5,True,False,True,finish,2,low_block,8,22.08,28.2,1,wide_left,3,attacking_third,False,47.09,0.11,3,center,3,attacking_third,True,42.95,40.12,59.48,69.68,31.24,29.23,57.59,42.66
413,1899585,56236,56265,89:06.6,89:09.5,44,6,2.9,2,2,867,right_to_left,Wellington P FC,2,True,False,False,create,1,medium_block,9,,,2,half_space_left,2,middle_third,False,-2.74,4.09,3,center,2,middle_third,False,,56.57,,49.6,,31.7,,43.51
414,1899585,56265,56309,89:09.5,89:13.9,44,9,4.4,2,1,4177,left_to_right,Auckland FC,2,True,False,False,chaotic,5,chaotic,5,2.71,-3.57,3,center,2,middle_third,False,14.98,13.25,2,half_space_left,2,middle_third,False,31.53,33.38,43.11,50.06,56.5,42.03,49.68,47.79
415,1899585,56309,56438,89:13.9,89:26.8,44,13,12.9,2,2,867,right_to_left,Wellington P FC,4,False,False,False,create,1,medium_block,9,-15.77,-13.87,4,half_space_right,2,middle_third,False,-1.39,5.68,3,center,2,middle_third,False,41.63,58.1,47.7,52.91,33.56,32.62,50.38,45.97
416,1899585,56438,56473,89:26.8,89:30.3,44,26,3.5,2,2,867,right_to_left,Wellington P FC,1,False,False,False,direct,6,defending_direct,15,-0.59,5.52,3,center,2,middle_third,False,37.65,12.44,2,half_space_left,3,attacking_third,True,58.04,49.37,53.3,70.05,32.47,29.59,45.9,50.36
417,1899585,56473,56528,89:30.3,89:35.8,44,30,5.5,2,2,867,right_to_left,Wellington P FC,1,True,False,False,finish,2,low_block,8,38.1,12.73,2,half_space_left,3,attacking_third,True,49.47,22.39,1,wide_left,3,attacking_third,False,49.12,37.39,70.53,78.3,29.53,30.58,50.38,43.98
418,1899585,56991,57039,90:22.1,90:26.9,45,22,4.8,2,1,4177,left_to_right,Auckland FC,1,True,False,False,direct,6,defending_direct,15,-37.31,-9.75,4,half_space_right,1,defensive_third,False,17.95,-17.34,4,half_space_right,3,attacking_third,False,30.49,25.95,56.06,57.14,24.92,31.6,45.32,47.03
419,1899585,57039,57208,90:26.9,90:43.8,45,26,16.9,2,2,867,right_to_left,Wellington P FC,5,True,False,False,create,1,medium_block,9,-18.23,16.84,2,half_space_left,1,defensive_third,False,-1.8,4.04,3,center,2,middle_third,False,31.73,54.23,47.11,51.51,26.0,34.41,57.03,45.49
420,1899585,57208,57243,90:43.8,90:47.3,45,43,3.5,2,1,4177,left_to_right,Auckland FC,1,True,False,False,chaotic,5,chaotic,5,1.68,-4.18,3,center,2,middle_third,False,0.43,-7.35,3,center,2,middle_third,False,34.52,37.24,45.67,47.18,54.15,44.11,51.54,48.48
421,1899585,57380,57383,91:01.0,91:01.3,46,1,0.3,2,2,867,right_to_left,Wellington P FC,1,False,False,False,create,1,medium_block,9,4.35,-9.75,4,half_space_right,2,middle_third,False,4.93,-10.01,4,half_space_right,2,middle_third,False,64.48,64.56,56.71,56.69,34.21,34.14,40.07,39.87
422,1899585,57383,57636,91:01.3,91:26.6,46,1,25.3,2,2,867,right_to_left,Wellington P FC,8,True,False,False,finish,2,low_block,8,5.12,-9.99,4,half_space_right,2,middle_third,False,37.83,1.47,3,center,3,attacking_third,True,64.6,36.35,56.7,70.04,34.09,28.27,39.78,28.54
423,1899585,57636,57679,91:26.6,91:30.9,46,26,4.3,2,1,4177,left_to_right,Auckland FC,1,True,False,False,chaotic,5,chaotic,5,-38.69,-2.89,3,center,1,defensive_third,False,-23.81,-27.18,5,wide_right,1,defensive_third,False,28.23,41.97,28.64,35.32,36.15,48.61,70.38,68.78
424,1899585,57679,57879,91:30.9,91:50.9,46,30,20.0,2,2,867,right_to_left,Wellington P FC,6,True,False,True,finish,2,low_block,8,23.48,27.68,1,wide_left,3,attacking_third,False,12.84,32.08,1,wide_left,2,middle_third,False,49.28,43.0,68.68,63.3,42.49,36.32,35.48,35.59
425,1899585,57879,58004,91:50.9,92:03.4,46,50,12.5,2,1,4177,left_to_right,Auckland FC,4,False,False,True,create,1,medium_block,9,-12.77,-31.89,5,wide_right,2,middle_third,False,10.83,-0.47,3,center,2,middle_third,False,36.6,48.58,35.83,61.26,42.95,32.92,63.25,55.04
426,1899585,58004,58273,92:03.4,92:30.3,47,3,26.9,2,1,4177,left_to_right,Auckland FC,7,True,False,True,finish,2,low_block,8,11.1,-0.04,3,center,2,middle_third,False,40.83,-6.81,3,center,3,attacking_third,True,48.34,42.41,61.42,59.32,32.73,35.27,54.91,30.41
427,1899585,58273,58432,92:30.3,92:46.2,47,30,15.9,2,2,867,right_to_left,Wellington P FC,1,False,False,False,create,1,medium_block,9,-41.52,5.98,3,center,1,defensive_third,False,,,2,half_space_left,2,middle_third,False,35.26,,30.51,,42.16,,59.21,
428,1899585,58432,58467,92:46.2,92:49.7,47,46,3.5,2,2,867,right_to_left,Wellington P FC,1,False,False,False,direct,6,defending_direct,15,-8.77,6.3,3,center,2,middle_third,False,36.03,15.17,2,half_space_left,3,attacking_third,True,57.71,54.38,51.53,74.43,33.28,33.52,47.26,58.16
429,1899585,58467,58500,92:49.7,92:53.0,47,49,3.3,2,2,867,right_to_left,Wellington P FC,1,False,False,False,finish,2,low_block,8,36.64,15.2,2,half_space_left,3,attacking_third,True,46.75,3.34,3,center,3,attacking_third,True,54.0,49.2,75.12,87.04,33.45,32.02,58.42,55.76
430,1899585,58637,58743,93:06.7,93:17.3,48,6,10.6,2,2,867,right_to_left,Wellington P FC,3,True,False,False,create,1,medium_block,9,17.8,33.46,1,wide_left,3,attacking_third,False,19.98,-8.86,3,center,3,attacking_third,False,44.36,57.48,68.08,60.71,34.67,32.75,38.75,41.91
431,1899585,59102,59162,93:53.2,93:59.2,48,53,6.0,2,1,4177,left_to_right,Auckland FC,2,True,False,False,create,1,medium_block,9,-46.19,6.64,3,center,1,defensive_third,False,8.41,14.87,2,half_space_left,2,middle_third,False,29.37,23.81,59.13,58.93,25.99,22.47,46.32,48.24
432,1899585,59162,59271,93:59.2,94:10.1,48,59,10.9,2,2,867,right_to_left,Wellington P FC,3,False,False,False,create,1,medium_block,9,-8.35,-14.74,4,half_space_right,2,middle_third,False,15.15,6.37,3,center,2,middle_third,False,22.55,41.02,48.37,61.68,24.03,24.74,59.15,54.01
433,1899585,59271,59291,94:10.1,94:12.1,49,10,2.0,2,2,867,right_to_left,Wellington P FC,1,True,False,False,finish,2,low_block,8,15.28,5.92,3,center,2,middle_third,False,28.9,-4.45,3,center,3,attacking_third,False,40.76,36.37,61.82,68.11,24.45,19.38,53.93,52.34
434,1899585,59698,59756,94:52.8,94:58.6,49,52,5.8,2,1,4177,left_to_right,Auckland FC,1,False,False,True,direct,6,defending_direct,15,-48.95,3.18,3,center,1,defensive_third,False,-6.93,16.79,2,half_space_left,2,middle_third,False,34.73,30.1,61.6,52.71,30.34,31.89,51.05,49.28
435,1899585,59756,59818,94:58.6,95:04.8,49,58,6.2,2,1,4177,left_to_right,Auckland FC,4,False,False,True,create,1,medium_block,9,-6.97,17.26,2,half_space_left,2,middle_third,False,29.54,29.66,1,wide_left,3,attacking_third,False,29.99,32.36,52.45,66.69,31.81,38.81,49.3,53.45
436,1899585,59818,59871,95:04.8,95:10.1,50,4,5.3,2,1,4177,left_to_right,Auckland FC,1,True,False,False,finish,2,low_block,8,30.08,29.67,1,wide_left,3,attacking_third,False,53.26,7.65,3,center,3,attacking_third,False,32.2,22.52,67.26,72.8,38.76,31.89,53.66,45.17
437,1899585,60303,60313,95:53.3,95:54.3,50,53,1.0,2,2,867,right_to_left,Wellington P FC,1,False,False,False,build_up,0,high_block,10,,,2,half_space_left,2,middle_third,False,-49.29,-31.74,5,wide_right,1,defensive_third,False,,32.24,,30.72,,33.64,,79.23
