index,match_id,frame_start,frame_end,time_start,time_end,minute_start,second_start,duration,period,attacking_side_id,team_in_possession_id,attacking_side,team_in_possession_shortname,n_player_possessions_in_phase,team_possession_loss_in_phase,team_possession_lead_to_goal,team_possession_lead_to_shot,team_in_possession_phase_type,team_in_possession_phase_type_id,team_out_of_possession_phase_type,team_out_of_possession_phase_type_id,x_start,y_start,channel_id_start,channel_start,third_id_start,third_start,penalty_area_start,x_end,y_end,channel_id_end,channel_end,third_id_end,third_end,penalty_area_end,team_in_possession_width_start,team_in_possession_width_end,team_in_possession_length_start,team_in_possession_length_end,team_out_of_possession_width_start,team_out_of_possession_width_end,team_out_of_possession_length_start,team_out_of_possession_length_end
0,2006229,18,91,00:00.8,00:08.1,0,0,7.3,1,1,1804,left_to_right,Macarthur FC,3,True,False,False,create,1,medium_block,9,-0.65,-0.5,3,center,2,middle_third,False,3.82,12.63,2,half_space_left,2,middle_third,False,56.74,55.22,39.1,54.51,39.31,37.25,40.19,48.89
1,2006229,91,116,00:08.1,00:10.6,0,8,2.5,1,2,2380,right_to_left,Melbourne City,2,True,False,False,chaotic,5,chaotic,5,-5.06,-11.1,4,half_space_right,2,middle_third,False,-14.55,14.0,2,half_space_left,2,middle_third,False,37.22,40.8,48.8,49.93,54.82,43.2,54.47,55.71
2,2006229,116,178,00:10.6,00:16.8,0,10,6.2,1,1,1804,left_to_right,Macarthur FC,2,True,False,False,chaotic,5,chaotic,5,14.17,-14.49,4,half_space_right,2,middle_third,False,11.03,-29.9,5,wide_right,2,middle_third,False,42.66,41.4,55.77,52.8,40.98,49.71,50.05,52.3
3,2006229,178,195,00:16.8,00:18.5,0,16,1.7,1,2,2380,right_to_left,Melbourne City,1,False,False,False,create,1,medium_block,9,-11.69,30.02,1,wide_left,2,middle_third,False,-19.61,28.98,1,wide_left,1,defensive_third,False,49.85,50.47,52.39,54.56,41.33,39.39,52.8,55.34
4,2006229,195,243,00:18.5,00:23.3,0,18,4.8,1,2,2380,right_to_left,Melbourne City,1,False,False,False,build_up,0,high_block,10,-20.84,28.59,1,wide_left,1,defensive_third,False,-21.72,30.13,1,wide_left,1,defensive_third,False,50.43,45.7,54.6,57.24,39.2,39.84,55.75,59.61
5,2006229,243,259,00:23.3,00:24.9,0,23,1.6,1,2,2380,right_to_left,Melbourne City,0,True,False,False,create,1,medium_block,9,-19.57,29.9,1,wide_left,1,defensive_third,False,1.26,25.81,1,wide_left,2,middle_third,False,45.63,43.24,57.27,53.63,39.67,35.21,59.35,56.75
6,2006229,259,280,00:24.9,00:27.0,0,24,2.1,1,1,1804,left_to_right,Macarthur FC,2,True,False,False,chaotic,5,chaotic,5,-1.9,-25.59,5,wide_right,2,middle_third,False,2.78,-23.89,5,wide_right,2,middle_third,False,34.9,31.7,56.57,54.47,43.05,39.27,53.1,47.72
7,2006229,280,328,00:27.0,00:31.8,0,27,4.8,1,2,2380,right_to_left,Melbourne City,1,True,False,False,chaotic,5,chaotic,5,-2.59,23.83,1,wide_left,2,middle_third,False,27.6,16.92,2,half_space_left,3,attacking_third,False,39.15,33.73,47.77,62.11,31.73,31.83,54.45,52.88
8,2006229,328,355,00:31.8,00:34.5,0,31,2.7,1,1,1804,left_to_right,Macarthur FC,1,False,False,False,chaotic,5,chaotic,5,-28.12,-16.71,4,half_space_right,1,defensive_third,False,-47.9,-12.86,4,half_space_right,1,defensive_third,False,31.93,34.57,52.84,51.58,33.62,31.43,62.66,76.58
9,2006229,355,387,00:34.5,00:37.7,0,34,3.2,1,1,1804,left_to_right,Macarthur FC,1,True,False,False,direct,6,defending_direct,15,-48.31,-13.07,4,half_space_right,1,defensive_third,False,-5.72,-9.46,4,half_space_right,2,middle_third,False,34.66,34.11,51.42,49.76,31.24,22.75,76.96,73.31
10,2006229,528,554,00:51.8,00:54.4,0,51,2.6,1,2,2380,right_to_left,Melbourne City,2,False,False,True,set_play,7,defending_set_play,13,18.04,-29.19,5,wide_right,3,attacking_third,False,5.1,-23.6,5,wide_right,2,middle_third,False,54.32,58.66,56.69,55.85,41.61,40.76,33.75,38.67
11,2006229,554,663,00:54.4,01:05.3,0,54,10.9,1,2,2380,right_to_left,Melbourne City,5,True,False,True,create,1,medium_block,9,4.87,-23.41,5,wide_right,2,middle_third,False,-17.63,17.33,2,half_space_left,1,defensive_third,False,58.76,66.76,55.79,50.79,40.7,43.96,38.93,56.68
12,2006229,663,697,01:05.3,01:08.7,1,5,3.4,1,1,1804,left_to_right,Macarthur FC,1,True,False,True,quick_break,3,defending_quick_break,12,18.65,-17.99,4,half_space_right,3,attacking_third,False,43.64,-3.91,3,center,3,attacking_third,True,43.97,41.89,56.82,68.24,66.72,63.67,50.68,51.91
13,2006229,697,901,01:08.7,01:29.1,1,8,20.4,1,2,2380,right_to_left,Melbourne City,2,False,False,False,create,1,medium_block,9,-44.45,3.34,3,center,1,defensive_third,False,39.9,17.87,2,half_space_left,3,attacking_third,True,63.63,40.85,51.75,75.63,41.88,29.04,68.58,58.04
14,2006229,1125,1325,01:51.5,02:11.5,1,51,20.0,1,2,2380,right_to_left,Melbourne City,7,False,False,False,set_play,7,defending_set_play,13,,,2,half_space_left,2,middle_third,False,15.08,32.09,1,wide_left,2,middle_third,False,,52.7,,60.39,,37.97,,35.52
15,2006229,1325,1336,02:11.5,02:12.6,2,11,1.1,1,2,2380,right_to_left,Melbourne City,0,False,False,False,finish,2,low_block,8,14.18,31.59,1,wide_left,2,middle_third,False,5.41,26.69,1,wide_left,2,middle_third,False,52.8,53.72,60.42,60.38,38.06,38.61,35.68,36.83
16,2006229,1336,1559,02:12.6,02:34.9,2,12,22.3,1,2,2380,right_to_left,Melbourne City,4,True,False,False,create,1,medium_block,9,4.96,26.36,1,wide_left,2,middle_third,False,18.25,21.17,1,wide_left,3,attacking_third,False,53.83,52.72,60.35,57.41,38.62,41.75,36.9,48.17
17,2006229,1559,1609,02:34.9,02:39.9,2,34,5.0,1,1,1804,left_to_right,Macarthur FC,2,True,False,False,chaotic,5,chaotic,5,-19.0,-21.44,5,wide_right,1,defensive_third,False,10.92,-0.82,3,center,2,middle_third,False,41.73,39.49,48.34,56.63,52.37,36.32,57.81,58.0
18,2006229,1609,1727,02:39.9,02:51.7,2,39,11.8,1,2,2380,right_to_left,Melbourne City,4,False,False,False,create,1,medium_block,9,-11.42,0.61,3,center,2,middle_third,False,21.17,-16.79,4,half_space_right,3,attacking_third,False,36.29,40.37,57.92,60.23,39.36,31.76,56.82,47.2
19,2006229,1727,1768,02:51.7,02:55.8,2,51,4.1,1,2,2380,right_to_left,Melbourne City,1,True,False,False,finish,2,low_block,8,21.69,-16.26,4,half_space_right,3,attacking_third,False,27.94,3.2,3,center,3,attacking_third,False,40.14,34.29,60.53,68.72,31.32,25.64,47.18,42.32
20,2006229,2221,2247,03:41.1,03:43.7,3,41,2.6,1,1,1804,left_to_right,Macarthur FC,1,True,False,False,direct,6,defending_direct,15,-18.71,-5.24,3,center,1,defensive_third,False,15.26,-23.92,5,wide_right,2,middle_third,False,35.84,33.6,50.55,56.54,30.2,27.45,40.54,41.01
21,2006229,2247,2257,03:43.7,03:44.7,3,43,1.0,1,2,2380,right_to_left,Melbourne City,1,True,False,False,chaotic,5,chaotic,5,-15.47,24.31,1,wide_left,2,middle_third,False,-6.33,28.04,1,wide_left,2,middle_third,False,27.35,26.76,41.1,42.46,33.66,34.72,56.74,57.73
22,2006229,2610,2656,04:20.0,04:24.6,4,20,4.6,1,1,1804,left_to_right,Macarthur FC,2,False,False,False,set_play,7,defending_set_play,13,20.39,-25.24,5,wide_right,3,attacking_third,False,-48.13,-9.33,4,half_space_right,1,defensive_third,False,41.13,22.72,62.86,21.16,30.95,30.74,20.4,69.68
23,2006229,2831,2908,04:42.1,04:49.8,4,42,7.7,1,1,1804,left_to_right,Macarthur FC,3,False,False,False,create,1,medium_block,9,16.22,31.15,1,wide_left,2,middle_third,False,-19.72,4.29,3,center,1,defensive_third,False,51.57,64.15,61.99,50.05,30.17,39.6,30.11,51.66
24,2006229,2908,2964,04:49.8,04:55.4,4,49,5.6,1,1,1804,left_to_right,Macarthur FC,2,False,False,False,build_up,0,high_block,10,-20.09,3.96,3,center,1,defensive_third,False,-21.57,12.92,2,half_space_left,1,defensive_third,False,64.2,62.41,49.95,44.4,39.67,37.97,52.08,66.04
25,2006229,2964,3007,04:55.4,04:59.7,4,55,4.3,1,1,1804,left_to_right,Macarthur FC,2,True,False,False,create,1,medium_block,9,-19.88,14.61,2,half_space_left,1,defensive_third,False,-0.71,27.92,1,wide_left,2,middle_third,False,62.33,55.65,44.3,55.18,38.08,40.43,66.04,58.59
26,2006229,3007,3032,04:59.7,05:02.2,4,59,2.5,1,2,2380,right_to_left,Melbourne City,1,True,False,False,chaotic,5,chaotic,5,1.76,-27.73,5,wide_right,2,middle_third,False,9.53,-31.71,5,wide_right,2,middle_third,False,40.24,43.53,58.34,53.38,55.7,55.37,55.29,52.79
27,2006229,3032,3049,05:02.2,05:03.9,5,2,1.7,1,1,1804,left_to_right,Macarthur FC,1,False,False,False,chaotic,5,chaotic,5,-10.08,31.79,1,wide_left,2,middle_third,False,-20.85,26.55,1,wide_left,1,defensive_third,False,55.33,53.77,52.65,51.04,43.8,41.7,53.71,57.82
28,2006229,3049,3077,05:03.9,05:06.7,5,3,2.8,1,1,1804,left_to_right,Macarthur FC,1,True,False,False,direct,6,defending_direct,15,-21.65,25.77,1,wide_left,1,defensive_third,False,13.23,18.48,2,half_space_left,2,middle_third,False,53.58,46.15,50.88,54.68,41.29,40.77,57.91,56.31
29,2006229,3077,3144,05:06.7,05:13.4,5,6,6.7,1,2,2380,right_to_left,Melbourne City,1,True,False,False,chaotic,5,chaotic,5,-13.7,-18.3,4,half_space_right,2,middle_third,False,8.19,-33.9,5,wide_right,2,middle_third,False,40.76,44.05,56.21,56.44,45.8,43.68,54.84,52.55
30,2006229,3248,3288,05:23.8,05:27.8,5,23,4.0,1,1,1804,left_to_right,Macarthur FC,3,False,False,False,create,1,medium_block,9,-3.51,32.9,1,wide_left,2,middle_third,False,-19.92,28.83,1,wide_left,1,defensive_third,False,50.82,55.86,54.58,51.26,29.34,34.96,45.74,50.73
31,2006229,3288,3346,05:27.8,05:33.6,5,27,5.8,1,1,1804,left_to_right,Macarthur FC,2,False,False,False,build_up,0,high_block,10,-20.03,28.7,1,wide_left,1,defensive_third,False,-43.0,-5.19,3,center,1,defensive_third,False,56.07,61.91,51.1,44.73,35.12,41.92,51.1,72.31
32,2006229,3346,3385,05:33.6,05:37.5,5,33,3.9,1,1,1804,left_to_right,Macarthur FC,1,True,False,False,direct,6,defending_direct,15,-42.36,-5.49,3,center,1,defensive_third,False,12.28,-1.49,3,center,2,middle_third,False,61.82,47.62,44.44,54.2,41.79,35.13,72.47,66.83
33,2006229,3385,3433,05:37.5,05:42.3,5,37,4.8,1,2,2380,right_to_left,Melbourne City,2,True,False,False,chaotic,5,chaotic,5,-12.68,1.65,3,center,2,middle_third,False,7.59,8.68,3,center,2,middle_third,False,35.08,32.23,66.58,52.06,47.16,28.33,54.35,53.87
34,2006229,3433,3482,05:42.3,05:47.2,5,42,4.9,1,1,1804,left_to_right,Macarthur FC,3,True,False,False,chaotic,5,chaotic,5,-7.57,-8.49,3,center,2,middle_third,False,14.53,-13.85,4,half_space_right,2,middle_third,False,28.39,34.61,53.67,50.03,32.27,29.28,51.69,48.04
35,2006229,3482,3885,05:47.2,06:27.5,5,47,40.3,1,2,2380,right_to_left,Melbourne City,11,False,False,False,create,1,medium_block,9,-14.91,14.25,2,half_space_left,2,middle_third,False,15.79,28.68,1,wide_left,2,middle_third,False,29.49,58.26,48.1,57.22,34.53,39.63,50.1,37.84
36,2006229,3885,4003,06:27.5,06:39.3,6,27,11.8,1,2,2380,right_to_left,Melbourne City,3,True,False,False,finish,2,low_block,8,16.49,29.58,1,wide_left,2,middle_third,False,43.38,30.47,1,wide_left,3,attacking_third,False,58.11,40.74,57.45,67.7,39.79,37.1,37.85,31.09
37,2006229,4003,4147,06:39.3,06:53.7,6,39,14.4,1,1,1804,left_to_right,Macarthur FC,5,False,False,False,build_up,0,high_block,10,-43.72,-30.38,5,wide_right,1,defensive_third,False,-20.45,-32.27,5,wide_right,1,defensive_third,False,37.13,47.26,31.12,51.18,40.59,26.51,67.82,59.01
38,2006229,4147,4261,06:53.7,07:05.1,6,53,11.4,1,1,1804,left_to_right,Macarthur FC,2,True,False,False,create,1,medium_block,9,-19.84,-32.36,5,wide_right,1,defensive_third,False,28.1,-20.49,5,wide_right,3,attacking_third,False,47.7,51.72,51.16,59.42,26.76,31.29,59.29,40.94
39,2006229,4261,4271,07:05.1,07:06.1,7,5,1.0,1,2,2380,right_to_left,Melbourne City,1,True,False,False,chaotic,5,chaotic,5,-28.64,20.59,1,wide_left,1,defensive_third,False,-32.01,27.72,1,wide_left,1,defensive_third,False,31.36,32.28,41.03,42.43,51.61,50.24,60.03,64.17
40,2006229,4358,4579,07:14.8,07:36.9,7,14,22.1,1,1,1804,left_to_right,Macarthur FC,9,False,False,False,create,1,medium_block,9,27.24,-34.94,5,wide_right,3,attacking_third,False,-16.4,6.55,3,center,2,middle_third,False,49.0,63.41,59.52,46.34,28.62,40.73,31.22,50.58
41,2006229,4579,4616,07:36.9,07:40.6,7,36,3.7,1,1,1804,left_to_right,Macarthur FC,1,False,False,False,direct,6,defending_direct,15,-16.22,6.18,3,center,2,middle_third,False,29.09,-25.64,5,wide_right,3,attacking_third,False,63.49,55.42,46.19,59.77,40.77,42.59,50.7,56.28
42,2006229,4616,4646,07:40.6,07:43.6,7,40,3.0,1,1,1804,left_to_right,Macarthur FC,1,True,False,False,finish,2,low_block,8,29.72,-26.44,5,wide_right,3,attacking_third,False,42.75,-11.73,4,half_space_right,3,attacking_third,True,55.27,50.77,60.09,69.08,42.66,43.61,56.35,52.21
43,2006229,5076,5145,08:26.6,08:33.5,8,26,6.9,1,2,2380,right_to_left,Melbourne City,1,False,False,False,direct,6,defending_direct,15,,,2,half_space_left,2,middle_third,False,2.07,21.93,1,wide_left,2,middle_third,False,,24.48,,52.33,,28.04,,46.17
44,2006229,5145,5202,08:33.5,08:39.2,8,33,5.7,1,2,2380,right_to_left,Melbourne City,2,True,False,False,create,1,medium_block,9,1.75,21.86,1,wide_left,2,middle_third,False,35.47,27.88,1,wide_left,3,attacking_third,False,24.62,30.77,52.29,71.04,28.11,33.25,46.26,53.37
45,2006229,5202,5212,08:39.2,08:40.2,8,39,1.0,1,1,1804,left_to_right,Macarthur FC,1,True,False,False,chaotic,5,chaotic,5,-35.71,-28.13,5,wide_right,1,defensive_third,False,-33.28,-35.06,5,wide_right,1,defensive_third,False,33.25,33.35,53.46,53.4,30.71,30.73,71.61,75.13
46,2006229,5291,5328,08:48.1,08:51.8,8,48,3.7,1,2,2380,right_to_left,Melbourne City,2,False,False,False,finish,2,low_block,8,30.04,35.28,1,wide_left,3,attacking_third,False,6.75,27.87,1,wide_left,2,middle_third,False,35.88,45.64,72.17,64.78,28.77,35.33,36.32,32.04
47,2006229,5328,5445,08:51.8,09:03.5,8,51,11.7,1,2,2380,right_to_left,Melbourne City,3,True,False,False,create,1,medium_block,9,5.58,27.45,1,wide_left,2,middle_third,False,34.53,19.42,2,half_space_left,3,attacking_third,False,45.94,52.53,64.53,67.23,35.37,37.32,32.1,41.71
48,2006229,5445,5505,09:03.5,09:09.5,9,3,6.0,1,1,1804,left_to_right,Macarthur FC,4,True,False,False,chaotic,5,chaotic,5,-35.11,-19.25,4,half_space_right,1,defensive_third,False,-19.24,-18.5,4,half_space_right,1,defensive_third,False,37.26,36.16,41.82,44.81,52.24,34.58,67.67,61.8
49,2006229,5716,5861,09:30.6,09:45.1,9,30,14.5,1,2,2380,right_to_left,Melbourne City,7,False,False,False,build_up,0,high_block,10,,,2,half_space_left,2,middle_third,False,-20.45,20.82,1,wide_left,1,defensive_third,False,,56.62,,49.02,,37.99,,70.89
50,2006229,5861,5920,09:45.1,09:51.0,9,45,5.9,1,2,2380,right_to_left,Melbourne City,1,True,False,False,create,1,medium_block,9,-19.41,20.03,2,half_space_left,1,defensive_third,False,23.9,-11.34,4,half_space_right,3,attacking_third,False,56.48,38.68,48.91,66.56,37.92,37.2,70.53,65.78
51,2006229,5920,6153,09:51.0,10:14.3,9,51,23.3,1,1,1804,left_to_right,Macarthur FC,7,False,False,False,build_up,0,high_block,10,-24.82,11.19,2,half_space_left,1,defensive_third,False,-27.51,5.15,3,center,1,defensive_third,False,37.17,54.52,65.74,48.05,38.19,34.15,67.22,67.2
52,2006229,6982,7012,11:37.2,11:40.2,11,37,3.0,1,1,1804,left_to_right,Macarthur FC,2,False,False,False,build_up,0,high_block,10,-29.45,6.8,3,center,1,defensive_third,False,-21.17,2.6,3,center,1,defensive_third,False,52.32,58.79,54.33,50.63,37.36,37.99,50.29,55.33
53,2006229,7012,7020,11:40.2,11:41.0,11,40,0.8,1,1,1804,left_to_right,Macarthur FC,0,False,False,False,create,1,medium_block,9,-18.96,3.85,3,center,1,defensive_third,False,-6.53,12.23,2,half_space_left,2,middle_third,False,58.83,58.19,50.57,50.97,37.86,36.94,55.54,56.05
54,2006229,7152,7201,11:54.2,11:59.1,11,54,4.9,1,1,1804,left_to_right,Macarthur FC,2,False,False,False,chaotic,5,chaotic,5,-6.27,25.45,1,wide_left,2,middle_third,False,-15.02,-5.28,3,center,2,middle_third,False,57.67,61.28,60.52,52.55,37.9,40.95,44.74,53.58
55,2006229,7201,7262,11:59.1,12:05.2,11,59,6.1,1,1,1804,left_to_right,Macarthur FC,3,True,False,False,direct,6,defending_direct,15,-14.62,-5.84,3,center,2,middle_third,False,36.18,-22.51,5,wide_right,3,attacking_third,False,61.2,43.66,52.64,65.44,40.95,43.02,53.26,51.26
56,2006229,7262,7300,12:05.2,12:09.0,12,5,3.8,1,2,2380,right_to_left,Melbourne City,2,False,False,False,build_up,0,high_block,10,-36.4,22.69,1,wide_left,1,defensive_third,False,-20.02,31.48,1,wide_left,1,defensive_third,False,43.19,47.03,51.25,53.39,43.25,38.57,65.56,62.43
57,2006229,7300,7396,12:09.0,12:18.6,12,9,9.6,1,2,2380,right_to_left,Melbourne City,3,False,False,False,create,1,medium_block,9,-19.5,31.41,1,wide_left,1,defensive_third,False,20.2,-1.66,3,center,3,attacking_third,False,46.95,39.07,53.4,63.37,38.63,27.81,62.2,55.31
58,2006229,7396,7438,12:18.6,12:22.8,12,18,4.2,1,2,2380,right_to_left,Melbourne City,2,True,False,False,finish,2,low_block,8,20.7,-1.97,3,center,3,attacking_third,False,46.2,-8.5,3,center,3,attacking_third,True,38.92,36.66,63.94,76.47,27.36,23.54,55.26,50.03
59,2006229,7438,7538,12:22.8,12:32.8,12,22,10.0,1,1,1804,left_to_right,Macarthur FC,3,True,False,False,chaotic,5,chaotic,5,-46.52,6.96,3,center,1,defensive_third,False,-18.53,8.32,3,center,1,defensive_third,False,23.38,25.78,49.91,44.99,36.68,19.86,76.57,61.7
60,2006229,7538,7650,12:32.8,12:44.0,12,32,11.2,1,2,2380,right_to_left,Melbourne City,2,False,False,False,finish,2,low_block,8,18.35,-8.4,3,center,3,attacking_third,False,5.86,-4.9,3,center,2,middle_third,False,19.71,53.65,61.63,58.37,25.96,34.69,45.05,35.47
61,2006229,7650,7678,12:44.0,12:46.8,12,44,2.8,1,2,2380,right_to_left,Melbourne City,1,False,False,False,create,1,medium_block,9,5.28,-3.58,3,center,2,middle_third,False,4.82,13.31,2,half_space_left,2,middle_third,False,53.83,57.89,58.32,58.94,34.67,35.51,35.68,37.61
62,2006229,7678,7745,12:46.8,12:53.5,12,46,6.7,1,2,2380,right_to_left,Melbourne City,2,True,False,False,finish,2,low_block,8,6.23,14.43,2,half_space_left,2,middle_third,False,36.97,35.72,1,wide_left,3,attacking_third,False,57.92,47.57,59.01,67.96,35.74,43.39,37.59,36.95
63,2006229,7828,7914,13:01.8,13:10.4,13,1,8.6,1,1,1804,left_to_right,Macarthur FC,5,True,False,False,build_up,0,high_block,10,-35.01,-33.75,5,wide_right,1,defensive_third,False,-20.39,-24.8,5,wide_right,1,defensive_third,False,46.71,37.99,45.6,45.11,37.3,30.78,58.95,62.15
64,2006229,7914,8128,13:10.4,13:31.8,13,10,21.4,1,2,2380,right_to_left,Melbourne City,5,False,False,False,quick_break,3,defending_quick_break,12,19.53,24.22,1,wide_left,3,attacking_third,False,44.46,-23.98,5,wide_right,3,attacking_third,False,30.68,35.7,62.14,66.09,37.82,24.67,44.95,21.61
65,2006229,8128,8309,13:31.8,13:49.9,13,31,18.1,1,2,2380,right_to_left,Melbourne City,8,False,False,False,finish,2,low_block,8,44.24,-24.34,5,wide_right,3,attacking_third,False,6.07,-27.3,5,wide_right,2,middle_third,False,35.79,47.22,65.85,49.43,24.88,42.64,21.36,39.09
66,2006229,8309,8793,13:49.9,14:38.3,13,49,48.4,1,2,2380,right_to_left,Melbourne City,16,False,False,False,create,1,medium_block,9,5.11,-26.73,5,wide_right,2,middle_third,False,12.48,-28.66,5,wide_right,2,middle_third,False,47.3,58.29,49.26,52.21,42.73,41.72,39.54,38.62
67,2006229,8793,9004,14:38.3,14:59.4,14,38,21.1,1,2,2380,right_to_left,Melbourne City,7,False,False,False,finish,2,low_block,8,12.87,-28.98,5,wide_right,2,middle_third,False,51.22,6.95,3,center,3,attacking_third,True,58.36,38.92,51.84,67.71,41.91,35.75,38.4,27.91
68,2006229,9405,9457,15:39.5,15:44.7,15,39,5.2,1,2,2380,right_to_left,Melbourne City,3,False,False,True,set_play,7,defending_set_play,13,51.24,31.64,1,wide_left,3,attacking_third,False,-38.6,15.02,2,half_space_left,1,defensive_third,False,44.82,15.69,64.07,11.06,22.0,42.08,11.32,61.5
69,2006229,9614,9661,16:00.4,16:05.1,16,0,4.7,1,2,2380,right_to_left,Melbourne City,2,False,False,False,finish,2,low_block,8,25.83,-32.21,5,wide_right,3,attacking_third,False,5.21,-10.07,4,half_space_right,2,middle_third,False,50.05,52.94,65.36,58.01,32.09,32.97,26.4,31.55
70,2006229,9661,9680,16:05.1,16:07.0,16,5,1.9,1,2,2380,right_to_left,Melbourne City,1,False,False,False,create,1,medium_block,9,5.06,-7.76,3,center,2,middle_third,False,4.85,7.81,3,center,2,middle_third,False,53.04,55.09,57.85,56.11,33.07,35.15,31.69,34.21
71,2006229,9680,10079,16:07.0,16:46.9,16,7,39.9,1,2,2380,right_to_left,Melbourne City,10,True,False,False,finish,2,low_block,8,5.12,7.79,3,center,2,middle_third,False,41.95,20.11,2,half_space_left,3,attacking_third,True,55.24,32.08,56.06,69.41,35.31,31.92,34.39,37.58
72,2006229,10079,10106,16:46.9,16:49.6,16,46,2.7,1,1,1804,left_to_right,Macarthur FC,1,True,False,False,chaotic,5,chaotic,5,-41.88,-20.93,5,wide_right,1,defensive_third,False,-32.09,-32.65,5,wide_right,1,defensive_third,False,32.04,33.93,37.71,39.62,32.16,35.71,69.2,62.38
73,2006229,11081,11287,18:27.1,18:47.7,18,27,20.6,1,2,2380,right_to_left,Melbourne City,6,False,False,False,create,1,medium_block,9,17.28,33.84,1,wide_left,2,middle_third,False,-19.38,-6.83,3,center,1,defensive_third,False,37.85,60.33,60.56,38.86,35.5,38.77,33.15,45.67
74,2006229,11287,11399,18:47.7,18:58.9,18,47,11.2,1,2,2380,right_to_left,Melbourne City,3,False,False,False,build_up,0,high_block,10,-20.09,-6.08,3,center,1,defensive_third,False,-20.94,-12.41,4,half_space_right,1,defensive_third,False,60.33,58.13,38.93,42.97,38.76,46.32,45.6,60.51
75,2006229,11399,11468,18:58.9,19:05.8,18,58,6.9,1,2,2380,right_to_left,Melbourne City,1,False,False,False,create,1,medium_block,9,-19.98,-13.64,4,half_space_right,1,defensive_third,False,19.27,-25.83,5,wide_right,3,attacking_third,False,57.86,52.98,43.18,59.35,46.38,33.54,60.45,56.33
76,2006229,11468,11511,19:05.8,19:10.1,19,5,4.3,1,2,2380,right_to_left,Melbourne City,1,True,False,False,finish,2,low_block,8,20.37,-26.17,5,wide_right,3,attacking_third,False,43.13,-10.19,4,half_space_right,3,attacking_third,True,52.64,32.19,59.69,74.28,33.34,20.84,56.22,47.75
77,2006229,11511,11669,19:10.1,19:25.9,19,10,15.8,1,1,1804,left_to_right,Macarthur FC,3,False,False,False,build_up,0,high_block,10,-44.04,8.52,3,center,1,defensive_third,False,-39.74,-6.56,3,center,1,defensive_third,False,20.44,54.9,47.52,39.71,31.86,39.56,74.58,61.32
78,2006229,11669,11716,19:25.9,19:30.6,19,25,4.7,1,1,1804,left_to_right,Macarthur FC,1,True,False,False,direct,6,defending_direct,15,-39.01,-6.63,3,center,1,defensive_third,False,2.02,5.48,3,center,2,middle_third,False,54.87,41.32,39.77,45.63,39.57,30.41,61.31,52.36
79,2006229,11716,11777,19:30.6,19:36.7,19,30,6.1,1,2,2380,right_to_left,Melbourne City,3,False,False,False,chaotic,5,chaotic,5,-1.97,-5.6,3,center,2,middle_third,False,16.12,-4.35,3,center,2,middle_third,False,30.11,29.21,52.11,57.29,40.96,28.54,45.92,47.27
80,2006229,12214,12241,20:20.4,20:23.1,20,20,2.7,1,2,2380,right_to_left,Melbourne City,2,True,False,True,set_play,7,defending_set_play,13,21.65,-6.75,3,center,3,attacking_third,False,50.68,-3.49,3,center,3,attacking_third,True,39.8,34.15,61.45,72.02,18.9,18.67,19.06,19.35
81,2006229,12360,12370,20:35.0,20:36.0,20,35,1.0,1,1,1804,left_to_right,Macarthur FC,1,False,False,False,direct,6,defending_direct,15,,,2,half_space_left,2,middle_third,False,,,2,half_space_left,2,middle_third,False,,,,,,,,
82,2006229,12454,12484,20:44.4,20:47.4,20,44,3.0,1,1,1804,left_to_right,Macarthur FC,2,False,False,False,create,1,medium_block,9,-2.92,-33.05,5,wide_right,2,middle_third,False,-19.91,-16.68,4,half_space_right,1,defensive_third,False,51.48,55.81,53.75,51.6,36.34,35.52,44.86,46.3
83,2006229,12484,12607,20:47.4,20:59.7,20,47,12.3,1,1,1804,left_to_right,Macarthur FC,4,True,False,False,build_up,0,high_block,10,-20.64,-15.37,4,half_space_right,1,defensive_third,False,-28.16,-22.81,5,wide_right,1,defensive_third,False,56.04,57.01,51.42,50.32,35.46,38.94,46.45,63.38
84,2006229,12607,12628,20:59.7,21:01.8,20,59,2.1,1,2,2380,right_to_left,Melbourne City,1,True,False,False,chaotic,5,chaotic,5,28.43,22.17,1,wide_left,3,attacking_third,False,33.43,13.37,2,half_space_left,3,attacking_third,False,38.73,35.08,63.77,67.73,56.7,52.28,50.26,49.16
85,2006229,12628,12733,21:01.8,21:12.3,21,1,10.5,1,1,1804,left_to_right,Macarthur FC,3,True,False,False,transition,4,defending_transition,11,-33.6,-13.1,4,half_space_right,1,defensive_third,False,39.54,-8.02,3,center,3,attacking_third,True,52.24,48.26,49.08,69.68,35.01,39.19,67.71,52.39
86,2006229,12733,12885,21:12.3,21:27.5,21,12,15.2,1,2,2380,right_to_left,Melbourne City,4,False,False,False,build_up,0,high_block,10,-40.09,8.13,3,center,1,defensive_third,False,-20.25,8.48,3,center,1,defensive_third,False,39.29,62.68,51.88,47.29,47.83,47.36,70.05,53.82
87,2006229,12885,12950,21:27.5,21:34.0,21,27,6.5,1,2,2380,right_to_left,Melbourne City,2,False,False,False,create,1,medium_block,9,-19.43,8.24,3,center,1,defensive_third,False,1.95,10.95,2,half_space_left,2,middle_third,False,62.72,61.6,47.32,53.61,47.3,40.86,53.54,47.24
88,2006229,13231,13238,22:02.1,22:02.8,22,2,0.7,1,2,2380,right_to_left,Melbourne City,1,False,False,False,create,1,medium_block,9,5.71,0.27,3,center,2,middle_third,False,4.84,-3.56,3,center,2,middle_third,False,61.79,61.56,57.66,56.93,46.03,45.71,36.43,35.54
89,2006229,13238,13310,22:02.8,22:10.0,22,2,7.2,1,2,2380,right_to_left,Melbourne City,3,False,False,False,finish,2,low_block,8,5.02,-4.28,3,center,2,middle_third,False,5.12,5.46,3,center,2,middle_third,False,61.53,60.17,56.83,54.32,45.63,42.75,35.35,38.65
90,2006229,13310,13477,22:10.0,22:26.7,22,10,16.7,1,2,2380,right_to_left,Melbourne City,5,True,False,False,create,1,medium_block,9,4.82,4.85,3,center,2,middle_third,False,-5.96,-9.37,4,half_space_right,2,middle_third,False,60.16,60.9,54.26,38.04,42.74,42.19,38.77,42.55
91,2006229,13477,13602,22:26.7,22:39.2,22,26,12.5,1,1,1804,left_to_right,Macarthur FC,3,True,False,False,create,1,medium_block,9,4.61,9.48,2,half_space_left,2,middle_third,False,-0.01,9.96,2,half_space_left,2,middle_third,False,42.0,58.55,42.38,48.76,60.87,36.83,38.21,44.02
92,2006229,13602,13719,22:39.2,22:50.9,22,39,11.7,1,2,2380,right_to_left,Melbourne City,2,False,False,False,create,1,medium_block,9,-0.18,-9.9,4,half_space_right,2,middle_third,False,18.89,29.64,1,wide_left,3,attacking_third,False,36.74,50.52,43.98,58.53,58.21,36.85,48.74,47.0
93,2006229,13719,13734,22:50.9,22:52.4,22,50,1.5,1,2,2380,right_to_left,Melbourne City,1,True,False,False,finish,2,low_block,8,19.34,29.19,1,wide_left,3,attacking_third,False,26.71,23.95,1,wide_left,3,attacking_third,False,50.49,47.94,58.64,61.26,36.64,31.39,47.03,47.19
94,2006229,13734,13768,22:52.4,22:55.8,22,52,3.4,1,1,1804,left_to_right,Macarthur FC,1,False,False,False,build_up,0,high_block,10,-27.18,-24.14,5,wide_right,1,defensive_third,False,-20.74,-32.34,5,wide_right,1,defensive_third,False,31.0,40.26,47.2,47.61,47.56,38.36,61.7,67.64
95,2006229,13768,13803,22:55.8,22:59.3,22,55,3.5,1,1,1804,left_to_right,Macarthur FC,1,False,False,False,create,1,medium_block,9,-19.76,-32.21,5,wide_right,1,defensive_third,False,-3.84,-34.95,5,wide_right,2,middle_third,False,40.44,46.02,47.74,52.17,38.45,39.7,67.59,65.83
96,2006229,14063,14095,23:25.3,23:28.5,23,25,3.2,1,1,1804,left_to_right,Macarthur FC,1,True,False,False,direct,6,defending_direct,15,,,2,half_space_left,2,middle_third,False,2.98,24.2,1,wide_left,2,middle_third,False,,57.1,,55.7,,45.55,,51.29
97,2006229,14095,14138,23:28.5,23:32.8,23,28,4.3,1,2,2380,right_to_left,Melbourne City,1,False,False,False,create,1,medium_block,9,-2.28,-23.83,5,wide_right,2,middle_third,False,18.77,-18.58,4,half_space_right,3,attacking_third,False,45.56,42.44,51.22,60.52,56.91,41.65,55.88,53.97
98,2006229,14138,14172,23:32.8,23:36.2,23,32,3.4,1,2,2380,right_to_left,Melbourne City,1,True,False,False,finish,2,low_block,8,19.53,-18.64,4,half_space_right,3,attacking_third,False,39.97,-13.42,4,half_space_right,3,attacking_third,True,42.36,39.25,60.76,67.82,41.61,39.25,53.91,50.26
99,2006229,14172,14202,23:36.2,23:39.2,23,36,3.0,1,1,1804,left_to_right,Macarthur FC,1,True,False,False,chaotic,5,chaotic,5,-40.78,13.19,2,half_space_left,1,defensive_third,False,-45.52,27.62,1,wide_left,1,defensive_third,False,39.28,39.09,50.05,51.17,39.12,36.12,68.3,76.42
100,2006229,14322,14327,23:51.2,23:51.7,23,51,0.5,1,2,2380,right_to_left,Melbourne City,1,False,False,False,create,1,medium_block,9,,,2,half_space_left,2,middle_third,False,,,2,half_space_left,2,middle_third,False,,,,,,,,
101,2006229,14327,14346,23:51.7,23:53.6,23,51,1.9,1,2,2380,right_to_left,Melbourne City,1,False,False,False,finish,2,low_block,8,15.84,-29.01,5,wide_right,2,middle_third,False,5.59,-11.04,4,half_space_right,2,middle_third,False,47.45,52.16,59.59,56.85,35.6,33.35,30.27,33.21
102,2006229,14346,14466,23:53.6,24:05.6,23,53,12.0,1,2,2380,right_to_left,Melbourne City,4,False,False,False,create,1,medium_block,9,5.18,-9.98,4,half_space_right,2,middle_third,False,-18.91,20.94,1,wide_left,1,defensive_third,False,52.46,58.4,56.74,47.18,33.34,41.22,33.44,50.28
103,2006229,14466,14528,24:05.6,24:11.8,24,5,6.2,1,2,2380,right_to_left,Melbourne City,2,False,False,False,build_up,0,high_block,10,-20.11,19.94,2,half_space_left,1,defensive_third,False,-20.07,-17.12,4,half_space_right,1,defensive_third,False,58.58,60.58,47.05,41.41,41.22,48.05,50.4,52.62
104,2006229,14528,14557,24:11.8,24:14.7,24,11,2.9,1,2,2380,right_to_left,Melbourne City,1,False,False,False,create,1,medium_block,9,-18.91,-18.27,4,half_space_right,1,defensive_third,False,-19.66,-10.81,4,half_space_right,1,defensive_third,False,60.52,56.4,41.44,44.54,48.04,46.18,52.79,52.62
105,2006229,14557,14592,24:14.7,24:18.2,24,14,3.5,1,2,2380,right_to_left,Melbourne City,1,False,False,False,build_up,0,high_block,10,-20.42,-9.47,4,half_space_right,1,defensive_third,False,-20.39,15.31,2,half_space_left,1,defensive_third,False,56.42,60.29,44.5,42.4,46.2,43.95,52.52,48.65
106,2006229,14592,14745,24:18.2,24:33.5,24,18,15.3,1,2,2380,right_to_left,Melbourne City,3,False,False,False,create,1,medium_block,9,-19.95,15.89,2,half_space_left,1,defensive_third,False,13.24,-25.78,5,wide_right,2,middle_third,False,60.37,49.88,42.55,53.05,43.82,36.76,48.58,37.85
107,2006229,14745,14812,24:33.5,24:40.2,24,33,6.7,1,2,2380,right_to_left,Melbourne City,4,True,False,False,finish,2,low_block,8,13.4,-25.76,5,wide_right,2,middle_third,False,37.11,-2.54,3,center,3,attacking_third,True,49.67,43.23,53.34,64.68,36.93,30.36,37.76,32.84
108,2006229,14812,14815,24:40.2,24:40.5,24,40,0.3,1,1,1804,left_to_right,Macarthur FC,1,False,False,False,chaotic,5,chaotic,5,-38.57,0.92,3,center,1,defensive_third,False,-41.39,-2.21,3,center,1,defensive_third,False,30.04,29.48,32.78,32.77,42.79,41.92,65.12,66.01
109,2006229,15109,15184,25:09.9,25:17.4,25,9,7.5,1,1,1804,left_to_right,Macarthur FC,2,True,False,False,direct,6,defending_direct,15,-46.61,-4.22,3,center,1,defensive_third,False,1.86,15.0,2,half_space_left,2,middle_third,False,64.55,46.45,53.94,47.4,44.08,34.98,64.57,51.84
110,2006229,15184,15317,25:17.4,25:30.7,25,17,13.3,1,2,2380,right_to_left,Melbourne City,4,False,False,False,create,1,medium_block,9,-2.27,-14.76,4,half_space_right,2,middle_third,False,-19.46,12.71,2,half_space_left,1,defensive_third,False,34.8,58.47,51.81,49.25,46.35,44.56,47.56,52.71
111,2006229,15317,15394,25:30.7,25:38.4,25,30,7.7,1,2,2380,right_to_left,Melbourne City,3,False,False,False,build_up,0,high_block,10,-20.33,12.76,2,half_space_left,1,defensive_third,False,-20.31,-24.83,5,wide_right,1,defensive_third,False,58.41,61.15,49.15,48.3,44.59,44.47,52.99,63.52
112,2006229,15394,15404,25:38.4,25:39.4,25,38,1.0,1,2,2380,right_to_left,Melbourne City,0,True,False,False,create,1,medium_block,9,-18.66,-24.7,5,wide_right,1,defensive_third,False,-7.03,-24.46,5,wide_right,2,middle_third,False,60.81,57.9,48.39,48.93,44.32,43.08,63.31,63.0
113,2006229,15404,15436,25:39.4,25:42.6,25,39,3.2,1,1,1804,left_to_right,Macarthur FC,2,False,False,False,finish,2,low_block,8,6.77,24.54,1,wide_left,2,middle_third,False,7.97,27.52,1,wide_left,2,middle_third,False,42.9,41.69,62.89,56.69,57.64,50.18,48.92,47.22
114,2006229,15436,15608,25:42.6,25:59.8,25,42,17.2,1,1,1804,left_to_right,Macarthur FC,8,False,False,False,create,1,medium_block,9,7.01,27.39,1,wide_left,2,middle_third,False,29.07,-12.56,4,half_space_right,3,attacking_third,False,41.87,45.8,56.54,58.65,50.08,37.5,46.94,50.41
115,2006229,15608,15644,25:59.8,26:03.4,25,59,3.6,1,1,1804,left_to_right,Macarthur FC,1,True,False,False,finish,2,low_block,8,29.73,-12.17,4,half_space_right,3,attacking_third,False,40.71,-5.47,3,center,3,attacking_third,True,45.61,37.31,59.13,72.77,37.39,37.94,50.33,45.93
116,2006229,15644,15760,26:03.4,26:15.0,26,3,11.6,1,2,2380,right_to_left,Melbourne City,4,True,False,False,transition,4,defending_transition,11,-40.74,5.4,3,center,1,defensive_third,False,31.78,20.01,2,half_space_left,3,attacking_third,False,37.98,35.64,45.97,70.3,37.07,38.3,72.8,62.56
117,2006229,15760,15770,26:15.0,26:16.0,26,15,1.0,1,1,1804,left_to_right,Macarthur FC,1,True,False,False,chaotic,5,chaotic,5,-32.04,-20.28,5,wide_right,1,defensive_third,False,-30.34,-31.44,5,wide_right,1,defensive_third,False,38.43,39.25,62.57,62.28,35.28,33.72,70.79,73.64
118,2006229,15910,15959,26:30.0,26:34.9,26,30,4.9,1,2,2380,right_to_left,Melbourne City,2,True,False,False,chaotic,5,chaotic,5,,,2,half_space_left,2,middle_third,False,41.25,7.51,3,center,3,attacking_third,True,,38.78,,70.68,,31.75,,40.14
119,2006229,15959,16046,26:34.9,26:43.6,26,34,8.7,1,1,1804,left_to_right,Macarthur FC,2,False,False,False,build_up,0,high_block,10,-42.26,-7.17,3,center,1,defensive_third,False,-20.02,26.62,1,wide_left,1,defensive_third,False,31.7,50.32,40.27,43.5,38.6,41.8,71.43,62.6
120,2006229,16046,16081,26:43.6,26:47.1,26,43,3.5,1,1,1804,left_to_right,Macarthur FC,2,True,False,False,create,1,medium_block,9,-19.44,26.65,1,wide_left,1,defensive_third,False,-6.12,19.49,2,half_space_left,2,middle_third,False,50.19,53.81,43.57,46.56,41.74,37.06,62.58,57.33
121,2006229,16081,16109,26:47.1,26:49.9,26,47,2.8,1,2,2380,right_to_left,Melbourne City,1,False,False,False,chaotic,5,chaotic,5,6.02,-19.61,4,half_space_right,2,middle_third,False,0.93,-15.54,4,half_space_right,2,middle_third,False,36.82,32.39,57.11,52.53,53.93,52.15,46.61,44.29
122,2006229,16274,16393,27:06.4,27:18.3,27,6,11.9,1,2,2380,right_to_left,Melbourne City,3,False,False,False,create,1,medium_block,9,,,2,half_space_left,2,middle_third,False,-19.44,21.72,1,wide_left,1,defensive_third,False,,58.1,,53.75,,45.75,,56.72
123,2006229,16393,16483,27:18.3,27:27.3,27,18,9.0,1,2,2380,right_to_left,Melbourne City,3,False,False,False,build_up,0,high_block,10,-20.03,21.62,1,wide_left,1,defensive_third,False,-20.59,18.55,2,half_space_left,1,defensive_third,False,58.04,59.72,53.69,45.76,45.72,46.23,57.19,54.83
124,2006229,16483,16578,27:27.3,27:36.8,27,27,9.5,1,2,2380,right_to_left,Melbourne City,4,False,False,False,create,1,medium_block,9,-19.45,18.6,2,half_space_left,1,defensive_third,False,17.05,17.21,2,half_space_left,2,middle_third,False,59.76,47.46,45.87,60.83,46.13,35.82,54.9,59.27
125,2006229,17049,17249,28:23.9,28:43.9,28,23,20.0,1,2,2380,right_to_left,Melbourne City,6,True,False,True,set_play,7,defending_set_play,13,19.04,16.34,2,half_space_left,3,attacking_third,False,-37.2,-0.56,3,center,1,defensive_third,False,31.48,14.65,63.64,30.72,25.93,29.59,22.94,69.19
126,2006229,17249,17265,28:43.9,28:45.5,28,43,1.6,1,1,1804,left_to_right,Macarthur FC,1,True,False,False,chaotic,5,chaotic,5,-37.05,-0.84,3,center,1,defensive_third,False,-19.32,4.93,3,center,1,defensive_third,False,14.41,14.31,30.93,35.83,29.43,28.75,69.18,67.9
127,2006229,17555,17599,29:14.5,29:18.9,29,14,4.4,1,2,2380,right_to_left,Melbourne City,4,False,False,False,build_up,0,high_block,10,-32.98,-23.7,5,wide_right,1,defensive_third,False,-20.15,-29.71,5,wide_right,1,defensive_third,False,59.15,57.0,50.83,51.56,43.35,42.09,62.12,64.97
128,2006229,17599,17651,29:18.9,29:24.1,29,18,5.2,1,2,2380,right_to_left,Melbourne City,1,False,False,False,create,1,medium_block,9,-19.49,-29.7,5,wide_right,1,defensive_third,False,17.5,-29.54,5,wide_right,2,middle_third,False,56.78,46.18,51.59,63.34,42.39,37.13,64.97,61.83
129,2006229,17651,17719,29:24.1,29:30.9,29,24,6.8,1,2,2380,right_to_left,Melbourne City,4,False,False,False,finish,2,low_block,8,18.03,-29.64,5,wide_right,3,attacking_third,False,6.23,-13.02,4,half_space_right,2,middle_third,False,46.16,51.52,63.6,59.02,37.04,35.23,61.68,40.0
130,2006229,17719,17754,29:30.9,29:34.4,29,30,3.5,1,2,2380,right_to_left,Melbourne City,1,False,False,False,create,1,medium_block,9,5.4,-11.34,4,half_space_right,2,middle_third,False,4.29,20.16,1,wide_left,2,middle_third,False,51.67,57.19,58.84,56.41,35.28,40.04,39.71,40.73
131,2006229,17754,17768,29:34.4,29:35.8,29,34,1.4,1,2,2380,right_to_left,Melbourne City,1,False,False,False,finish,2,low_block,8,5.07,21.85,1,wide_left,2,middle_third,False,5.89,29.52,1,wide_left,2,middle_third,False,57.21,56.59,56.49,57.06,40.25,41.83,40.84,42.18
132,2006229,17768,17880,29:35.8,29:47.0,29,35,11.2,1,2,2380,right_to_left,Melbourne City,3,False,False,False,create,1,medium_block,9,5.36,29.35,1,wide_left,2,middle_third,False,4.96,-15.68,4,half_space_right,2,middle_third,False,56.45,58.89,57.07,44.15,41.75,40.66,42.31,36.98
133,2006229,17880,17999,29:47.0,29:58.9,29,47,11.9,1,2,2380,right_to_left,Melbourne City,2,False,False,False,finish,2,low_block,8,5.43,-15.62,4,half_space_right,2,middle_third,False,56.31,-30.05,5,wide_right,3,attacking_third,False,58.87,42.39,44.66,81.11,40.54,36.98,36.78,38.57
134,2006229,17999,18003,29:58.9,29:59.3,29,58,0.4,1,2,2380,right_to_left,Melbourne City,0,True,False,False,create,1,medium_block,9,,,2,half_space_left,2,middle_third,False,,,2,half_space_left,2,middle_third,False,,,,,,,,
135,2006229,18254,18264,30:24.4,30:25.4,30,24,1.0,1,1,1804,left_to_right,Macarthur FC,1,True,False,False,direct,6,defending_direct,15,-45.88,0.23,3,center,1,defensive_third,False,-30.49,3.4,3,center,1,defensive_third,False,61.64,60.3,50.77,51.37,46.2,45.49,65.89,64.96
136,2006229,18405,18514,30:39.5,30:50.4,30,39,10.9,1,2,2380,right_to_left,Melbourne City,5,False,False,False,finish,2,low_block,8,8.93,-6.68,3,center,2,middle_third,False,7.52,26.43,1,wide_left,2,middle_third,False,53.5,54.03,58.09,54.48,37.12,41.67,37.8,45.32
137,2006229,18514,18625,30:50.4,31:01.5,30,50,11.1,1,2,2380,right_to_left,Melbourne City,3,False,False,False,create,1,medium_block,9,7.1,26.02,1,wide_left,2,middle_third,False,20.76,31.78,1,wide_left,3,attacking_third,False,54.05,56.8,54.33,59.85,41.67,39.41,45.5,55.02
138,2006229,18625,18638,31:01.5,31:02.8,31,1,1.3,1,2,2380,right_to_left,Melbourne City,1,True,False,False,finish,2,low_block,8,21.35,32.09,1,wide_left,3,attacking_third,False,29.85,30.98,1,wide_left,3,attacking_third,False,56.68,56.19,60.06,63.07,39.25,39.78,55.11,56.03
139,2006229,18638,18726,31:02.8,31:11.6,31,2,8.8,1,1,1804,left_to_right,Macarthur FC,3,False,False,False,build_up,0,high_block,10,-29.99,-30.73,5,wide_right,1,defensive_third,False,-21.12,-32.3,5,wide_right,1,defensive_third,False,39.75,51.66,56.14,56.69,56.25,40.82,63.33,61.4
140,2006229,18726,18756,31:11.6,31:14.6,31,11,3.0,1,1,1804,left_to_right,Macarthur FC,2,False,False,False,create,1,medium_block,9,-19.78,-32.95,5,wide_right,1,defensive_third,False,-9.36,-34.87,5,wide_right,2,middle_third,False,51.77,47.67,56.72,55.72,41.07,40.44,61.21,58.16
141,2006229,18853,18864,31:24.3,31:25.4,31,24,1.1,1,1,1804,left_to_right,Macarthur FC,1,False,False,False,create,1,medium_block,9,-8.03,-33.77,5,wide_right,2,middle_third,False,-19.11,-27.59,5,wide_right,1,defensive_third,False,51.76,52.03,55.18,55.41,34.61,34.86,48.05,48.0
142,2006229,18864,18982,31:25.4,31:37.2,31,25,11.8,1,1,1804,left_to_right,Macarthur FC,3,False,False,False,build_up,0,high_block,10,-20.12,-27.17,5,wide_right,1,defensive_third,False,-20.06,32.26,1,wide_left,1,defensive_third,False,52.09,60.13,55.35,51.94,34.91,39.41,48.0,53.4
143,2006229,18982,18996,31:37.2,31:38.6,31,37,1.4,1,1,1804,left_to_right,Macarthur FC,1,False,False,False,create,1,medium_block,9,-19.97,32.33,1,wide_left,1,defensive_third,False,-18.08,35.98,1,wide_left,1,defensive_third,False,59.89,58.21,52.15,52.95,39.41,39.0,53.32,52.19
144,2006229,19073,19081,31:46.3,31:47.1,31,46,0.8,1,1,1804,left_to_right,Macarthur FC,1,False,False,False,create,1,medium_block,9,-13.56,31.13,1,wide_left,2,middle_third,False,-19.28,25.93,1,wide_left,1,defensive_third,False,55.41,54.79,52.22,51.83,34.11,33.92,48.12,48.54
145,2006229,19081,19162,31:47.1,31:55.2,31,47,8.1,1,1,1804,left_to_right,Macarthur FC,2,False,False,False,build_up,0,high_block,10,-20.22,25.11,1,wide_left,1,defensive_third,False,-20.02,-16.69,4,half_space_right,1,defensive_third,False,54.74,59.88,51.78,47.03,33.92,44.53,48.65,56.69
146,2006229,19162,19212,31:55.2,32:00.2,31,55,5.0,1,1,1804,left_to_right,Macarthur FC,2,True,False,False,create,1,medium_block,9,-18.18,-15.58,4,half_space_right,1,defensive_third,False,5.77,15.62,2,half_space_left,2,middle_third,False,59.72,57.96,47.05,49.32,44.55,42.37,56.44,52.52
147,2006229,19212,19260,32:00.2,32:05.0,32,0,4.8,1,2,2380,right_to_left,Melbourne City,2,False,True,True,create,1,medium_block,9,-6.53,-16.07,4,half_space_right,2,middle_third,False,-19.25,-10.1,4,half_space_right,1,defensive_third,False,42.7,39.7,52.56,48.94,58.07,42.88,49.58,52.89
148,2006229,19260,19328,32:05.0,32:11.8,32,5,6.8,1,2,2380,right_to_left,Melbourne City,2,False,True,True,build_up,0,high_block,10,-20.34,-9.27,4,half_space_right,1,defensive_third,False,-20.16,26.92,1,wide_left,1,defensive_third,False,39.82,52.94,48.69,50.07,42.53,47.85,52.97,52.23
149,2006229,19328,19389,32:11.8,32:17.9,32,11,6.1,1,2,2380,right_to_left,Melbourne City,1,False,True,True,create,1,medium_block,9,-19.6,27.48,1,wide_left,1,defensive_third,False,-12.19,29.01,1,wide_left,2,middle_third,False,53.12,54.45,50.09,52.83,47.88,44.22,52.24,54.59
150,2006229,19389,19465,32:17.9,32:25.5,32,17,7.6,1,2,2380,right_to_left,Melbourne City,4,False,True,True,direct,6,defending_direct,15,-11.86,29.2,1,wide_left,2,middle_third,False,51.32,-0.56,3,center,3,attacking_third,True,54.29,41.06,53.01,85.75,44.45,32.35,54.82,62.04
151,2006229,20251,20308,33:44.1,33:49.8,33,44,5.7,1,1,1804,left_to_right,Macarthur FC,5,True,False,False,create,1,medium_block,9,-0.33,-0.31,3,center,2,middle_third,False,0.55,-14.06,4,half_space_right,2,middle_third,False,62.08,61.22,40.17,52.15,38.35,39.68,40.38,50.36
152,2006229,20308,20321,33:49.8,33:51.1,33,49,1.3,1,2,2380,right_to_left,Melbourne City,2,True,False,False,chaotic,5,chaotic,5,-0.26,14.22,2,half_space_left,2,middle_third,False,6.87,12.41,2,half_space_left,2,middle_third,False,39.54,38.2,50.22,49.75,60.87,54.85,52.17,52.14
153,2006229,20321,20371,33:51.1,33:56.1,33,51,5.0,1,1,1804,left_to_right,Macarthur FC,1,True,False,False,chaotic,5,chaotic,5,-6.66,-11.9,4,half_space_right,2,middle_third,False,1.49,15.71,2,half_space_left,2,middle_third,False,54.29,43.91,52.16,50.28,38.11,30.77,50.09,49.14
154,2006229,20371,20407,33:56.1,33:59.7,33,56,3.6,1,2,2380,right_to_left,Melbourne City,1,False,False,False,create,1,medium_block,9,-2.15,-16.42,4,half_space_right,2,middle_third,False,-19.6,-24.68,5,wide_right,1,defensive_third,False,31.07,41.98,48.95,50.16,44.28,50.24,50.29,51.94
155,2006229,20407,20511,33:59.7,34:10.1,33,59,10.4,1,2,2380,right_to_left,Melbourne City,3,False,False,False,build_up,0,high_block,10,-20.85,-24.12,5,wide_right,1,defensive_third,False,-20.47,19.85,2,half_space_left,1,defensive_third,False,42.09,56.85,50.13,50.92,49.91,42.22,51.94,56.67
156,2006229,20511,20539,34:10.1,34:12.9,34,10,2.8,1,2,2380,right_to_left,Melbourne City,1,True,False,False,create,1,medium_block,9,-19.81,19.86,2,half_space_left,1,defensive_third,False,-5.08,18.13,2,half_space_left,2,middle_third,False,56.8,56.03,51.17,56.46,42.16,40.22,56.68,55.29
157,2006229,20539,20647,34:12.9,34:23.7,34,12,10.8,1,1,1804,left_to_right,Macarthur FC,3,True,False,True,quick_break,3,defending_quick_break,12,4.89,-18.27,4,half_space_right,2,middle_third,False,49.62,8.85,3,center,3,attacking_third,True,40.24,36.56,55.18,76.67,55.96,34.64,56.59,50.59
158,2006229,21102,21136,35:09.2,35:12.6,35,9,3.4,1,2,2380,right_to_left,Melbourne City,1,True,False,False,direct,6,defending_direct,15,-32.59,6.93,3,center,1,defensive_third,False,20.96,1.8,3,center,3,attacking_third,False,34.09,28.03,55.48,57.94,31.15,27.76,44.01,43.93
159,2006229,21136,21210,35:12.6,35:20.0,35,12,7.4,1,1,1804,left_to_right,Macarthur FC,2,True,False,False,build_up,0,high_block,10,-21.7,-1.18,3,center,1,defensive_third,False,-41.62,19.47,2,half_space_left,1,defensive_third,False,27.84,49.79,43.99,44.24,27.99,34.67,58.18,80.5
160,2006229,21288,21396,35:27.8,35:38.6,35,27,10.8,1,2,2380,right_to_left,Melbourne City,5,True,False,False,create,1,medium_block,9,21.64,-32.74,5,wide_right,3,attacking_third,False,7.59,-16.35,4,half_space_right,2,middle_third,False,50.4,57.62,70.76,56.05,40.04,42.5,33.7,45.74
161,2006229,21396,21469,35:38.6,35:45.9,35,38,7.3,1,1,1804,left_to_right,Macarthur FC,3,True,False,False,chaotic,5,chaotic,5,-7.42,16.4,2,half_space_left,2,middle_third,False,10.65,22.28,1,wide_left,2,middle_third,False,42.41,51.87,45.63,48.92,57.4,43.05,55.97,48.82
162,2006229,21469,21553,35:45.9,35:54.3,35,45,8.4,1,2,2380,right_to_left,Melbourne City,3,False,False,False,create,1,medium_block,9,-10.78,-22.0,5,wide_right,2,middle_third,False,7.43,18.1,2,half_space_left,2,middle_third,False,42.65,49.27,48.9,59.86,51.59,39.39,48.7,46.06
163,2006229,21553,21638,35:54.3,36:02.8,35,54,8.5,1,2,2380,right_to_left,Melbourne City,3,False,False,False,finish,2,low_block,8,7.79,18.36,2,half_space_left,2,middle_third,False,-16.59,-27.25,5,wide_right,2,middle_third,False,49.52,37.71,59.86,46.32,39.56,41.04,45.87,54.93
164,2006229,21638,21677,36:02.8,36:06.7,36,2,3.9,1,2,2380,right_to_left,Melbourne City,2,False,False,False,create,1,medium_block,9,16.4,26.93,1,wide_left,2,middle_third,False,11.02,10.4,2,half_space_left,2,middle_third,False,40.78,39.14,54.87,54.91,37.54,31.57,46.33,39.42
165,2006229,21677,21684,36:06.7,36:07.4,36,6,0.7,1,2,2380,right_to_left,Melbourne City,1,False,False,False,finish,2,low_block,8,10.63,9.91,2,half_space_left,2,middle_third,False,5.14,4.89,3,center,2,middle_third,False,39.46,41.62,54.92,54.9,31.43,30.82,39.13,37.5
166,2006229,21684,21875,36:07.4,36:26.5,36,7,19.1,1,2,2380,right_to_left,Melbourne City,6,False,False,False,create,1,medium_block,9,4.33,4.21,3,center,2,middle_third,False,-19.42,23.67,1,wide_left,1,defensive_third,False,42.02,62.69,54.88,47.26,30.75,43.74,37.32,53.45
167,2006229,21875,21930,36:26.5,36:32.0,36,26,5.5,1,2,2380,right_to_left,Melbourne City,2,False,False,False,build_up,0,high_block,10,-20.23,22.5,1,wide_left,1,defensive_third,False,-20.02,-2.91,3,center,1,defensive_third,False,62.64,57.82,47.12,39.79,43.73,42.38,53.6,51.89
168,2006229,21930,21965,36:32.0,36:35.5,36,32,3.5,1,2,2380,right_to_left,Melbourne City,2,True,False,False,create,1,medium_block,9,-19.6,-3.27,3,center,1,defensive_third,False,3.51,-1.53,3,center,2,middle_third,False,57.98,58.28,39.67,46.7,42.27,38.86,51.73,49.92
169,2006229,21965,22039,36:35.5,36:42.9,36,35,7.4,1,1,1804,left_to_right,Macarthur FC,4,True,False,False,create,1,medium_block,9,-3.84,1.76,3,center,2,middle_third,False,13.19,22.19,1,wide_left,2,middle_third,False,38.76,47.6,49.97,51.6,58.15,39.12,46.89,38.66
170,2006229,22039,22297,36:42.9,37:08.7,36,42,25.8,1,2,2380,right_to_left,Melbourne City,9,True,False,False,create,1,medium_block,9,-13.26,-21.8,5,wide_right,2,middle_third,False,20.25,-24.89,5,wide_right,3,attacking_third,False,38.88,48.02,38.5,57.1,47.92,36.71,51.67,46.34
171,2006229,22297,22304,37:08.7,37:09.4,37,8,0.7,1,1,1804,left_to_right,Macarthur FC,1,True,False,False,chaotic,5,chaotic,5,-20.85,24.43,1,wide_left,1,defensive_third,False,-25.33,20.93,1,wide_left,1,defensive_third,False,36.81,37.14,46.31,46.17,48.0,47.64,57.23,58.46
172,2006229,22304,22316,37:09.4,37:10.6,37,9,1.2,1,2,2380,right_to_left,Melbourne City,1,True,False,False,chaotic,5,chaotic,5,26.0,-20.55,5,wide_right,3,attacking_third,False,33.48,-17.14,4,half_space_right,3,attacking_third,False,47.52,45.18,58.89,63.54,37.13,35.69,46.17,45.76
173,2006229,22316,22351,37:10.6,37:14.1,37,10,3.5,1,1,1804,left_to_right,Macarthur FC,2,True,False,False,chaotic,5,chaotic,5,-34.14,16.87,2,half_space_left,1,defensive_third,False,-32.2,16.42,2,half_space_left,1,defensive_third,False,35.46,35.95,45.68,39.38,44.88,36.88,63.95,72.55
174,2006229,22439,22726,37:22.9,37:51.6,37,22,28.7,1,2,2380,right_to_left,Melbourne City,12,False,False,False,create,1,medium_block,9,-1.72,-32.75,5,wide_right,2,middle_third,False,-19.21,17.25,2,half_space_left,1,defensive_third,False,47.47,56.7,61.19,47.58,37.23,43.42,42.01,49.62
175,2006229,22726,22903,37:51.6,38:09.3,37,51,17.7,1,2,2380,right_to_left,Melbourne City,6,True,False,False,build_up,0,high_block,10,-20.43,17.81,2,half_space_left,1,defensive_third,False,-21.66,-33.8,5,wide_right,1,defensive_third,False,56.75,48.53,47.72,40.11,43.48,43.11,49.92,63.99
176,2006229,22972,22992,38:16.2,38:18.2,38,16,2.0,1,1,1804,left_to_right,Macarthur FC,2,False,False,False,finish,2,low_block,8,18.44,33.46,1,wide_left,3,attacking_third,False,5.44,30.12,1,wide_left,2,middle_third,False,52.08,53.92,56.36,53.76,36.68,36.18,34.7,35.09
177,2006229,22992,23028,38:18.2,38:21.8,38,18,3.6,1,1,1804,left_to_right,Macarthur FC,2,False,False,False,create,1,medium_block,9,5.17,30.08,1,wide_left,2,middle_third,False,-4.02,13.7,2,half_space_left,2,middle_third,False,54.07,61.08,53.53,46.9,36.23,39.85,35.16,43.11
178,2006229,23028,23065,38:21.8,38:25.5,38,21,3.7,1,1,1804,left_to_right,Macarthur FC,1,False,False,False,direct,6,defending_direct,15,-3.77,13.24,2,half_space_left,2,middle_third,False,37.79,-23.53,5,wide_right,3,attacking_third,False,61.26,55.15,46.64,61.75,39.94,43.27,43.41,49.8
179,2006229,23065,23153,38:25.5,38:34.3,38,25,8.8,1,1,1804,left_to_right,Macarthur FC,2,False,False,False,finish,2,low_block,8,38.49,-24.25,5,wide_right,3,attacking_third,False,5.17,-6.51,3,center,2,middle_third,False,54.86,55.51,62.02,51.12,43.38,35.95,49.76,34.37
180,2006229,23153,23223,38:34.3,38:41.3,38,34,7.0,1,1,1804,left_to_right,Macarthur FC,2,True,False,False,create,1,medium_block,9,4.86,-5.98,3,center,2,middle_third,False,22.91,21.92,1,wide_left,3,attacking_third,False,55.68,61.1,51.0,46.87,35.77,36.87,34.75,40.75
181,2006229,23223,23616,38:41.3,39:20.6,38,41,39.3,1,2,2380,right_to_left,Melbourne City,12,False,False,False,create,1,medium_block,9,-23.41,-21.85,5,wide_right,1,defensive_third,False,-19.67,-12.99,4,half_space_right,1,defensive_third,False,36.98,56.81,40.8,46.31,60.78,43.37,47.29,54.55
182,2006229,23616,23680,39:20.6,39:27.0,39,20,6.4,1,2,2380,right_to_left,Melbourne City,2,False,False,False,build_up,0,high_block,10,-20.3,-12.14,4,half_space_right,1,defensive_third,False,-20.09,-20.73,5,wide_right,1,defensive_third,False,56.88,60.34,46.12,45.18,43.35,46.26,54.52,53.63
183,2006229,23680,23699,39:27.0,39:28.9,39,27,1.9,1,2,2380,right_to_left,Melbourne City,2,False,False,False,create,1,medium_block,9,-19.7,-20.81,5,wide_right,1,defensive_third,False,-19.99,-16.63,4,half_space_right,1,defensive_third,False,60.26,57.32,45.35,48.14,46.36,47.0,53.23,47.07
184,2006229,23699,23934,39:28.9,39:52.4,39,28,23.5,1,2,2380,right_to_left,Melbourne City,5,False,False,False,build_up,0,high_block,10,-21.37,-16.4,4,half_space_right,1,defensive_third,False,-25.31,-26.03,5,wide_right,1,defensive_third,False,57.12,56.16,48.23,49.94,46.9,41.97,46.92,57.17
185,2006229,23934,23960,39:52.4,39:55.0,39,52,2.6,1,2,2380,right_to_left,Melbourne City,1,True,False,False,direct,6,defending_direct,15,-24.9,-25.76,5,wide_right,1,defensive_third,False,9.74,-25.73,5,wide_right,2,middle_third,False,55.95,45.68,49.99,54.26,41.78,39.2,57.32,59.44
186,2006229,23960,23970,39:55.0,39:56.0,39,55,1.0,1,1,1804,left_to_right,Macarthur FC,1,True,False,False,chaotic,5,chaotic,5,-9.99,25.95,1,wide_left,2,middle_third,False,-5.34,29.71,1,wide_left,2,middle_third,False,39.29,39.59,59.35,57.99,45.29,42.71,54.33,54.31
187,2006229,24088,24220,40:07.8,40:21.0,40,7,13.2,1,2,2380,right_to_left,Melbourne City,4,False,False,True,create,1,medium_block,9,-4.77,-33.32,5,wide_right,2,middle_third,False,-18.82,23.12,1,wide_left,1,defensive_third,False,49.47,60.21,57.92,50.13,37.02,46.63,44.64,54.7
188,2006229,24220,24251,40:21.0,40:24.1,40,21,3.1,1,2,2380,right_to_left,Melbourne City,1,False,False,True,build_up,0,high_block,10,-20.08,23.67,1,wide_left,1,defensive_third,False,-20.46,20.12,2,half_space_left,1,defensive_third,False,60.22,62.34,50.05,55.36,46.54,44.11,54.92,59.0
189,2006229,24251,24261,40:24.1,40:25.1,40,24,1.0,1,2,2380,right_to_left,Melbourne City,1,False,False,True,create,1,medium_block,9,-19.87,19.6,2,half_space_left,1,defensive_third,False,-18.04,19.25,2,half_space_left,1,defensive_third,False,62.36,62.5,55.42,54.98,43.97,42.91,58.86,57.41
190,2006229,24261,24330,40:25.1,40:32.0,40,25,6.9,1,2,2380,right_to_left,Melbourne City,2,True,False,True,direct,6,defending_direct,15,-17.75,19.41,2,half_space_left,1,defensive_third,False,43.57,11.3,2,half_space_left,3,attacking_third,True,62.48,37.05,54.9,79.7,42.85,32.42,57.4,57.05
191,2006229,24330,24345,40:32.0,40:33.5,40,32,1.5,1,1,1804,left_to_right,Macarthur FC,1,True,False,False,chaotic,5,chaotic,5,-43.45,-11.36,4,half_space_right,1,defensive_third,False,-29.06,-24.26,5,wide_right,1,defensive_third,False,32.5,33.82,56.79,57.36,36.79,35.78,79.98,82.5
192,2006229,24509,24709,40:49.9,41:09.9,40,49,20.0,1,2,2380,right_to_left,Melbourne City,8,False,False,False,create,1,medium_block,9,,,2,half_space_left,2,middle_third,False,17.01,-23.37,5,wide_right,2,middle_third,False,,48.87,,59.57,,37.26,,45.71
193,2006229,24709,24856,41:09.9,41:24.6,41,9,14.7,1,2,2380,right_to_left,Melbourne City,4,True,False,False,finish,2,low_block,8,17.27,-22.91,5,wide_right,2,middle_third,False,47.37,24.39,1,wide_left,3,attacking_third,False,48.37,25.97,59.77,74.53,37.06,34.59,45.57,38.22
194,2006229,24856,24925,41:24.6,41:31.5,41,24,6.9,1,1,1804,left_to_right,Macarthur FC,2,True,False,False,build_up,0,high_block,10,-47.64,-24.5,5,wide_right,1,defensive_third,False,-40.49,-33.62,5,wide_right,1,defensive_third,False,34.54,40.34,38.19,38.52,25.53,33.58,74.69,70.27
195,2006229,24925,25190,41:31.5,41:58.0,41,31,26.5,1,2,2380,right_to_left,Melbourne City,8,False,False,False,finish,2,low_block,8,40.37,33.51,1,wide_left,3,attacking_third,False,34.53,36.66,1,wide_left,3,attacking_third,False,33.62,44.43,70.03,63.59,40.25,37.33,38.51,35.36
196,2006229,25282,25328,42:07.2,42:11.8,42,7,4.6,1,2,2380,right_to_left,Melbourne City,2,False,False,False,finish,2,low_block,8,35.77,33.53,1,wide_left,3,attacking_third,False,5.29,13.5,2,half_space_left,2,middle_third,False,46.36,51.2,65.33,58.39,36.65,38.45,32.69,35.45
197,2006229,25328,25601,42:11.8,42:39.1,42,11,27.3,1,2,2380,right_to_left,Melbourne City,12,True,False,False,create,1,medium_block,9,4.75,12.39,2,half_space_left,2,middle_third,False,7.89,11.35,2,half_space_left,2,middle_third,False,51.38,52.31,58.18,53.48,38.55,37.13,35.82,49.71
198,2006229,25601,25645,42:39.1,42:43.5,42,39,4.4,1,1,1804,left_to_right,Macarthur FC,1,True,False,False,chaotic,5,chaotic,5,-8.75,-11.61,4,half_space_right,2,middle_third,False,2.28,13.92,2,half_space_left,2,middle_third,False,36.96,35.79,49.67,51.11,52.15,39.56,53.45,47.95
199,2006229,25645,25778,42:43.5,42:56.8,42,43,13.3,1,2,2380,right_to_left,Melbourne City,4,False,False,False,create,1,medium_block,9,-2.7,-14.82,4,half_space_right,2,middle_third,False,18.88,-29.37,5,wide_right,3,attacking_third,False,39.54,49.04,47.99,60.45,35.93,38.54,51.11,43.62
200,2006229,25778,25851,42:56.8,43:04.1,42,56,7.3,1,2,2380,right_to_left,Melbourne City,2,False,False,False,finish,2,low_block,8,19.24,-29.09,5,wide_right,3,attacking_third,False,32.6,16.25,2,half_space_left,3,attacking_third,False,48.92,40.78,60.68,74.54,38.46,26.72,43.47,33.31
201,2006229,26482,26682,44:07.2,44:27.2,44,7,20.0,1,2,2380,right_to_left,Melbourne City,1,False,False,False,set_play,7,defending_set_play,13,28.42,6.31,3,center,3,attacking_third,False,33.62,6.34,3,center,3,attacking_third,False,24.33,43.51,69.24,75.86,17.54,56.85,14.93,49.24
202,2006229,26682,26691,44:27.2,44:28.1,44,27,0.9,1,2,2380,right_to_left,Melbourne City,0,True,False,False,create,1,medium_block,9,32.13,6.02,3,center,3,attacking_third,False,17.81,3.17,3,center,3,attacking_third,False,43.52,43.44,75.67,73.6,56.66,54.23,49.12,48.14
203,2006229,26691,26702,44:28.1,44:29.2,44,28,1.1,1,1,1804,left_to_right,Macarthur FC,1,True,False,False,chaotic,5,chaotic,5,-17.02,-3.4,3,center,2,middle_third,False,-18.94,-12.63,4,half_space_right,1,defensive_third,False,53.94,50.79,48.13,47.85,43.41,41.99,73.33,70.47
204,2006229,26702,26719,44:29.2,44:30.9,44,29,1.7,1,2,2380,right_to_left,Melbourne City,1,True,False,False,chaotic,5,chaotic,5,19.17,13.17,2,half_space_left,3,attacking_third,False,31.96,11.89,2,half_space_left,3,attacking_third,False,41.81,39.03,70.16,67.34,50.44,43.62,47.87,47.22
205,2006229,26719,26834,44:30.9,44:42.4,44,30,11.5,1,1,1804,left_to_right,Macarthur FC,3,False,False,False,create,1,medium_block,9,-33.09,-11.66,4,half_space_right,1,defensive_third,False,-19.8,18.08,2,half_space_left,1,defensive_third,False,43.24,55.95,47.07,50.13,38.87,39.43,67.4,54.96
206,2006229,26834,26884,44:42.4,44:47.4,44,42,5.0,1,1,1804,left_to_right,Macarthur FC,2,False,False,False,build_up,0,high_block,10,-20.12,17.77,2,half_space_left,1,defensive_third,False,-26.18,-4.84,3,center,1,defensive_third,False,56.06,64.08,50.08,48.65,39.38,42.2,54.79,61.48
207,2006229,26884,26917,44:47.4,44:50.7,44,47,3.3,1,1,1804,left_to_right,Macarthur FC,1,True,False,False,direct,6,defending_direct,15,-25.91,-5.31,3,center,1,defensive_third,False,18.68,-23.36,5,wide_right,3,attacking_third,False,64.12,56.93,48.65,56.49,42.38,43.01,61.65,62.51
208,2006229,26917,26958,44:50.7,44:54.8,44,50,4.1,1,2,2380,right_to_left,Melbourne City,1,False,False,False,chaotic,5,chaotic,5,-19.63,23.54,1,wide_left,1,defensive_third,False,-46.25,11.31,2,half_space_left,1,defensive_third,False,43.19,51.75,62.44,52.99,56.46,41.36,56.84,73.52
209,2006229,26958,26987,44:54.8,44:57.7,44,54,2.9,1,2,2380,right_to_left,Melbourne City,1,True,False,False,direct,6,defending_direct,15,-46.31,11.29,2,half_space_left,1,defensive_third,False,1.05,12.63,2,half_space_left,2,middle_third,False,51.82,46.88,52.6,48.79,41.25,38.01,73.94,69.39
210,2006229,26987,26996,44:57.7,44:58.6,44,57,0.9,1,1,1804,left_to_right,Macarthur FC,1,True,False,False,chaotic,5,chaotic,5,-1.64,-12.62,4,half_space_right,2,middle_third,False,1.33,-13.52,4,half_space_right,2,middle_third,False,37.83,36.86,69.04,66.49,46.65,44.27,48.89,49.14
211,2006229,26996,27011,44:58.6,45:00.1,44,58,1.5,1,2,2380,right_to_left,Melbourne City,1,True,False,False,chaotic,5,chaotic,5,-1.57,13.57,2,half_space_left,2,middle_third,False,7.16,10.75,2,half_space_left,2,middle_third,False,43.95,40.49,49.18,51.55,36.79,36.29,66.22,62.41
212,2006229,27011,27026,45:00.1,45:01.6,45,0,1.5,1,1,1804,left_to_right,Macarthur FC,1,True,False,False,chaotic,5,chaotic,5,-7.35,-10.57,4,half_space_right,2,middle_third,False,1.93,-8.84,3,center,2,middle_third,False,36.32,35.96,62.11,57.87,40.28,36.99,51.75,52.71
213,2006229,27026,27054,45:01.6,45:04.4,45,1,2.8,1,2,2380,right_to_left,Melbourne City,2,True,False,False,chaotic,5,chaotic,5,-2.42,8.91,3,center,2,middle_third,False,8.18,19.19,2,half_space_left,2,middle_third,False,36.78,31.58,52.64,50.7,35.91,33.6,57.58,50.88
214,2006229,27054,27077,45:04.4,45:06.7,45,4,2.3,1,1,1804,left_to_right,Macarthur FC,1,True,False,False,chaotic,5,chaotic,5,-8.26,-19.43,4,half_space_right,2,middle_third,False,16.27,-16.83,4,half_space_right,2,middle_third,False,33.62,32.32,50.75,50.81,31.44,33.87,50.83,52.78
215,2006229,27077,27085,45:06.7,45:07.5,45,6,0.8,1,2,2380,right_to_left,Melbourne City,1,False,False,False,create,1,medium_block,9,-16.74,16.58,2,half_space_left,2,middle_third,False,-19.93,14.76,2,half_space_left,1,defensive_third,False,34.06,35.49,52.85,53.33,32.3,32.16,51.04,53.5
216,2006229,27085,27154,45:07.5,45:14.4,45,7,6.9,1,2,2380,right_to_left,Melbourne City,2,True,False,False,build_up,0,high_block,10,-20.33,14.55,2,half_space_left,1,defensive_third,False,-22.33,-23.45,5,wide_right,1,defensive_third,False,35.72,52.8,53.4,52.4,32.13,45.28,53.93,70.88
217,2006229,27217,27319,45:20.7,45:30.9,45,20,10.2,1,1,1804,left_to_right,Macarthur FC,4,False,False,False,create,1,medium_block,9,8.12,32.21,1,wide_left,2,middle_third,False,4.9,-8.6,3,center,2,middle_third,False,54.32,59.65,60.64,52.31,42.94,34.57,44.13,41.9
218,2006229,27660,27670,46:05.0,46:06.0,46,5,1.0,1,1,1804,left_to_right,Macarthur FC,1,True,False,False,set_play,7,defending_set_play,13,8.49,-11.7,4,half_space_right,2,middle_third,False,23.84,-0.39,3,center,3,attacking_third,False,34.65,33.1,51.84,55.0,26.9,25.12,25.71,23.41
219,2006229,27987,27997,46:37.7,46:38.7,46,37,1.0,1,2,2380,right_to_left,Melbourne City,1,True,False,False,direct,6,defending_direct,15,-21.42,-15.84,4,half_space_right,1,defensive_third,False,-9.87,-19.1,4,half_space_right,2,middle_third,False,29.55,27.68,54.65,57.3,28.76,27.19,43.05,43.12
220,2006229,28373,28397,47:16.3,47:18.7,47,16,2.4,1,1,1804,left_to_right,Macarthur FC,1,False,False,False,direct,6,defending_direct,15,-11.21,21.1,1,wide_left,2,middle_third,False,25.07,29.6,1,wide_left,3,attacking_third,False,61.48,55.84,54.96,62.24,39.05,36.53,43.98,42.98
221,2006229,28397,28435,47:18.7,47:22.5,47,18,3.8,1,1,1804,left_to_right,Macarthur FC,1,False,False,False,finish,2,low_block,8,25.83,29.9,1,wide_left,3,attacking_third,False,16.79,27.38,1,wide_left,2,middle_third,False,55.64,49.28,62.46,59.75,36.56,34.54,42.96,36.97
222,2006229,28479,28504,47:26.9,47:29.4,47,26,2.5,1,1,1804,left_to_right,Macarthur FC,1,False,False,False,create,1,medium_block,9,,,2,half_space_left,2,middle_third,False,10.47,-1.8,3,center,2,middle_third,False,,49.04,,45.31,,55.31,,49.17
223,2006229,28504,28568,45:01.4,45:07.8,0,1,6.4,2,1,2380,left_to_right,Melbourne City,2,True,False,False,chaotic,5,chaotic,5,-10.78,1.89,3,center,2,middle_third,False,24.73,17.47,2,half_space_left,3,attacking_third,False,55.51,40.43,49.34,67.96,49.0,35.89,45.68,49.59
224,2006229,28568,28577,45:07.8,45:08.7,0,7,0.9,2,2,1804,right_to_left,Macarthur FC,1,True,False,False,chaotic,5,chaotic,5,-24.95,-17.75,4,half_space_right,1,defensive_third,False,-19.71,-16.9,4,half_space_right,1,defensive_third,False,35.8,35.89,49.46,48.43,39.94,36.29,68.05,67.99
225,2006229,28577,28602,45:08.7,45:11.2,0,8,2.5,2,1,2380,left_to_right,Melbourne City,1,False,False,False,finish,2,low_block,8,18.79,16.8,2,half_space_left,3,attacking_third,False,8.96,19.51,2,half_space_left,2,middle_third,False,35.89,36.1,67.89,62.4,36.04,36.96,48.31,45.9
226,2006229,28602,28675,45:11.2,45:18.5,0,11,7.3,2,1,2380,left_to_right,Melbourne City,3,False,False,False,create,1,medium_block,9,8.88,19.69,2,half_space_left,2,middle_third,False,-19.98,18.9,2,half_space_left,1,defensive_third,False,36.33,58.2,62.08,48.55,37.0,40.84,45.76,52.26
227,2006229,28675,28735,45:18.5,45:24.5,0,18,6.0,2,1,2380,left_to_right,Melbourne City,2,False,False,False,build_up,0,high_block,10,-20.56,17.69,2,half_space_left,1,defensive_third,False,-20.0,24.1,1,wide_left,1,defensive_third,False,58.42,63.98,48.26,44.71,40.87,44.52,52.45,57.87
228,2006229,28735,28736,45:24.5,45:24.6,0,24,0.1,2,1,2380,left_to_right,Melbourne City,1,False,False,False,create,1,medium_block,9,-19.72,24.17,1,wide_left,1,defensive_third,False,-19.72,24.17,1,wide_left,1,defensive_third,False,63.82,63.82,45.13,45.13,44.54,44.54,57.87,57.87
229,2006229,28736,28762,45:24.6,45:27.2,0,24,2.6,2,1,2380,left_to_right,Melbourne City,1,False,False,False,direct,6,defending_direct,15,-19.24,24.22,1,wide_left,1,defensive_third,False,19.05,26.8,1,wide_left,3,attacking_third,False,63.64,52.97,45.62,57.98,44.55,42.46,57.87,59.06
230,2006229,28762,28779,45:27.2,45:28.9,0,27,1.7,2,1,2380,left_to_right,Melbourne City,1,False,False,False,create,1,medium_block,9,19.88,26.94,1,wide_left,3,attacking_third,False,18.93,25.98,1,wide_left,3,attacking_third,False,52.5,48.62,58.12,62.1,42.27,38.12,59.09,57.71
231,2006229,28779,29070,45:28.9,45:58.0,0,28,29.1,2,1,2380,left_to_right,Melbourne City,10,True,False,False,finish,2,low_block,8,18.83,25.47,1,wide_left,3,attacking_third,False,27.63,-32.31,5,wide_right,3,attacking_third,False,48.48,48.62,62.19,66.14,37.76,42.08,57.51,39.88
232,2006229,29191,29252,46:10.1,46:16.2,1,10,6.1,2,2,1804,right_to_left,Macarthur FC,2,True,False,False,chaotic,5,chaotic,5,-37.08,33.66,1,wide_left,1,defensive_third,False,-12.43,-8.75,3,center,2,middle_third,False,49.88,50.84,46.44,45.73,35.04,33.28,58.57,65.52
233,2006229,29252,29388,46:16.2,46:29.8,1,16,13.6,2,1,2380,left_to_right,Melbourne City,5,True,False,False,finish,2,low_block,8,12.1,9.52,2,half_space_left,2,middle_third,False,44.13,21.48,1,wide_left,3,attacking_third,False,33.33,46.65,65.36,69.47,50.67,45.8,45.81,46.01
234,2006229,29388,29464,46:29.8,46:37.4,1,29,7.6,2,2,1804,right_to_left,Macarthur FC,3,False,False,False,build_up,0,high_block,10,-44.57,-21.25,5,wide_right,1,defensive_third,False,-20.18,-13.64,4,half_space_right,1,defensive_third,False,45.97,45.78,46.15,49.46,46.64,35.7,70.0,67.96
235,2006229,29464,29649,46:37.4,46:55.9,1,37,18.5,2,2,1804,right_to_left,Macarthur FC,4,False,False,False,create,1,medium_block,9,-19.25,-11.61,4,half_space_right,1,defensive_third,False,19.97,1.15,3,center,3,attacking_third,False,45.89,53.5,49.57,58.15,35.63,36.1,67.76,47.86
236,2006229,29649,29664,46:55.9,46:57.4,1,55,1.5,2,2,1804,right_to_left,Macarthur FC,1,True,False,False,finish,2,low_block,8,21.14,2.69,3,center,3,attacking_third,False,30.41,3.76,3,center,3,attacking_third,False,53.35,49.31,58.41,61.33,35.91,32.92,47.79,47.3
237,2006229,29664,29721,46:57.4,47:03.1,1,57,5.7,2,1,2380,left_to_right,Melbourne City,3,True,False,False,chaotic,5,chaotic,5,-30.64,-3.24,3,center,1,defensive_third,False,-8.35,17.66,2,half_space_left,2,middle_third,False,32.66,37.11,47.21,44.36,48.88,34.85,61.62,58.98
238,2006229,29721,29735,47:03.1,47:04.5,2,3,1.4,2,2,1804,right_to_left,Macarthur FC,1,False,False,False,finish,2,low_block,8,8.02,-18.35,4,half_space_right,2,middle_third,False,5.46,-21.67,5,wide_right,2,middle_third,False,34.91,36.35,58.87,57.52,37.25,37.73,44.38,44.74
239,2006229,29735,29936,47:04.5,47:24.6,2,4,20.1,2,2,1804,right_to_left,Macarthur FC,7,True,False,False,create,1,medium_block,9,4.96,-21.59,5,wide_right,2,middle_third,False,10.22,26.36,1,wide_left,2,middle_third,False,36.46,41.59,57.42,52.54,37.7,34.96,44.72,48.6
240,2006229,29936,29978,47:24.6,47:28.8,2,24,4.2,2,1,2380,left_to_right,Melbourne City,1,True,False,False,chaotic,5,chaotic,5,-10.8,-26.73,5,wide_right,2,middle_third,False,2.97,-34.45,5,wide_right,2,middle_third,False,35.11,37.56,48.63,46.26,41.77,47.89,52.6,57.7
241,2006229,29978,30094,47:28.8,47:40.4,2,28,11.6,2,2,1804,right_to_left,Macarthur FC,4,False,False,False,create,1,medium_block,9,-2.96,34.49,1,wide_left,2,middle_third,False,13.85,-27.25,5,wide_right,2,middle_third,False,47.9,56.69,57.69,60.52,37.48,39.19,46.16,55.38
242,2006229,30094,30552,47:40.4,48:26.2,2,40,45.8,2,2,1804,right_to_left,Macarthur FC,13,True,False,False,finish,2,low_block,8,13.93,-26.92,5,wide_right,2,middle_third,False,41.57,-11.65,4,half_space_right,3,attacking_third,True,56.21,39.16,60.64,65.75,38.98,34.36,55.23,25.0
243,2006229,30552,30600,48:26.2,48:31.0,3,26,4.8,2,1,2380,left_to_right,Melbourne City,1,True,False,False,direct,6,defending_direct,15,-41.38,11.83,2,half_space_left,1,defensive_third,False,1.41,32.35,1,wide_left,2,middle_third,False,34.22,36.24,25.12,42.91,38.69,38.82,65.6,59.97
244,2006229,30600,30846,48:31.0,48:55.6,3,31,24.6,2,2,1804,right_to_left,Macarthur FC,8,True,False,False,create,1,medium_block,9,-1.98,-32.44,5,wide_right,2,middle_third,False,3.8,-32.87,5,wide_right,2,middle_third,False,39.17,61.06,59.92,49.34,36.31,41.96,43.49,48.21
245,2006229,30846,30932,48:55.6,49:04.2,3,55,8.6,2,1,2380,left_to_right,Melbourne City,4,False,False,False,create,1,medium_block,9,-4.08,33.07,1,wide_left,2,middle_third,False,-19.09,15.67,2,half_space_left,1,defensive_third,False,42.21,54.45,48.01,53.67,60.9,44.88,49.39,52.91
246,2006229,30932,30954,49:04.2,49:06.4,4,4,2.2,2,1,2380,left_to_right,Melbourne City,1,False,False,False,build_up,0,high_block,10,-20.3,15.44,2,half_space_left,1,defensive_third,False,-20.11,24.59,1,wide_left,1,defensive_third,False,54.65,57.3,53.73,54.09,44.8,43.33,52.94,56.72
247,2006229,30954,31010,49:06.4,49:12.0,4,6,5.6,2,1,2380,left_to_right,Melbourne City,2,True,False,False,create,1,medium_block,9,-19.39,25.72,1,wide_left,1,defensive_third,False,-11.23,33.09,1,wide_left,2,middle_third,False,57.44,54.99,54.13,53.3,43.31,44.29,56.72,54.25
248,2006229,31044,31067,49:15.4,49:17.7,4,15,2.3,2,2,1804,right_to_left,Macarthur FC,2,False,False,False,chaotic,5,chaotic,5,13.53,-31.08,5,wide_right,2,middle_third,False,17.59,-21.16,5,wide_right,3,attacking_third,False,46.97,46.74,56.2,57.22,50.56,45.79,52.33,49.01
249,2006229,31314,31365,49:42.4,49:47.5,4,42,5.1,2,2,1804,right_to_left,Macarthur FC,2,True,False,False,finish,2,low_block,8,12.44,-13.29,4,half_space_right,2,middle_third,False,38.6,-9.35,4,half_space_right,3,attacking_third,True,43.12,40.41,51.34,57.71,32.27,20.99,27.99,27.97
250,2006229,31365,31440,49:47.5,49:55.0,4,47,7.5,2,1,2380,left_to_right,Melbourne City,1,True,False,False,chaotic,5,chaotic,5,-38.84,9.61,2,half_space_left,1,defensive_third,False,-9.29,29.52,1,wide_left,2,middle_third,False,20.9,32.71,27.85,37.81,40.34,44.89,57.93,54.22
251,2006229,31440,31513,49:55.0,50:02.3,4,55,7.3,2,2,1804,right_to_left,Macarthur FC,4,False,False,False,finish,2,low_block,8,9.1,-29.54,5,wide_right,2,middle_third,False,19.66,-33.78,5,wide_right,3,attacking_third,False,44.88,42.4,54.08,53.12,32.73,37.2,37.68,34.35
252,2006229,31611,31633,50:12.1,50:14.3,5,12,2.2,2,2,1804,right_to_left,Macarthur FC,2,False,False,False,finish,2,low_block,8,12.76,-30.93,5,wide_right,2,middle_third,False,5.2,-25.69,5,wide_right,2,middle_third,False,52.49,55.7,51.8,51.15,34.73,37.04,30.64,34.05
253,2006229,31633,31834,50:14.3,50:34.4,5,14,20.1,2,2,1804,right_to_left,Macarthur FC,9,False,False,False,create,1,medium_block,9,5.03,-25.36,5,wide_right,2,middle_third,False,4.84,17.69,2,half_space_left,2,middle_third,False,55.89,55.32,51.1,55.72,37.13,44.67,34.37,40.35
254,2006229,31834,31904,50:34.4,50:41.4,5,34,7.0,2,2,1804,right_to_left,Macarthur FC,2,True,False,False,finish,2,low_block,8,5.1,17.47,2,half_space_left,2,middle_third,False,32.96,27.33,1,wide_left,3,attacking_third,False,55.38,47.59,55.57,63.91,44.44,46.51,40.23,37.73
255,2006229,31904,32003,50:41.4,50:51.3,5,41,9.9,2,1,2380,left_to_right,Melbourne City,5,True,False,False,build_up,0,high_block,10,-33.08,-27.11,5,wide_right,1,defensive_third,False,-36.01,0.34,3,center,1,defensive_third,False,46.32,46.12,37.71,43.33,47.33,36.02,64.22,64.28
256,2006229,32221,32272,51:13.1,51:18.2,6,13,5.1,2,2,1804,right_to_left,Macarthur FC,4,True,False,False,finish,2,low_block,8,46.65,-32.7,5,wide_right,3,attacking_third,False,48.47,-11.64,4,half_space_right,3,attacking_third,True,50.46,40.2,66.35,66.91,31.44,29.65,20.13,19.2
257,2006229,32624,32668,51:53.4,51:57.8,6,53,4.4,2,1,2380,left_to_right,Melbourne City,1,False,False,False,direct,6,defending_direct,15,-41.84,5.69,3,center,1,defensive_third,False,2.8,-1.41,3,center,2,middle_third,False,27.84,30.62,58.47,59.84,31.56,34.45,39.26,42.29
258,2006229,32668,32791,51:57.8,52:10.1,6,57,12.3,2,1,2380,left_to_right,Melbourne City,5,False,False,False,create,1,medium_block,9,2.44,-1.76,3,center,2,middle_third,False,16.4,-3.85,3,center,2,middle_third,False,30.88,43.92,59.77,61.77,34.43,30.75,42.38,38.39
259,2006229,32791,32796,52:10.1,52:10.6,7,10,0.5,2,1,2380,left_to_right,Melbourne City,1,True,False,False,finish,2,low_block,8,16.43,-3.95,3,center,2,middle_third,False,17.04,-3.73,3,center,2,middle_third,False,43.89,43.79,61.9,62.39,30.58,29.97,38.45,38.71
260,2006229,32796,32845,52:10.6,52:15.5,7,10,4.9,2,2,1804,right_to_left,Macarthur FC,1,True,False,False,chaotic,5,chaotic,5,-17.21,3.68,3,center,2,middle_third,False,3.17,11.05,2,half_space_left,2,middle_third,False,29.84,40.65,38.77,49.52,43.76,44.23,62.47,57.74
261,2006229,32845,32863,52:15.5,52:17.3,7,15,1.8,2,1,2380,left_to_right,Melbourne City,1,True,False,False,chaotic,5,chaotic,5,-3.21,-10.79,4,half_space_right,2,middle_third,False,6.37,6.71,3,center,2,middle_third,False,44.21,42.18,57.7,55.66,40.75,43.37,49.77,52.6
262,2006229,32863,32903,52:17.3,52:21.3,7,17,4.0,2,2,1804,right_to_left,Macarthur FC,2,False,False,True,create,1,medium_block,9,-6.33,-7.26,3,center,2,middle_third,False,18.54,-23.79,5,wide_right,3,attacking_third,False,43.57,50.17,52.64,58.87,42.04,32.32,55.45,48.14
263,2006229,32903,33009,52:21.3,52:31.9,7,21,10.6,2,2,1804,right_to_left,Macarthur FC,4,True,False,True,finish,2,low_block,8,19.2,-24.17,5,wide_right,3,attacking_third,False,47.22,1.78,3,center,3,attacking_third,True,50.12,38.25,59.19,69.13,31.93,24.43,48.14,24.65
264,2006229,33507,33549,53:21.7,53:25.9,8,21,4.2,2,1,2380,left_to_right,Melbourne City,2,False,False,True,build_up,0,high_block,10,-47.55,-6.81,3,center,1,defensive_third,False,-20.32,0.1,3,center,1,defensive_third,False,65.42,61.4,51.84,48.33,51.69,50.55,66.54,69.51
265,2006229,33549,33625,53:25.9,53:33.5,8,25,7.6,2,1,2380,left_to_right,Melbourne City,2,False,False,True,create,1,medium_block,9,-17.85,-1.05,3,center,1,defensive_third,False,24.22,27.52,1,wide_left,3,attacking_third,False,61.15,42.66,48.39,61.85,50.33,32.34,69.26,59.92
266,2006229,33625,33669,53:33.5,53:37.9,8,33,4.4,2,1,2380,left_to_right,Melbourne City,2,True,False,True,finish,2,low_block,8,24.96,27.66,1,wide_left,3,attacking_third,False,51.11,6.72,3,center,3,attacking_third,True,42.42,35.51,62.23,74.87,32.14,23.13,59.83,51.98
267,2006229,33956,34004,54:06.6,54:11.4,9,6,4.8,2,2,1804,right_to_left,Macarthur FC,2,True,False,False,direct,6,defending_direct,15,,,2,half_space_left,2,middle_third,False,-12.49,11.26,2,half_space_left,2,middle_third,False,,50.29,,49.24,,31.19,,59.22
268,2006229,34004,34025,54:11.4,54:13.5,9,11,2.1,2,1,2380,left_to_right,Melbourne City,1,False,False,False,finish,2,low_block,8,12.6,-11.57,4,half_space_right,2,middle_third,False,6.73,-6.09,3,center,2,middle_third,False,31.24,35.69,59.02,58.08,50.13,43.08,49.23,45.75
269,2006229,34025,34092,54:13.5,54:20.2,9,13,6.7,2,1,2380,left_to_right,Melbourne City,3,False,False,False,create,1,medium_block,9,5.67,-5.05,3,center,2,middle_third,False,13.17,26.18,1,wide_left,2,middle_third,False,36.01,49.63,58.11,59.98,42.61,37.3,45.49,43.97
270,2006229,34092,34165,54:20.2,54:27.5,9,20,7.3,2,1,2380,left_to_right,Melbourne City,2,False,False,False,finish,2,low_block,8,13.74,26.2,1,wide_left,2,middle_third,False,20.26,32.91,1,wide_left,3,attacking_third,False,49.49,43.21,60.19,66.7,37.35,39.41,43.9,35.01
271,2006229,34248,34382,54:35.8,54:49.2,9,35,13.4,2,1,2380,left_to_right,Melbourne City,5,False,False,False,create,1,medium_block,9,10.29,32.44,1,wide_left,2,middle_third,False,9.13,32.24,1,wide_left,2,middle_third,False,46.28,55.79,59.29,50.14,41.85,43.58,36.87,46.93
272,2006229,34523,34565,55:03.3,55:07.5,10,3,4.2,2,1,2380,left_to_right,Melbourne City,2,False,False,False,create,1,medium_block,9,16.42,33.55,1,wide_left,2,middle_third,False,-19.29,25.55,1,wide_left,1,defensive_third,False,50.68,54.41,57.39,55.71,34.52,36.88,39.42,55.02
273,2006229,34565,34956,55:07.5,55:46.6,10,7,39.1,2,1,2380,left_to_right,Melbourne City,14,False,False,False,build_up,0,high_block,10,-20.42,24.45,1,wide_left,1,defensive_third,False,-20.22,-27.16,5,wide_right,1,defensive_third,False,54.58,63.59,55.48,48.89,36.93,41.15,55.5,69.01
274,2006229,34956,35008,55:46.6,55:51.8,10,46,5.2,2,1,2380,left_to_right,Melbourne City,1,False,False,False,create,1,medium_block,9,-19.3,-27.0,5,wide_right,1,defensive_third,False,19.0,-23.37,5,wide_right,3,attacking_third,False,63.53,49.88,48.93,66.03,41.34,29.83,68.89,65.26
275,2006229,35008,35052,55:51.8,55:56.2,10,51,4.4,2,1,2380,left_to_right,Melbourne City,1,False,False,False,finish,2,low_block,8,20.22,-23.97,5,wide_right,3,attacking_third,False,42.96,-19.14,4,half_space_right,3,attacking_third,True,49.62,32.0,66.35,74.5,29.8,27.89,65.21,58.52
276,2006229,35129,35254,56:03.9,56:16.4,11,3,12.5,2,1,2380,left_to_right,Melbourne City,5,False,False,False,finish,2,low_block,8,32.14,-33.45,5,wide_right,3,attacking_third,False,5.74,10.4,2,half_space_left,2,middle_third,False,43.4,55.77,68.54,57.02,30.09,34.58,43.45,39.46
277,2006229,35254,35269,56:16.4,56:17.9,11,16,1.5,2,1,2380,left_to_right,Melbourne City,1,False,False,False,create,1,medium_block,9,5.3,11.75,2,half_space_left,2,middle_third,False,4.88,17.5,2,half_space_left,2,middle_third,False,55.98,58.2,56.98,58.25,34.92,41.1,39.5,40.88
278,2006229,35269,35319,56:17.9,56:22.9,11,17,5.0,2,1,2380,left_to_right,Melbourne City,1,True,False,False,finish,2,low_block,8,5.37,17.96,2,half_space_left,2,middle_third,False,28.25,13.06,2,half_space_left,3,attacking_third,False,58.2,46.38,58.28,63.47,41.57,40.13,40.97,44.34
279,2006229,35319,35329,56:22.9,56:23.9,11,22,1.0,2,2,1804,right_to_left,Macarthur FC,1,False,False,False,build_up,0,high_block,10,-28.58,-13.15,4,half_space_right,1,defensive_third,False,-20.23,-21.2,5,wide_right,1,defensive_third,False,40.17,41.13,44.45,45.26,46.01,42.26,63.69,64.07
280,2006229,35329,35368,56:23.9,56:27.8,11,23,3.9,2,2,1804,right_to_left,Macarthur FC,1,False,False,False,create,1,medium_block,9,-19.32,-22.14,5,wide_right,1,defensive_third,False,-19.68,-16.53,4,half_space_right,1,defensive_third,False,41.36,45.65,45.35,49.73,41.9,37.73,63.97,59.3
281,2006229,35368,35472,56:27.8,56:38.2,11,27,10.4,2,2,1804,right_to_left,Macarthur FC,3,False,False,False,build_up,0,high_block,10,-20.31,-15.76,4,half_space_right,1,defensive_third,False,-21.81,-14.56,4,half_space_right,1,defensive_third,False,45.9,62.98,49.81,42.88,37.41,39.93,59.08,63.81
282,2006229,35472,35483,56:38.2,56:39.3,11,38,1.1,2,2,1804,right_to_left,Macarthur FC,0,True,False,False,create,1,medium_block,9,-19.74,-15.13,4,half_space_right,1,defensive_third,False,-1.59,-17.35,4,half_space_right,2,middle_third,False,62.76,60.07,43.01,45.85,39.83,40.11,63.81,63.88
283,2006229,35483,35555,56:39.3,56:46.5,11,39,7.2,2,1,2380,left_to_right,Melbourne City,1,False,False,False,quick_break,3,defending_quick_break,12,0.85,17.42,2,half_space_left,2,middle_third,False,26.79,22.32,1,wide_left,3,attacking_third,False,40.29,46.61,63.88,64.04,59.78,37.81,46.08,51.59
284,2006229,36221,36297,57:53.1,58:00.7,12,53,7.6,2,1,2380,left_to_right,Melbourne City,5,False,False,False,set_play,7,defending_set_play,13,26.07,20.96,1,wide_left,3,attacking_third,False,5.14,5.47,3,center,2,middle_third,False,35.03,34.97,63.15,61.81,25.64,26.78,17.01,35.41
285,2006229,36297,36300,58:00.7,58:01.0,13,0,0.3,2,1,2380,left_to_right,Melbourne City,1,False,False,False,create,1,medium_block,9,4.95,5.6,3,center,2,middle_third,False,4.88,6.31,3,center,2,middle_third,False,35.58,36.77,61.52,60.93,27.07,27.64,35.86,36.68
286,2006229,36300,36343,58:01.0,58:05.3,13,1,4.3,2,1,2380,left_to_right,Melbourne City,1,False,False,False,finish,2,low_block,8,5.01,7.07,3,center,2,middle_third,False,7.39,22.69,1,wide_left,2,middle_third,False,37.35,44.61,60.64,55.76,27.93,34.5,37.03,36.76
287,2006229,36343,36444,58:05.3,58:15.4,13,5,10.1,2,1,2380,left_to_right,Melbourne City,3,False,False,False,create,1,medium_block,9,6.13,21.72,1,wide_left,2,middle_third,False,-1.0,-5.62,3,center,2,middle_third,False,44.5,52.36,55.69,43.52,34.56,39.86,36.84,45.66
288,2006229,36444,36469,58:15.4,58:17.9,13,15,2.5,2,1,2380,left_to_right,Melbourne City,1,True,False,False,direct,6,defending_direct,15,-0.6,-5.64,3,center,2,middle_third,False,31.56,22.7,1,wide_left,3,attacking_third,False,52.09,45.77,43.75,59.33,39.5,30.92,45.51,45.68
289,2006229,36646,36687,58:35.6,58:39.7,13,35,4.1,2,2,1804,right_to_left,Macarthur FC,3,True,False,False,build_up,0,high_block,10,,,2,half_space_left,2,middle_third,False,-38.14,-21.22,5,wide_right,1,defensive_third,False,,54.26,,47.25,,37.08,,71.22
290,2006229,36687,36749,58:39.7,58:45.9,13,39,6.2,2,1,2380,left_to_right,Melbourne City,4,False,False,False,finish,2,low_block,8,36.95,22.0,1,wide_left,3,attacking_third,False,5.04,19.79,2,half_space_left,2,middle_third,False,37.14,40.49,71.46,58.16,54.57,39.32,47.12,43.1
291,2006229,36749,36787,58:45.9,58:49.7,13,45,3.8,2,1,2380,left_to_right,Melbourne City,1,False,False,False,create,1,medium_block,9,3.96,19.37,2,half_space_left,2,middle_third,False,-19.47,7.81,3,center,1,defensive_third,False,40.63,47.0,58.05,50.87,39.17,37.74,43.21,52.34
292,2006229,36787,36905,58:49.7,59:01.5,13,49,11.8,2,1,2380,left_to_right,Melbourne City,3,False,False,False,build_up,0,high_block,10,-20.49,6.93,3,center,1,defensive_third,False,-22.41,-33.53,5,wide_right,1,defensive_third,False,47.43,48.51,50.62,50.86,37.84,42.62,52.74,67.77
293,2006229,37064,37076,59:17.4,59:18.6,14,17,1.2,2,1,2380,left_to_right,Melbourne City,2,False,False,False,chaotic,5,chaotic,5,,,2,half_space_left,2,middle_third,False,-39.93,-28.33,5,wide_right,1,defensive_third,False,,53.51,,50.68,,29.62,,66.99
294,2006229,37076,37099,59:18.6,59:20.9,14,18,2.3,2,1,2380,left_to_right,Melbourne City,1,True,False,False,direct,6,defending_direct,15,-38.63,-28.31,5,wide_right,1,defensive_third,False,-3.76,-24.85,5,wide_right,2,middle_third,False,53.52,50.68,50.61,48.31,29.55,28.75,67.12,65.55
295,2006229,37099,37149,59:20.9,59:25.9,14,20,5.0,2,2,1804,right_to_left,Macarthur FC,2,False,False,False,create,1,medium_block,9,3.23,24.72,1,wide_left,2,middle_third,False,11.86,-0.56,3,center,2,middle_third,False,28.85,27.28,65.43,58.49,50.3,32.08,48.16,46.21
296,2006229,37149,37178,59:25.9,59:28.8,14,25,2.9,2,2,1804,right_to_left,Macarthur FC,1,False,False,False,finish,2,low_block,8,11.69,-1.04,3,center,2,middle_third,False,7.2,-1.1,3,center,2,middle_third,False,27.34,26.7,58.56,57.52,31.48,23.89,46.21,44.59
297,2006229,37178,37230,59:28.8,59:34.0,14,28,5.2,2,2,1804,right_to_left,Macarthur FC,3,True,False,False,create,1,medium_block,9,6.81,-0.53,3,center,2,middle_third,False,13.55,17.24,2,half_space_left,2,middle_third,False,26.65,38.16,57.51,54.92,23.72,30.15,44.35,47.72
298,2006229,37230,37330,59:34.0,59:44.0,14,34,10.0,2,1,2380,left_to_right,Melbourne City,2,True,False,True,transition,4,defending_transition,11,-13.61,-17.52,4,half_space_right,2,middle_third,False,49.16,-9.06,3,center,3,attacking_third,True,30.16,33.64,47.66,78.29,38.22,31.2,55.06,48.43
299,2006229,37565,37594,60:07.5,60:10.4,15,7,2.9,2,2,1804,right_to_left,Macarthur FC,1,True,False,False,create,1,medium_block,9,,,2,half_space_left,2,middle_third,False,-11.95,-10.95,4,half_space_right,2,middle_third,False,,52.36,,51.32,,29.77,,66.76
300,2006229,37594,37735,60:10.4,60:24.5,15,10,14.1,2,1,2380,left_to_right,Melbourne City,4,False,False,True,finish,2,low_block,8,12.44,10.61,2,half_space_left,2,middle_third,False,8.13,-22.13,5,wide_right,2,middle_third,False,29.79,49.6,66.69,56.3,52.28,38.14,51.27,40.21
301,2006229,37735,37917,60:24.5,60:42.7,15,24,18.2,2,1,2380,left_to_right,Melbourne City,7,False,False,True,create,1,medium_block,9,8.96,-23.23,5,wide_right,2,middle_third,False,17.2,-27.47,5,wide_right,2,middle_third,False,49.61,58.96,56.23,55.63,38.29,40.33,40.26,50.98
302,2006229,37917,38131,60:42.7,61:04.1,15,42,21.4,2,1,2380,left_to_right,Melbourne City,7,False,False,True,finish,2,low_block,8,17.62,-27.4,5,wide_right,3,attacking_third,False,50.09,2.79,3,center,3,attacking_third,True,58.95,38.71,55.84,64.53,40.13,21.75,51.02,39.78
303,2006229,38619,38654,61:52.9,61:56.4,16,52,3.5,2,1,2380,left_to_right,Melbourne City,2,True,False,False,set_play,7,defending_set_play,13,49.98,-32.18,5,wide_right,3,attacking_third,False,42.0,-3.94,3,center,3,attacking_third,True,38.68,34.76,70.45,63.39,29.95,21.07,8.8,18.36
304,2006229,39555,39594,63:26.5,63:30.4,18,26,3.9,2,2,1804,right_to_left,Macarthur FC,1,True,False,False,direct,6,defending_direct,15,-13.69,-29.42,5,wide_right,2,middle_third,False,37.99,-8.31,3,center,3,attacking_third,True,56.67,50.44,56.73,71.82,40.03,49.51,54.26,48.42
305,2006229,39594,39750,63:30.4,63:46.0,18,30,15.6,2,1,2380,left_to_right,Melbourne City,5,False,False,False,build_up,0,high_block,10,-38.38,7.95,3,center,1,defensive_third,False,-20.55,30.14,1,wide_left,1,defensive_third,False,49.8,69.42,48.17,50.2,50.12,47.48,71.95,64.92
306,2006229,39750,39792,63:46.0,63:50.2,18,46,4.2,2,1,2380,left_to_right,Melbourne City,1,True,False,False,create,1,medium_block,9,-19.31,30.09,1,wide_left,1,defensive_third,False,0.56,11.86,2,half_space_left,2,middle_third,False,69.16,56.32,50.3,50.98,47.62,41.77,64.89,59.43
307,2006229,39792,39835,63:50.2,63:54.5,18,50,4.3,2,2,1804,right_to_left,Macarthur FC,1,True,False,False,direct,6,defending_direct,15,-0.54,-11.45,4,half_space_right,2,middle_third,False,36.74,9.07,3,center,3,attacking_third,True,41.56,36.33,59.43,67.36,55.97,48.51,51.17,44.15
308,2006229,39835,39871,63:54.5,63:58.1,18,54,3.6,2,1,2380,left_to_right,Melbourne City,2,False,False,False,build_up,0,high_block,10,-36.97,-9.27,4,half_space_right,1,defensive_third,False,-20.21,-12.34,4,half_space_right,1,defensive_third,False,48.47,47.4,43.91,46.67,36.35,36.74,67.65,59.91
309,2006229,39871,39912,63:58.1,64:02.2,18,58,4.1,2,1,2380,left_to_right,Melbourne City,2,False,False,False,create,1,medium_block,9,-19.4,-11.49,4,half_space_right,1,defensive_third,False,-0.79,12.42,2,half_space_left,2,middle_third,False,47.7,52.96,46.9,53.49,36.64,33.86,59.66,58.31
310,2006229,40071,40157,64:18.1,64:26.7,19,18,8.6,2,1,2380,left_to_right,Melbourne City,4,False,False,False,create,1,medium_block,9,,,2,half_space_left,2,middle_third,False,17.15,-24.87,5,wide_right,2,middle_third,False,,57.51,,55.98,,35.25,,37.83
311,2006229,40157,40345,64:26.7,64:45.5,19,26,18.8,2,1,2380,left_to_right,Melbourne City,7,False,False,False,finish,2,low_block,8,17.45,-25.66,5,wide_right,2,middle_third,False,-39.88,-13.14,4,half_space_right,1,defensive_third,False,57.4,37.07,56.13,44.12,35.23,32.55,37.67,72.46
312,2006229,40345,40383,64:45.5,64:49.3,19,45,3.8,2,1,2380,left_to_right,Melbourne City,1,True,False,False,chaotic,5,chaotic,5,39.76,13.81,2,half_space_left,3,attacking_third,True,46.87,11.81,2,half_space_left,3,attacking_third,True,32.49,31.82,72.38,78.95,37.15,36.56,44.02,43.15
313,2006229,40383,40571,64:49.3,65:08.1,19,49,18.8,2,2,1804,right_to_left,Macarthur FC,2,True,False,False,transition,4,defending_transition,11,-46.14,-10.46,4,half_space_right,1,defensive_third,False,39.65,11.04,2,half_space_left,3,attacking_third,True,36.44,35.89,43.19,71.84,31.81,29.71,79.34,48.66
314,2006229,40571,40601,65:08.1,65:11.1,20,8,3.0,2,1,2380,left_to_right,Melbourne City,1,True,False,False,chaotic,5,chaotic,5,-38.96,-10.54,4,half_space_right,1,defensive_third,False,-9.06,10.58,2,half_space_left,2,middle_third,False,29.54,27.15,48.41,41.97,35.64,40.1,71.64,65.16
315,2006229,40601,40610,65:11.1,65:12.0,20,11,0.9,2,2,1804,right_to_left,Macarthur FC,1,False,False,False,finish,2,low_block,8,8.83,-11.17,4,half_space_right,2,middle_third,False,5.47,-13.99,4,half_space_right,2,middle_third,False,40.61,44.45,64.95,63.15,27.26,28.78,42.01,42.46
316,2006229,40610,40705,65:12.0,65:21.5,20,12,9.5,2,2,1804,right_to_left,Macarthur FC,4,False,False,False,create,1,medium_block,9,5.06,-14.3,4,half_space_right,2,middle_third,False,4.87,9.32,2,half_space_left,2,middle_third,False,44.88,59.23,62.89,53.82,29.02,35.07,42.53,40.48
317,2006229,40705,40724,65:21.5,65:23.4,20,21,1.9,2,2,1804,right_to_left,Macarthur FC,1,False,False,False,finish,2,low_block,8,6.1,9.15,3,center,2,middle_third,False,7.16,9.87,2,half_space_left,2,middle_third,False,59.22,59.4,53.83,53.66,35.15,34.51,40.58,40.75
318,2006229,40724,40980,65:23.4,65:49.0,20,23,25.6,2,2,1804,right_to_left,Macarthur FC,10,True,False,False,create,1,medium_block,9,6.98,10.12,2,half_space_left,2,middle_third,False,7.52,13.86,2,half_space_left,2,middle_third,False,59.44,58.79,53.59,48.76,34.4,38.6,40.94,54.06
319,2006229,40980,41002,65:49.0,65:51.2,20,49,2.2,2,1,2380,left_to_right,Melbourne City,1,False,False,False,create,1,medium_block,9,-8.18,-13.51,4,half_space_right,2,middle_third,False,-19.68,-10.28,4,half_space_right,1,defensive_third,False,38.44,38.26,54.07,54.34,58.65,53.62,48.9,56.74
320,2006229,41002,41156,65:51.2,66:06.6,20,51,15.4,2,1,2380,left_to_right,Melbourne City,8,False,False,False,build_up,0,high_block,10,-20.06,-10.22,4,half_space_right,1,defensive_third,False,-20.31,24.12,1,wide_left,1,defensive_third,False,38.43,59.2,54.36,49.16,53.29,48.99,57.19,62.02
321,2006229,41156,41185,66:06.6,66:09.5,21,6,2.9,2,1,2380,left_to_right,Melbourne City,2,True,False,False,create,1,medium_block,9,-19.25,25.39,1,wide_left,1,defensive_third,False,-11.73,26.78,1,wide_left,2,middle_third,False,59.02,56.26,49.15,49.08,49.26,49.5,62.01,61.31
322,2006229,41185,41195,66:09.5,66:10.5,21,9,1.0,2,2,1804,right_to_left,Macarthur FC,1,False,False,False,finish,2,low_block,8,10.95,-26.82,5,wide_right,2,middle_third,False,5.68,-27.52,5,wide_right,2,middle_third,False,49.4,48.6,61.22,60.6,56.22,54.8,49.1,49.16
323,2006229,41195,41468,66:10.5,66:37.8,21,10,27.3,2,2,1804,right_to_left,Macarthur FC,8,False,False,False,create,1,medium_block,9,5.3,-27.55,5,wide_right,2,middle_third,False,-18.94,18.02,2,half_space_left,1,defensive_third,False,48.57,46.41,60.54,49.9,54.48,32.57,49.2,50.97
324,2006229,41468,41536,66:37.8,66:44.6,21,37,6.8,2,2,1804,right_to_left,Macarthur FC,2,False,False,False,build_up,0,high_block,10,-20.23,17.34,2,half_space_left,1,defensive_third,False,-20.2,-19.13,4,half_space_right,1,defensive_third,False,46.33,60.01,49.92,51.32,32.56,37.63,50.83,51.85
325,2006229,41536,41651,66:44.6,66:56.1,21,44,11.5,2,2,1804,right_to_left,Macarthur FC,4,False,False,False,create,1,medium_block,9,-19.47,-19.82,4,half_space_right,1,defensive_third,False,16.53,-28.1,5,wide_right,2,middle_third,False,60.03,62.48,51.39,58.55,37.75,33.27,51.7,39.64
326,2006229,41651,41736,66:56.1,67:04.6,21,56,8.5,2,2,1804,right_to_left,Macarthur FC,3,False,False,False,finish,2,low_block,8,17.15,-28.75,5,wide_right,2,middle_third,False,5.4,-21.47,5,wide_right,2,middle_third,False,62.43,59.07,58.77,58.97,33.36,37.74,39.55,32.82
327,2006229,41736,41739,67:04.6,67:04.9,22,4,0.3,2,2,1804,right_to_left,Macarthur FC,1,False,False,False,create,1,medium_block,9,5.13,-21.05,5,wide_right,2,middle_third,False,4.98,-20.08,4,half_space_right,2,middle_third,False,59.1,59.15,58.76,58.3,37.63,37.39,33.11,33.69
328,2006229,41739,41751,67:04.9,67:06.1,22,4,1.2,2,2,1804,right_to_left,Macarthur FC,1,False,False,False,finish,2,low_block,8,5.02,-19.56,4,half_space_right,2,middle_third,False,5.11,-15.51,4,half_space_right,2,middle_third,False,59.18,59.34,58.05,55.76,37.25,35.71,33.98,36.23
329,2006229,41751,41888,67:06.1,67:19.8,22,6,13.7,2,2,1804,right_to_left,Macarthur FC,5,True,False,False,create,1,medium_block,9,4.93,-15.05,4,half_space_right,2,middle_third,False,13.36,19.06,2,half_space_left,2,middle_third,False,59.36,51.47,55.57,54.51,35.6,39.01,36.32,42.41
330,2006229,41888,41910,67:19.8,67:22.0,22,19,2.2,2,1,2380,left_to_right,Melbourne City,1,True,False,False,chaotic,5,chaotic,5,-13.6,-17.98,4,half_space_right,2,middle_third,False,6.03,-6.65,3,center,2,middle_third,False,38.68,37.84,42.46,47.16,51.33,48.24,54.6,55.78
331,2006229,41910,41970,67:22.0,67:28.0,22,22,6.0,2,2,1804,right_to_left,Macarthur FC,4,False,False,False,create,1,medium_block,9,-6.21,6.45,3,center,2,middle_third,False,22.21,-19.19,4,half_space_right,3,attacking_third,False,48.11,46.94,55.71,55.81,37.77,39.32,47.59,53.46
332,2006229,41970,42029,67:28.0,67:33.9,22,28,5.9,2,2,1804,right_to_left,Macarthur FC,2,True,False,False,finish,2,low_block,8,22.68,-18.88,4,half_space_right,3,attacking_third,False,46.7,-5.82,3,center,3,attacking_third,True,46.85,37.9,56.12,75.43,39.32,36.35,53.5,44.71
333,2006229,42029,42039,67:33.9,67:34.9,22,33,1.0,2,1,2380,left_to_right,Melbourne City,1,True,False,False,chaotic,5,chaotic,5,-46.57,5.24,3,center,1,defensive_third,False,-41.91,11.19,2,half_space_left,1,defensive_third,False,36.36,36.26,44.46,42.45,37.87,37.47,75.28,72.92
334,2006229,42134,42252,67:44.4,67:56.2,22,44,11.8,2,2,1804,right_to_left,Macarthur FC,5,False,False,False,create,1,medium_block,9,19.42,-33.38,5,wide_right,3,attacking_third,False,10.62,32.94,1,wide_left,2,middle_third,False,57.21,57.72,63.23,56.76,40.32,41.93,27.69,40.0
335,2006229,42252,42277,67:56.2,67:58.7,22,56,2.5,2,2,1804,right_to_left,Macarthur FC,1,False,False,False,finish,2,low_block,8,10.65,32.85,1,wide_left,2,middle_third,False,12.27,26.47,1,wide_left,2,middle_third,False,57.64,54.61,56.91,58.31,41.94,40.48,40.0,42.52
336,2006229,42277,42294,67:58.7,68:00.4,22,58,1.7,2,2,1804,right_to_left,Macarthur FC,1,False,False,False,create,1,medium_block,9,12.38,26.85,1,wide_left,2,middle_third,False,13.52,33.05,1,wide_left,2,middle_third,False,54.42,51.74,58.23,58.9,40.36,37.65,42.72,44.28
337,2006229,42294,42318,68:00.4,68:02.8,23,0,2.4,2,2,1804,right_to_left,Macarthur FC,1,True,False,False,finish,2,low_block,8,13.58,32.98,1,wide_left,2,middle_third,False,20.85,31.57,1,wide_left,3,attacking_third,False,51.54,47.19,59.02,62.48,37.41,38.44,44.32,42.96
338,2006229,42318,42405,68:02.8,68:11.5,23,2,8.7,2,1,2380,left_to_right,Melbourne City,2,False,False,False,create,1,medium_block,9,-21.43,-31.4,5,wide_right,1,defensive_third,False,0.35,-21.99,5,wide_right,2,middle_third,False,38.36,38.12,42.89,52.6,46.95,38.65,62.65,59.95
339,2006229,42603,42764,68:31.3,68:47.4,23,31,16.1,2,1,2380,left_to_right,Melbourne City,6,False,False,True,create,1,medium_block,9,,,2,half_space_left,2,middle_third,False,27.93,14.15,2,half_space_left,3,attacking_third,False,,57.42,,61.64,,34.99,,49.24
340,2006229,42764,42906,68:47.4,69:01.6,23,47,14.2,2,1,2380,left_to_right,Melbourne City,6,True,False,True,finish,2,low_block,8,28.31,14.71,2,half_space_left,3,attacking_third,False,41.04,-1.01,3,center,3,attacking_third,True,57.11,35.16,62.0,67.6,35.12,25.46,49.5,42.66
341,2006229,42906,42986,69:01.6,69:09.6,24,1,8.0,2,2,1804,right_to_left,Macarthur FC,1,False,False,False,build_up,0,high_block,10,-41.65,1.48,3,center,1,defensive_third,False,-20.44,13.92,2,half_space_left,1,defensive_third,False,25.47,28.03,42.56,37.49,35.07,31.22,67.5,64.58
342,2006229,42986,43034,69:09.6,69:14.4,24,9,4.8,2,2,1804,right_to_left,Macarthur FC,1,False,False,False,create,1,medium_block,9,-19.68,14.22,2,half_space_left,1,defensive_third,False,-13.72,20.29,1,wide_left,2,middle_third,False,28.14,34.17,37.34,35.56,31.22,29.44,64.2,58.12
343,2006229,43879,43889,70:38.9,70:39.9,25,38,1.0,2,2,1804,right_to_left,Macarthur FC,1,False,False,False,chaotic,5,chaotic,5,,,2,half_space_left,2,middle_third,False,,,2,half_space_left,2,middle_third,False,,,,,,,,
344,2006229,45548,45559,73:25.8,73:26.9,28,25,1.1,2,1,2380,left_to_right,Melbourne City,2,True,False,False,chaotic,5,chaotic,5,41.66,-0.65,3,center,3,attacking_third,True,52.89,1.67,3,center,3,attacking_third,False,18.39,17.98,69.23,70.26,21.51,19.9,19.63,18.96
345,2006229,46271,46310,74:38.1,74:42.0,29,38,3.9,2,2,1804,right_to_left,Macarthur FC,2,True,False,False,create,1,medium_block,9,-0.06,0.71,3,center,2,middle_third,False,20.41,-27.99,5,wide_right,3,attacking_third,False,59.76,58.4,38.95,59.83,41.82,37.48,40.69,45.29
346,2006229,46456,46478,74:56.6,74:58.8,29,56,2.2,2,1,2380,left_to_right,Melbourne City,1,True,False,False,chaotic,5,chaotic,5,-25.0,33.73,1,wide_left,1,defensive_third,False,-0.48,30.49,1,wide_left,2,middle_third,False,40.93,39.22,40.78,45.35,31.37,31.51,65.73,64.05
347,2006229,46478,46544,74:58.8,75:05.4,29,58,6.6,2,2,1804,right_to_left,Macarthur FC,2,True,False,False,chaotic,5,chaotic,5,-0.22,-30.43,5,wide_right,2,middle_third,False,8.77,-17.69,4,half_space_right,2,middle_third,False,31.5,39.76,63.97,53.22,39.13,34.6,45.77,46.85
348,2006229,46544,46562,75:05.4,75:07.2,30,5,1.8,2,1,2380,left_to_right,Melbourne City,1,True,False,False,chaotic,5,chaotic,5,-8.32,17.03,2,half_space_left,2,middle_third,False,7.23,1.82,3,center,2,middle_third,False,34.58,34.1,46.58,46.43,39.83,41.53,53.12,51.99
349,2006229,46562,46637,75:07.2,75:14.7,30,7,7.5,2,2,1804,right_to_left,Macarthur FC,4,True,False,False,create,1,medium_block,9,-7.61,-0.83,3,center,2,middle_third,False,16.95,-19.66,4,half_space_right,2,middle_third,False,41.64,50.74,51.94,54.97,34.11,29.25,46.48,40.82
350,2006229,46845,46889,75:35.5,75:39.9,30,35,4.4,2,1,2380,left_to_right,Melbourne City,2,True,False,False,chaotic,5,chaotic,5,,,2,half_space_left,2,middle_third,False,6.41,17.68,2,half_space_left,2,middle_third,False,,29.65,,40.89,,48.08,,55.37
351,2006229,46889,46911,75:39.9,75:42.1,30,39,2.2,2,2,1804,right_to_left,Macarthur FC,1,False,False,False,create,1,medium_block,9,-7.23,-17.57,4,half_space_right,2,middle_third,False,-19.49,-14.12,4,half_space_right,1,defensive_third,False,48.17,52.23,55.3,53.76,29.66,30.87,41.35,53.5
352,2006229,46911,46971,75:42.1,75:48.1,30,42,6.0,2,2,1804,right_to_left,Macarthur FC,1,False,False,False,build_up,0,high_block,10,-20.54,-13.2,4,half_space_right,1,defensive_third,False,-34.99,2.25,3,center,1,defensive_third,False,52.47,60.27,53.68,40.78,30.98,40.33,54.11,59.85
353,2006229,46971,47000,75:48.1,75:51.0,30,48,2.9,2,2,1804,right_to_left,Macarthur FC,1,False,False,False,direct,6,defending_direct,15,-34.32,1.7,3,center,1,defensive_third,False,3.67,-21.58,5,wide_right,2,middle_third,False,60.27,54.22,40.6,46.53,40.28,36.56,59.71,56.56
354,2006229,47000,47047,75:51.0,75:55.7,30,51,4.7,2,2,1804,right_to_left,Macarthur FC,2,False,False,False,create,1,medium_block,9,4.62,-22.13,5,wide_right,2,middle_third,False,24.91,-28.51,5,wide_right,3,attacking_third,False,53.97,48.85,46.87,57.41,36.41,38.14,56.52,53.87
355,2006229,47047,47049,75:55.7,75:55.9,30,55,0.2,2,2,1804,right_to_left,Macarthur FC,1,True,False,False,finish,2,low_block,8,25.48,-28.19,5,wide_right,3,attacking_third,False,26.02,-27.89,5,wide_right,3,attacking_third,False,48.61,48.34,57.55,57.67,38.15,38.14,53.8,53.73
356,2006229,47049,47074,75:55.9,75:58.4,30,55,2.5,2,1,2380,left_to_right,Melbourne City,1,True,False,False,chaotic,5,chaotic,5,-26.48,27.63,1,wide_left,1,defensive_third,False,-43.11,14.39,2,half_space_left,1,defensive_third,False,38.13,34.38,53.66,50.64,48.07,41.18,57.79,69.1
357,2006229,47542,47646,76:45.2,76:55.6,31,45,10.4,2,2,1804,right_to_left,Macarthur FC,3,False,False,True,set_play,7,defending_set_play,13,26.9,-25.89,5,wide_right,3,attacking_third,False,52.62,33.86,1,wide_left,3,attacking_third,False,35.08,38.02,58.06,69.46,27.26,31.9,16.45,15.72
358,2006229,47806,47908,77:11.6,77:21.8,32,11,10.2,2,2,1804,right_to_left,Macarthur FC,4,False,False,False,set_play,7,defending_set_play,13,51.8,32.74,1,wide_left,3,attacking_third,False,-13.2,26.56,1,wide_left,2,middle_third,False,38.06,29.77,62.55,33.86,16.23,40.23,10.49,47.55
359,2006229,48053,48169,77:36.3,77:47.9,32,36,11.6,2,2,1804,right_to_left,Macarthur FC,4,True,False,False,create,1,medium_block,9,-14.86,-17.37,4,half_space_right,2,middle_third,False,14.2,26.66,1,wide_left,2,middle_third,False,47.65,59.55,41.55,52.68,38.97,33.03,51.48,46.27
360,2006229,48365,48381,78:07.5,78:09.1,33,7,1.6,2,1,2380,left_to_right,Melbourne City,1,True,False,False,chaotic,5,chaotic,5,-23.16,-35.42,5,wide_right,1,defensive_third,False,-5.04,-31.96,5,wide_right,2,middle_third,False,27.96,28.17,41.83,43.7,24.76,24.51,59.89,59.07
361,2006229,48381,48399,78:09.1,78:10.9,33,9,1.8,2,2,1804,right_to_left,Macarthur FC,1,True,False,False,chaotic,5,chaotic,5,4.7,31.95,1,wide_left,2,middle_third,False,20.08,30.77,1,wide_left,3,attacking_third,False,24.56,24.1,59.07,57.34,28.16,28.46,43.89,45.48
362,2006229,48399,48461,78:10.9,78:17.1,33,10,6.2,2,1,2380,left_to_right,Melbourne City,3,True,False,False,build_up,0,high_block,10,-20.64,-30.75,5,wide_right,1,defensive_third,False,-41.26,-4.87,3,center,1,defensive_third,False,28.47,35.16,45.5,44.43,24.07,27.44,57.15,71.44
363,2006229,48461,48499,78:17.1,78:20.9,33,17,3.8,2,2,1804,right_to_left,Macarthur FC,1,True,False,False,chaotic,5,chaotic,5,41.51,4.11,3,center,3,attacking_third,True,-0.03,-22.3,5,wide_right,2,middle_third,False,27.8,43.03,71.86,70.57,35.52,46.81,44.35,45.85
364,2006229,48761,48803,78:47.1,78:51.3,33,47,4.2,2,1,2380,left_to_right,Melbourne City,3,False,False,False,finish,2,low_block,8,21.03,33.06,1,wide_left,3,attacking_third,False,5.17,29.64,1,wide_left,2,middle_third,False,32.07,28.19,75.07,72.94,32.26,32.94,53.93,46.3
365,2006229,48803,48822,78:51.3,78:53.2,33,51,1.9,2,1,2380,left_to_right,Melbourne City,1,False,False,False,create,1,medium_block,9,4.78,29.46,1,wide_left,2,middle_third,False,-19.76,18.44,2,half_space_left,1,defensive_third,False,28.06,27.73,72.57,65.7,32.84,33.56,46.18,45.72
366,2006229,48822,48937,78:53.2,79:04.7,33,53,11.5,2,1,2380,left_to_right,Melbourne City,3,False,False,False,build_up,0,high_block,10,-20.85,17.83,2,half_space_left,1,defensive_third,False,-20.7,10.85,2,half_space_left,1,defensive_third,False,27.99,67.04,65.26,49.94,33.61,43.86,45.84,57.28
367,2006229,48937,48996,79:04.7,79:10.6,34,4,5.9,2,1,2380,left_to_right,Melbourne City,2,True,False,False,create,1,medium_block,9,-19.42,10.45,2,half_space_left,1,defensive_third,False,19.42,26.97,1,wide_left,3,attacking_third,False,66.92,52.56,50.04,58.9,43.97,46.44,57.47,61.26
368,2006229,48996,49035,79:10.6,79:14.5,34,10,3.9,2,2,1804,right_to_left,Macarthur FC,1,False,False,False,build_up,0,high_block,10,-20.03,-27.22,5,wide_right,1,defensive_third,False,-45.89,-14.58,4,half_space_right,1,defensive_third,False,46.56,47.48,61.63,50.21,52.23,38.25,59.38,72.66
369,2006229,49035,49074,79:14.5,79:18.4,34,14,3.9,2,2,1804,right_to_left,Macarthur FC,1,False,False,False,direct,6,defending_direct,15,-46.25,-14.05,4,half_space_right,1,defensive_third,False,-4.11,-13.51,4,half_space_right,2,middle_third,False,47.56,42.06,50.01,48.33,37.9,25.58,72.99,67.46
370,2006229,49074,49173,79:18.4,79:28.3,34,18,9.9,2,2,1804,right_to_left,Macarthur FC,5,True,False,False,create,1,medium_block,9,-3.52,-13.27,4,half_space_right,2,middle_third,False,-18.31,-26.87,5,wide_right,1,defensive_third,False,41.9,50.94,48.37,45.65,25.21,36.2,67.13,55.02
371,2006229,49173,49208,79:28.3,79:31.8,34,28,3.5,2,1,2380,left_to_right,Melbourne City,2,True,False,False,chaotic,5,chaotic,5,18.1,26.36,1,wide_left,3,attacking_third,False,20.31,33.85,1,wide_left,3,attacking_third,False,36.17,38.96,54.92,56.34,51.1,46.19,45.37,41.97
372,2006229,49278,49396,79:38.8,79:50.6,34,38,11.8,2,2,1804,right_to_left,Macarthur FC,5,False,False,False,build_up,0,high_block,10,-30.48,-27.48,5,wide_right,1,defensive_third,False,-36.64,-34.15,5,wide_right,1,defensive_third,False,52.71,59.92,46.39,50.7,31.04,39.51,52.99,74.91
373,2006229,49450,49521,79:56.0,80:03.1,34,56,7.1,2,2,1804,right_to_left,Macarthur FC,3,False,False,False,build_up,0,high_block,10,-34.37,-31.49,5,wide_right,1,defensive_third,False,-20.65,-23.06,5,wide_right,1,defensive_third,False,52.86,51.02,42.9,43.95,31.95,29.28,67.47,69.41
374,2006229,49521,49524,80:03.1,80:03.4,35,3,0.3,2,2,1804,right_to_left,Macarthur FC,0,True,False,False,create,1,medium_block,9,-19.4,-22.74,5,wide_right,1,defensive_third,False,-17.52,-22.0,5,wide_right,1,defensive_third,False,50.85,50.49,44.06,44.28,29.35,29.43,69.17,68.64
375,2006229,49524,49559,80:03.4,80:06.9,35,3,3.5,2,1,2380,left_to_right,Melbourne City,2,False,False,True,finish,2,low_block,8,17.06,21.72,1,wide_left,2,middle_third,False,8.12,27.91,1,wide_left,2,middle_third,False,29.44,32.08,68.37,60.21,50.31,45.52,44.37,47.55
376,2006229,49559,49655,80:06.9,80:16.5,35,6,9.6,2,1,2380,left_to_right,Melbourne City,4,False,False,True,create,1,medium_block,9,7.77,27.81,1,wide_left,2,middle_third,False,-19.9,26.22,1,wide_left,1,defensive_third,False,32.32,43.48,60.13,53.79,45.47,39.05,47.73,59.21
377,2006229,49655,49681,80:16.5,80:19.1,35,16,2.6,2,1,2380,left_to_right,Melbourne City,0,False,False,True,build_up,0,high_block,10,-21.34,25.47,1,wide_left,1,defensive_third,False,-40.0,17.52,2,half_space_left,1,defensive_third,False,43.59,45.41,53.73,47.23,38.95,38.33,59.37,64.29
378,2006229,49681,49713,80:19.1,80:22.3,35,19,3.2,2,1,2380,left_to_right,Melbourne City,1,False,False,True,direct,6,defending_direct,15,-39.95,17.33,2,half_space_left,1,defensive_third,False,-1.94,16.75,2,half_space_left,2,middle_third,False,45.41,40.47,46.78,46.48,38.32,35.98,64.54,61.56
379,2006229,49713,49952,80:22.3,80:46.2,35,22,23.9,2,1,2380,left_to_right,Melbourne City,6,False,False,True,create,1,medium_block,9,-1.17,16.7,2,half_space_left,2,middle_third,False,17.4,13.88,2,half_space_left,2,middle_third,False,40.07,51.88,46.57,60.53,35.74,39.61,61.35,51.44
380,2006229,49952,49999,80:46.2,80:50.9,35,46,4.7,2,1,2380,left_to_right,Melbourne City,3,True,False,True,finish,2,low_block,8,17.83,13.33,2,half_space_left,3,attacking_third,False,49.4,2.3,3,center,3,attacking_third,True,51.61,36.69,60.92,71.85,39.31,30.44,51.58,48.65
381,2006229,50335,50392,81:24.5,81:30.2,36,24,5.7,2,2,1804,right_to_left,Macarthur FC,3,False,False,False,build_up,0,high_block,10,,,2,half_space_left,2,middle_third,False,-20.18,-27.83,5,wide_right,1,defensive_third,False,,53.25,,51.37,,38.44,,64.92
382,2006229,50392,50440,81:30.2,81:35.0,36,30,4.8,2,2,1804,right_to_left,Macarthur FC,1,True,False,False,create,1,medium_block,9,-19.46,-27.37,5,wide_right,1,defensive_third,False,13.29,7.35,3,center,2,middle_third,False,52.91,48.08,51.2,52.08,38.38,37.69,64.74,61.23
383,2006229,50440,50469,81:35.0,81:37.9,36,35,2.9,2,1,2380,left_to_right,Melbourne City,1,True,False,False,chaotic,5,chaotic,5,-13.61,-8.45,3,center,2,middle_third,False,-2.07,-23.73,5,wide_right,2,middle_third,False,37.77,42.01,61.1,56.52,48.17,52.15,52.17,51.81
384,2006229,50469,50492,81:37.9,81:40.2,36,37,2.3,2,2,1804,right_to_left,Macarthur FC,2,False,False,False,create,1,medium_block,9,2.22,24.29,1,wide_left,2,middle_third,False,15.15,32.62,1,wide_left,2,middle_third,False,52.35,51.88,52.17,59.82,42.19,43.75,56.35,52.56
385,2006229,50492,50669,81:40.2,81:57.9,36,40,17.7,2,2,1804,right_to_left,Macarthur FC,5,False,False,False,finish,2,low_block,8,15.48,32.67,1,wide_left,2,middle_third,False,46.06,-29.02,5,wide_right,3,attacking_third,False,51.72,41.6,60.13,64.52,43.62,43.36,52.3,30.4
386,2006229,51016,51026,82:32.6,82:33.6,37,32,1.0,2,2,1804,right_to_left,Macarthur FC,1,True,False,False,set_play,7,defending_set_play,13,50.82,-27.62,5,wide_right,3,attacking_third,False,46.09,-9.3,4,half_space_right,3,attacking_third,True,43.34,40.89,72.72,72.63,12.04,9.72,14.14,13.23
387,2006229,51396,51444,83:10.6,83:15.4,38,10,4.8,2,1,2380,left_to_right,Melbourne City,1,False,False,False,direct,6,defending_direct,15,-38.67,6.29,3,center,1,defensive_third,False,6.46,24.52,1,wide_left,2,middle_third,False,43.73,29.33,64.87,61.1,31.63,36.29,42.09,44.11
388,2006229,51444,51506,83:15.4,83:21.6,38,15,6.2,2,1,2380,left_to_right,Melbourne City,2,True,False,False,create,1,medium_block,9,6.64,24.4,1,wide_left,2,middle_third,False,40.97,13.8,2,half_space_left,3,attacking_third,True,29.14,29.43,61.08,75.13,36.47,35.58,44.03,44.5
389,2006229,52028,52037,84:13.8,84:14.7,39,13,0.9,2,2,1804,right_to_left,Macarthur FC,1,False,False,False,build_up,0,high_block,10,-28.98,-22.97,5,wide_right,1,defensive_third,False,-20.83,-28.79,5,wide_right,1,defensive_third,False,59.97,58.84,48.71,50.07,38.94,40.25,64.42,63.13
390,2006229,52037,52216,84:14.7,84:32.6,39,14,17.9,2,2,1804,right_to_left,Macarthur FC,1,True,False,False,create,1,medium_block,9,-19.53,-29.3,5,wide_right,1,defensive_third,False,-9.68,-32.62,5,wide_right,2,middle_third,False,58.83,31.88,50.28,46.45,40.33,40.42,62.85,58.85
391,2006229,52216,52292,84:32.6,84:40.2,39,32,7.6,2,1,2380,left_to_right,Melbourne City,4,False,False,False,quick_break,3,defending_quick_break,12,10.2,32.05,1,wide_left,2,middle_third,False,30.3,31.77,1,wide_left,3,attacking_third,False,40.39,39.91,58.85,62.99,31.76,39.84,46.45,46.66
392,2006229,52615,52815,85:12.5,85:32.5,40,12,20.0,2,1,2380,left_to_right,Melbourne City,10,False,False,False,set_play,7,defending_set_play,13,26.82,24.03,1,wide_left,3,attacking_third,False,27.79,23.9,1,wide_left,3,attacking_third,False,41.03,43.58,64.85,66.78,29.42,37.65,15.64,37.9
393,2006229,52815,52834,85:32.5,85:34.4,40,32,1.9,2,1,2380,left_to_right,Melbourne City,2,True,False,False,finish,2,low_block,8,29.32,23.99,1,wide_left,3,attacking_third,False,24.4,21.6,1,wide_left,3,attacking_third,False,43.26,41.4,66.6,65.16,37.7,34.75,37.95,41.64
394,2006229,52834,52883,85:34.4,85:39.3,40,34,4.9,2,2,1804,right_to_left,Macarthur FC,2,False,False,False,build_up,0,high_block,10,-24.36,-20.85,5,wide_right,1,defensive_third,False,-20.23,-27.52,5,wide_right,1,defensive_third,False,34.55,41.45,41.81,40.96,41.44,32.55,65.11,58.13
395,2006229,52883,52915,85:39.3,85:42.5,40,39,3.2,2,2,1804,right_to_left,Macarthur FC,1,False,False,False,create,1,medium_block,9,-19.77,-26.33,5,wide_right,1,defensive_third,False,-19.49,-7.51,3,center,1,defensive_third,False,41.43,44.5,40.58,37.56,32.9,35.25,57.79,53.52
396,2006229,53054,53446,85:56.4,86:35.6,40,56,39.2,2,2,1804,right_to_left,Macarthur FC,14,False,False,False,create,1,medium_block,9,,,2,half_space_left,2,middle_third,False,-19.91,-2.07,3,center,1,defensive_third,False,,61.39,,48.01,,37.1,,55.66
397,2006229,53446,53506,86:35.6,86:41.6,41,35,6.0,2,2,1804,right_to_left,Macarthur FC,1,False,False,False,build_up,0,high_block,10,-20.77,-2.0,3,center,1,defensive_third,False,-38.51,24.85,1,wide_left,1,defensive_third,False,61.36,59.37,47.88,48.41,36.87,39.66,55.94,67.79
398,2006229,53588,53633,86:49.8,86:54.3,41,49,4.5,2,2,1804,right_to_left,Macarthur FC,2,True,False,False,chaotic,5,chaotic,5,-44.15,34.14,1,wide_left,1,defensive_third,False,-14.51,12.66,2,half_space_left,2,middle_third,False,49.25,37.33,47.35,42.07,33.59,31.51,66.69,72.35
399,2006229,53633,53676,86:54.3,86:58.6,41,54,4.3,2,1,2380,left_to_right,Melbourne City,1,False,False,False,chaotic,5,chaotic,5,13.67,-11.89,4,half_space_right,2,middle_third,False,25.96,7.09,3,center,3,attacking_third,False,31.35,35.54,72.21,63.09,36.87,30.38,42.29,45.48
400,2006229,54014,54029,87:32.4,87:33.9,42,32,1.5,2,1,2380,left_to_right,Melbourne City,1,True,False,False,set_play,7,defending_set_play,13,23.47,4.25,3,center,3,attacking_third,False,47.82,2.54,3,center,3,attacking_third,True,32.59,29.81,62.05,67.69,28.9,29.33,42.98,43.05
401,2006229,54029,54121,87:33.9,87:43.1,42,33,9.2,2,2,1804,right_to_left,Macarthur FC,2,False,False,False,build_up,0,high_block,10,-48.87,-2.54,3,center,1,defensive_third,False,-20.02,-14.53,4,half_space_right,1,defensive_third,False,29.39,53.55,43.09,55.41,29.69,34.66,68.06,59.53
402,2006229,54121,54129,87:43.1,87:43.9,42,43,0.8,2,2,1804,right_to_left,Macarthur FC,1,False,False,False,create,1,medium_block,9,-19.88,-14.66,4,half_space_right,1,defensive_third,False,-18.4,-15.22,4,half_space_right,1,defensive_third,False,53.61,53.64,55.83,58.16,34.8,35.56,59.27,57.52
403,2006229,54129,54161,87:43.9,87:47.1,42,43,3.2,2,2,1804,right_to_left,Macarthur FC,1,False,False,False,direct,6,defending_direct,15,-18.14,-15.11,4,half_space_right,1,defensive_third,False,20.14,10.79,2,half_space_left,3,attacking_third,False,53.58,47.65,58.53,61.87,35.63,32.62,57.32,52.63
404,2006229,54161,54250,87:47.1,87:56.0,42,47,8.9,2,2,1804,right_to_left,Macarthur FC,3,True,False,False,create,1,medium_block,9,20.72,10.35,2,half_space_left,3,attacking_third,False,7.97,12.74,2,half_space_left,2,middle_third,False,47.32,38.65,61.64,50.35,32.31,26.66,52.35,40.55
405,2006229,54250,54313,87:56.0,88:02.3,42,56,6.3,2,1,2380,left_to_right,Melbourne City,3,True,False,False,chaotic,5,chaotic,5,-7.93,-13.03,4,half_space_right,2,middle_third,False,17.81,-31.54,5,wide_right,3,attacking_third,False,26.64,35.55,40.54,54.24,38.7,42.48,50.39,52.36
406,2006229,54313,54333,88:02.3,88:04.3,43,2,2.0,2,2,1804,right_to_left,Macarthur FC,1,False,False,False,chaotic,5,chaotic,5,-17.76,31.73,1,wide_left,1,defensive_third,False,-16.98,35.26,1,wide_left,2,middle_third,False,42.89,48.02,52.48,53.49,36.05,39.76,54.41,53.4
407,2006229,54363,54366,88:07.3,88:07.6,43,7,0.3,2,2,1804,right_to_left,Macarthur FC,1,False,False,False,create,1,medium_block,9,-16.79,34.37,1,wide_left,2,middle_third,False,-18.91,33.92,1,wide_left,1,defensive_third,False,46.6,46.76,53.63,53.53,33.25,33.27,52.84,52.88
408,2006229,54366,54440,88:07.6,88:15.0,43,7,7.4,2,2,1804,right_to_left,Macarthur FC,2,False,False,False,build_up,0,high_block,10,-20.04,33.65,1,wide_left,1,defensive_third,False,-43.96,-4.18,3,center,1,defensive_third,False,46.83,61.07,53.48,48.98,33.3,42.78,52.91,72.44
409,2006229,54440,54471,88:15.0,88:18.1,43,15,3.1,2,2,1804,right_to_left,Macarthur FC,1,True,False,False,direct,6,defending_direct,15,-43.61,-4.23,3,center,1,defensive_third,False,-3.36,17.83,2,half_space_left,2,middle_third,False,61.08,56.23,48.85,52.02,42.68,38.15,72.55,66.53
410,2006229,54471,54581,88:18.1,88:29.1,43,18,11.0,2,1,2380,left_to_right,Melbourne City,2,True,False,False,quick_break,3,defending_quick_break,12,2.61,-18.34,4,half_space_right,2,middle_third,False,41.06,33.11,1,wide_left,3,attacking_third,False,38.06,45.69,66.21,67.19,55.88,48.23,52.19,47.11
411,2006229,54617,54711,88:32.7,88:42.1,43,32,9.4,2,2,1804,right_to_left,Macarthur FC,4,True,False,False,build_up,0,high_block,10,-38.87,-32.34,5,wide_right,1,defensive_third,False,-36.57,32.27,1,wide_left,1,defensive_third,False,47.37,54.09,46.05,47.05,38.89,47.35,61.86,68.54
412,2006229,54711,54721,88:42.1,88:43.1,43,42,1.0,2,1,2380,left_to_right,Melbourne City,1,True,False,False,chaotic,5,chaotic,5,36.4,-32.55,5,wide_right,3,attacking_third,False,34.33,-34.68,5,wide_right,3,attacking_third,False,47.49,48.09,68.29,68.66,54.06,55.16,47.24,48.53
413,2006229,54786,54915,88:49.6,89:02.5,43,49,12.9,2,2,1804,right_to_left,Macarthur FC,5,False,False,False,build_up,0,high_block,10,-32.59,35.71,1,wide_left,1,defensive_third,False,-20.25,-14.33,4,half_space_right,1,defensive_third,False,55.8,58.57,37.2,49.0,33.63,33.85,62.62,58.31
414,2006229,54915,54946,89:02.5,89:05.6,44,2,3.1,2,2,1804,right_to_left,Macarthur FC,1,True,False,False,create,1,medium_block,9,-19.81,-14.39,4,half_space_right,1,defensive_third,False,6.26,-18.07,4,half_space_right,2,middle_third,False,58.51,54.55,48.9,51.63,33.83,32.25,57.96,50.1
415,2006229,54946,55002,89:05.6,89:11.2,44,5,5.6,2,1,2380,left_to_right,Melbourne City,1,False,False,False,chaotic,5,chaotic,5,-6.82,18.48,2,half_space_left,2,middle_third,False,22.32,27.08,1,wide_left,3,attacking_third,False,32.19,38.0,49.97,62.04,54.34,48.0,51.75,51.45
416,2006229,55277,55332,89:38.7,89:44.2,44,38,5.5,2,1,2380,left_to_right,Melbourne City,4,True,False,False,finish,2,low_block,8,26.12,31.1,1,wide_left,3,attacking_third,False,24.29,31.47,1,wide_left,3,attacking_third,False,45.7,42.37,66.21,59.07,32.33,33.82,34.99,43.34
417,2006229,55482,55491,89:59.2,90:00.1,44,59,0.9,2,2,1804,right_to_left,Macarthur FC,1,False,False,False,create,1,medium_block,9,-10.7,-32.07,5,wide_right,2,middle_third,False,-19.63,-28.87,5,wide_right,1,defensive_third,False,46.9,47.43,47.95,48.19,30.04,30.25,47.24,47.23
418,2006229,55491,55632,90:00.1,90:14.2,45,0,14.1,2,2,1804,right_to_left,Macarthur FC,4,True,False,False,build_up,0,high_block,10,-20.53,-28.38,5,wide_right,1,defensive_third,False,-29.08,-25.22,5,wide_right,1,defensive_third,False,47.57,59.8,48.21,50.6,30.32,39.95,47.26,61.59
419,2006229,55632,55670,90:14.2,90:18.0,45,14,3.8,2,1,2380,left_to_right,Melbourne City,1,True,False,False,chaotic,5,chaotic,5,28.98,24.99,1,wide_left,3,attacking_third,False,34.35,1.04,3,center,3,attacking_third,False,39.85,35.89,61.14,62.33,59.57,47.32,50.66,47.98
420,2006229,55670,55731,90:18.0,90:24.1,45,18,6.1,2,2,1804,right_to_left,Macarthur FC,2,False,False,False,build_up,0,high_block,10,-34.49,-0.68,3,center,1,defensive_third,False,-20.79,26.72,1,wide_left,1,defensive_third,False,47.51,55.99,47.88,48.16,35.92,40.75,62.38,52.5
421,2006229,55731,55765,90:24.1,90:27.5,45,24,3.4,2,2,1804,right_to_left,Macarthur FC,2,True,False,False,create,1,medium_block,9,-19.96,27.36,1,wide_left,1,defensive_third,False,-6.74,29.5,1,wide_left,2,middle_third,False,55.93,54.29,48.6,55.88,40.73,36.18,52.15,53.95
422,2006229,55765,55825,90:27.5,90:33.5,45,27,6.0,2,1,2380,left_to_right,Melbourne City,2,False,False,False,create,1,medium_block,9,6.36,-29.72,5,wide_right,2,middle_third,False,-19.91,-11.78,4,half_space_right,1,defensive_third,False,36.01,34.05,53.94,56.9,54.17,32.94,55.89,52.38
423,2006229,55825,55877,90:33.5,90:38.7,45,33,5.2,2,1,2380,left_to_right,Melbourne City,2,False,False,False,build_up,0,high_block,10,-20.37,-11.62,4,half_space_right,1,defensive_third,False,-44.33,9.19,2,half_space_left,1,defensive_third,False,34.23,51.22,56.96,53.19,33.14,44.82,52.96,74.92
424,2006229,55877,55905,90:38.7,90:41.5,45,38,2.8,2,1,2380,left_to_right,Melbourne City,1,True,False,False,direct,6,defending_direct,15,-43.55,9.85,2,half_space_left,1,defensive_third,False,-0.73,23.91,1,wide_left,2,middle_third,False,51.3,43.32,53.04,51.96,44.98,46.86,75.02,74.94
425,2006229,55905,55979,90:41.5,90:48.9,45,41,7.4,2,2,1804,right_to_left,Macarthur FC,1,True,False,False,chaotic,5,chaotic,5,-0.51,-24.03,5,wide_right,2,middle_third,False,-3.86,-16.03,4,half_space_right,2,middle_third,False,46.73,35.14,74.81,57.07,43.12,33.94,51.95,48.95
426,2006229,55979,55989,90:48.9,90:49.9,45,48,1.0,2,1,2380,left_to_right,Melbourne City,1,True,False,False,chaotic,5,chaotic,5,3.88,16.08,2,half_space_left,2,middle_third,False,6.45,16.8,2,half_space_left,2,middle_third,False,34.01,34.76,48.82,48.1,34.94,32.99,56.91,55.69
427,2006229,55989,56018,90:49.9,90:52.8,45,49,2.9,2,2,1804,right_to_left,Macarthur FC,2,False,False,False,create,1,medium_block,9,-6.8,-16.72,4,half_space_right,2,middle_third,False,-19.92,-14.72,4,half_space_right,1,defensive_third,False,32.79,36.8,55.56,53.49,34.84,33.58,48.07,52.03
428,2006229,56018,56197,90:52.8,91:10.7,45,52,17.9,2,2,1804,right_to_left,Macarthur FC,4,False,False,False,build_up,0,high_block,10,-20.33,-14.61,4,half_space_right,1,defensive_third,False,-20.22,11.59,2,half_space_left,1,defensive_third,False,37.2,60.23,53.45,48.51,33.42,34.07,52.28,52.06
429,2006229,56197,56254,91:10.7,91:16.4,46,10,5.7,2,2,1804,right_to_left,Macarthur FC,1,False,False,False,create,1,medium_block,9,-19.63,12.6,2,half_space_left,1,defensive_third,False,28.87,28.49,1,wide_left,3,attacking_third,False,60.24,49.34,48.57,64.61,34.08,38.04,52.01,49.24
430,2006229,56382,56453,91:29.2,91:36.3,46,29,7.1,2,2,1804,right_to_left,Macarthur FC,3,False,False,False,finish,2,low_block,8,33.14,33.93,1,wide_left,3,attacking_third,False,37.78,16.33,2,half_space_left,3,attacking_third,True,42.14,39.84,65.8,64.67,32.85,33.76,22.74,31.97
431,2006229,56504,56580,91:41.4,91:49.0,46,41,7.6,2,2,1804,right_to_left,Macarthur FC,3,False,False,True,create,1,medium_block,9,11.07,33.71,1,wide_left,2,middle_third,False,4.95,26.84,1,wide_left,2,middle_third,False,42.66,61.92,62.38,55.52,34.45,38.03,34.44,36.86
432,2006229,56580,56664,91:49.0,91:57.4,46,49,8.4,2,2,1804,right_to_left,Macarthur FC,4,True,False,True,finish,2,low_block,8,5.24,26.77,1,wide_left,2,middle_third,False,51.29,-5.28,3,center,3,attacking_third,True,62.08,39.55,55.64,70.39,37.98,34.68,36.73,30.65
433,2006229,57047,57057,92:35.7,92:36.7,47,35,1.0,2,1,2380,left_to_right,Melbourne City,1,True,False,False,direct,6,defending_direct,15,-25.29,-14.59,4,half_space_right,1,defensive_third,False,-12.57,-22.68,5,wide_right,2,middle_third,False,23.64,23.47,60.78,58.94,28.33,28.0,40.98,41.26
434,2006229,57161,57247,92:47.1,92:55.7,47,47,8.6,2,2,1804,right_to_left,Macarthur FC,4,False,False,False,create,1,medium_block,9,-12.3,27.32,1,wide_left,2,middle_third,False,-19.45,-27.25,5,wide_right,1,defensive_third,False,41.69,57.6,56.46,50.99,30.81,37.99,52.04,50.9
435,2006229,57247,57333,92:55.7,93:04.3,47,55,8.6,2,2,1804,right_to_left,Macarthur FC,2,False,False,False,build_up,0,high_block,10,-20.26,-26.38,5,wide_right,1,defensive_third,False,-43.34,9.91,2,half_space_left,1,defensive_third,False,57.51,60.14,50.96,44.92,37.78,37.27,51.22,73.61
436,2006229,57333,57363,93:04.3,93:07.3,48,4,3.0,2,2,1804,right_to_left,Macarthur FC,1,False,False,False,direct,6,defending_direct,15,-43.0,10.5,2,half_space_left,1,defensive_third,False,-10.68,29.52,1,wide_left,2,middle_third,False,60.04,53.05,44.77,47.52,37.27,37.41,73.75,68.12
437,2006229,57363,57429,93:07.3,93:13.9,48,7,6.6,2,2,1804,right_to_left,Macarthur FC,1,True,False,False,create,1,medium_block,9,-9.89,29.68,1,wide_left,2,middle_third,False,27.49,15.35,2,half_space_left,3,attacking_third,False,52.89,37.22,47.56,66.37,37.5,36.11,67.88,58.5
438,2006229,57429,57449,93:13.9,93:15.9,48,13,2.0,2,1,2380,left_to_right,Melbourne City,1,True,False,False,chaotic,5,chaotic,5,-27.74,-14.81,4,half_space_right,1,defensive_third,False,-12.26,-8.73,3,center,2,middle_third,False,36.08,33.62,58.14,50.97,36.74,26.24,66.13,62.66
439,2006229,58221,58402,94:33.1,94:51.2,49,33,18.1,2,2,1804,right_to_left,Macarthur FC,1,True,False,False,chaotic,5,chaotic,5,-22.61,32.97,1,wide_left,1,defensive_third,False,-14.6,33.67,1,wide_left,2,middle_third,False,27.7,28.23,43.47,44.08,24.06,32.47,63.16,62.11
440,2006229,58402,58434,94:51.2,94:54.4,49,51,3.2,2,1,2380,left_to_right,Melbourne City,2,False,False,False,chaotic,5,chaotic,5,14.64,-33.59,5,wide_right,2,middle_third,False,20.12,-16.57,4,half_space_right,3,attacking_third,False,32.42,28.24,62.13,61.16,28.18,26.55,44.05,45.07
441,2006229,58684,58967,95:19.4,95:47.7,50,19,28.3,2,1,2380,left_to_right,Melbourne City,10,True,False,False,finish,2,low_block,8,23.24,-17.01,4,half_space_right,3,attacking_third,False,46.22,-1.81,3,center,3,attacking_third,True,31.0,36.81,59.57,66.01,25.45,31.19,39.55,37.26
442,2006229,58967,59058,95:47.7,95:56.8,50,47,9.1,2,2,1804,right_to_left,Macarthur FC,1,True,False,False,transition,4,defending_transition,11,-46.64,1.82,3,center,1,defensive_third,False,10.52,22.96,1,wide_left,2,middle_third,False,31.11,39.05,37.32,60.52,36.59,23.55,66.32,61.39
443,2006229,59058,59068,95:56.8,95:57.8,50,56,1.0,2,1,2380,left_to_right,Melbourne City,1,True,False,False,chaotic,5,chaotic,5,-10.62,-23.77,5,wide_right,2,middle_third,False,-3.37,-28.49,5,wide_right,2,middle_third,False,23.54,24.58,61.16,58.9,39.14,39.69,60.61,59.83
444,2006229,59166,59229,96:07.6,96:13.9,51,7,6.3,2,2,1804,right_to_left,Macarthur FC,3,False,False,False,chaotic,5,chaotic,5,-9.86,34.14,1,wide_left,2,middle_third,False,-35.05,2.43,3,center,1,defensive_third,False,50.26,62.36,51.39,40.15,28.01,32.89,46.9,59.05
