index,match_id,frame_start,frame_end,time_start,time_end,minute_start,second_start,duration,period,attacking_side_id,team_in_possession_id,attacking_side,team_in_possession_shortname,n_player_possessions_in_phase,team_possession_loss_in_phase,team_possession_lead_to_goal,team_possession_lead_to_shot,team_in_possession_phase_type,team_in_possession_phase_type_id,team_out_of_possession_phase_type,team_out_of_possession_phase_type_id,x_start,y_start,channel_id_start,channel_start,third_id_start,third_start,penalty_area_start,x_end,y_end,channel_id_end,channel_end,third_id_end,third_end,penalty_area_end,team_in_possession_width_start,team_in_possession_width_end,team_in_possession_length_start,team_in_possession_length_end,team_out_of_possession_width_start,team_out_of_possession_width_end,team_out_of_possession_length_start,team_out_of_possession_length_end
0,2006363,10,45,00:00.0,00:03.5,0,0,3.5,1,1,868,left_to_right,Melbourne V FC,2,False,False,False,create,1,medium_block,9,0.48,0.18,3,center,2,middle_third,False,-21.31,0.47,3,center,1,defensive_third,False,41.89,39.48,38.53,53.23,35.79,33.39,39.86,57.08
1,2006363,45,78,00:03.5,00:06.8,0,3,3.3,1,1,868,left_to_right,Melbourne V FC,1,False,False,False,direct,6,defending_direct,15,-20.72,0.82,3,center,1,defensive_third,False,28.76,12.84,2,half_space_left,3,attacking_third,False,39.27,27.45,53.68,66.82,33.39,25.37,57.45,65.37
2,2006363,78,153,00:06.8,00:14.3,0,6,7.5,1,1,868,left_to_right,Melbourne V FC,2,False,False,False,finish,2,low_block,8,29.41,12.63,2,half_space_left,3,attacking_third,False,6.09,-18.13,4,half_space_right,2,middle_third,False,27.11,39.95,66.97,62.11,24.92,26.5,65.31,37.56
3,2006363,153,205,00:14.3,00:19.5,0,14,5.2,1,1,868,left_to_right,Melbourne V FC,2,True,False,False,create,1,medium_block,9,4.98,-17.46,4,half_space_right,2,middle_third,False,22.09,-22.53,5,wide_right,3,attacking_third,False,40.5,54.07,61.87,57.49,26.64,34.4,37.52,43.32
4,2006363,205,373,00:19.5,00:36.3,0,19,16.8,1,2,870,right_to_left,CC Mariners,7,False,False,False,create,1,medium_block,9,-22.71,21.72,1,wide_left,1,defensive_third,False,-19.91,-5.97,3,center,1,defensive_third,False,34.24,54.25,43.36,54.04,53.77,37.87,57.68,53.24
5,2006363,373,428,00:36.3,00:41.8,0,36,5.5,1,2,870,right_to_left,CC Mariners,2,False,False,False,build_up,0,high_block,10,-20.43,-5.24,3,center,1,defensive_third,False,-20.47,-21.45,5,wide_right,1,defensive_third,False,54.12,57.39,54.0,51.97,37.95,36.58,53.57,61.5
6,2006363,428,457,00:41.8,00:44.7,0,41,2.9,1,2,870,right_to_left,CC Mariners,3,False,False,False,create,1,medium_block,9,-19.7,-20.92,5,wide_right,1,defensive_third,False,-19.58,-9.69,4,half_space_right,1,defensive_third,False,57.41,57.38,51.98,51.67,36.52,34.29,61.37,55.18
7,2006363,457,625,00:44.7,01:01.5,0,44,16.8,1,2,870,right_to_left,CC Mariners,6,False,False,False,build_up,0,high_block,10,-20.06,-9.7,4,half_space_right,1,defensive_third,False,-47.81,-5.95,3,center,1,defensive_third,False,57.41,61.54,51.68,47.35,34.23,42.87,54.92,74.32
8,2006363,625,667,01:01.5,01:05.7,1,1,4.2,1,2,870,right_to_left,CC Mariners,1,False,False,False,direct,6,defending_direct,15,-47.94,-5.6,3,center,1,defensive_third,False,-6.18,-20.84,5,wide_right,2,middle_third,False,61.46,42.88,47.21,48.37,42.82,39.46,74.34,65.11
9,2006363,667,685,01:05.7,01:07.5,1,5,1.8,1,2,870,right_to_left,CC Mariners,0,False,False,False,create,1,medium_block,9,-6.17,-21.04,5,wide_right,2,middle_third,False,-19.57,-24.56,5,wide_right,1,defensive_third,False,42.43,37.58,48.43,48.41,39.33,37.76,64.89,62.34
10,2006363,685,811,01:07.5,01:20.1,1,7,12.6,1,2,870,right_to_left,CC Mariners,2,False,False,False,build_up,0,high_block,10,-20.33,-24.85,5,wide_right,1,defensive_third,False,-20.36,-19.66,4,half_space_right,1,defensive_third,False,37.61,45.56,48.44,40.22,37.69,32.89,62.31,70.21
11,2006363,811,891,01:20.1,01:28.1,1,20,8.0,1,2,870,right_to_left,CC Mariners,3,False,False,False,create,1,medium_block,9,-19.05,-18.75,4,half_space_right,1,defensive_third,False,23.38,28.63,1,wide_left,3,attacking_third,False,45.3,47.57,40.12,64.44,32.68,47.11,70.06,61.9
12,2006363,891,994,01:28.1,01:38.4,1,28,10.3,1,2,870,right_to_left,CC Mariners,2,True,False,False,finish,2,low_block,8,23.86,28.52,1,wide_left,3,attacking_third,False,36.77,23.15,1,wide_left,3,attacking_third,False,47.42,46.47,64.69,67.0,47.05,36.0,61.72,43.06
13,2006363,994,1056,01:38.4,01:44.6,1,38,6.2,1,1,868,left_to_right,Melbourne V FC,2,True,False,False,chaotic,5,chaotic,5,-37.32,-23.26,5,wide_right,1,defensive_third,False,6.13,1.91,3,center,2,middle_third,False,35.83,40.66,42.99,49.89,46.28,37.87,66.97,64.45
14,2006363,1056,1139,01:44.6,01:52.9,1,44,8.3,1,2,870,right_to_left,CC Mariners,3,False,False,False,create,1,medium_block,9,-6.4,-2.15,3,center,2,middle_third,False,17.64,-18.82,4,half_space_right,3,attacking_third,False,37.91,51.32,64.26,60.34,40.5,31.86,50.17,41.19
15,2006363,1139,1280,01:52.9,02:07.0,1,52,14.1,1,2,870,right_to_left,CC Mariners,5,False,False,False,finish,2,low_block,8,18.17,-18.75,4,half_space_right,3,attacking_third,False,6.0,-9.87,4,half_space_right,2,middle_third,False,51.55,52.69,60.56,57.59,31.75,29.72,41.16,33.01
16,2006363,1280,1361,02:07.0,02:15.1,2,7,8.1,1,2,870,right_to_left,CC Mariners,3,False,False,False,create,1,medium_block,9,5.22,-9.18,4,half_space_right,2,middle_third,False,26.45,30.94,1,wide_left,3,attacking_third,False,52.74,46.73,57.4,60.75,29.69,36.84,33.02,45.07
17,2006363,1361,1495,02:15.1,02:28.5,2,15,13.4,1,2,870,right_to_left,CC Mariners,2,True,False,False,finish,2,low_block,8,27.12,30.96,1,wide_left,3,attacking_third,False,28.34,9.1,3,center,3,attacking_third,False,46.73,36.46,61.08,66.31,36.5,23.57,45.12,39.37
18,2006363,1711,1778,02:50.1,02:56.8,2,50,6.7,1,1,868,left_to_right,Melbourne V FC,4,False,False,False,build_up,0,high_block,10,-40.23,-10.64,4,half_space_right,1,defensive_third,False,-20.08,-26.68,5,wide_right,1,defensive_third,False,59.33,58.03,44.71,47.5,38.23,38.46,59.04,61.65
19,2006363,1778,1783,02:56.8,02:57.3,2,56,0.5,1,1,868,left_to_right,Melbourne V FC,0,True,False,False,create,1,medium_block,9,-19.85,-25.73,5,wide_right,1,defensive_third,False,-19.16,-23.14,5,wide_right,1,defensive_third,False,57.85,56.94,47.51,47.49,38.37,37.98,61.34,60.49
20,2006363,1783,1812,02:57.3,03:00.2,2,57,2.9,1,2,870,right_to_left,CC Mariners,2,True,False,False,chaotic,5,chaotic,5,19.13,22.95,1,wide_left,3,attacking_third,False,21.58,20.01,2,half_space_left,3,attacking_third,False,37.92,37.22,60.36,61.08,56.7,48.61,47.48,47.74
21,2006363,1812,1885,03:00.2,03:07.5,3,0,7.3,1,1,868,left_to_right,Melbourne V FC,2,True,False,False,create,1,medium_block,9,-21.64,-19.65,4,half_space_right,1,defensive_third,False,27.92,-3.55,3,center,3,attacking_third,False,48.32,39.29,47.77,65.03,37.17,22.22,61.09,53.18
22,2006363,1885,1930,03:07.5,03:12.0,3,7,4.5,1,2,870,right_to_left,CC Mariners,1,False,False,False,build_up,0,high_block,10,-28.78,3.89,3,center,1,defensive_third,False,-20.48,3.01,3,center,1,defensive_third,False,22.13,27.89,52.97,40.49,39.08,27.44,65.52,71.25
23,2006363,1930,1976,03:12.0,03:16.6,3,12,4.6,1,2,870,right_to_left,CC Mariners,2,True,False,False,create,1,medium_block,9,-19.82,2.96,3,center,1,defensive_third,False,-12.15,6.67,3,center,2,middle_third,False,28.2,42.0,40.59,46.68,27.19,26.49,71.06,61.84
24,2006363,1976,2149,03:16.6,03:33.9,3,16,17.3,1,1,868,left_to_right,Melbourne V FC,8,False,False,False,create,1,medium_block,9,11.66,-6.68,3,center,2,middle_third,False,20.49,-32.9,5,wide_right,3,attacking_third,False,26.64,60.96,61.64,57.87,42.23,38.42,46.5,44.89
25,2006363,2198,2210,03:38.8,03:40.0,3,38,1.2,1,1,868,left_to_right,Melbourne V FC,1,False,False,False,finish,2,low_block,8,19.44,-35.08,5,wide_right,3,attacking_third,False,6.12,-28.38,5,wide_right,2,middle_third,False,49.25,48.3,62.2,61.49,32.37,31.61,40.05,39.38
26,2006363,2210,2407,03:40.0,03:59.7,3,40,19.7,1,1,868,left_to_right,Melbourne V FC,6,False,False,False,create,1,medium_block,9,5.22,-27.82,5,wide_right,2,middle_third,False,12.09,18.3,2,half_space_left,2,middle_third,False,48.29,53.35,61.39,56.53,31.64,34.01,39.37,39.22
27,2006363,2407,2461,03:59.7,04:05.1,3,59,5.4,1,1,868,left_to_right,Melbourne V FC,1,False,False,False,finish,2,low_block,8,13.56,19.56,2,half_space_left,2,middle_third,False,5.71,16.13,2,half_space_left,2,middle_third,False,52.99,44.9,56.72,56.97,34.25,29.46,39.31,32.7
28,2006363,2461,2471,04:05.1,04:06.1,4,5,1.0,1,1,868,left_to_right,Melbourne V FC,1,False,False,False,create,1,medium_block,9,5.15,15.89,2,half_space_left,2,middle_third,False,4.83,14.85,2,half_space_left,2,middle_third,False,45.11,46.24,56.76,55.17,29.45,29.03,32.66,32.88
29,2006363,2471,2528,04:06.1,04:11.8,4,6,5.7,1,1,868,left_to_right,Melbourne V FC,2,False,False,False,finish,2,low_block,8,5.02,14.77,2,half_space_left,2,middle_third,False,6.72,-27.26,5,wide_right,2,middle_third,False,46.29,47.31,55.05,57.45,28.96,38.44,33.11,38.87
30,2006363,2528,2579,04:11.8,04:16.9,4,11,5.1,1,1,868,left_to_right,Melbourne V FC,1,True,False,False,create,1,medium_block,9,5.68,-26.82,5,wide_right,2,middle_third,False,25.77,-17.58,4,half_space_right,3,attacking_third,False,47.17,42.76,57.25,59.49,38.19,34.32,39.14,43.87
31,2006363,2579,2794,04:16.9,04:38.4,4,16,21.5,1,2,870,right_to_left,CC Mariners,5,False,False,False,build_up,0,high_block,10,-26.81,17.01,2,half_space_left,1,defensive_third,False,-20.0,-30.46,5,wide_right,1,defensive_third,False,34.22,58.85,44.01,50.28,42.33,36.8,59.73,68.27
32,2006363,2794,2795,04:38.4,04:38.5,4,38,0.1,1,2,870,right_to_left,CC Mariners,1,False,False,False,create,1,medium_block,9,-19.99,-30.54,5,wide_right,1,defensive_third,False,-19.99,-30.54,5,wide_right,1,defensive_third,False,58.7,58.7,50.31,50.31,36.94,36.94,68.05,68.05
33,2006363,2795,2872,04:38.5,04:46.2,4,38,7.7,1,2,870,right_to_left,CC Mariners,2,False,False,False,build_up,0,high_block,10,-20.03,-30.63,5,wide_right,1,defensive_third,False,-20.03,19.05,2,half_space_left,1,defensive_third,False,58.53,57.99,50.31,49.88,37.06,34.67,67.84,63.98
34,2006363,2872,2915,04:46.2,04:50.5,4,46,4.3,1,2,870,right_to_left,CC Mariners,1,True,False,False,create,1,medium_block,9,-19.46,20.29,1,wide_left,1,defensive_third,False,5.7,24.56,1,wide_left,2,middle_third,False,58.11,55.1,49.95,55.28,34.78,45.09,63.9,60.59
35,2006363,2915,2980,04:50.5,04:57.0,4,50,6.5,1,1,868,left_to_right,Melbourne V FC,3,False,False,True,create,1,medium_block,9,-5.94,-24.74,5,wide_right,2,middle_third,False,-19.37,-29.62,5,wide_right,1,defensive_third,False,44.91,46.35,60.47,54.66,54.74,38.96,55.28,58.6
36,2006363,2980,3100,04:57.0,05:09.0,4,57,12.0,1,1,868,left_to_right,Melbourne V FC,5,False,False,True,build_up,0,high_block,10,-20.51,-29.0,5,wide_right,1,defensive_third,False,-20.48,25.3,1,wide_left,1,defensive_third,False,46.51,50.51,54.61,51.72,38.85,36.31,58.88,62.36
37,2006363,3100,3197,05:09.0,05:18.7,5,9,9.7,1,1,868,left_to_right,Melbourne V FC,3,False,False,True,create,1,medium_block,9,-19.45,25.44,1,wide_left,1,defensive_third,False,17.34,-21.17,5,wide_right,2,middle_third,False,50.05,44.17,51.64,61.55,35.92,30.31,62.34,54.42
38,2006363,3197,3263,05:18.7,05:25.3,5,18,6.6,1,1,868,left_to_right,Melbourne V FC,2,True,False,True,finish,2,low_block,8,18.1,-21.03,5,wide_right,3,attacking_third,False,44.57,-2.41,3,center,3,attacking_third,True,44.28,36.66,61.89,71.74,30.29,22.64,54.36,40.75
39,2006363,3263,3454,05:25.3,05:44.4,5,25,19.1,1,2,870,right_to_left,CC Mariners,2,False,False,False,create,1,medium_block,9,-45.03,1.91,3,center,1,defensive_third,False,-45.01,0.2,3,center,1,defensive_third,False,22.57,61.34,40.55,43.38,36.54,38.41,72.05,73.06
40,2006363,3454,3495,05:44.4,05:48.5,5,44,4.1,1,2,870,right_to_left,CC Mariners,1,True,False,False,direct,6,defending_direct,15,-45.27,0.6,3,center,1,defensive_third,False,7.28,-5.56,3,center,2,middle_third,False,61.24,46.02,43.2,51.93,38.36,28.4,73.15,66.3
41,2006363,3495,3573,05:48.5,05:56.3,5,48,7.8,1,1,868,left_to_right,Melbourne V FC,3,False,False,False,create,1,medium_block,9,-7.53,5.76,3,center,2,middle_third,False,12.21,7.7,3,center,2,middle_third,False,28.23,40.92,66.14,55.56,45.5,21.07,52.31,47.67
42,2006363,3684,3705,06:07.4,06:09.5,6,7,2.1,1,1,868,left_to_right,Melbourne V FC,2,False,False,False,finish,2,low_block,8,5.89,6.32,3,center,2,middle_third,False,5.09,-10.19,4,half_space_right,2,middle_third,False,56.57,59.49,58.02,56.57,30.47,31.55,36.32,37.25
43,2006363,3705,3720,06:09.5,06:11.0,6,9,1.5,1,1,868,left_to_right,Melbourne V FC,1,False,False,False,create,1,medium_block,9,5.08,-11.18,4,half_space_right,2,middle_third,False,9.28,-15.96,4,half_space_right,2,middle_third,False,59.64,61.01,56.54,56.27,31.55,32.83,37.34,38.48
44,2006363,3720,3746,06:11.0,06:13.6,6,11,2.6,1,1,868,left_to_right,Melbourne V FC,1,False,False,False,finish,2,low_block,8,11.02,-15.95,4,half_space_right,2,middle_third,False,9.11,-11.62,4,half_space_right,2,middle_third,False,61.01,56.41,56.36,57.64,32.95,33.62,38.5,37.77
45,2006363,3746,3805,06:13.6,06:19.5,6,13,5.9,1,1,868,left_to_right,Melbourne V FC,4,False,False,False,create,1,medium_block,9,8.49,-11.76,4,half_space_right,2,middle_third,False,15.09,30.97,1,wide_left,2,middle_third,False,56.25,59.95,57.64,58.9,33.63,39.29,37.82,43.78
46,2006363,3805,3887,06:19.5,06:27.7,6,19,8.2,1,1,868,left_to_right,Melbourne V FC,2,False,False,False,finish,2,low_block,8,15.36,31.13,1,wide_left,2,middle_third,False,6.84,19.69,2,half_space_left,2,middle_third,False,59.9,47.15,59.1,61.83,39.58,27.82,43.84,36.92
47,2006363,3887,3905,06:27.7,06:29.5,6,27,1.8,1,1,868,left_to_right,Melbourne V FC,1,False,False,False,create,1,medium_block,9,5.88,19.2,2,half_space_left,2,middle_third,False,4.37,15.1,2,half_space_left,2,middle_third,False,47.16,49.37,61.72,58.73,27.77,27.95,37.04,37.14
48,2006363,3905,3915,06:29.5,06:30.5,6,29,1.0,1,1,868,left_to_right,Melbourne V FC,1,False,False,False,finish,2,low_block,8,5.64,14.53,2,half_space_left,2,middle_third,False,9.96,11.45,2,half_space_left,2,middle_third,False,49.7,53.02,58.54,57.1,27.96,28.33,37.0,35.77
49,2006363,3915,3952,06:30.5,06:34.2,6,30,3.7,1,1,868,left_to_right,Melbourne V FC,2,False,False,False,create,1,medium_block,9,9.75,11.5,2,half_space_left,2,middle_third,False,5.93,-13.93,4,half_space_right,2,middle_third,False,53.34,60.18,56.97,54.87,28.47,33.38,35.64,36.32
50,2006363,3952,4100,06:34.2,06:49.0,6,34,14.8,1,1,868,left_to_right,Melbourne V FC,6,False,False,False,finish,2,low_block,8,6.27,-14.13,4,half_space_right,2,middle_third,False,5.68,-7.03,3,center,2,middle_third,False,60.17,47.42,54.95,60.08,33.42,26.93,36.38,33.35
51,2006363,4100,4116,06:49.0,06:50.6,6,49,1.6,1,1,868,left_to_right,Melbourne V FC,1,False,False,False,create,1,medium_block,9,5.15,-5.65,3,center,2,middle_third,False,4.34,1.45,3,center,2,middle_third,False,47.77,52.6,60.01,59.2,27.06,29.31,33.56,35.11
52,2006363,4116,4385,06:50.6,07:17.5,6,50,26.9,1,1,868,left_to_right,Melbourne V FC,10,True,False,False,finish,2,low_block,8,5.1,2.59,3,center,2,middle_third,False,32.97,-24.07,5,wide_right,3,attacking_third,False,52.85,39.83,59.16,64.67,29.48,30.82,35.09,33.24
53,2006363,4772,4871,07:56.2,08:06.1,7,56,9.9,1,2,870,right_to_left,CC Mariners,5,True,False,True,build_up,0,high_block,10,-29.84,29.03,1,wide_left,1,defensive_third,False,-36.65,-4.97,3,center,1,defensive_third,False,58.15,58.34,53.19,46.83,27.01,30.55,64.8,68.55
54,2006363,4871,4884,08:06.1,08:07.4,8,6,1.3,1,1,868,left_to_right,Melbourne V FC,2,False,True,True,finish,2,low_block,8,37.23,5.18,3,center,3,attacking_third,True,53.74,-3.17,3,center,3,attacking_third,False,30.56,31.07,68.57,71.3,58.18,56.63,46.8,45.19
55,2006363,5538,5648,09:12.8,09:23.8,9,12,11.0,1,2,870,right_to_left,CC Mariners,5,False,False,False,create,1,medium_block,9,-0.43,0.56,3,center,2,middle_third,False,-19.96,14.01,2,half_space_left,1,defensive_third,False,48.4,50.82,40.73,51.63,37.25,32.35,42.98,51.87
56,2006363,5648,5734,09:23.8,09:32.4,9,23,8.6,1,2,870,right_to_left,CC Mariners,2,False,False,False,build_up,0,high_block,10,-20.16,13.8,2,half_space_left,1,defensive_third,False,-20.51,-25.95,5,wide_right,1,defensive_third,False,50.96,54.62,51.59,42.36,32.38,40.18,51.98,67.4
57,2006363,5734,5795,09:32.4,09:38.5,9,32,6.1,1,2,870,right_to_left,CC Mariners,2,True,False,False,create,1,medium_block,9,-19.5,-26.5,5,wide_right,1,defensive_third,False,15.75,-27.24,5,wide_right,2,middle_third,False,54.28,43.41,42.46,54.66,40.23,37.78,67.21,60.94
58,2006363,5999,6059,09:58.9,10:04.9,9,58,6.0,1,1,868,left_to_right,Melbourne V FC,3,False,False,False,build_up,0,high_block,10,,,2,half_space_left,2,middle_third,False,-31.16,-35.81,5,wide_right,1,defensive_third,False,,49.5,,50.38,,37.55,,68.13
59,2006363,6170,6178,10:16.0,10:16.8,10,16,0.8,1,1,868,left_to_right,Melbourne V FC,1,True,False,False,chaotic,5,chaotic,5,-18.27,-32.17,5,wide_right,1,defensive_third,False,-13.86,-27.49,5,wide_right,2,middle_third,False,39.34,38.52,48.62,48.36,21.83,21.41,59.89,59.14
60,2006363,6178,6224,10:16.8,10:21.4,10,16,4.6,1,2,870,right_to_left,CC Mariners,3,True,False,False,chaotic,5,chaotic,5,13.39,26.97,1,wide_left,2,middle_third,False,31.27,10.01,2,half_space_left,3,attacking_third,False,21.33,25.83,59.07,64.1,38.37,19.65,48.3,48.28
61,2006363,6224,6227,10:21.4,10:21.7,10,21,0.3,1,1,868,left_to_right,Melbourne V FC,1,True,False,False,chaotic,5,chaotic,5,-31.19,-9.21,4,half_space_right,1,defensive_third,False,-30.15,-6.32,3,center,1,defensive_third,False,19.31,18.69,48.2,48.02,25.92,26.11,64.49,65.22
62,2006363,6227,6330,10:21.7,10:32.0,10,21,10.3,1,2,870,right_to_left,CC Mariners,4,False,False,False,finish,2,low_block,8,29.37,4.94,3,center,3,attacking_third,False,6.48,-23.57,5,wide_right,2,middle_third,False,26.23,46.94,65.54,63.8,18.39,35.3,47.9,34.71
63,2006363,6330,6407,10:32.0,10:39.7,10,32,7.7,1,2,870,right_to_left,CC Mariners,2,False,False,False,create,1,medium_block,9,5.15,-22.72,5,wide_right,2,middle_third,False,16.65,-32.31,5,wide_right,2,middle_third,False,47.11,53.92,63.67,60.74,35.38,42.06,34.99,40.69
64,2006363,6407,6426,10:39.7,10:41.6,10,39,1.9,1,2,870,right_to_left,CC Mariners,1,True,False,False,finish,2,low_block,8,16.64,-32.42,5,wide_right,2,middle_third,False,8.83,-31.83,5,wide_right,2,middle_third,False,54.05,52.83,60.79,60.75,42.26,42.08,40.59,41.16
65,2006363,6426,6499,10:41.6,10:48.9,10,41,7.3,1,1,868,left_to_right,Melbourne V FC,1,True,False,False,transition,4,defending_transition,11,-8.52,31.8,1,wide_left,2,middle_third,False,26.69,-1.36,3,center,3,attacking_third,False,42.02,38.23,41.32,61.01,52.66,38.57,60.73,52.63
66,2006363,6499,6522,10:48.9,10:51.2,10,48,2.3,1,2,870,right_to_left,CC Mariners,1,False,False,False,build_up,0,high_block,10,-26.83,2.02,3,center,1,defensive_third,False,-20.26,20.62,1,wide_left,1,defensive_third,False,38.54,41.47,52.44,50.77,38.18,40.08,61.05,63.18
67,2006363,6522,6564,10:51.2,10:55.4,10,51,4.2,1,2,870,right_to_left,CC Mariners,1,True,False,False,create,1,medium_block,9,-19.77,21.49,1,wide_left,1,defensive_third,False,-4.49,30.32,1,wide_left,2,middle_third,False,41.67,48.41,50.7,45.63,40.28,43.28,63.1,63.26
68,2006363,6564,6716,10:55.4,11:10.6,10,55,15.2,1,1,868,left_to_right,Melbourne V FC,4,False,False,False,create,1,medium_block,9,3.63,-30.27,5,wide_right,2,middle_third,False,19.04,30.54,1,wide_left,3,attacking_third,False,43.18,53.79,63.25,57.52,48.36,36.13,45.56,43.51
69,2006363,6716,6790,11:10.6,11:18.0,11,10,7.4,1,1,868,left_to_right,Melbourne V FC,5,False,False,False,finish,2,low_block,8,19.48,30.31,1,wide_left,3,attacking_third,False,52.58,11.19,2,half_space_left,3,attacking_third,False,53.34,35.26,57.87,75.46,36.22,23.02,43.51,39.53
70,2006363,7109,7309,11:49.9,12:09.9,11,49,20.0,1,1,868,left_to_right,Melbourne V FC,6,False,False,False,set_play,7,defending_set_play,13,50.29,28.18,1,wide_left,3,attacking_third,False,31.72,30.07,1,wide_left,3,attacking_third,False,38.86,33.34,68.75,61.1,18.01,32.37,10.83,31.38
71,2006363,7309,7473,12:09.9,12:26.3,12,9,16.4,1,1,868,left_to_right,Melbourne V FC,8,False,False,False,finish,2,low_block,8,31.79,30.0,1,wide_left,3,attacking_third,False,5.19,-10.53,4,half_space_right,2,middle_third,False,33.32,52.88,61.1,56.55,32.38,31.37,31.3,38.89
72,2006363,7473,7479,12:26.3,12:26.9,12,26,0.6,1,1,868,left_to_right,Melbourne V FC,1,False,False,False,create,1,medium_block,9,5.03,-10.82,4,half_space_right,2,middle_third,False,4.99,-14.81,4,half_space_right,2,middle_third,False,53.02,53.6,56.64,57.05,31.52,32.44,39.2,40.74
73,2006363,7479,7493,12:26.9,12:28.3,12,26,1.4,1,1,868,left_to_right,Melbourne V FC,1,False,False,False,finish,2,low_block,8,5.3,-16.42,4,half_space_right,2,middle_third,False,7.64,-28.05,5,wide_right,2,middle_third,False,53.7,53.42,57.1,56.87,32.67,36.2,41.03,42.37
74,2006363,7493,7538,12:28.3,12:32.8,12,28,4.5,1,1,868,left_to_right,Melbourne V FC,2,False,False,False,create,1,medium_block,9,7.55,-28.14,5,wide_right,2,middle_third,False,-19.97,-14.67,4,half_space_right,1,defensive_third,False,53.24,55.59,56.86,54.19,36.34,31.76,42.2,55.13
75,2006363,7538,7619,12:32.8,12:40.9,12,32,8.1,1,1,868,left_to_right,Melbourne V FC,4,False,False,False,build_up,0,high_block,10,-20.58,-14.05,4,half_space_right,1,defensive_third,False,-20.84,22.52,1,wide_left,1,defensive_third,False,55.82,56.42,54.01,49.16,31.83,39.28,55.57,66.92
76,2006363,7619,7656,12:40.9,12:44.6,12,40,3.7,1,1,868,left_to_right,Melbourne V FC,2,False,False,False,create,1,medium_block,9,-19.79,22.61,1,wide_left,1,defensive_third,False,-19.74,29.55,1,wide_left,1,defensive_third,False,56.34,51.41,49.11,47.13,39.14,34.9,66.8,62.61
77,2006363,7656,7725,12:44.6,12:51.5,12,44,6.9,1,1,868,left_to_right,Melbourne V FC,2,True,False,False,build_up,0,high_block,10,-20.08,29.7,1,wide_left,1,defensive_third,False,-20.42,28.02,1,wide_left,1,defensive_third,False,51.41,45.17,47.08,42.4,34.94,35.47,62.52,70.34
78,2006363,7725,7773,12:51.5,12:56.3,12,51,4.8,1,2,870,right_to_left,CC Mariners,3,True,False,False,finish,2,low_block,8,19.55,-27.7,5,wide_right,3,attacking_third,False,31.87,-13.49,4,half_space_right,3,attacking_third,False,35.38,31.9,70.13,65.05,44.76,22.68,42.19,40.84
79,2006363,7773,7896,12:56.3,13:08.6,12,56,12.3,1,1,868,left_to_right,Melbourne V FC,2,True,False,False,transition,4,defending_transition,11,-32.15,13.25,2,half_space_left,1,defensive_third,False,36.18,8.34,3,center,3,attacking_third,True,22.39,27.89,40.89,70.67,31.88,30.07,65.1,51.35
80,2006363,7896,7928,13:08.6,13:11.8,13,8,3.2,1,2,870,right_to_left,CC Mariners,1,True,False,False,chaotic,5,chaotic,5,-36.93,-7.37,3,center,1,defensive_third,False,-30.05,5.55,3,center,1,defensive_third,False,30.05,29.89,50.91,44.91,27.89,28.29,70.78,71.42
81,2006363,7928,8091,13:11.8,13:28.1,13,11,16.3,1,1,868,left_to_right,Melbourne V FC,7,False,False,False,finish,2,low_block,8,27.94,-6.47,3,center,3,attacking_third,False,19.73,-29.79,5,wide_right,3,attacking_third,False,28.32,45.25,71.39,56.34,29.89,37.09,44.8,33.1
82,2006363,8178,8316,13:36.8,13:50.6,13,36,13.8,1,1,868,left_to_right,Melbourne V FC,5,True,False,False,create,1,medium_block,9,-1.88,-29.91,5,wide_right,2,middle_third,False,38.07,23.62,1,wide_left,3,attacking_third,False,46.23,46.83,55.31,68.4,36.46,40.31,40.11,48.95
83,2006363,8316,8354,13:50.6,13:54.4,13,50,3.8,1,2,870,right_to_left,CC Mariners,2,True,False,False,chaotic,5,chaotic,5,-38.77,-23.55,5,wide_right,1,defensive_third,False,-32.49,-26.54,5,wide_right,1,defensive_third,False,40.34,46.03,49.07,47.86,46.52,42.54,69.03,71.19
84,2006363,8354,8364,13:54.4,13:55.4,13,54,1.0,1,1,868,left_to_right,Melbourne V FC,1,False,False,False,chaotic,5,chaotic,5,32.82,26.02,1,wide_left,3,attacking_third,False,39.04,18.41,2,half_space_left,3,attacking_third,True,42.5,41.34,70.84,67.92,46.03,45.72,47.72,46.24
85,2006363,8525,8536,14:11.5,14:12.6,14,11,1.1,1,1,868,left_to_right,Melbourne V FC,1,True,False,False,create,1,medium_block,9,,,2,half_space_left,2,middle_third,False,33.58,-20.23,5,wide_right,3,attacking_third,False,,34.85,,66.07,,51.1,,48.85
86,2006363,8536,8604,14:12.6,14:19.4,14,12,6.8,1,2,870,right_to_left,CC Mariners,2,False,False,False,build_up,0,high_block,10,-33.2,22.04,1,wide_left,1,defensive_third,False,-20.46,27.01,1,wide_left,1,defensive_third,False,50.96,54.71,49.0,53.14,34.94,38.99,65.92,67.07
87,2006363,8604,8612,14:19.4,14:20.2,14,19,0.8,1,2,870,right_to_left,CC Mariners,0,True,False,False,create,1,medium_block,9,-19.05,27.39,1,wide_left,1,defensive_third,False,-11.6,29.56,1,wide_left,2,middle_third,False,54.59,54.02,52.98,51.55,38.94,38.49,67.06,66.52
88,2006363,8742,8770,14:33.2,14:36.0,14,33,2.8,1,1,868,left_to_right,Melbourne V FC,1,False,False,False,create,1,medium_block,9,4.22,-34.32,5,wide_right,2,middle_third,False,-19.88,-22.99,5,wide_right,1,defensive_third,False,45.13,47.86,57.43,54.77,27.31,27.49,44.74,53.32
89,2006363,8770,8875,14:36.0,14:46.5,14,36,10.5,1,1,868,left_to_right,Melbourne V FC,3,False,False,False,build_up,0,high_block,10,-20.36,-22.78,5,wide_right,1,defensive_third,False,-21.64,21.59,1,wide_left,1,defensive_third,False,48.17,56.73,54.63,47.57,27.66,38.93,53.88,61.8
90,2006363,8875,8886,14:46.5,14:47.6,14,46,1.1,1,1,868,left_to_right,Melbourne V FC,0,True,False,False,create,1,medium_block,9,-19.96,21.9,1,wide_left,1,defensive_third,False,-7.83,25.97,1,wide_left,2,middle_third,False,56.56,55.57,47.64,48.96,38.93,38.52,61.72,61.28
91,2006363,8886,9023,14:47.6,15:01.3,14,47,13.7,1,2,870,right_to_left,CC Mariners,5,False,False,False,create,1,medium_block,9,6.93,-26.26,5,wide_right,2,middle_third,False,-19.33,-14.03,4,half_space_right,1,defensive_third,False,38.44,54.71,61.23,52.51,55.48,36.65,49.07,53.49
92,2006363,9023,9061,15:01.3,15:05.1,15,1,3.8,1,2,870,right_to_left,CC Mariners,1,False,False,False,build_up,0,high_block,10,-20.17,-12.95,4,half_space_right,1,defensive_third,False,-20.36,6.92,3,center,1,defensive_third,False,54.89,57.49,52.49,52.4,36.69,40.73,53.69,58.21
93,2006363,9061,9161,15:05.1,15:15.1,15,5,10.0,1,2,870,right_to_left,CC Mariners,3,False,False,False,create,1,medium_block,9,-18.85,8.03,3,center,1,defensive_third,False,12.42,-25.26,5,wide_right,2,middle_third,False,57.57,49.49,52.34,59.91,40.89,35.29,58.11,44.31
94,2006363,9161,9273,15:15.1,15:26.3,15,15,11.2,1,2,870,right_to_left,CC Mariners,4,False,False,False,finish,2,low_block,8,12.7,-25.27,5,wide_right,2,middle_third,False,5.95,-19.83,4,half_space_right,2,middle_third,False,49.26,47.98,60.16,60.9,35.36,31.82,44.17,36.69
95,2006363,9273,9565,15:26.3,15:55.5,15,26,29.2,1,2,870,right_to_left,CC Mariners,9,False,False,False,create,1,medium_block,9,5.45,-20.03,4,half_space_right,2,middle_third,False,15.76,-25.6,5,wide_right,2,middle_third,False,48.15,42.52,60.87,63.49,31.93,37.54,36.73,55.82
96,2006363,9565,9617,15:55.5,16:00.7,15,55,5.2,1,2,870,right_to_left,CC Mariners,1,False,False,False,finish,2,low_block,8,16.11,-25.36,5,wide_right,2,middle_third,False,28.64,-34.87,5,wide_right,3,attacking_third,False,42.62,47.29,63.85,68.66,37.74,44.59,55.79,50.59
97,2006363,10684,10758,17:47.4,17:54.8,17,47,7.4,1,2,870,right_to_left,CC Mariners,3,False,False,True,set_play,7,defending_set_play,13,,,2,half_space_left,2,middle_third,False,47.43,11.97,2,half_space_left,3,attacking_third,True,,30.04,,82.23,,23.54,,31.73
98,2006363,11139,11220,18:32.9,18:41.0,18,32,8.1,1,2,870,right_to_left,CC Mariners,2,False,False,False,set_play,7,defending_set_play,13,51.82,31.81,1,wide_left,3,attacking_third,False,,,2,half_space_left,2,middle_third,False,34.07,,74.36,,26.43,,14.24,
99,2006363,11386,11390,18:57.6,18:58.0,18,57,0.4,1,2,870,right_to_left,CC Mariners,1,False,False,False,finish,2,low_block,8,8.45,34.67,1,wide_left,2,middle_third,False,6.32,33.92,1,wide_left,2,middle_third,False,44.65,44.98,65.11,65.1,32.97,32.73,39.59,39.52
100,2006363,11390,11513,18:58.0,19:10.3,18,58,12.3,1,2,870,right_to_left,CC Mariners,3,False,False,False,create,1,medium_block,9,5.05,33.81,1,wide_left,2,middle_third,False,19.2,-26.13,5,wide_right,3,attacking_third,False,45.1,55.72,65.15,58.97,32.66,34.69,39.53,40.03
101,2006363,11513,11563,19:10.3,19:15.3,19,10,5.0,1,2,870,right_to_left,CC Mariners,1,True,False,False,finish,2,low_block,8,20.5,-26.43,5,wide_right,3,attacking_third,False,45.89,-28.97,5,wide_right,3,attacking_third,False,55.43,50.68,59.25,76.08,34.94,35.06,39.94,38.61
102,2006363,11563,11598,19:15.3,19:18.8,19,15,3.5,1,1,868,left_to_right,Melbourne V FC,1,False,False,False,build_up,0,high_block,10,-45.72,29.05,1,wide_left,1,defensive_third,False,-20.28,31.24,1,wide_left,1,defensive_third,False,35.24,40.93,38.55,41.76,50.48,49.1,75.86,70.58
103,2006363,11598,11625,19:18.8,19:21.5,19,18,2.7,1,1,868,left_to_right,Melbourne V FC,1,True,False,False,create,1,medium_block,9,-19.55,31.52,1,wide_left,1,defensive_third,False,-9.79,31.64,1,wide_left,2,middle_third,False,41.02,39.51,41.85,43.06,48.89,50.26,70.55,68.01
104,2006363,11777,11785,19:36.7,19:37.5,19,36,0.8,1,2,870,right_to_left,CC Mariners,1,False,False,False,finish,2,low_block,8,14.08,-33.45,5,wide_right,2,middle_third,False,5.28,-31.65,5,wide_right,2,middle_third,False,48.21,48.31,65.45,64.33,28.9,29.07,39.19,40.49
105,2006363,11785,11940,19:37.5,19:53.0,19,37,15.5,1,2,870,right_to_left,CC Mariners,4,False,False,False,create,1,medium_block,9,4.01,-31.43,5,wide_right,2,middle_third,False,-19.8,22.06,1,wide_left,1,defensive_third,False,48.35,69.73,64.17,53.28,29.16,38.38,40.73,55.06
106,2006363,11940,11990,19:53.0,19:58.0,19,53,5.0,1,2,870,right_to_left,CC Mariners,2,False,False,False,build_up,0,high_block,10,-20.96,21.11,1,wide_left,1,defensive_third,False,-44.41,-2.18,3,center,1,defensive_third,False,69.72,68.17,53.21,45.85,38.36,41.47,55.39,73.77
107,2006363,11990,12020,19:58.0,20:01.0,19,58,3.0,1,2,870,right_to_left,CC Mariners,1,True,False,False,direct,6,defending_direct,15,-44.49,-2.36,3,center,1,defensive_third,False,3.18,-17.09,4,half_space_right,2,middle_third,False,67.94,55.89,45.68,51.29,41.44,35.24,74.04,71.92
108,2006363,12020,12039,20:01.0,20:02.9,20,1,1.9,1,1,868,left_to_right,Melbourne V FC,1,True,False,False,chaotic,5,chaotic,5,-3.63,17.11,2,half_space_left,2,middle_third,False,17.4,19.81,2,half_space_left,2,middle_third,False,35.2,34.59,71.7,66.5,55.35,49.38,51.39,49.44
109,2006363,12039,12142,20:02.9,20:13.2,20,2,10.3,1,2,870,right_to_left,CC Mariners,5,True,False,False,create,1,medium_block,9,-18.27,-19.64,4,half_space_right,1,defensive_third,False,-12.49,-3.37,3,center,2,middle_third,False,49.39,51.86,49.33,61.37,34.58,28.42,66.18,52.31
110,2006363,12142,12243,20:13.2,20:23.3,20,13,10.1,1,1,868,left_to_right,Melbourne V FC,2,True,False,True,quick_break,3,defending_quick_break,12,12.84,2.92,3,center,2,middle_third,False,44.54,-7.63,3,center,3,attacking_third,True,28.43,32.68,52.23,74.38,51.86,24.59,61.41,37.88
111,2006363,12243,12290,20:23.3,20:28.0,20,23,4.7,1,2,870,right_to_left,CC Mariners,3,False,False,False,build_up,0,high_block,10,-45.4,6.24,3,center,1,defensive_third,False,-20.04,7.86,3,center,1,defensive_third,False,24.45,30.07,37.42,34.72,32.59,26.93,74.72,73.83
112,2006363,12290,12367,20:28.0,20:35.7,20,28,7.7,1,2,870,right_to_left,CC Mariners,1,False,False,False,create,1,medium_block,9,-19.58,7.91,3,center,1,defensive_third,False,22.1,-4.51,3,center,3,attacking_third,False,30.15,40.12,35.18,65.27,26.62,20.85,73.77,65.97
113,2006363,12367,12492,20:35.7,20:48.2,20,35,12.5,1,2,870,right_to_left,CC Mariners,5,True,False,False,finish,2,low_block,8,22.7,-4.26,3,center,3,attacking_third,False,40.13,-6.28,3,center,3,attacking_third,True,39.95,37.52,65.63,69.31,20.89,22.68,65.84,45.08
114,2006363,12492,12502,20:48.2,20:49.2,20,48,1.0,1,1,868,left_to_right,Melbourne V FC,1,True,False,False,chaotic,5,chaotic,5,-40.42,7.36,3,center,1,defensive_third,False,-40.82,16.73,2,half_space_left,1,defensive_third,False,22.9,24.98,45.06,44.9,37.62,38.97,69.34,69.74
115,2006363,12708,12752,21:09.8,21:14.2,21,9,4.4,1,2,870,right_to_left,CC Mariners,2,False,False,False,chaotic,5,chaotic,5,43.95,-33.1,5,wide_right,3,attacking_third,False,44.73,-33.59,5,wide_right,3,attacking_third,False,57.61,57.97,72.79,72.41,31.06,33.36,22.63,22.22
116,2006363,12900,12913,21:29.0,21:30.3,21,29,1.3,1,2,870,right_to_left,CC Mariners,1,True,False,False,chaotic,5,chaotic,5,41.84,-33.39,5,wide_right,3,attacking_third,False,48.74,-25.86,5,wide_right,3,attacking_third,False,50.71,49.97,71.54,73.9,27.08,27.43,22.2,20.77
117,2006363,12913,12923,21:30.3,21:31.3,21,30,1.0,1,1,868,left_to_right,Melbourne V FC,1,True,False,False,chaotic,5,chaotic,5,-48.55,25.86,1,wide_left,1,defensive_third,False,-37.97,33.58,1,wide_left,1,defensive_third,False,27.28,27.03,20.62,19.6,49.86,48.78,74.07,74.48
118,2006363,12990,13026,21:38.0,21:41.6,21,38,3.6,1,2,870,right_to_left,CC Mariners,2,False,False,False,finish,2,low_block,8,24.54,-33.09,5,wide_right,3,attacking_third,False,5.48,-3.43,3,center,2,middle_third,False,48.12,49.35,69.92,65.02,27.96,27.24,25.56,27.63
119,2006363,13026,13142,21:41.6,21:53.2,21,41,11.6,1,2,870,right_to_left,CC Mariners,4,False,False,False,create,1,medium_block,9,5.19,-2.99,3,center,2,middle_third,False,21.89,-32.42,5,wide_right,3,attacking_third,False,49.44,60.62,64.9,57.77,27.27,35.86,27.72,40.34
120,2006363,13142,13179,21:53.2,21:56.9,21,53,3.7,1,2,870,right_to_left,CC Mariners,1,True,False,False,finish,2,low_block,8,22.22,-32.7,5,wide_right,3,attacking_third,False,39.64,-24.64,5,wide_right,3,attacking_third,False,60.58,56.94,58.07,69.22,35.72,34.86,40.12,34.11
121,2006363,13179,13302,21:56.9,22:09.2,21,56,12.3,1,1,868,left_to_right,Melbourne V FC,4,False,False,False,transition,4,defending_transition,11,-40.1,24.33,1,wide_left,1,defensive_third,False,-11.47,31.28,1,wide_left,2,middle_third,False,34.85,39.95,34.0,44.23,56.8,50.4,69.37,60.31
122,2006363,13661,13715,22:45.1,22:50.5,22,45,5.4,1,1,868,left_to_right,Melbourne V FC,3,False,False,False,build_up,0,high_block,10,-20.16,26.89,1,wide_left,1,defensive_third,False,-21.03,-12.24,4,half_space_right,1,defensive_third,False,54.91,59.23,55.15,52.15,32.56,33.74,54.89,63.04
123,2006363,13715,13775,22:50.5,22:56.5,22,50,6.0,1,1,868,left_to_right,Melbourne V FC,2,False,False,False,create,1,medium_block,9,-18.5,-12.01,4,half_space_right,1,defensive_third,False,18.31,23.36,1,wide_left,3,attacking_third,False,59.04,43.71,52.13,62.84,33.39,29.08,63.06,58.28
124,2006363,13775,13829,22:56.5,23:01.9,22,56,5.4,1,1,868,left_to_right,Melbourne V FC,2,False,False,False,finish,2,low_block,8,19.0,23.25,1,wide_left,3,attacking_third,False,-36.69,2.95,3,center,1,defensive_third,False,43.31,28.6,63.21,46.31,29.12,28.57,58.14,75.33
125,2006363,13829,13895,23:01.9,23:08.5,23,1,6.6,1,1,868,left_to_right,Melbourne V FC,3,True,False,True,quick_break,3,defending_quick_break,12,35.98,-3.32,3,center,3,attacking_third,False,54.83,3.14,3,center,3,attacking_third,False,28.46,30.55,75.23,68.06,28.44,18.0,45.97,26.98
126,2006363,14236,14287,23:42.6,23:47.7,23,42,5.1,1,2,870,right_to_left,CC Mariners,3,False,False,False,build_up,0,high_block,10,,,2,half_space_left,2,middle_third,False,-20.67,26.69,1,wide_left,1,defensive_third,False,,53.82,,52.3,,38.33,,65.69
127,2006363,14287,14297,23:47.7,23:48.7,23,47,1.0,1,2,870,right_to_left,CC Mariners,0,True,False,False,create,1,medium_block,9,-19.8,26.3,1,wide_left,1,defensive_third,False,-13.55,23.65,1,wide_left,2,middle_third,False,53.58,51.13,52.32,52.24,38.14,37.11,65.49,63.69
128,2006363,14297,14352,23:48.7,23:54.2,23,48,5.5,1,1,868,left_to_right,Melbourne V FC,3,True,False,False,quick_break,3,defending_quick_break,12,13.67,-23.27,5,wide_right,2,middle_third,False,47.8,-8.51,3,center,3,attacking_third,True,37.03,37.58,63.52,80.17,50.76,29.84,52.21,45.44
129,2006363,14643,14673,24:23.3,24:26.3,24,23,3.0,1,2,870,right_to_left,CC Mariners,2,True,False,False,chaotic,5,chaotic,5,,,2,half_space_left,2,middle_third,False,-23.09,27.59,1,wide_left,1,defensive_third,False,,32.24,,32.38,,27.43,,69.25
130,2006363,14673,14715,24:26.3,24:30.5,24,26,4.2,1,1,868,left_to_right,Melbourne V FC,4,False,False,False,finish,2,low_block,8,22.32,-26.77,5,wide_right,3,attacking_third,False,-26.51,19.78,2,half_space_left,1,defensive_third,False,27.5,26.85,69.13,28.8,32.14,35.98,32.07,63.49
131,2006363,14715,14736,24:30.5,24:32.6,24,30,2.1,1,1,868,left_to_right,Melbourne V FC,2,True,False,False,chaotic,5,chaotic,5,26.26,-19.52,4,half_space_right,3,attacking_third,False,34.99,-11.6,4,half_space_right,3,attacking_third,False,36.11,38.38,63.45,63.17,26.93,25.74,28.74,28.06
132,2006363,14736,14766,24:32.6,24:35.6,24,32,3.0,1,2,870,right_to_left,CC Mariners,2,True,False,False,chaotic,5,chaotic,5,-35.13,11.66,2,half_space_left,1,defensive_third,False,-18.16,5.42,3,center,1,defensive_third,False,25.67,26.04,28.07,30.27,38.44,34.95,63.21,60.89
133,2006363,14766,14940,24:35.6,24:53.0,24,35,17.4,1,1,868,left_to_right,Melbourne V FC,4,False,False,False,finish,2,low_block,8,18.22,-4.77,3,center,3,attacking_third,False,5.95,26.08,1,wide_left,2,middle_third,False,34.96,53.13,60.85,61.63,26.06,37.34,30.43,36.55
134,2006363,14940,15012,24:53.0,25:00.2,24,53,7.2,1,1,868,left_to_right,Melbourne V FC,2,False,False,False,create,1,medium_block,9,5.11,25.42,1,wide_left,2,middle_third,False,4.54,-21.55,5,wide_right,2,middle_third,False,53.18,60.57,61.49,58.29,37.5,36.52,36.78,47.11
135,2006363,15012,15088,25:00.2,25:07.8,25,0,7.6,1,1,868,left_to_right,Melbourne V FC,1,False,False,False,finish,2,low_block,8,6.53,-22.9,5,wide_right,2,middle_third,False,7.24,-25.93,5,wide_right,2,middle_third,False,60.4,46.43,58.4,57.97,36.64,29.47,47.07,36.81
136,2006363,15088,15121,25:07.8,25:11.1,25,7,3.3,1,1,868,left_to_right,Melbourne V FC,1,False,False,False,create,1,medium_block,9,5.68,-25.66,5,wide_right,2,middle_third,False,15.95,9.81,2,half_space_left,2,middle_third,False,46.57,50.91,57.93,57.47,29.37,35.15,37.0,44.69
137,2006363,15121,15320,25:11.1,25:31.0,25,11,19.9,1,1,868,left_to_right,Melbourne V FC,6,True,False,False,finish,2,low_block,8,16.47,11.12,2,half_space_left,2,middle_third,False,49.76,-7.93,3,center,3,attacking_third,True,51.04,21.85,57.72,70.97,35.21,20.5,44.81,22.04
138,2006363,15320,15416,25:31.0,25:40.6,25,31,9.6,1,2,870,right_to_left,CC Mariners,2,False,False,False,build_up,0,high_block,10,-50.14,7.9,3,center,1,defensive_third,False,-20.45,-23.21,5,wide_right,1,defensive_third,False,20.14,50.45,22.13,39.0,21.88,39.01,71.06,62.12
139,2006363,15416,15465,25:40.6,25:45.5,25,40,4.9,1,2,870,right_to_left,CC Mariners,2,True,False,False,create,1,medium_block,9,-19.48,-22.33,5,wide_right,1,defensive_third,False,5.09,-1.56,3,center,2,middle_third,False,50.6,51.45,39.29,43.73,39.17,33.25,62.04,56.1
140,2006363,15465,15560,25:45.5,25:55.0,25,45,9.5,1,1,868,left_to_right,Melbourne V FC,4,True,False,False,create,1,medium_block,9,-5.69,1.16,3,center,2,middle_third,False,1.94,-10.58,4,half_space_right,2,middle_third,False,33.15,40.66,55.93,49.35,51.27,27.03,43.9,48.9
141,2006363,15560,15592,25:55.0,25:58.2,25,55,3.2,1,2,870,right_to_left,CC Mariners,1,False,False,False,create,1,medium_block,9,-2.28,10.89,2,half_space_left,2,middle_third,False,-19.56,23.44,1,wide_left,1,defensive_third,False,26.81,30.68,48.96,51.86,40.45,35.39,49.3,54.37
142,2006363,15592,15690,25:58.2,26:08.0,25,58,9.8,1,2,870,right_to_left,CC Mariners,3,False,False,False,build_up,0,high_block,10,-20.05,23.72,1,wide_left,1,defensive_third,False,-20.89,-26.82,5,wide_right,1,defensive_third,False,31.04,58.1,51.91,50.4,35.33,43.33,54.82,73.44
143,2006363,15690,15693,26:08.0,26:08.3,26,8,0.3,1,2,870,right_to_left,CC Mariners,0,True,False,False,create,1,medium_block,9,-19.64,-27.06,5,wide_right,1,defensive_third,False,-17.51,-27.48,5,wide_right,1,defensive_third,False,57.86,57.38,50.42,50.45,43.6,44.18,73.28,73.02
144,2006363,15693,15715,26:08.3,26:10.5,26,8,2.2,1,1,868,left_to_right,Melbourne V FC,1,False,False,False,finish,2,low_block,8,16.73,27.74,1,wide_left,2,middle_third,False,6.37,26.92,1,wide_left,2,middle_third,False,44.42,43.46,72.9,69.73,57.12,51.79,50.47,51.02
145,2006363,15715,15895,26:10.5,26:28.5,26,10,18.0,1,1,868,left_to_right,Melbourne V FC,8,False,False,False,create,1,medium_block,9,5.51,26.68,1,wide_left,2,middle_third,False,-4.5,-32.21,5,wide_right,2,middle_third,False,43.26,53.74,69.55,53.53,51.51,39.17,50.98,55.6
146,2006363,15895,15935,26:28.5,26:32.5,26,28,4.0,1,1,868,left_to_right,Melbourne V FC,1,True,False,False,direct,6,defending_direct,15,-3.57,-32.32,5,wide_right,2,middle_third,False,38.87,-16.32,4,half_space_right,3,attacking_third,True,53.48,43.0,53.46,70.7,39.22,41.28,55.47,49.42
147,2006363,15935,15998,26:32.5,26:38.8,26,32,6.3,1,2,870,right_to_left,CC Mariners,2,False,False,False,build_up,0,high_block,10,-39.23,16.26,2,half_space_left,1,defensive_third,False,-20.12,27.84,1,wide_left,1,defensive_third,False,41.37,45.99,49.17,44.57,42.81,35.61,70.96,61.73
148,2006363,15998,16216,26:38.8,27:00.6,26,38,21.8,1,2,870,right_to_left,CC Mariners,6,True,False,False,create,1,medium_block,9,-19.62,27.77,1,wide_left,1,defensive_third,False,-6.92,-18.37,4,half_space_right,2,middle_third,False,45.9,59.66,44.64,48.79,35.46,35.89,61.44,48.65
149,2006363,16216,16311,27:00.6,27:10.1,27,0,9.5,1,1,868,left_to_right,Melbourne V FC,5,False,False,True,create,1,medium_block,9,6.91,18.59,2,half_space_left,2,middle_third,False,20.39,-2.54,3,center,3,attacking_third,False,35.88,46.49,48.55,56.1,59.51,37.5,48.81,37.96
150,2006363,16311,16337,27:10.1,27:12.7,27,10,2.6,1,1,868,left_to_right,Melbourne V FC,1,False,False,False,finish,2,low_block,8,20.95,-2.77,3,center,3,attacking_third,False,46.32,2.35,3,center,3,attacking_third,True,46.38,41.0,56.36,64.49,37.4,34.34,37.89,34.83
151,2006363,16677,16700,27:46.7,27:49.0,27,46,2.3,1,1,868,left_to_right,Melbourne V FC,2,False,False,False,set_play,7,defending_set_play,13,51.22,32.72,1,wide_left,3,attacking_third,False,-41.34,-14.52,4,half_space_right,1,defensive_third,False,38.22,19.18,71.61,14.92,18.48,34.97,12.41,68.35
152,2006363,16888,17171,28:07.8,28:36.1,28,7,28.3,1,1,868,left_to_right,Melbourne V FC,12,False,False,False,finish,2,low_block,8,25.57,29.33,1,wide_left,3,attacking_third,False,5.96,-5.4,3,center,2,middle_third,False,36.72,48.51,59.08,59.95,27.39,29.36,32.5,34.75
153,2006363,17171,17193,28:36.1,28:38.3,28,36,2.2,1,1,868,left_to_right,Melbourne V FC,1,False,False,False,create,1,medium_block,9,5.32,-4.16,3,center,2,middle_third,False,4.06,6.52,3,center,2,middle_third,False,48.7,53.07,59.9,58.62,29.34,31.02,35.05,37.24
154,2006363,17193,17310,28:38.3,28:50.0,28,38,11.7,1,1,868,left_to_right,Melbourne V FC,2,False,False,False,finish,2,low_block,8,5.67,8.09,3,center,2,middle_third,False,-13.84,-13.66,4,half_space_right,2,middle_third,False,53.3,24.7,58.56,34.02,31.23,34.41,37.5,68.22
155,2006363,17310,17322,28:50.0,28:51.2,28,50,1.2,1,1,868,left_to_right,Melbourne V FC,1,True,False,False,chaotic,5,chaotic,5,13.4,13.44,2,half_space_left,2,middle_third,False,22.98,20.62,1,wide_left,3,attacking_third,False,34.14,31.89,67.99,65.48,24.57,25.05,34.38,37.41
156,2006363,17662,17798,29:25.2,29:38.8,29,25,13.6,1,2,870,right_to_left,CC Mariners,4,False,False,False,build_up,0,high_block,10,-47.29,-31.79,5,wide_right,1,defensive_third,False,-20.13,21.68,1,wide_left,1,defensive_third,False,35.59,58.2,35.06,41.26,25.57,30.05,73.49,64.13
157,2006363,17798,17854,29:38.8,29:44.4,29,38,5.6,1,2,870,right_to_left,CC Mariners,2,True,False,False,create,1,medium_block,9,-19.63,21.79,1,wide_left,1,defensive_third,False,13.35,32.7,1,wide_left,2,middle_third,False,58.45,51.84,41.67,54.18,30.21,37.51,63.98,57.78
158,2006363,18058,18074,30:04.8,30:06.4,30,4,1.6,1,1,868,left_to_right,Melbourne V FC,1,True,False,False,chaotic,5,chaotic,5,-12.15,-34.04,5,wide_right,2,middle_third,False,-5.7,-29.66,5,wide_right,2,middle_third,False,31.48,30.03,47.34,47.14,21.59,22.78,55.26,53.6
159,2006363,18074,18095,30:06.4,30:08.5,30,6,2.1,1,2,870,right_to_left,CC Mariners,2,True,False,False,chaotic,5,chaotic,5,6.29,29.56,1,wide_left,2,middle_third,False,14.46,21.13,1,wide_left,2,middle_third,False,22.9,23.18,53.39,50.6,29.95,25.51,47.14,48.12
160,2006363,18095,18202,30:08.5,30:19.2,30,8,10.7,1,1,868,left_to_right,Melbourne V FC,6,True,False,False,create,1,medium_block,9,-14.55,-20.64,5,wide_right,2,middle_third,False,25.11,14.99,2,half_space_left,3,attacking_third,False,25.52,32.25,48.19,65.25,23.24,30.97,50.75,58.44
161,2006363,18202,18302,30:19.2,30:29.2,30,19,10.0,1,2,870,right_to_left,CC Mariners,3,True,False,False,build_up,0,high_block,10,-25.83,-15.22,4,half_space_right,1,defensive_third,False,-21.57,2.17,3,center,1,defensive_third,False,31.61,48.6,58.35,46.86,32.16,39.02,65.7,70.02
162,2006363,18302,18347,30:29.2,30:33.7,30,29,4.5,1,1,868,left_to_right,Melbourne V FC,1,False,False,False,finish,2,low_block,8,20.9,-2.88,3,center,3,attacking_third,False,5.54,-4.36,3,center,2,middle_third,False,39.1,46.68,69.84,60.59,48.8,39.36,46.68,35.13
163,2006363,18347,18353,30:33.7,30:34.3,30,33,0.6,1,1,868,left_to_right,Melbourne V FC,1,False,False,False,create,1,medium_block,9,5.23,-4.45,3,center,2,middle_third,False,4.99,-2.85,3,center,2,middle_third,False,46.98,48.54,60.35,59.23,39.23,38.42,34.91,34.1
164,2006363,18353,18517,30:34.3,30:50.7,30,34,16.4,1,1,868,left_to_right,Melbourne V FC,7,False,False,False,finish,2,low_block,8,5.56,-1.46,3,center,2,middle_third,False,5.34,-3.48,3,center,2,middle_third,False,48.86,52.95,59.14,54.22,38.24,32.91,33.99,34.36
165,2006363,18517,18542,30:50.7,30:53.2,30,50,2.5,1,1,868,left_to_right,Melbourne V FC,1,False,False,False,create,1,medium_block,9,5.03,-4.31,3,center,2,middle_third,False,4.66,-16.88,4,half_space_right,2,middle_third,False,52.79,48.41,54.18,54.43,33.05,34.89,34.68,40.98
166,2006363,18542,18593,30:53.2,30:58.3,30,53,5.1,1,1,868,left_to_right,Melbourne V FC,2,False,False,False,finish,2,low_block,8,5.62,-18.05,4,half_space_right,2,middle_third,False,13.1,-23.71,5,wide_right,2,middle_third,False,48.14,49.64,54.52,54.72,34.94,33.74,41.08,39.79
167,2006363,18593,18611,30:58.3,31:00.1,30,58,1.8,1,1,868,left_to_right,Melbourne V FC,1,False,False,False,create,1,medium_block,9,13.22,-24.04,5,wide_right,2,middle_third,False,16.95,-29.38,5,wide_right,2,middle_third,False,49.73,50.91,54.56,52.97,33.56,31.63,39.83,41.09
168,2006363,18738,18881,31:12.8,31:27.1,31,12,14.3,1,1,868,left_to_right,Melbourne V FC,5,True,False,True,set_play,7,defending_set_play,13,,,2,half_space_left,2,middle_third,False,56.38,4.77,3,center,3,attacking_third,False,,22.01,,76.49,,21.52,,41.98
169,2006363,19144,19175,31:53.4,31:56.5,31,53,3.1,1,2,870,right_to_left,CC Mariners,2,False,False,False,build_up,0,high_block,10,-46.62,6.52,3,center,1,defensive_third,False,-44.12,-0.88,3,center,1,defensive_third,False,60.78,61.96,48.42,44.91,40.19,40.95,66.57,71.05
170,2006363,19175,19197,31:56.5,31:58.7,31,56,2.2,1,2,870,right_to_left,CC Mariners,1,True,False,False,direct,6,defending_direct,15,-43.35,-1.07,3,center,1,defensive_third,False,-9.35,-3.27,3,center,2,middle_third,False,62.0,58.72,44.67,44.45,40.95,38.78,71.05,67.01
171,2006363,19197,19276,31:58.7,32:06.6,31,58,7.9,1,1,868,left_to_right,Melbourne V FC,3,True,False,False,finish,2,low_block,8,8.82,3.67,3,center,2,middle_third,False,23.19,-6.48,3,center,3,attacking_third,False,38.69,50.24,66.77,59.86,58.28,28.78,44.49,32.15
172,2006363,19276,19358,32:06.6,32:14.8,32,6,8.2,1,2,870,right_to_left,CC Mariners,2,True,False,False,chaotic,5,chaotic,5,-24.22,7.53,3,center,1,defensive_third,False,-12.79,26.53,1,wide_left,2,middle_third,False,28.61,44.29,32.16,44.0,50.28,37.08,59.96,56.79
173,2006363,19358,19372,32:14.8,32:16.2,32,14,1.4,1,1,868,left_to_right,Melbourne V FC,1,False,False,True,finish,2,low_block,8,12.8,-26.47,5,wide_right,2,middle_third,False,6.4,-30.49,5,wide_right,2,middle_third,False,36.98,36.95,56.73,56.8,44.16,41.58,43.99,43.45
174,2006363,19372,19558,32:16.2,32:34.8,32,16,18.6,1,1,868,left_to_right,Melbourne V FC,9,False,False,True,create,1,medium_block,9,5.03,-30.54,5,wide_right,2,middle_third,False,30.78,-14.18,4,half_space_right,3,attacking_third,False,37.03,44.47,56.81,67.05,41.3,25.0,43.32,53.54
175,2006363,19558,19621,32:34.8,32:41.1,32,34,6.3,1,1,868,left_to_right,Melbourne V FC,3,False,False,True,finish,2,low_block,8,31.41,-13.65,4,half_space_right,3,attacking_third,False,50.53,-2.84,3,center,3,attacking_third,True,44.44,33.61,67.5,84.64,24.91,23.03,53.51,50.05
176,2006363,19999,20051,33:18.9,33:24.1,33,18,5.2,1,1,868,left_to_right,Melbourne V FC,4,False,False,False,set_play,7,defending_set_play,13,51.43,-31.3,5,wide_right,3,attacking_third,False,34.75,-27.14,5,wide_right,3,attacking_third,False,38.18,37.8,71.18,63.55,15.95,31.12,12.58,16.28
177,2006363,20243,20281,33:43.3,33:47.1,33,43,3.8,1,1,868,left_to_right,Melbourne V FC,2,False,False,False,finish,2,low_block,8,32.52,-33.54,5,wide_right,3,attacking_third,False,5.47,-15.16,4,half_space_right,2,middle_third,False,34.88,43.86,67.41,59.42,29.05,29.15,22.49,27.57
178,2006363,20281,20318,33:47.1,33:50.8,33,47,3.7,1,1,868,left_to_right,Melbourne V FC,1,False,False,False,create,1,medium_block,9,5.1,-13.2,4,half_space_right,2,middle_third,False,4.97,5.95,3,center,2,middle_third,False,44.19,54.97,59.19,55.69,29.2,32.09,27.73,34.22
179,2006363,20318,20341,33:50.8,33:53.1,33,50,2.3,1,1,868,left_to_right,Melbourne V FC,1,False,False,False,finish,2,low_block,8,5.53,5.26,3,center,2,middle_third,False,6.29,4.92,3,center,2,middle_third,False,55.22,59.82,55.66,54.85,32.1,31.03,34.39,35.06
180,2006363,20341,20499,33:53.1,34:08.9,33,53,15.8,1,1,868,left_to_right,Melbourne V FC,5,False,False,False,create,1,medium_block,9,5.62,5.8,3,center,2,middle_third,False,20.75,7.44,3,center,3,attacking_third,False,60.0,35.52,54.8,58.33,31.03,27.81,35.17,45.99
181,2006363,20499,20628,34:08.9,34:21.8,34,8,12.9,1,1,868,left_to_right,Melbourne V FC,3,True,False,False,finish,2,low_block,8,21.46,8.52,3,center,3,attacking_third,False,47.59,9.69,2,half_space_left,3,attacking_third,True,35.6,39.73,58.68,69.24,27.7,24.25,46.01,26.82
182,2006363,20628,20886,34:21.8,34:47.6,34,21,25.8,1,2,870,right_to_left,CC Mariners,2,True,False,False,build_up,0,high_block,10,-48.08,-9.82,4,half_space_right,1,defensive_third,False,-30.08,31.23,1,wide_left,1,defensive_third,False,24.24,61.44,26.76,45.27,39.62,39.68,69.74,65.6
183,2006363,21034,21082,35:02.4,35:07.2,35,2,4.8,1,1,868,left_to_right,Melbourne V FC,2,True,False,False,chaotic,5,chaotic,5,7.42,-29.23,5,wide_right,2,middle_third,False,26.67,-27.63,5,wide_right,3,attacking_third,False,49.94,47.9,56.16,57.66,33.83,34.9,36.61,46.72
184,2006363,21082,21092,35:07.2,35:08.2,35,7,1.0,1,2,870,right_to_left,CC Mariners,1,True,False,False,chaotic,5,chaotic,5,-27.22,27.96,1,wide_left,1,defensive_third,False,-28.16,35.27,1,wide_left,1,defensive_third,False,35.0,35.62,46.82,47.2,47.66,46.4,58.24,62.92
185,2006363,21206,21259,35:19.6,35:24.9,35,19,5.3,1,1,868,left_to_right,Melbourne V FC,2,False,False,True,finish,2,low_block,8,24.98,-34.74,5,wide_right,3,attacking_third,False,5.72,-27.64,5,wide_right,2,middle_third,False,38.57,39.44,64.2,56.02,27.44,28.84,34.18,30.58
186,2006363,21259,21316,35:24.9,35:30.6,35,24,5.7,1,1,868,left_to_right,Melbourne V FC,2,False,False,True,create,1,medium_block,9,5.08,-27.38,5,wide_right,2,middle_third,False,-6.61,2.96,3,center,2,middle_third,False,39.71,56.65,55.9,54.63,28.62,35.42,30.94,44.17
187,2006363,21316,21342,35:30.6,35:33.2,35,30,2.6,1,1,868,left_to_right,Melbourne V FC,1,False,False,True,direct,6,defending_direct,15,-6.35,3.05,3,center,2,middle_third,False,26.35,28.67,1,wide_left,3,attacking_third,False,56.77,54.88,54.69,61.73,35.52,36.81,44.29,47.57
188,2006363,21342,21393,35:33.2,35:38.3,35,33,5.1,1,1,868,left_to_right,Melbourne V FC,2,False,False,True,finish,2,low_block,8,27.17,29.26,1,wide_left,3,attacking_third,False,50.38,5.72,3,center,3,attacking_third,True,54.84,41.3,61.99,74.5,37.05,29.53,47.73,45.36
189,2006363,21601,21801,35:59.1,36:19.1,35,59,20.0,1,1,868,left_to_right,Melbourne V FC,5,False,False,False,set_play,7,defending_set_play,13,49.09,25.88,1,wide_left,3,attacking_third,False,32.33,0.77,3,center,3,attacking_third,False,36.28,33.01,74.06,64.6,20.77,22.69,12.93,25.25
190,2006363,21801,21955,36:19.1,36:34.5,36,19,15.4,1,1,868,left_to_right,Melbourne V FC,4,True,False,False,finish,2,low_block,8,31.47,1.33,3,center,3,attacking_third,False,41.62,3.44,3,center,3,attacking_third,True,32.95,36.2,64.51,61.87,22.48,30.43,25.5,29.14
191,2006363,22216,22330,37:00.6,37:12.0,37,0,11.4,1,2,870,right_to_left,CC Mariners,5,False,False,False,build_up,0,high_block,10,-46.41,7.17,3,center,1,defensive_third,False,-25.19,-31.62,5,wide_right,1,defensive_third,False,60.54,52.54,42.21,46.11,38.9,38.68,65.31,63.62
192,2006363,22374,22482,37:16.4,37:27.2,37,16,10.8,1,2,870,right_to_left,CC Mariners,2,False,False,False,build_up,0,high_block,10,-23.92,-32.22,5,wide_right,1,defensive_third,False,-29.16,-17.46,4,half_space_right,1,defensive_third,False,53.2,56.73,47.31,47.47,36.87,36.26,59.3,65.36
193,2006363,22482,22516,37:27.2,37:30.6,37,27,3.4,1,2,870,right_to_left,CC Mariners,1,True,False,False,direct,6,defending_direct,15,-28.78,-17.34,4,half_space_right,1,defensive_third,False,21.12,-9.48,4,half_space_right,3,attacking_third,False,56.68,46.65,47.68,65.32,36.11,35.03,65.37,67.83
194,2006363,23960,23993,39:55.0,39:58.3,39,55,3.3,1,1,868,left_to_right,Melbourne V FC,1,True,False,False,direct,6,defending_direct,15,-16.96,6.87,3,center,2,middle_third,False,30.62,19.1,2,half_space_left,3,attacking_third,False,56.08,42.27,55.89,65.29,41.68,38.65,54.73,56.16
195,2006363,23993,24040,39:58.3,40:03.0,39,58,4.7,1,2,870,right_to_left,CC Mariners,3,True,False,False,chaotic,5,chaotic,5,-31.13,-19.25,4,half_space_right,1,defensive_third,False,-12.38,-18.78,4,half_space_right,2,middle_third,False,38.53,45.5,56.08,50.25,41.86,38.33,65.54,60.02
196,2006363,24040,24135,40:03.0,40:12.5,40,3,9.5,1,1,868,left_to_right,Melbourne V FC,4,False,True,True,create,1,medium_block,9,11.87,18.38,2,half_space_left,2,middle_third,False,30.43,-12.76,4,half_space_right,3,attacking_third,False,37.95,51.09,59.86,61.63,45.45,39.1,49.99,39.37
197,2006363,24135,24174,40:12.5,40:16.4,40,12,3.9,1,1,868,left_to_right,Melbourne V FC,2,False,True,False,finish,2,low_block,8,30.96,-12.6,4,half_space_right,3,attacking_third,False,52.15,1.0,3,center,3,attacking_third,True,50.94,45.37,62.04,76.48,38.98,29.88,39.3,36.14
198,2006363,24950,24964,41:34.0,41:35.4,41,34,1.4,1,2,870,right_to_left,CC Mariners,2,False,False,False,create,1,medium_block,9,-0.42,0.49,3,center,2,middle_third,False,-19.2,-0.77,3,center,1,defensive_third,False,39.63,40.11,42.12,44.2,35.41,35.17,43.26,48.29
199,2006363,24964,24994,41:35.4,41:38.4,41,35,3.0,1,2,870,right_to_left,CC Mariners,1,False,False,False,build_up,0,high_block,10,-20.25,-0.95,3,center,1,defensive_third,False,-23.3,-4.22,3,center,1,defensive_third,False,40.22,46.49,44.52,53.07,35.19,36.66,48.7,55.2
200,2006363,24994,25025,41:38.4,41:41.5,41,38,3.1,1,2,870,right_to_left,CC Mariners,1,False,False,False,direct,6,defending_direct,15,-20.77,-3.31,3,center,1,defensive_third,False,29.62,14.57,2,half_space_left,3,attacking_third,False,46.54,36.95,53.31,67.26,36.63,35.6,55.07,49.09
201,2006363,25025,25083,41:41.5,41:47.3,41,41,5.8,1,2,870,right_to_left,CC Mariners,1,False,False,False,finish,2,low_block,8,30.5,15.17,2,half_space_left,3,attacking_third,False,49.54,36.28,1,wide_left,3,attacking_third,False,36.74,42.95,67.85,81.05,35.59,40.08,48.88,47.15
202,2006363,25099,25124,41:48.9,41:51.4,41,48,2.5,1,2,870,right_to_left,CC Mariners,2,True,False,False,set_play,7,defending_set_play,13,48.21,33.67,1,wide_left,3,attacking_third,False,53.11,16.03,2,half_space_left,3,attacking_third,False,40.7,36.06,78.24,78.61,35.34,33.05,44.86,42.8
203,2006363,25311,25407,42:10.1,42:19.7,42,10,9.6,1,1,868,left_to_right,Melbourne V FC,7,False,False,False,build_up,0,high_block,10,-45.58,9.4,2,half_space_left,1,defensive_third,False,-20.82,-28.09,5,wide_right,1,defensive_third,False,62.41,49.77,52.54,48.58,37.83,34.65,71.08,69.11
204,2006363,25407,25479,42:19.7,42:26.9,42,19,7.2,1,1,868,left_to_right,Melbourne V FC,1,True,False,False,create,1,medium_block,9,-19.75,-27.41,5,wide_right,1,defensive_third,False,9.63,-2.01,3,center,2,middle_third,False,49.69,49.36,48.54,53.12,34.54,24.71,69.0,52.43
205,2006363,25479,25505,42:26.9,42:29.5,42,26,2.6,1,2,870,right_to_left,CC Mariners,1,True,False,False,chaotic,5,chaotic,5,-9.54,1.7,3,center,2,middle_third,False,20.08,0.17,3,center,3,attacking_third,False,24.74,27.26,52.36,59.67,49.42,50.3,53.03,53.66
206,2006363,25505,25792,42:29.5,42:58.2,42,29,28.7,1,1,868,left_to_right,Melbourne V FC,12,False,False,False,create,1,medium_block,9,-20.63,-0.13,3,center,1,defensive_third,False,0.23,-28.68,5,wide_right,2,middle_third,False,50.42,58.24,53.74,54.39,27.45,34.14,60.17,42.62
207,2006363,26059,26069,43:24.9,43:25.9,43,24,1.0,1,1,868,left_to_right,Melbourne V FC,1,False,False,False,set_play,7,defending_set_play,13,-0.42,-27.56,5,wide_right,2,middle_third,False,14.91,-23.99,5,wide_right,2,middle_third,False,38.9,37.72,53.6,56.31,31.64,29.81,43.68,44.83
208,2006363,26198,26220,43:38.8,43:41.0,43,38,2.2,1,1,868,left_to_right,Melbourne V FC,1,True,False,False,chaotic,5,chaotic,5,19.43,-34.49,5,wide_right,3,attacking_third,False,37.41,-28.38,5,wide_right,3,attacking_third,False,34.78,33.39,62.84,65.5,28.81,28.17,43.77,43.77
209,2006363,26220,26252,43:41.0,43:44.2,43,41,3.2,1,2,870,right_to_left,CC Mariners,1,False,False,False,chaotic,5,chaotic,5,-37.94,28.31,1,wide_left,1,defensive_third,False,-47.58,35.69,1,wide_left,1,defensive_third,False,28.12,28.63,43.82,43.83,33.32,31.93,65.73,75.4
210,2006363,26392,26425,43:58.2,44:01.5,43,58,3.3,1,2,870,right_to_left,CC Mariners,2,True,False,False,chaotic,5,chaotic,5,-43.12,33.85,1,wide_left,1,defensive_third,False,-24.85,29.35,1,wide_left,1,defensive_third,False,31.48,28.64,38.25,32.52,22.88,23.05,69.45,66.08
211,2006363,26425,26467,44:01.5,44:05.7,44,1,4.2,1,1,868,left_to_right,Melbourne V FC,2,True,False,False,chaotic,5,chaotic,5,24.5,-29.22,5,wide_right,3,attacking_third,False,25.0,-15.25,4,half_space_right,3,attacking_third,False,23.05,24.08,65.82,58.13,28.56,25.79,32.53,33.06
212,2006363,26467,26492,44:05.7,44:08.2,44,5,2.5,1,2,870,right_to_left,CC Mariners,1,False,False,False,build_up,0,high_block,10,-25.6,14.87,2,half_space_left,1,defensive_third,False,-20.02,19.62,2,half_space_left,1,defensive_third,False,25.71,21.92,33.12,33.76,24.07,23.53,57.86,58.57
213,2006363,26492,26643,44:08.2,44:23.3,44,8,15.1,1,2,870,right_to_left,CC Mariners,6,True,False,False,create,1,medium_block,9,-19.55,19.9,2,half_space_left,1,defensive_third,False,13.31,-29.62,5,wide_right,2,middle_third,False,21.54,48.32,33.48,55.6,23.58,40.79,58.59,47.88
214,2006363,26643,26802,44:23.3,44:39.2,44,23,15.9,1,1,868,left_to_right,Melbourne V FC,4,True,False,False,transition,4,defending_transition,11,-13.51,29.49,1,wide_left,2,middle_third,False,45.54,-3.33,3,center,3,attacking_third,True,40.8,28.71,47.76,78.48,48.24,36.09,55.63,49.72
215,2006363,26802,26883,44:39.2,44:47.3,44,39,8.1,1,2,870,right_to_left,CC Mariners,2,False,False,False,build_up,0,high_block,10,-45.79,3.84,3,center,1,defensive_third,False,-20.12,-17.32,4,half_space_right,1,defensive_third,False,36.28,47.12,49.42,44.46,28.88,34.81,78.49,59.5
216,2006363,26883,26923,44:47.3,44:51.3,44,47,4.0,1,2,870,right_to_left,CC Mariners,2,False,False,False,create,1,medium_block,9,-19.94,-17.51,4,half_space_right,1,defensive_third,False,-1.46,-34.65,5,wide_right,2,middle_third,False,47.32,52.49,44.55,46.78,34.93,36.52,59.3,54.4
217,2006363,27130,27318,45:12.0,45:30.8,45,12,18.8,1,2,870,right_to_left,CC Mariners,4,False,False,False,create,1,medium_block,9,-3.67,-32.98,5,wide_right,2,middle_third,False,-15.68,6.98,3,center,2,middle_third,False,48.44,58.11,55.65,52.07,29.08,36.77,46.52,46.83
218,2006363,27318,27376,45:30.8,45:36.6,45,30,5.8,1,2,870,right_to_left,CC Mariners,2,True,False,False,direct,6,defending_direct,15,-15.62,6.99,3,center,2,middle_third,False,50.87,-15.65,4,half_space_right,3,attacking_third,True,57.89,35.71,52.41,86.52,36.76,35.75,46.93,52.92
219,2006363,27376,27559,45:36.6,45:54.9,45,36,18.3,1,1,868,left_to_right,Melbourne V FC,1,False,False,False,build_up,0,high_block,10,-50.72,14.85,2,half_space_left,1,defensive_third,False,-31.22,-32.56,5,wide_right,1,defensive_third,False,35.79,54.87,52.72,53.05,35.26,42.45,86.84,65.1
220,2006363,27559,27588,45:54.9,45:57.8,45,54,2.9,1,1,868,left_to_right,Melbourne V FC,1,False,False,False,direct,6,defending_direct,15,-30.24,-32.57,5,wide_right,1,defensive_third,False,8.18,-28.43,5,wide_right,2,middle_third,False,54.79,49.86,52.99,55.77,42.59,36.76,65.03,62.02
221,2006363,27588,27679,45:57.8,46:06.9,45,57,9.1,1,1,868,left_to_right,Melbourne V FC,3,True,False,False,create,1,medium_block,9,8.34,-28.39,5,wide_right,2,middle_third,False,34.22,-3.43,3,center,3,attacking_third,False,49.67,45.43,55.85,52.28,36.44,33.57,61.91,46.21
222,2006363,27679,27878,46:06.9,46:26.8,46,6,19.9,1,2,870,right_to_left,CC Mariners,6,False,False,False,create,1,medium_block,9,-34.49,3.19,3,center,1,defensive_third,False,-19.2,31.53,1,wide_left,1,defensive_third,False,33.75,55.11,46.21,59.63,45.43,36.69,52.3,57.47
223,2006363,27878,27992,46:26.8,46:38.2,46,26,11.4,1,2,870,right_to_left,CC Mariners,4,False,False,False,build_up,0,high_block,10,-20.45,31.03,1,wide_left,1,defensive_third,False,-20.14,-21.84,5,wide_right,1,defensive_third,False,55.17,54.12,59.72,44.76,36.62,41.11,57.93,70.19
224,2006363,27992,28084,46:38.2,46:47.4,46,38,9.2,1,2,870,right_to_left,CC Mariners,1,True,False,False,create,1,medium_block,9,-19.59,-21.53,5,wide_right,1,defensive_third,False,37.07,15.31,2,half_space_left,3,attacking_third,True,54.06,39.68,44.76,65.33,40.78,37.3,70.11,57.5
225,2006363,28084,28365,46:47.4,47:15.5,46,47,28.1,1,1,868,left_to_right,Melbourne V FC,2,False,False,False,build_up,0,high_block,10,-37.43,-15.49,4,half_space_right,1,defensive_third,False,-29.55,-9.71,4,half_space_right,1,defensive_third,False,37.62,61.07,57.34,49.21,39.6,40.65,65.56,60.51
226,2006363,28365,28406,47:15.5,47:19.6,47,15,4.1,1,1,868,left_to_right,Melbourne V FC,1,False,False,False,direct,6,defending_direct,15,-27.92,-10.3,4,half_space_right,1,defensive_third,False,21.05,-27.57,5,wide_right,3,attacking_third,False,61.03,42.18,49.27,58.52,40.74,38.26,60.92,59.83
227,2006363,28406,28440,47:19.6,47:23.0,47,19,3.4,1,1,868,left_to_right,Melbourne V FC,1,False,False,False,finish,2,low_block,8,21.46,-27.72,5,wide_right,3,attacking_third,False,31.78,-35.1,5,wide_right,3,attacking_third,False,41.95,39.31,58.76,64.3,38.02,34.12,59.65,52.75
228,2006363,28594,28612,47:38.4,47:40.2,47,38,1.8,1,1,868,left_to_right,Melbourne V FC,1,False,False,False,finish,2,low_block,8,26.41,-34.67,5,wide_right,3,attacking_third,False,6.08,-29.76,5,wide_right,2,middle_third,False,33.54,36.01,62.28,61.93,28.36,29.54,31.29,32.59
229,2006363,28612,28692,47:40.2,47:48.2,47,40,8.0,1,1,868,left_to_right,Melbourne V FC,3,False,False,False,create,1,medium_block,9,5.2,-29.47,5,wide_right,2,middle_third,False,16.04,29.47,1,wide_left,2,middle_third,False,36.28,55.3,61.82,55.51,29.69,48.6,32.73,46.52
230,2006363,28692,28723,47:48.2,47:51.3,47,48,3.1,1,1,868,left_to_right,Melbourne V FC,2,True,False,False,finish,2,low_block,8,16.68,29.6,1,wide_left,2,middle_third,False,41.2,35.2,1,wide_left,3,attacking_third,False,55.22,54.49,55.61,67.05,48.81,50.36,46.64,50.2
231,2006363,28949,29145,48:13.9,48:33.5,48,13,19.6,1,2,870,right_to_left,CC Mariners,8,False,False,False,create,1,medium_block,9,,,2,half_space_left,2,middle_third,False,46.22,-1.75,3,center,3,attacking_third,True,,27.36,,80.01,,25.84,,36.31
232,2006363,29145,29193,45:18.5,45:23.3,0,18,4.8,2,2,868,right_to_left,Melbourne V FC,2,True,False,False,chaotic,5,chaotic,5,-46.24,2.05,3,center,1,defensive_third,False,-23.18,23.58,1,wide_left,1,defensive_third,False,26.15,42.35,36.07,34.61,27.35,40.16,79.85,68.29
233,2006363,29193,29238,45:23.3,45:27.8,0,23,4.5,2,1,870,left_to_right,CC Mariners,1,True,False,False,chaotic,5,chaotic,5,23.4,-23.77,5,wide_right,3,attacking_third,False,28.65,-28.57,5,wide_right,3,attacking_third,False,40.26,40.29,68.06,63.06,42.3,41.57,35.07,45.68
234,2006363,29238,29281,45:27.8,45:32.1,0,27,4.3,2,2,868,right_to_left,Melbourne V FC,1,True,False,False,chaotic,5,chaotic,5,-28.56,28.7,1,wide_left,1,defensive_third,False,-14.86,33.94,1,wide_left,2,middle_third,False,41.43,42.18,45.57,41.91,40.28,43.36,62.9,60.43
235,2006363,29469,29479,45:50.9,45:51.9,0,50,1.0,2,1,870,left_to_right,CC Mariners,1,True,False,False,chaotic,5,chaotic,5,18.93,-33.2,5,wide_right,3,attacking_third,False,30.63,-25.93,5,wide_right,3,attacking_third,False,50.77,49.0,65.35,67.48,33.49,32.9,36.21,35.57
236,2006363,29786,29875,46:22.6,46:31.5,1,22,8.9,2,2,868,right_to_left,Melbourne V FC,3,False,False,True,build_up,0,high_block,10,,,2,half_space_left,2,middle_third,False,-21.08,11.27,2,half_space_left,1,defensive_third,False,,59.44,,48.22,,39.26,,62.26
237,2006363,29875,29927,46:31.5,46:36.7,1,31,5.2,2,2,868,right_to_left,Melbourne V FC,1,False,False,True,create,1,medium_block,9,-19.09,10.32,2,half_space_left,1,defensive_third,False,18.91,-1.83,3,center,3,attacking_third,False,59.32,47.14,48.23,63.41,39.1,21.91,61.92,58.03
238,2006363,29927,29976,46:36.7,46:41.6,1,36,4.9,2,2,868,right_to_left,Melbourne V FC,3,True,False,True,finish,2,low_block,8,19.59,-1.95,3,center,3,attacking_third,False,51.09,-3.78,3,center,3,attacking_third,True,46.74,29.97,63.76,72.12,21.95,21.46,57.84,49.9
239,2006363,30255,30357,47:09.5,47:19.7,2,9,10.2,2,1,870,left_to_right,CC Mariners,3,True,False,False,create,1,medium_block,9,,,2,half_space_left,2,middle_third,False,38.56,20.1,2,half_space_left,3,attacking_third,True,,37.98,,68.93,,32.81,,55.92
240,2006363,30357,30412,47:19.7,47:25.2,2,19,5.5,2,2,868,right_to_left,Melbourne V FC,1,True,False,False,build_up,0,high_block,10,-39.09,-19.7,4,half_space_right,1,defensive_third,False,-31.71,-33.77,5,wide_right,1,defensive_third,False,32.52,42.75,55.79,46.8,37.48,37.45,69.6,75.16
241,2006363,30535,30565,47:37.5,47:40.5,2,37,3.0,2,1,870,left_to_right,CC Mariners,2,False,False,False,finish,2,low_block,8,24.73,33.94,1,wide_left,3,attacking_third,False,7.04,31.31,1,wide_left,2,middle_third,False,41.5,43.06,72.42,69.64,32.51,32.72,35.75,38.23
242,2006363,30565,30650,47:40.5,47:49.0,2,40,8.5,2,1,870,left_to_right,CC Mariners,3,False,False,False,create,1,medium_block,9,5.86,31.34,1,wide_left,2,middle_third,False,15.88,-29.75,5,wide_right,2,middle_third,False,43.25,58.6,69.53,55.46,32.84,42.67,38.46,43.35
243,2006363,30650,30762,47:49.0,48:00.2,2,49,11.2,2,1,870,left_to_right,CC Mariners,5,True,False,False,finish,2,low_block,8,16.35,-29.85,5,wide_right,2,middle_third,False,30.3,-1.43,3,center,3,attacking_third,False,58.38,41.89,55.75,62.44,42.96,24.26,43.36,32.84
244,2006363,30762,30786,48:00.2,48:02.6,3,0,2.4,2,2,868,right_to_left,Melbourne V FC,1,True,False,False,chaotic,5,chaotic,5,-31.0,0.27,3,center,1,defensive_third,False,-15.59,-10.23,4,half_space_right,2,middle_third,False,24.28,25.64,32.88,33.91,42.0,45.4,62.39,61.72
245,2006363,30786,30899,48:02.6,48:13.9,3,2,11.3,2,1,870,left_to_right,CC Mariners,5,False,False,False,finish,2,low_block,8,15.34,10.35,2,half_space_left,2,middle_third,False,5.2,14.3,2,half_space_left,2,middle_third,False,45.71,50.9,61.6,58.41,25.9,31.2,33.93,41.22
246,2006363,30899,30957,48:13.9,48:19.7,3,13,5.8,2,1,870,left_to_right,CC Mariners,4,False,False,False,create,1,medium_block,9,5.07,14.21,2,half_space_left,2,middle_third,False,13.97,23.16,1,wide_left,2,middle_third,False,51.17,58.13,58.33,54.94,31.19,33.44,41.33,40.16
247,2006363,30957,31033,48:19.7,48:27.3,3,19,7.6,2,1,870,left_to_right,CC Mariners,2,True,False,False,finish,2,low_block,8,15.31,24.09,1,wide_left,2,middle_third,False,49.15,11.77,2,half_space_left,3,attacking_third,True,58.01,23.74,55.13,74.95,33.49,30.35,40.15,35.77
248,2006363,31033,31089,48:27.3,48:32.9,3,27,5.6,2,2,868,right_to_left,Melbourne V FC,2,False,False,False,build_up,0,high_block,10,-48.82,-11.2,4,half_space_right,1,defensive_third,False,-20.21,-29.26,5,wide_right,1,defensive_third,False,30.32,39.96,35.69,40.07,23.59,30.8,75.09,67.58
249,2006363,31089,31292,48:32.9,48:53.2,3,32,20.3,2,2,868,right_to_left,Melbourne V FC,5,True,False,False,create,1,medium_block,9,-19.8,-29.72,5,wide_right,1,defensive_third,False,3.84,-7.79,3,center,2,middle_third,False,40.04,47.68,40.41,54.13,31.09,30.02,67.45,55.97
250,2006363,31292,31410,48:53.2,49:05.0,3,53,11.8,2,1,870,left_to_right,CC Mariners,2,False,False,False,transition,4,defending_transition,11,-4.12,8.26,3,center,2,middle_third,False,27.26,25.83,1,wide_left,3,attacking_third,False,29.82,42.04,55.92,64.42,47.34,31.25,54.38,30.07
251,2006363,31410,31460,49:05.0,49:10.0,4,5,5.0,2,1,870,left_to_right,CC Mariners,2,False,False,False,finish,2,low_block,8,26.68,25.53,1,wide_left,3,attacking_third,False,5.29,-6.89,3,center,2,middle_third,False,42.2,54.82,64.33,57.41,30.91,37.13,29.96,32.48
252,2006363,31460,31480,49:10.0,49:12.0,4,10,2.0,2,1,870,left_to_right,CC Mariners,1,False,False,False,create,1,medium_block,9,5.02,-7.81,3,center,2,middle_third,False,4.86,-12.24,4,half_space_right,2,middle_third,False,55.14,60.36,57.38,57.63,37.27,38.76,32.49,38.18
253,2006363,31480,31549,49:12.0,49:18.9,4,12,6.9,2,1,870,left_to_right,CC Mariners,3,True,False,False,finish,2,low_block,8,5.22,-12.15,4,half_space_right,2,middle_third,False,30.92,-27.5,5,wide_right,3,attacking_third,False,60.59,49.07,57.68,63.02,38.75,35.96,38.2,35.75
254,2006363,31549,31704,49:18.9,49:34.4,4,18,15.5,2,2,868,right_to_left,Melbourne V FC,2,False,False,False,transition,4,defending_transition,11,-30.82,27.5,1,wide_left,1,defensive_third,False,15.43,-19.59,4,half_space_right,2,middle_third,False,35.93,33.4,35.85,63.97,48.36,26.24,63.24,44.7
255,2006363,31704,31730,49:34.4,49:37.0,4,34,2.6,2,2,868,right_to_left,Melbourne V FC,1,False,False,False,finish,2,low_block,8,14.91,-19.91,4,half_space_right,2,middle_third,False,5.17,-25.48,5,wide_right,2,middle_third,False,33.55,38.54,63.81,61.32,26.43,29.77,44.37,39.12
256,2006363,31730,31876,49:37.0,49:51.6,4,37,14.6,2,2,868,right_to_left,Melbourne V FC,6,False,False,False,create,1,medium_block,9,4.91,-25.6,5,wide_right,2,middle_third,False,0.3,-4.44,3,center,2,middle_third,False,38.72,47.05,61.23,48.17,29.93,36.13,39.1,42.11
257,2006363,32006,32009,50:04.6,50:04.9,5,4,0.3,2,2,868,right_to_left,Melbourne V FC,1,False,False,False,direct,6,defending_direct,15,,,2,half_space_left,2,middle_third,False,,,2,half_space_left,2,middle_third,False,,,,,,,,
258,2006363,32009,32026,50:04.9,50:06.6,5,4,1.7,2,2,868,right_to_left,Melbourne V FC,1,False,False,False,create,1,medium_block,9,7.92,23.99,1,wide_left,2,middle_third,False,15.18,30.95,1,wide_left,2,middle_third,False,58.31,59.51,52.51,55.05,39.2,41.93,41.51,40.75
259,2006363,32026,32085,50:06.6,50:12.5,5,6,5.9,2,2,868,right_to_left,Melbourne V FC,2,False,False,False,finish,2,low_block,8,15.58,31.06,1,wide_left,2,middle_third,False,5.72,10.29,2,half_space_left,2,middle_third,False,59.51,59.24,55.23,55.6,42.11,39.07,40.74,33.05
260,2006363,32085,32111,50:12.5,50:15.1,5,12,2.6,2,2,868,right_to_left,Melbourne V FC,2,False,False,False,create,1,medium_block,9,5.28,9.27,2,half_space_left,2,middle_third,False,19.67,-5.31,3,center,3,attacking_third,False,59.3,60.23,55.54,53.1,38.92,35.08,33.21,37.78
261,2006363,32111,32148,50:15.1,50:18.8,5,15,3.7,2,2,868,right_to_left,Melbourne V FC,2,False,False,False,finish,2,low_block,8,20.22,-5.46,3,center,3,attacking_third,False,41.36,-4.78,3,center,3,attacking_third,True,60.14,47.32,52.97,64.38,34.84,23.68,37.91,36.95
262,2006363,32559,32640,50:59.9,51:08.0,5,59,8.1,2,2,868,right_to_left,Melbourne V FC,2,False,False,False,set_play,7,defending_set_play,13,51.97,-32.58,5,wide_right,3,attacking_third,False,39.38,32.11,1,wide_left,3,attacking_third,False,38.72,47.03,74.58,63.22,17.28,32.01,15.89,21.51
263,2006363,32690,32795,51:13.0,51:23.5,6,13,10.5,2,2,868,right_to_left,Melbourne V FC,5,False,False,False,finish,2,low_block,8,35.07,31.71,1,wide_left,3,attacking_third,False,5.73,23.58,1,wide_left,2,middle_third,False,41.57,46.41,63.28,60.64,33.74,32.66,23.47,32.14
264,2006363,32795,32848,51:23.5,51:28.8,6,23,5.3,2,2,868,right_to_left,Melbourne V FC,2,False,False,False,create,1,medium_block,9,5.09,23.22,1,wide_left,2,middle_third,False,4.84,-15.38,4,half_space_right,2,middle_third,False,47.13,60.02,60.48,54.6,32.47,32.4,32.53,37.89
265,2006363,32848,33000,51:28.8,51:44.0,6,28,15.2,2,2,868,right_to_left,Melbourne V FC,9,True,False,False,finish,2,low_block,8,5.44,-16.6,4,half_space_right,2,middle_third,False,32.27,-27.62,5,wide_right,3,attacking_third,False,60.01,44.37,54.6,55.89,32.41,33.88,37.85,30.29
266,2006363,33000,33069,51:44.0,51:50.9,6,44,6.9,2,1,870,left_to_right,CC Mariners,1,True,False,False,transition,4,defending_transition,11,-32.56,27.58,1,wide_left,1,defensive_third,False,8.13,29.09,1,wide_left,2,middle_third,False,33.86,37.85,30.39,48.44,44.44,33.42,55.95,57.45
267,2006363,33069,33083,51:50.9,51:52.3,6,50,1.4,2,2,868,right_to_left,Melbourne V FC,1,False,False,False,create,1,medium_block,9,-8.94,-29.27,5,wide_right,2,middle_third,False,-19.23,-30.58,5,wide_right,1,defensive_third,False,33.35,33.28,57.46,58.15,38.06,38.98,48.94,55.71
268,2006363,33083,33200,51:52.3,52:04.0,6,52,11.7,2,2,868,right_to_left,Melbourne V FC,4,False,False,False,build_up,0,high_block,10,-20.5,-30.36,5,wide_right,1,defensive_third,False,-21.3,-31.54,5,wide_right,1,defensive_third,False,33.33,51.92,58.15,48.72,38.87,39.38,56.33,65.01
269,2006363,33200,33248,52:04.0,52:08.8,7,4,4.8,2,2,868,right_to_left,Melbourne V FC,1,True,False,False,create,1,medium_block,9,-19.34,-31.75,5,wide_right,1,defensive_third,False,0.92,-34.67,5,wide_right,2,middle_third,False,52.07,50.05,48.74,55.73,39.51,39.21,64.83,62.09
270,2006363,33317,33459,52:15.7,52:29.9,7,15,14.2,2,1,870,left_to_right,CC Mariners,5,False,False,False,build_up,0,high_block,10,-29.16,24.93,1,wide_left,1,defensive_third,False,-20.08,29.06,1,wide_left,1,defensive_third,False,45.86,63.18,57.53,50.15,42.72,41.2,54.48,59.98
271,2006363,33459,33495,52:29.9,52:33.5,7,29,3.6,2,1,870,left_to_right,CC Mariners,1,True,False,False,create,1,medium_block,9,-19.23,29.87,1,wide_left,1,defensive_third,False,5.89,31.64,1,wide_left,2,middle_third,False,63.06,54.05,50.04,51.06,41.33,39.93,59.97,57.19
272,2006363,33631,33786,52:47.1,53:02.6,7,47,15.5,2,2,868,right_to_left,Melbourne V FC,6,False,False,False,create,1,medium_block,9,1.84,-30.35,5,wide_right,2,middle_third,False,27.51,-27.56,5,wide_right,3,attacking_third,False,46.14,45.19,54.33,57.42,34.02,39.44,46.58,46.32
273,2006363,33786,33927,53:02.6,53:16.7,8,2,14.1,2,2,868,right_to_left,Melbourne V FC,3,False,False,False,finish,2,low_block,8,28.13,-27.6,5,wide_right,3,attacking_third,False,50.04,-11.18,4,half_space_right,3,attacking_third,True,44.81,32.45,57.99,74.0,39.02,23.29,46.41,25.73
274,2006363,35267,35375,55:30.7,55:41.5,10,30,10.8,2,2,868,right_to_left,Melbourne V FC,3,False,False,False,set_play,7,defending_set_play,13,51.1,-32.34,5,wide_right,3,attacking_third,False,53.63,-26.6,5,wide_right,3,attacking_third,False,42.26,40.04,79.24,79.27,11.5,33.8,13.35,16.04
275,2006363,35932,35997,56:37.2,56:43.7,11,37,6.5,2,2,868,right_to_left,Melbourne V FC,4,False,False,True,set_play,7,defending_set_play,13,50.69,-26.32,5,wide_right,3,attacking_third,False,5.06,-9.37,4,half_space_right,2,middle_third,False,36.58,35.07,76.38,64.28,26.34,20.73,11.57,26.13
276,2006363,35997,36033,56:43.7,56:47.3,11,43,3.6,2,2,868,right_to_left,Melbourne V FC,1,False,False,False,create,1,medium_block,9,4.57,-9.57,4,half_space_right,2,middle_third,False,-19.81,-8.42,3,center,1,defensive_third,False,35.52,50.65,64.08,56.76,20.87,34.44,26.62,49.44
277,2006363,36033,36055,56:47.3,56:49.5,11,47,2.2,2,2,868,right_to_left,Melbourne V FC,1,False,False,False,build_up,0,high_block,10,-20.79,-7.93,3,center,1,defensive_third,False,-24.86,-1.52,3,center,1,defensive_third,False,51.06,56.01,56.54,51.59,34.76,37.74,50.09,61.64
278,2006363,36055,36088,56:49.5,56:52.8,11,49,3.3,2,2,868,right_to_left,Melbourne V FC,1,True,False,False,direct,6,defending_direct,15,-22.53,-1.01,3,center,1,defensive_third,False,24.74,7.82,3,center,3,attacking_third,False,56.04,48.99,51.37,60.68,37.74,35.03,61.98,65.01
279,2006363,36088,36258,56:52.8,57:09.8,11,52,17.0,2,1,870,left_to_right,CC Mariners,4,False,False,False,build_up,0,high_block,10,-25.71,-8.23,3,center,1,defensive_third,False,-38.34,-24.12,5,wide_right,1,defensive_third,False,35.08,63.65,64.97,51.78,48.74,39.76,61.11,71.33
280,2006363,36258,36288,57:09.8,57:12.8,12,9,3.0,2,1,870,left_to_right,CC Mariners,1,False,False,False,direct,6,defending_direct,15,-38.0,-24.37,5,wide_right,1,defensive_third,False,10.71,-19.22,4,half_space_right,2,middle_third,False,63.58,53.13,51.76,59.13,39.89,39.0,71.47,71.2
281,2006363,36288,36329,57:12.8,57:16.9,12,12,4.1,2,1,870,left_to_right,CC Mariners,1,True,False,False,create,1,medium_block,9,11.6,-19.46,4,half_space_right,2,middle_third,False,35.23,-28.79,5,wide_right,3,attacking_third,False,52.91,41.85,59.65,68.11,39.04,38.37,71.14,63.14
282,2006363,37308,37335,58:54.8,58:57.5,13,54,2.7,2,2,868,right_to_left,Melbourne V FC,1,True,False,False,direct,6,defending_direct,15,-12.58,12.89,2,half_space_left,2,middle_third,False,29.6,10.02,2,half_space_left,3,attacking_third,False,65.31,55.66,49.46,59.22,40.67,35.61,42.43,43.1
283,2006363,37335,37414,58:57.5,59:05.4,13,57,7.9,2,1,870,left_to_right,CC Mariners,3,False,False,False,build_up,0,high_block,10,-30.92,-10.02,4,half_space_right,1,defensive_third,False,-43.51,2.45,3,center,1,defensive_third,False,35.46,57.94,43.11,47.16,55.07,41.16,59.86,71.41
284,2006363,37414,37441,59:05.4,59:08.1,14,5,2.7,2,1,870,left_to_right,CC Mariners,1,True,False,False,direct,6,defending_direct,15,-42.76,3.36,3,center,1,defensive_third,False,-3.92,22.82,1,wide_left,2,middle_third,False,58.18,54.55,47.2,47.79,41.3,42.7,71.67,69.43
285,2006363,37441,37590,59:08.1,59:23.0,14,8,14.9,2,2,868,right_to_left,Melbourne V FC,4,False,False,True,quick_break,3,defending_quick_break,12,3.47,-23.15,5,wide_right,2,middle_third,False,55.91,-12.3,4,half_space_right,3,attacking_third,False,42.7,38.48,69.26,73.19,54.03,27.5,47.82,38.83
286,2006363,37846,37884,59:48.6,59:52.4,14,48,3.8,2,2,868,right_to_left,Melbourne V FC,2,False,False,False,set_play,7,defending_set_play,13,52.12,-33.24,5,wide_right,3,attacking_third,False,-35.26,-6.62,3,center,1,defensive_third,False,40.49,12.58,74.34,21.49,10.65,39.64,13.63,72.24
287,2006363,38069,38173,60:10.9,60:21.3,15,10,10.4,2,2,868,right_to_left,Melbourne V FC,5,False,False,False,create,1,medium_block,9,,,2,half_space_left,2,middle_third,False,27.64,31.33,1,wide_left,3,attacking_third,False,,39.78,,59.53,,35.23,,48.04
288,2006363,38173,38390,60:21.3,60:43.0,15,21,21.7,2,2,868,right_to_left,Melbourne V FC,7,True,False,False,finish,2,low_block,8,28.26,31.52,1,wide_left,3,attacking_third,False,28.52,-18.7,4,half_space_right,3,attacking_third,False,39.83,56.34,59.79,59.27,35.19,34.62,48.16,35.08
289,2006363,38390,38437,60:43.0,60:47.7,15,43,4.7,2,1,870,left_to_right,CC Mariners,1,False,False,False,chaotic,5,chaotic,5,-29.38,18.34,2,half_space_left,1,defensive_third,False,-22.36,16.2,2,half_space_left,1,defensive_third,False,34.75,32.55,35.04,35.04,56.07,35.27,59.46,56.25
290,2006363,38589,38652,61:02.9,61:09.2,16,2,6.3,2,1,870,left_to_right,CC Mariners,3,False,False,False,build_up,0,high_block,10,-22.5,14.49,2,half_space_left,1,defensive_third,False,-20.2,-29.93,5,wide_right,1,defensive_third,False,77.81,70.31,50.47,54.08,33.89,42.62,56.45,64.12
291,2006363,38652,38659,61:09.2,61:09.9,16,9,0.7,2,1,870,left_to_right,CC Mariners,1,False,False,False,create,1,medium_block,9,-19.66,-30.08,5,wide_right,1,defensive_third,False,-19.88,-27.93,5,wide_right,1,defensive_third,False,69.75,66.42,54.02,53.56,42.49,40.87,64.02,63.02
292,2006363,38659,38823,61:09.9,61:26.3,16,9,16.4,2,1,870,left_to_right,CC Mariners,5,False,False,False,build_up,0,high_block,10,-20.04,-27.54,5,wide_right,1,defensive_third,False,-20.74,-24.71,5,wide_right,1,defensive_third,False,65.82,63.78,53.64,54.72,40.47,40.27,62.82,62.11
293,2006363,38823,38834,61:26.3,61:27.4,16,26,1.1,2,1,870,left_to_right,CC Mariners,0,False,False,False,create,1,medium_block,9,-19.58,-25.47,5,wide_right,1,defensive_third,False,-10.97,-31.15,5,wide_right,2,middle_third,False,63.59,61.78,54.7,54.63,40.47,42.58,61.83,58.84
294,2006363,38963,38970,61:40.3,61:41.0,16,40,0.7,2,1,870,left_to_right,CC Mariners,1,True,False,False,chaotic,5,chaotic,5,1.06,-28.36,5,wide_right,2,middle_third,False,8.78,-27.09,5,wide_right,2,middle_third,False,61.32,60.49,51.65,52.11,28.95,28.64,58.16,58.51
295,2006363,38970,38994,61:41.0,61:43.4,16,41,2.4,2,2,868,right_to_left,Melbourne V FC,1,True,False,False,chaotic,5,chaotic,5,-9.94,26.78,1,wide_left,2,middle_third,False,-9.89,32.71,1,wide_left,2,middle_third,False,28.61,30.8,58.55,56.82,60.2,57.02,52.17,49.01
296,2006363,39075,39146,61:51.5,61:58.6,16,51,7.1,2,1,870,left_to_right,CC Mariners,2,True,False,False,chaotic,5,chaotic,5,12.21,-34.01,5,wide_right,2,middle_third,False,30.11,4.6,3,center,3,attacking_third,False,54.19,33.74,58.5,61.78,27.17,34.7,44.14,46.01
297,2006363,39146,39199,61:58.6,62:03.9,16,58,5.3,2,2,868,right_to_left,Melbourne V FC,1,True,False,False,chaotic,5,chaotic,5,-30.42,-4.82,3,center,1,defensive_third,False,12.36,16.28,2,half_space_left,2,middle_third,False,34.92,46.17,46.06,55.65,33.57,36.19,61.73,58.81
298,2006363,39199,39312,62:03.9,62:15.2,17,3,11.3,2,1,870,left_to_right,CC Mariners,6,False,False,False,create,1,medium_block,9,-12.66,-17.2,4,half_space_right,2,middle_third,False,20.28,20.67,1,wide_left,3,attacking_third,False,36.65,42.79,58.68,58.86,46.35,32.36,55.84,49.05
299,2006363,39312,39607,62:15.2,62:44.7,17,15,29.5,2,1,870,left_to_right,CC Mariners,8,True,False,False,finish,2,low_block,8,20.57,21.34,1,wide_left,3,attacking_third,False,27.93,-15.68,4,half_space_right,3,attacking_third,False,42.54,36.98,59.15,63.7,32.56,24.21,48.94,20.38
300,2006363,40855,40897,64:49.5,64:53.7,19,49,4.2,2,2,868,right_to_left,Melbourne V FC,1,True,False,False,direct,6,defending_direct,15,-22.26,18.43,2,half_space_left,1,defensive_third,False,21.77,8.79,3,center,3,attacking_third,False,61.53,43.9,51.52,61.72,39.55,29.89,53.0,50.5
301,2006363,40897,41103,64:53.7,65:14.3,19,53,20.6,2,1,870,left_to_right,CC Mariners,7,True,False,False,build_up,0,high_block,10,-22.15,-8.66,3,center,1,defensive_third,False,-36.65,-25.86,5,wide_right,1,defensive_third,False,29.64,44.44,50.43,42.13,43.41,37.96,61.89,74.95
302,2006363,41244,41434,65:28.4,65:47.4,20,28,19.0,2,2,868,right_to_left,Melbourne V FC,8,True,False,False,finish,2,low_block,8,26.57,33.07,1,wide_left,3,attacking_third,False,38.67,-21.39,5,wide_right,3,attacking_third,False,42.74,40.6,73.08,62.14,40.72,27.11,34.23,21.45
303,2006363,41434,41480,65:47.4,65:52.0,20,47,4.6,2,1,870,left_to_right,CC Mariners,1,True,False,False,chaotic,5,chaotic,5,-39.11,21.74,1,wide_left,1,defensive_third,False,-30.0,29.75,1,wide_left,1,defensive_third,False,27.28,36.22,21.43,23.78,40.3,39.46,62.28,60.31
304,2006363,41480,41550,65:52.0,65:59.0,20,52,7.0,2,2,868,right_to_left,Melbourne V FC,3,False,False,True,finish,2,low_block,8,29.87,-30.17,5,wide_right,3,attacking_third,False,5.91,-25.73,5,wide_right,2,middle_third,False,39.71,41.69,60.22,58.81,36.5,35.62,24.02,36.32
305,2006363,41550,41715,65:59.0,66:15.5,20,59,16.5,2,2,868,right_to_left,Melbourne V FC,5,False,False,True,create,1,medium_block,9,5.35,-25.55,5,wide_right,2,middle_third,False,27.58,-32.35,5,wide_right,3,attacking_third,False,41.82,40.29,58.71,59.92,35.68,33.19,36.87,46.92
306,2006363,41715,41788,66:15.5,66:22.8,21,15,7.3,2,2,868,right_to_left,Melbourne V FC,2,True,False,True,finish,2,low_block,8,27.99,-32.63,5,wide_right,3,attacking_third,False,46.55,-1.21,3,center,3,attacking_third,True,40.44,22.03,60.38,72.76,32.98,23.84,47.0,41.56
307,2006363,41788,42064,66:22.8,66:50.4,21,22,27.6,2,1,870,left_to_right,CC Mariners,4,False,False,False,create,1,medium_block,9,-47.58,0.66,3,center,1,defensive_third,False,-19.83,-30.66,5,wide_right,1,defensive_third,False,23.81,56.25,41.59,46.38,21.9,36.26,72.94,59.26
308,2006363,42064,42101,66:50.4,66:54.1,21,50,3.7,2,1,870,left_to_right,CC Mariners,1,False,False,False,build_up,0,high_block,10,-20.22,-30.51,5,wide_right,1,defensive_third,False,-20.56,-33.47,5,wide_right,1,defensive_third,False,56.29,58.61,46.46,45.23,36.11,37.14,59.41,63.0
309,2006363,42101,42106,66:54.1,66:54.6,21,54,0.5,2,1,870,left_to_right,CC Mariners,0,True,False,False,create,1,medium_block,9,-19.68,-33.57,5,wide_right,1,defensive_third,False,-16.95,-33.58,5,wide_right,2,middle_third,False,58.68,59.06,45.19,45.21,36.94,36.18,62.95,62.81
310,2006363,42106,42135,66:54.6,66:57.5,21,54,2.9,2,2,868,right_to_left,Melbourne V FC,1,False,False,False,finish,2,low_block,8,16.42,33.54,1,wide_left,2,middle_third,False,5.4,30.35,1,wide_left,2,middle_third,False,36.26,38.29,62.79,59.61,59.15,54.49,45.21,43.97
311,2006363,42135,42193,66:57.5,67:03.3,21,57,5.8,2,2,868,right_to_left,Melbourne V FC,1,True,False,False,create,1,medium_block,9,4.71,30.44,1,wide_left,2,middle_third,False,13.4,28.33,1,wide_left,2,middle_third,False,38.49,43.22,59.49,56.24,54.19,43.79,44.03,49.3
312,2006363,42193,42291,67:03.3,67:13.1,22,3,9.8,2,1,870,left_to_right,CC Mariners,4,True,False,False,transition,4,defending_transition,11,-13.28,-28.31,5,wide_right,2,middle_third,False,29.22,3.22,3,center,3,attacking_third,False,43.67,37.82,49.22,65.97,43.07,21.48,56.26,52.65
313,2006363,42291,42303,67:13.1,67:14.3,22,13,1.2,2,2,868,right_to_left,Melbourne V FC,1,True,False,False,chaotic,5,chaotic,5,-29.51,-3.07,3,center,1,defensive_third,False,-30.1,0.58,3,center,1,defensive_third,False,21.15,23.12,52.55,51.18,37.62,35.93,66.24,67.81
314,2006363,42303,42307,67:14.3,67:14.7,22,14,0.4,2,1,870,left_to_right,CC Mariners,1,True,False,False,chaotic,5,chaotic,5,30.2,-0.77,3,center,3,attacking_third,False,30.81,-1.37,3,center,3,attacking_third,False,35.81,35.43,67.75,67.42,23.2,23.3,51.05,50.66
315,2006363,42307,42352,67:14.7,67:19.2,22,14,4.5,2,2,868,right_to_left,Melbourne V FC,2,False,False,False,build_up,0,high_block,10,-31.01,1.53,3,center,1,defensive_third,False,-20.09,17.45,2,half_space_left,1,defensive_third,False,23.29,26.85,50.54,46.61,35.31,33.1,67.26,61.86
316,2006363,42352,42403,67:19.2,67:24.3,22,19,5.1,2,2,868,right_to_left,Melbourne V FC,1,True,False,False,create,1,medium_block,9,-19.9,17.82,2,half_space_left,1,defensive_third,False,2.86,28.15,1,wide_left,2,middle_third,False,27.24,42.55,46.62,50.83,33.21,41.56,61.89,61.84
317,2006363,42403,42551,67:24.3,67:39.1,22,24,14.8,2,1,870,left_to_right,CC Mariners,4,False,False,False,create,1,medium_block,9,-3.13,-28.07,5,wide_right,2,middle_third,False,18.7,32.03,1,wide_left,3,attacking_third,False,41.7,53.32,61.72,56.94,42.52,38.78,50.85,36.75
318,2006363,42551,42615,67:39.1,67:45.5,22,39,6.4,2,1,870,left_to_right,CC Mariners,1,True,False,False,finish,2,low_block,8,19.14,32.33,1,wide_left,3,attacking_third,False,40.4,13.82,2,half_space_left,3,attacking_third,True,53.17,40.78,57.16,66.89,39.1,29.79,36.82,36.65
319,2006363,42615,42625,67:45.5,67:46.5,22,45,1.0,2,2,868,right_to_left,Melbourne V FC,1,True,False,False,chaotic,5,chaotic,5,-40.84,-13.63,4,half_space_right,1,defensive_third,False,-30.66,-24.5,5,wide_right,1,defensive_third,False,29.75,30.26,36.65,36.11,40.67,40.15,67.27,70.11
320,2006363,42716,42761,67:55.6,68:00.1,22,55,4.5,2,1,870,left_to_right,CC Mariners,3,False,False,False,create,1,medium_block,9,2.92,27.83,1,wide_left,2,middle_third,False,4.52,-10.8,4,half_space_right,2,middle_third,False,46.5,52.07,62.07,55.96,37.92,36.21,35.14,35.96
321,2006363,42761,42853,68:00.1,68:09.3,23,0,9.2,2,1,870,left_to_right,CC Mariners,3,False,False,False,finish,2,low_block,8,5.15,-10.99,4,half_space_right,2,middle_third,False,51.3,-25.51,5,wide_right,3,attacking_third,False,52.23,42.74,55.99,76.27,36.16,32.02,35.93,33.51
322,2006363,43151,43161,68:39.1,68:40.1,23,39,1.0,2,1,870,left_to_right,CC Mariners,1,False,False,False,set_play,7,defending_set_play,13,51.44,-31.26,5,wide_right,3,attacking_third,False,47.12,-15.42,4,half_space_right,3,attacking_third,True,35.93,36.37,68.8,68.88,8.28,10.69,18.71,18.42
323,2006363,43257,43449,68:49.7,69:08.9,23,49,19.2,2,1,870,left_to_right,CC Mariners,8,True,False,False,finish,2,low_block,8,44.01,-34.91,5,wide_right,3,attacking_third,False,44.43,-3.54,3,center,3,attacking_third,True,40.6,40.72,63.5,63.3,24.43,23.93,24.42,27.93
324,2006363,43449,43586,69:08.9,69:22.6,24,8,13.7,2,2,868,right_to_left,Melbourne V FC,4,False,False,False,build_up,0,high_block,10,-45.06,2.72,3,center,1,defensive_third,False,-43.02,-25.38,5,wide_right,1,defensive_third,False,24.01,45.29,27.86,49.88,40.47,38.58,63.75,68.32
325,2006363,43586,43628,69:22.6,69:26.8,24,22,4.2,2,2,868,right_to_left,Melbourne V FC,1,True,False,False,direct,6,defending_direct,15,-42.87,-25.71,5,wide_right,1,defensive_third,False,0.85,-26.23,5,wide_right,2,middle_third,False,45.4,39.31,49.9,44.93,38.59,38.67,68.63,64.69
326,2006363,43628,43744,69:26.8,69:38.4,24,26,11.6,2,1,870,left_to_right,CC Mariners,3,False,False,False,create,1,medium_block,9,-1.25,26.15,1,wide_left,2,middle_third,False,21.57,-29.98,5,wide_right,3,attacking_third,False,38.81,58.38,64.47,53.32,39.09,35.47,44.81,37.16
327,2006363,43744,43790,69:38.4,69:43.0,24,38,4.6,2,1,870,left_to_right,CC Mariners,1,True,False,False,finish,2,low_block,8,22.18,-29.95,5,wide_right,3,attacking_third,False,48.28,14.04,2,half_space_left,3,attacking_third,True,58.58,51.13,53.73,66.11,35.54,38.83,37.26,39.26
328,2006363,43790,43830,69:43.0,69:47.0,24,43,4.0,2,2,868,right_to_left,Melbourne V FC,1,False,False,False,chaotic,5,chaotic,5,-48.45,-14.51,4,half_space_right,1,defensive_third,False,-52.69,-31.68,5,wide_right,1,defensive_third,False,39.24,53.66,39.34,43.33,51.17,52.91,66.43,79.4
329,2006363,44020,44079,70:06.0,70:11.9,25,6,5.9,2,2,868,right_to_left,Melbourne V FC,3,False,False,False,build_up,0,high_block,10,-43.9,9.34,2,half_space_left,1,defensive_third,False,-20.72,25.23,1,wide_left,1,defensive_third,False,66.8,56.69,50.11,47.38,41.16,43.52,66.91,69.83
330,2006363,44079,44087,70:11.9,70:12.7,25,11,0.8,2,2,868,right_to_left,Melbourne V FC,0,True,False,False,create,1,medium_block,9,-19.67,23.9,1,wide_left,1,defensive_third,False,-14.85,17.75,2,half_space_left,2,middle_third,False,56.2,52.3,47.23,46.48,43.17,41.0,69.71,68.53
331,2006363,44087,44107,70:12.7,70:14.7,25,12,2.0,2,1,870,left_to_right,CC Mariners,1,True,False,False,chaotic,5,chaotic,5,14.73,-17.79,4,half_space_right,2,middle_third,False,17.93,-23.58,5,wide_right,3,attacking_third,False,40.78,37.95,68.31,63.23,51.8,45.01,46.4,45.32
332,2006363,44107,44171,70:14.7,70:21.1,25,14,6.4,2,2,868,right_to_left,Melbourne V FC,2,True,False,False,create,1,medium_block,9,-18.01,22.91,1,wide_left,1,defensive_third,False,7.09,16.17,2,half_space_left,2,middle_third,False,44.53,41.52,45.24,51.08,38.03,27.48,62.97,58.52
333,2006363,44171,44194,70:21.1,70:23.4,25,21,2.3,2,1,870,left_to_right,CC Mariners,2,True,False,False,chaotic,5,chaotic,5,-7.09,-16.39,4,half_space_right,2,middle_third,False,-2.64,-16.89,4,half_space_right,2,middle_third,False,27.4,28.76,58.31,54.88,41.49,38.61,51.37,54.49
334,2006363,44194,44238,70:23.4,70:27.8,25,23,4.4,2,2,868,right_to_left,Melbourne V FC,3,False,False,False,create,1,medium_block,9,2.71,17.03,2,half_space_left,2,middle_third,False,24.03,28.78,1,wide_left,3,attacking_third,False,38.47,36.57,54.52,63.62,28.96,36.76,54.82,56.22
335,2006363,44238,44255,70:27.8,70:29.5,25,27,1.7,2,2,868,right_to_left,Melbourne V FC,1,True,False,False,finish,2,low_block,8,24.55,28.66,1,wide_left,3,attacking_third,False,33.71,18.54,2,half_space_left,3,attacking_third,False,36.48,32.92,63.93,68.43,36.87,36.51,56.11,53.18
336,2006363,44255,44280,70:29.5,70:32.0,25,29,2.5,2,1,870,left_to_right,CC Mariners,1,False,False,False,build_up,0,high_block,10,-34.18,-18.08,4,half_space_right,1,defensive_third,False,-20.28,-10.48,4,half_space_right,1,defensive_third,False,36.34,34.46,52.93,43.84,32.93,32.17,68.66,69.77
337,2006363,44280,44397,70:32.0,70:43.7,25,32,11.7,2,1,870,left_to_right,CC Mariners,3,False,False,False,create,1,medium_block,9,-18.32,-10.17,4,half_space_right,1,defensive_third,False,15.99,14.99,2,half_space_left,2,middle_third,False,34.5,44.77,43.31,60.81,32.09,27.81,69.88,54.4
338,2006363,44397,44650,70:43.7,71:09.0,25,43,25.3,2,1,870,left_to_right,CC Mariners,8,True,False,False,finish,2,low_block,8,16.4,15.18,2,half_space_left,2,middle_third,False,38.77,-32.89,5,wide_right,3,attacking_third,False,44.6,49.46,61.08,66.06,27.97,37.06,54.26,32.17
339,2006363,44650,44705,71:09.0,71:14.5,26,9,5.5,2,2,868,right_to_left,Melbourne V FC,2,False,False,False,build_up,0,high_block,10,-39.24,32.31,1,wide_left,1,defensive_third,False,-20.18,11.4,2,half_space_left,1,defensive_third,False,36.88,36.91,32.31,32.99,49.23,35.81,66.24,60.54
340,2006363,44705,44714,71:14.5,71:15.4,26,14,0.9,2,2,868,right_to_left,Melbourne V FC,1,False,False,False,create,1,medium_block,9,-18.99,10.31,2,half_space_left,1,defensive_third,False,-19.94,5.63,3,center,1,defensive_third,False,36.96,37.2,32.87,32.37,35.74,35.36,60.49,60.87
341,2006363,44714,44744,71:15.4,71:18.4,26,15,3.0,2,2,868,right_to_left,Melbourne V FC,1,False,False,False,build_up,0,high_block,10,-21.05,5.39,3,center,1,defensive_third,False,-20.09,4.2,3,center,1,defensive_third,False,37.25,42.56,32.44,36.65,35.29,33.88,60.94,61.21
342,2006363,44744,44836,71:18.4,71:27.6,26,18,9.2,2,2,868,right_to_left,Melbourne V FC,3,False,False,False,create,1,medium_block,9,-19.7,4.34,3,center,1,defensive_third,False,23.26,29.83,1,wide_left,3,attacking_third,False,42.7,45.76,36.75,55.68,33.87,32.25,61.11,53.45
343,2006363,44836,44907,71:27.6,71:34.7,26,27,7.1,2,2,868,right_to_left,Melbourne V FC,4,False,False,False,finish,2,low_block,8,23.4,29.71,1,wide_left,3,attacking_third,False,5.71,11.8,2,half_space_left,2,middle_third,False,45.54,49.41,55.72,55.57,32.61,38.98,53.21,34.72
344,2006363,44907,44995,71:34.7,71:43.5,26,34,8.8,2,2,868,right_to_left,Melbourne V FC,3,False,False,False,create,1,medium_block,9,5.22,10.52,2,half_space_left,2,middle_third,False,28.93,25.06,1,wide_left,3,attacking_third,False,49.58,47.3,55.55,58.22,38.96,39.37,34.61,44.05
345,2006363,44995,45027,71:43.5,71:46.7,26,43,3.2,2,2,868,right_to_left,Melbourne V FC,1,False,False,False,finish,2,low_block,8,29.58,25.01,1,wide_left,3,attacking_third,False,45.32,29.18,1,wide_left,3,attacking_third,False,47.36,46.04,58.69,73.83,39.01,32.34,44.21,44.13
346,2006363,45637,45649,72:47.7,72:48.9,27,47,1.2,2,2,868,right_to_left,Melbourne V FC,1,True,False,False,chaotic,5,chaotic,5,42.82,32.75,1,wide_left,3,attacking_third,False,42.36,25.42,1,wide_left,3,attacking_third,False,34.03,34.01,69.2,67.71,28.94,28.86,22.82,23.06
347,2006363,45649,45663,72:48.9,72:50.3,27,48,1.4,2,1,870,left_to_right,CC Mariners,1,True,False,False,chaotic,5,chaotic,5,-42.07,-24.98,5,wide_right,1,defensive_third,False,-34.23,-25.9,5,wide_right,1,defensive_third,False,28.84,28.29,23.09,24.33,33.98,31.91,67.53,65.23
348,2006363,45663,45711,72:50.3,72:55.1,27,50,4.8,2,2,868,right_to_left,Melbourne V FC,3,True,False,False,finish,2,low_block,8,33.51,25.83,1,wide_left,3,attacking_third,False,29.46,21.41,1,wide_left,3,attacking_third,False,31.76,28.56,65.22,60.01,28.22,23.25,24.41,29.03
349,2006363,45711,45773,72:55.1,73:01.3,27,55,6.2,2,1,870,left_to_right,CC Mariners,2,False,False,False,build_up,0,high_block,10,-29.89,-22.02,5,wide_right,1,defensive_third,False,-47.92,-19.66,4,half_space_right,1,defensive_third,False,23.28,37.43,29.1,30.58,28.68,29.74,59.97,69.43
350,2006363,45773,45829,73:01.3,73:06.9,28,1,5.6,2,1,870,left_to_right,CC Mariners,2,True,False,False,direct,6,defending_direct,15,-47.19,-19.62,4,half_space_right,1,defensive_third,False,-14.48,-20.14,4,half_space_right,2,middle_third,False,37.57,36.74,30.74,40.17,29.62,27.42,69.62,58.73
351,2006363,45829,45852,73:06.9,73:09.2,28,6,2.3,2,2,868,right_to_left,Melbourne V FC,1,True,False,False,chaotic,5,chaotic,5,14.46,20.12,2,half_space_left,2,middle_third,False,16.59,24.25,1,wide_left,2,middle_third,False,27.47,29.16,58.54,55.4,37.02,39.17,40.23,37.88
352,2006363,45852,46083,73:09.2,73:32.3,28,9,23.1,2,1,870,left_to_right,CC Mariners,10,True,False,False,create,1,medium_block,9,-16.47,-24.31,5,wide_right,2,middle_third,False,35.53,-1.07,3,center,3,attacking_third,False,39.04,39.92,37.71,62.54,29.24,33.11,55.3,51.84
353,2006363,46083,46143,73:32.3,73:38.3,28,32,6.0,2,2,868,right_to_left,Melbourne V FC,3,False,False,True,build_up,0,high_block,10,-35.84,1.29,3,center,1,defensive_third,False,-20.27,-15.02,4,half_space_right,1,defensive_third,False,33.37,47.43,51.61,48.28,39.76,36.3,62.65,56.56
354,2006363,46143,46322,73:38.3,73:56.2,28,38,17.9,2,2,868,right_to_left,Melbourne V FC,7,False,False,True,create,1,medium_block,9,-19.94,-15.18,4,half_space_right,1,defensive_third,False,27.92,17.13,2,half_space_left,3,attacking_third,False,47.63,47.33,48.35,60.82,36.24,34.95,56.23,58.16
355,2006363,46322,46358,73:56.2,73:59.8,28,56,3.6,2,2,868,right_to_left,Melbourne V FC,1,True,False,False,finish,2,low_block,8,28.48,17.11,2,half_space_left,3,attacking_third,False,50.01,-1.03,3,center,3,attacking_third,True,47.01,37.43,61.5,80.78,34.72,33.39,58.21,54.18
356,2006363,46981,47011,75:02.1,75:05.1,30,2,3.0,2,1,870,left_to_right,CC Mariners,1,True,False,False,direct,6,defending_direct,15,-45.99,1.83,3,center,1,defensive_third,False,-3.07,7.93,3,center,2,middle_third,False,64.38,57.28,53.18,51.36,40.36,38.05,65.81,59.53
357,2006363,47011,47040,75:05.1,75:08.0,30,5,2.9,2,2,868,right_to_left,Melbourne V FC,2,True,False,False,chaotic,5,chaotic,5,2.47,-7.74,3,center,2,middle_third,False,29.06,-5.25,3,center,3,attacking_third,False,37.79,30.79,59.32,63.23,56.9,47.86,51.32,48.66
358,2006363,47040,47131,75:08.0,75:17.1,30,8,9.1,2,1,870,left_to_right,CC Mariners,1,True,False,False,chaotic,5,chaotic,5,-29.59,5.24,3,center,1,defensive_third,False,-6.7,-7.77,3,center,2,middle_third,False,47.56,31.5,48.49,37.79,30.7,31.1,63.59,52.15
359,2006363,47131,47178,75:17.1,75:21.8,30,17,4.7,2,2,868,right_to_left,Melbourne V FC,3,False,False,False,create,1,medium_block,9,6.42,8.02,3,center,2,middle_third,False,-19.36,-0.29,3,center,1,defensive_third,False,31.32,45.88,52.04,52.4,31.65,34.88,37.71,50.47
360,2006363,47178,47227,75:21.8,75:26.7,30,21,4.9,2,2,868,right_to_left,Melbourne V FC,1,False,False,False,build_up,0,high_block,10,-20.78,0.03,3,center,1,defensive_third,False,-20.06,26.44,1,wide_left,1,defensive_third,False,46.12,57.42,52.35,47.75,34.9,42.76,50.85,65.45
361,2006363,47227,47236,75:26.7,75:27.6,30,26,0.9,2,2,868,right_to_left,Melbourne V FC,0,True,False,False,create,1,medium_block,9,-19.25,27.29,1,wide_left,1,defensive_third,False,-13.83,33.53,1,wide_left,2,middle_third,False,57.49,57.62,47.83,48.16,43.01,44.7,65.34,64.17
362,2006363,47538,47549,75:57.8,75:58.9,30,57,1.1,2,1,870,left_to_right,CC Mariners,1,True,False,False,chaotic,5,chaotic,5,14.01,-33.62,5,wide_right,2,middle_third,False,22.23,-28.07,5,wide_right,3,attacking_third,False,52.01,51.36,55.28,54.64,30.42,29.33,42.88,42.56
363,2006363,47549,47563,75:58.9,76:00.3,30,58,1.4,2,2,868,right_to_left,Melbourne V FC,1,True,False,False,chaotic,5,chaotic,5,-22.54,27.95,1,wide_left,1,defensive_third,False,-18.83,29.8,1,wide_left,1,defensive_third,False,29.22,29.91,42.57,43.13,51.29,50.03,54.77,56.25
364,2006363,47563,47573,76:00.3,76:01.3,31,0,1.0,2,1,870,left_to_right,CC Mariners,1,True,False,False,chaotic,5,chaotic,5,18.3,-29.64,5,wide_right,3,attacking_third,False,14.13,-28.15,5,wide_right,2,middle_third,False,49.97,49.46,56.26,55.94,30.15,32.37,43.18,43.48
365,2006363,47573,47611,76:01.3,76:05.1,31,1,3.8,2,2,868,right_to_left,Melbourne V FC,1,False,False,False,chaotic,5,chaotic,5,-13.83,28.11,1,wide_left,2,middle_third,False,-16.97,36.51,1,wide_left,2,middle_third,False,32.56,37.21,43.49,44.09,49.4,46.22,55.9,52.0
366,2006363,47652,47789,76:09.2,76:22.9,31,9,13.7,2,2,868,right_to_left,Melbourne V FC,3,False,False,False,build_up,0,high_block,10,-26.39,31.45,1,wide_left,1,defensive_third,False,-20.57,-14.26,4,half_space_right,1,defensive_third,False,43.52,53.85,47.24,44.69,40.7,37.44,54.18,67.86
367,2006363,47789,47858,76:22.9,76:29.8,31,22,6.9,2,2,868,right_to_left,Melbourne V FC,1,True,False,False,create,1,medium_block,9,-19.02,-14.7,4,half_space_right,1,defensive_third,False,18.66,-29.14,5,wide_right,3,attacking_third,False,53.5,38.57,45.0,54.63,37.32,34.05,67.7,57.61
368,2006363,47858,47868,76:29.8,76:30.8,31,29,1.0,2,1,870,left_to_right,CC Mariners,1,True,False,False,chaotic,5,chaotic,5,-18.92,29.35,1,wide_left,1,defensive_third,False,-12.96,33.09,1,wide_left,2,middle_third,False,34.11,36.05,57.53,56.75,38.82,40.22,54.98,57.15
369,2006363,48065,48102,76:50.5,76:54.2,31,50,3.7,2,2,868,right_to_left,Melbourne V FC,2,True,False,False,chaotic,5,chaotic,5,18.55,-33.16,5,wide_right,3,attacking_third,False,20.17,-29.47,5,wide_right,3,attacking_third,False,30.85,33.42,63.64,61.22,26.78,28.31,39.56,40.31
370,2006363,48102,48134,76:54.2,76:57.4,31,54,3.2,2,1,870,left_to_right,CC Mariners,1,True,False,False,chaotic,5,chaotic,5,-20.26,29.19,1,wide_left,1,defensive_third,False,3.11,30.75,1,wide_left,2,middle_third,False,28.23,29.93,40.35,39.26,33.49,33.48,61.16,58.8
371,2006363,48134,48204,76:57.4,77:04.4,31,57,7.0,2,2,868,right_to_left,Melbourne V FC,2,True,False,False,create,1,medium_block,9,-3.56,-30.85,5,wide_right,2,middle_third,False,21.74,-27.26,5,wide_right,3,attacking_third,False,33.63,44.34,58.73,59.5,29.94,32.43,39.32,46.83
372,2006363,48204,48214,77:04.4,77:05.4,32,4,1.0,2,1,870,left_to_right,CC Mariners,1,True,False,False,chaotic,5,chaotic,5,-22.43,27.0,1,wide_left,1,defensive_third,False,-14.68,31.95,1,wide_left,2,middle_third,False,32.34,32.69,46.86,47.08,44.13,42.15,59.73,59.36
373,2006363,48328,48334,77:16.8,77:17.4,32,16,0.6,2,2,868,right_to_left,Melbourne V FC,1,False,False,True,create,1,medium_block,9,11.46,-27.92,5,wide_right,2,middle_third,False,12.63,-25.54,5,wide_right,2,middle_third,False,34.02,33.81,57.28,57.36,28.7,28.43,43.19,42.68
374,2006363,48334,48466,77:17.4,77:30.6,32,17,13.2,2,2,868,right_to_left,Melbourne V FC,5,False,False,True,finish,2,low_block,8,12.87,-24.9,5,wide_right,2,middle_third,False,6.69,25.21,1,wide_left,2,middle_third,False,33.76,48.21,57.4,57.91,28.37,37.25,42.55,37.92
375,2006363,48466,48661,77:30.6,77:50.1,32,30,19.5,2,2,868,right_to_left,Melbourne V FC,8,False,False,True,create,1,medium_block,9,5.27,24.71,1,wide_left,2,middle_third,False,10.82,4.55,3,center,2,middle_third,False,48.35,47.47,58.0,56.83,37.18,35.23,38.23,42.93
376,2006363,48661,48700,77:50.1,77:54.0,32,50,3.9,2,2,868,right_to_left,Melbourne V FC,2,False,False,True,finish,2,low_block,8,10.94,4.39,3,center,2,middle_third,False,38.64,-6.23,3,center,3,attacking_third,True,47.43,40.11,57.0,64.52,34.94,29.02,42.88,39.54
377,2006363,49142,49246,78:38.2,78:48.6,33,38,10.4,2,2,868,right_to_left,Melbourne V FC,2,True,False,False,set_play,7,defending_set_play,13,51.89,-32.86,5,wide_right,3,attacking_third,False,39.98,-20.47,5,wide_right,3,attacking_third,False,37.43,41.09,73.89,63.86,16.98,24.91,14.2,26.88
378,2006363,49467,49483,79:10.7,79:12.3,34,10,1.6,2,1,870,left_to_right,CC Mariners,2,True,False,False,chaotic,5,chaotic,5,-44.73,34.21,1,wide_left,1,defensive_third,False,-37.52,32.62,1,wide_left,1,defensive_third,False,37.5,35.47,31.69,31.07,31.18,31.56,68.99,66.63
379,2006363,49483,49490,79:12.3,79:13.0,34,12,0.7,2,2,868,right_to_left,Melbourne V FC,1,True,False,False,chaotic,5,chaotic,5,37.64,-32.39,5,wide_right,3,attacking_third,False,40.58,-29.88,5,wide_right,3,attacking_third,False,31.5,30.78,66.58,66.27,35.28,34.38,31.0,30.31
380,2006363,49490,49505,79:13.0,79:14.5,34,13,1.5,2,1,870,left_to_right,CC Mariners,1,True,False,False,chaotic,5,chaotic,5,-40.5,29.6,1,wide_left,1,defensive_third,False,-27.28,27.79,1,wide_left,1,defensive_third,False,34.25,32.53,30.16,29.29,30.67,28.63,66.2,64.77
381,2006363,49505,49562,79:14.5,79:20.2,34,14,5.7,2,2,868,right_to_left,Melbourne V FC,2,True,False,True,finish,2,low_block,8,26.78,-27.5,5,wide_right,3,attacking_third,False,44.22,-4.39,3,center,3,attacking_third,True,28.48,21.14,64.63,67.15,32.37,21.96,29.25,23.81
382,2006363,49815,49834,79:45.5,79:47.4,34,45,1.9,2,1,870,left_to_right,CC Mariners,1,True,False,False,direct,6,defending_direct,15,,,2,half_space_left,2,middle_third,False,-5.32,3.55,3,center,2,middle_third,False,,61.29,,53.98,,30.17,,65.54
383,2006363,49834,49857,79:47.4,79:49.7,34,47,2.3,2,2,868,right_to_left,Melbourne V FC,1,True,False,False,chaotic,5,chaotic,5,3.83,-3.06,3,center,2,middle_third,False,16.19,7.19,3,center,2,middle_third,False,30.05,29.54,65.25,56.26,60.92,50.95,54.07,52.48
384,2006363,49857,49874,79:49.7,79:51.4,34,49,1.7,2,1,870,left_to_right,CC Mariners,1,True,False,False,chaotic,5,chaotic,5,-16.27,-7.7,3,center,2,middle_third,False,0.72,-15.12,4,half_space_right,2,middle_third,False,50.51,45.3,52.42,51.15,29.59,30.1,56.03,54.78
385,2006363,49874,50006,79:51.4,80:04.6,34,51,13.2,2,2,868,right_to_left,Melbourne V FC,5,False,False,False,create,1,medium_block,9,-1.1,15.44,2,half_space_left,2,middle_third,False,31.02,-29.37,5,wide_right,3,attacking_third,False,30.12,43.9,54.79,64.14,44.97,33.15,51.07,52.48
386,2006363,50006,50156,80:04.6,80:19.6,35,4,15.0,2,2,868,right_to_left,Melbourne V FC,5,False,False,False,finish,2,low_block,8,31.71,-29.49,5,wide_right,3,attacking_third,False,46.35,5.15,3,center,3,attacking_third,True,43.94,32.89,64.79,60.51,32.93,20.45,52.55,29.13
387,2006363,50485,50518,80:52.5,80:55.8,35,52,3.3,2,2,868,right_to_left,Melbourne V FC,2,True,False,True,set_play,7,defending_set_play,13,51.06,32.65,1,wide_left,3,attacking_third,False,49.02,0.89,3,center,3,attacking_third,True,38.88,35.69,70.92,67.59,14.04,16.12,15.64,19.64
388,2006363,50518,50678,80:55.8,81:11.8,35,55,16.0,2,1,870,left_to_right,CC Mariners,2,True,False,False,build_up,0,high_block,10,-49.23,-0.67,3,center,1,defensive_third,False,-25.93,-3.39,3,center,1,defensive_third,False,15.92,58.11,19.62,48.12,35.67,37.54,67.74,61.15
389,2006363,50678,50728,81:11.8,81:16.8,36,11,5.0,2,2,868,right_to_left,Melbourne V FC,2,True,False,False,chaotic,5,chaotic,5,25.89,3.63,3,center,3,attacking_third,False,32.97,-4.56,3,center,3,attacking_third,False,37.68,38.87,60.93,70.73,57.97,39.46,48.25,48.91
390,2006363,50728,50832,81:16.8,81:27.2,36,16,10.4,2,1,870,left_to_right,CC Mariners,2,True,False,False,transition,4,defending_transition,11,-32.74,4.08,3,center,1,defensive_third,False,42.07,-22.62,5,wide_right,3,attacking_third,False,39.13,46.48,48.89,75.86,38.68,31.69,70.66,64.23
391,2006363,50832,50931,81:27.2,81:37.1,36,27,9.9,2,2,868,right_to_left,Melbourne V FC,6,False,False,True,build_up,0,high_block,10,-42.55,22.16,1,wide_left,1,defensive_third,False,-20.62,29.27,1,wide_left,1,defensive_third,False,31.84,40.28,64.1,47.75,46.3,35.65,76.35,68.82
392,2006363,50931,50993,81:37.1,81:43.3,36,37,6.2,2,2,868,right_to_left,Melbourne V FC,3,False,False,True,create,1,medium_block,9,-19.34,28.36,1,wide_left,1,defensive_third,False,28.19,16.39,2,half_space_left,3,attacking_third,False,40.19,38.25,47.67,66.59,35.52,28.34,68.55,65.56
393,2006363,50993,51525,81:43.3,82:36.5,36,43,53.2,2,2,868,right_to_left,Melbourne V FC,20,False,False,True,finish,2,low_block,8,29.56,15.03,2,half_space_left,3,attacking_third,False,5.07,-16.21,4,half_space_right,2,middle_third,False,38.05,50.56,67.28,57.19,28.32,32.12,65.51,32.14
394,2006363,51525,51647,82:36.5,82:48.7,37,36,12.2,2,2,868,right_to_left,Melbourne V FC,5,False,False,False,create,1,medium_block,9,4.42,-15.88,4,half_space_right,2,middle_third,False,-19.29,-0.94,3,center,1,defensive_third,False,50.75,57.0,57.05,51.86,32.1,38.59,32.28,49.15
395,2006363,51647,51717,82:48.7,82:55.7,37,48,7.0,2,2,868,right_to_left,Melbourne V FC,2,False,False,False,build_up,0,high_block,10,-20.47,-0.56,3,center,1,defensive_third,False,-20.57,26.99,1,wide_left,1,defensive_third,False,57.13,63.13,51.77,45.01,38.68,45.67,49.54,61.37
396,2006363,51717,51751,82:55.7,82:59.1,37,55,3.4,2,2,868,right_to_left,Melbourne V FC,2,False,False,False,create,1,medium_block,9,-19.43,27.91,1,wide_left,1,defensive_third,False,-0.18,23.82,1,wide_left,2,middle_third,False,63.05,53.32,45.19,49.36,45.66,45.56,61.35,59.12
397,2006363,51907,51967,83:14.7,83:20.7,38,14,6.0,2,2,868,right_to_left,Melbourne V FC,2,True,False,False,create,1,medium_block,9,-2.93,23.27,1,wide_left,2,middle_third,False,13.97,-5.44,3,center,2,middle_third,False,55.47,59.74,52.17,50.2,38.31,36.3,41.87,44.64
398,2006363,52202,52255,83:44.2,83:49.5,38,44,5.3,2,1,870,left_to_right,CC Mariners,1,True,False,False,direct,6,defending_direct,15,-46.35,0.53,3,center,1,defensive_third,False,14.55,16.85,2,half_space_left,2,middle_third,False,62.58,43.33,54.28,57.95,40.21,33.19,66.57,57.19
399,2006363,52255,52271,83:49.5,83:51.1,38,49,1.6,2,2,868,right_to_left,Melbourne V FC,2,True,False,False,chaotic,5,chaotic,5,-14.82,-16.99,4,half_space_right,2,middle_third,False,-8.34,-13.62,4,half_space_right,2,middle_third,False,33.06,31.08,57.06,54.15,43.02,38.82,58.1,59.86
400,2006363,52271,52327,83:51.1,83:56.7,38,51,5.6,2,1,870,left_to_right,CC Mariners,2,False,False,False,chaotic,5,chaotic,5,7.39,13.58,2,half_space_left,2,middle_third,False,22.3,28.35,1,wide_left,3,attacking_third,False,38.55,39.0,59.99,59.06,30.94,37.54,53.93,48.84
401,2006363,52929,52945,84:56.9,84:58.5,39,56,1.6,2,1,870,left_to_right,CC Mariners,2,True,False,False,set_play,7,defending_set_play,13,34.45,17.91,2,half_space_left,3,attacking_third,False,52.61,-6.56,3,center,3,attacking_third,False,24.51,21.95,66.9,74.42,23.18,20.7,18.18,16.08
402,2006363,53306,53427,85:34.6,85:46.7,40,34,12.1,2,2,868,right_to_left,Melbourne V FC,3,True,False,False,create,1,medium_block,9,,,2,half_space_left,2,middle_third,False,24.93,2.06,3,center,3,attacking_third,False,,31.59,,60.69,,30.01,,46.3
403,2006363,53427,53466,85:46.7,85:50.6,40,46,3.9,2,1,870,left_to_right,CC Mariners,2,True,False,False,chaotic,5,chaotic,5,-25.1,-2.71,3,center,1,defensive_third,False,4.68,-26.15,5,wide_right,2,middle_third,False,30.28,47.24,46.43,54.97,31.59,39.35,60.9,57.68
404,2006363,53466,53563,85:50.6,86:00.3,40,50,9.7,2,2,868,right_to_left,Melbourne V FC,3,True,False,False,create,1,medium_block,9,-5.31,26.25,1,wide_left,2,middle_third,False,48.1,6.74,3,center,3,attacking_third,True,39.54,35.13,57.66,82.71,47.24,26.09,55.14,53.2
405,2006363,53787,53942,86:22.7,86:38.2,41,22,15.5,2,1,870,left_to_right,CC Mariners,7,False,False,False,build_up,0,high_block,10,,,2,half_space_left,2,middle_third,False,-20.09,3.67,3,center,1,defensive_third,False,,49.34,,45.34,,34.55,,63.36
406,2006363,53942,54112,86:38.2,86:55.2,41,38,17.0,2,1,870,left_to_right,CC Mariners,6,False,False,False,create,1,medium_block,9,-19.98,3.27,3,center,1,defensive_third,False,18.69,25.97,1,wide_left,3,attacking_third,False,49.25,44.32,45.43,61.46,34.27,35.13,63.17,50.87
407,2006363,54112,54236,86:55.2,87:07.6,41,55,12.4,2,1,870,left_to_right,CC Mariners,3,False,False,False,finish,2,low_block,8,19.12,25.97,1,wide_left,3,attacking_third,False,5.65,22.44,1,wide_left,2,middle_third,False,44.08,51.78,61.88,54.82,35.13,37.88,50.8,36.96
408,2006363,54236,54350,87:07.6,87:19.0,42,7,11.4,2,1,870,left_to_right,CC Mariners,3,False,False,False,create,1,medium_block,9,5.11,21.64,1,wide_left,2,middle_third,False,15.13,-16.35,4,half_space_right,2,middle_third,False,51.91,52.88,54.7,54.77,37.88,33.7,36.76,41.66
409,2006363,54350,54454,87:19.0,87:29.4,42,19,10.4,2,1,870,left_to_right,CC Mariners,2,True,False,False,finish,2,low_block,8,15.48,-17.53,4,half_space_right,2,middle_third,False,47.43,-25.48,5,wide_right,3,attacking_third,False,52.75,41.35,54.86,69.27,33.63,37.9,41.43,36.86
410,2006363,54454,54587,87:29.4,87:42.7,42,29,13.3,2,2,868,right_to_left,Melbourne V FC,3,False,False,False,transition,4,defending_transition,11,-47.53,25.1,1,wide_left,1,defensive_third,False,22.06,7.25,3,center,3,attacking_third,False,37.78,30.0,36.82,62.03,40.87,29.16,69.42,65.48
411,2006363,54587,54618,87:42.7,87:45.8,42,42,3.1,2,2,868,right_to_left,Melbourne V FC,1,True,False,False,create,1,medium_block,9,21.81,6.61,3,center,3,attacking_third,False,8.94,-9.69,4,half_space_right,2,middle_third,False,29.93,31.22,61.92,61.12,28.9,27.64,65.05,56.16
412,2006363,54618,54744,87:45.8,87:58.4,42,45,12.6,2,1,870,left_to_right,CC Mariners,1,False,False,False,transition,4,defending_transition,11,-8.56,10.06,2,half_space_left,2,middle_third,False,31.85,-16.99,4,half_space_right,3,attacking_third,False,27.77,36.41,55.96,66.73,31.01,28.71,61.0,48.24
413,2006363,54967,55000,88:20.7,88:24.0,43,20,3.3,2,1,870,left_to_right,CC Mariners,2,False,False,False,chaotic,5,chaotic,5,37.9,-30.35,5,wide_right,3,attacking_third,False,43.36,-5.79,3,center,3,attacking_third,True,39.76,39.03,70.7,78.54,29.5,25.84,31.99,32.24
414,2006363,55287,55351,88:52.7,88:59.1,43,52,6.4,2,1,870,left_to_right,CC Mariners,1,True,False,False,chaotic,5,chaotic,5,,,2,half_space_left,2,middle_third,False,14.45,-30.42,5,wide_right,2,middle_third,False,,42.46,,63.78,,59.27,,48.91
415,2006363,55351,55384,88:59.1,89:02.4,43,59,3.3,2,2,868,right_to_left,Melbourne V FC,1,False,False,False,chaotic,5,chaotic,5,-13.93,30.79,1,wide_left,2,middle_third,False,0.29,32.56,1,wide_left,2,middle_third,False,59.18,56.55,49.01,49.96,42.65,45.49,63.62,62.95
416,2006363,55500,55518,89:14.0,89:15.8,44,14,1.8,2,2,868,right_to_left,Melbourne V FC,1,True,False,False,set_play,7,defending_set_play,13,2.03,31.41,1,wide_left,2,middle_third,False,26.64,24.66,1,wide_left,3,attacking_third,False,50.46,49.66,55.48,63.74,36.85,35.16,43.44,46.45
417,2006363,55518,55695,89:15.8,89:33.5,44,15,17.7,2,1,870,left_to_right,CC Mariners,4,True,False,False,build_up,0,high_block,10,-27.83,-24.17,5,wide_right,1,defensive_third,False,-33.77,14.58,2,half_space_left,1,defensive_third,False,35.12,58.91,46.7,50.7,49.47,39.83,64.26,68.82
418,2006363,55695,55727,89:33.5,89:36.7,44,33,3.2,2,2,868,right_to_left,Melbourne V FC,2,False,False,True,quick_break,3,defending_quick_break,12,34.27,-14.23,4,half_space_right,3,attacking_third,False,49.46,1.34,3,center,3,attacking_third,True,39.77,36.99,68.84,73.99,58.75,48.85,50.54,45.24
419,2006363,56064,56074,90:10.4,90:11.4,45,10,1.0,2,2,868,right_to_left,Melbourne V FC,1,True,False,False,set_play,7,defending_set_play,13,50.86,31.79,1,wide_left,3,attacking_third,False,46.79,12.99,2,half_space_left,3,attacking_third,True,38.91,38.04,72.3,69.06,15.01,16.31,14.85,15.36
420,2006363,56363,56397,90:40.3,90:43.7,45,40,3.4,2,1,870,left_to_right,CC Mariners,2,True,False,False,chaotic,5,chaotic,5,-35.41,32.64,1,wide_left,1,defensive_third,False,-15.76,28.49,1,wide_left,2,middle_third,False,34.61,29.57,39.13,43.32,31.04,28.07,70.34,67.4
421,2006363,56397,56582,90:43.7,91:02.2,45,43,18.5,2,2,868,right_to_left,Melbourne V FC,8,False,True,True,finish,2,low_block,8,15.44,-28.62,5,wide_right,2,middle_third,False,49.12,3.45,3,center,3,attacking_third,True,28.21,44.77,67.23,65.28,29.38,26.47,43.36,33.7
422,2006363,57284,57359,92:12.4,92:19.9,47,12,7.5,2,1,870,left_to_right,CC Mariners,3,True,False,False,create,1,medium_block,9,-0.52,-0.35,3,center,2,middle_third,False,18.64,17.02,2,half_space_left,3,attacking_third,False,54.76,47.58,43.99,57.33,29.91,30.83,46.25,47.01
423,2006363,57359,57497,92:19.9,92:33.7,47,19,13.8,2,2,868,right_to_left,Melbourne V FC,5,True,False,False,transition,4,defending_transition,11,-19.93,-16.6,4,half_space_right,1,defensive_third,False,46.08,-9.29,4,half_space_right,3,attacking_third,True,30.51,32.37,46.99,85.59,47.28,23.47,57.54,52.82
424,2006363,57497,57590,92:33.7,92:43.0,47,33,9.3,2,1,870,left_to_right,CC Mariners,2,False,False,False,build_up,0,high_block,10,-46.01,9.44,2,half_space_left,1,defensive_third,False,-20.15,29.06,1,wide_left,1,defensive_third,False,23.51,39.81,52.79,53.44,32.2,37.27,85.58,60.85
425,2006363,57590,57622,92:43.0,92:46.2,47,43,3.2,2,1,870,left_to_right,CC Mariners,2,False,False,False,create,1,medium_block,9,-19.98,29.04,1,wide_left,1,defensive_third,False,-19.24,-10.05,4,half_space_right,1,defensive_third,False,40.12,43.61,53.38,50.6,37.29,38.81,60.49,55.64
426,2006363,57622,57684,92:46.2,92:52.4,47,46,6.2,2,1,870,left_to_right,CC Mariners,1,False,False,False,build_up,0,high_block,10,-20.0,-10.08,4,half_space_right,1,defensive_third,False,-20.44,-1.64,3,center,1,defensive_third,False,43.66,58.83,50.54,48.24,38.89,33.78,55.7,59.04
427,2006363,57684,57720,92:52.4,92:56.0,47,52,3.6,2,1,870,left_to_right,CC Mariners,1,True,False,False,create,1,medium_block,9,-19.83,-0.69,3,center,1,defensive_third,False,-7.22,6.05,3,center,2,middle_third,False,58.87,56.18,48.24,49.11,33.75,31.11,59.18,59.92
428,2006363,57720,57899,92:56.0,93:13.9,47,56,17.9,2,2,868,right_to_left,Melbourne V FC,9,False,False,False,create,1,medium_block,9,6.87,-7.74,3,center,2,middle_third,False,24.77,24.96,1,wide_left,3,attacking_third,False,31.19,51.12,59.87,59.01,56.04,42.99,49.19,48.82
429,2006363,57899,57926,93:13.9,93:16.6,48,13,2.7,2,2,868,right_to_left,Melbourne V FC,2,False,False,False,finish,2,low_block,8,25.33,24.4,1,wide_left,3,attacking_third,False,-25.79,-22.05,5,wide_right,1,defensive_third,False,51.07,35.68,59.29,47.17,42.97,43.06,48.86,67.31
430,2006363,57926,57972,93:16.6,93:21.2,48,16,4.6,2,2,868,right_to_left,Melbourne V FC,2,True,False,False,chaotic,5,chaotic,5,25.69,22.67,1,wide_left,3,attacking_third,False,32.11,5.35,3,center,3,attacking_third,False,42.64,33.32,67.39,62.52,35.32,28.74,47.05,42.63
431,2006363,57972,58129,93:21.2,93:36.9,48,21,15.7,2,1,870,left_to_right,CC Mariners,1,False,False,False,build_up,0,high_block,10,-32.47,-4.04,3,center,1,defensive_third,False,-44.35,-2.4,3,center,1,defensive_third,False,28.6,59.29,42.56,47.39,33.19,38.56,62.85,74.62
432,2006363,58129,58158,93:36.9,93:39.8,48,36,2.9,2,1,870,left_to_right,CC Mariners,1,True,False,False,direct,6,defending_direct,15,-43.96,-2.58,3,center,1,defensive_third,False,5.27,-15.18,4,half_space_right,2,middle_third,False,59.43,55.13,47.25,54.45,38.65,38.39,74.85,75.34
433,2006363,58158,58168,93:39.8,93:40.8,48,39,1.0,2,2,868,right_to_left,Melbourne V FC,0,False,False,False,create,1,medium_block,9,-5.75,15.43,2,half_space_left,2,middle_third,False,4.49,17.41,2,half_space_left,2,middle_third,False,38.34,37.5,75.24,73.28,54.76,50.54,54.79,57.15
434,2006363,58168,58183,93:40.8,93:42.3,48,40,1.5,2,2,868,right_to_left,Melbourne V FC,1,False,False,False,finish,2,low_block,8,5.58,17.25,2,half_space_left,2,middle_third,False,6.94,14.69,2,half_space_left,2,middle_third,False,37.38,36.65,72.97,68.02,50.0,43.55,57.3,57.6
435,2006363,58183,58417,93:42.3,94:05.7,48,42,23.4,2,2,868,right_to_left,Melbourne V FC,9,True,False,False,create,1,medium_block,9,6.67,14.56,2,half_space_left,2,middle_third,False,43.04,-5.96,3,center,3,attacking_third,True,36.68,45.51,67.68,77.09,43.3,39.68,57.56,51.05
436,2006363,58417,58497,94:05.7,94:13.7,49,5,8.0,2,1,870,left_to_right,CC Mariners,2,False,False,False,build_up,0,high_block,10,-43.34,5.76,3,center,1,defensive_third,False,-20.22,20.93,1,wide_left,1,defensive_third,False,39.67,44.38,50.82,46.86,45.12,37.7,77.55,70.39
437,2006363,58497,58656,94:13.7,94:29.6,49,13,15.9,2,1,870,left_to_right,CC Mariners,4,False,False,False,create,1,medium_block,9,-19.59,21.6,1,wide_left,1,defensive_third,False,21.36,32.36,1,wide_left,3,attacking_third,False,44.4,48.54,46.92,57.14,37.64,36.07,70.29,47.16
438,2006363,58779,58794,94:41.9,94:43.4,49,41,1.5,2,1,870,left_to_right,CC Mariners,1,False,False,False,set_play,7,defending_set_play,13,28.76,30.52,1,wide_left,3,attacking_third,False,39.09,24.41,1,wide_left,3,attacking_third,False,36.25,33.29,59.27,65.52,33.92,33.41,32.06,31.54
