index,match_id,frame_start,frame_end,time_start,time_end,minute_start,second_start,duration,period,attacking_side_id,team_in_possession_id,attacking_side,team_in_possession_shortname,n_player_possessions_in_phase,team_possession_loss_in_phase,team_possession_lead_to_goal,team_possession_lead_to_shot,team_in_possession_phase_type,team_in_possession_phase_type_id,team_out_of_possession_phase_type,team_out_of_possession_phase_type_id,x_start,y_start,channel_id_start,channel_start,third_id_start,third_start,penalty_area_start,x_end,y_end,channel_id_end,channel_end,third_id_end,third_end,penalty_area_end,team_in_possession_width_start,team_in_possession_width_end,team_in_possession_length_start,team_in_possession_length_end,team_out_of_possession_width_start,team_out_of_possession_width_end,team_out_of_possession_length_start,team_out_of_possession_length_end
0,1927964,27,55,00:01.7,00:04.5,0,1,2.8,1,2,867,right_to_left,Wellington P FC,2,False,False,False,chaotic,5,chaotic,5,-15.53,0.37,3,center,2,middle_third,False,-26.15,-4.1,3,center,1,defensive_third,False,42.86,40.98,30.11,39.97,30.22,32.15,42.51,58.5
1,1927964,55,90,00:04.5,00:08.0,0,4,3.5,1,2,867,right_to_left,Wellington P FC,1,True,False,False,direct,6,defending_direct,15,-25.8,-4.28,3,center,1,defensive_third,False,24.82,-21.31,5,wide_right,3,attacking_third,False,40.9,30.37,40.19,56.53,32.15,23.32,58.96,61.18
2,1927964,90,102,00:08.0,00:09.2,0,8,1.2,1,1,2902,left_to_right,Western Sydney,0,False,False,False,build_up,0,high_block,10,-25.07,21.27,1,wide_left,1,defensive_third,False,-20.28,14.88,2,half_space_left,1,defensive_third,False,23.35,24.4,60.93,57.29,30.1,27.61,57.03,62.64
3,1927964,102,431,00:09.2,00:42.1,0,9,32.9,1,1,2902,left_to_right,Western Sydney,9,False,False,False,create,1,medium_block,9,-19.85,14.2,2,half_space_left,1,defensive_third,False,-7.49,-30.23,5,wide_right,2,middle_third,False,24.67,52.29,56.87,56.09,27.5,45.08,62.95,49.73
4,1927964,431,457,00:42.1,00:44.7,0,42,2.6,1,1,2902,left_to_right,Western Sydney,1,True,False,False,direct,6,defending_direct,15,-7.29,-30.26,5,wide_right,2,middle_third,False,30.79,-23.7,5,wide_right,3,attacking_third,False,52.08,46.18,56.4,70.26,45.08,43.87,49.85,50.05
5,1927964,457,468,00:44.7,00:45.8,0,44,1.1,1,2,867,right_to_left,Wellington P FC,1,True,False,False,chaotic,5,chaotic,5,-31.83,23.87,1,wide_left,1,defensive_third,False,-39.0,24.47,1,wide_left,1,defensive_third,False,43.83,42.69,50.04,49.84,45.86,43.04,70.75,74.16
6,1927964,468,507,00:45.8,00:49.7,0,45,3.9,1,1,2902,left_to_right,Western Sydney,3,False,True,True,finish,2,low_block,8,39.57,-24.53,5,wide_right,3,attacking_third,False,53.03,2.37,3,center,3,attacking_third,False,42.84,33.67,74.49,78.09,42.53,32.36,49.85,44.26
7,1927964,1188,1203,01:57.8,01:59.3,1,57,1.5,1,2,867,right_to_left,Wellington P FC,1,False,False,False,create,1,medium_block,9,-1.08,-0.29,3,center,2,middle_third,False,-19.52,0.74,3,center,1,defensive_third,False,45.55,45.36,31.99,32.53,39.0,37.74,42.49,47.6
8,1927964,1203,1224,01:59.3,02:01.4,1,59,2.1,1,2,867,right_to_left,Wellington P FC,1,False,False,False,build_up,0,high_block,10,-20.51,0.93,3,center,1,defensive_third,False,-25.43,-2.81,3,center,1,defensive_third,False,45.35,42.64,32.76,37.0,37.61,34.99,48.12,60.17
9,1927964,1224,1258,02:01.4,02:04.8,2,1,3.4,1,2,867,right_to_left,Wellington P FC,1,False,False,False,direct,6,defending_direct,15,-24.89,-3.19,3,center,1,defensive_third,False,25.17,-24.73,5,wide_right,3,attacking_third,False,42.39,31.7,37.42,58.21,34.79,26.83,60.69,67.81
10,1927964,1258,1320,02:04.8,02:11.0,2,4,6.2,1,2,867,right_to_left,Wellington P FC,1,True,False,False,finish,2,low_block,8,26.25,-25.15,5,wide_right,3,attacking_third,False,48.95,-6.22,3,center,3,attacking_third,True,31.42,27.29,58.88,78.86,26.53,25.91,67.84,54.97
11,1927964,1320,1712,02:11.0,02:50.2,2,11,39.2,1,1,2902,left_to_right,Western Sydney,12,False,False,False,build_up,0,high_block,10,-49.09,5.71,3,center,1,defensive_third,False,-20.58,-28.02,5,wide_right,1,defensive_third,False,26.02,53.4,54.8,48.65,27.33,48.22,79.01,62.1
12,1927964,1712,1714,02:50.2,02:50.4,2,50,0.2,1,1,2902,left_to_right,Western Sydney,0,True,False,False,create,1,medium_block,9,-18.86,-28.43,5,wide_right,1,defensive_third,False,-17.17,-28.8,5,wide_right,2,middle_third,False,53.05,52.7,48.87,49.09,48.16,48.07,62.1,62.09
13,1927964,1903,1923,03:09.3,03:11.3,3,9,2.0,1,2,867,right_to_left,Wellington P FC,2,False,False,False,chaotic,5,chaotic,5,-9.75,34.44,1,wide_left,2,middle_third,False,-10.23,33.27,1,wide_left,2,middle_third,False,43.08,41.6,44.64,45.5,26.69,26.5,53.81,53.62
14,1927964,1965,1970,03:15.5,03:16.0,3,15,0.5,1,2,867,right_to_left,Wellington P FC,1,False,False,False,create,1,medium_block,9,-14.47,34.81,1,wide_left,2,middle_third,False,-19.41,33.56,1,wide_left,1,defensive_third,False,44.58,44.89,51.17,52.05,27.3,27.57,54.36,54.8
15,1927964,1970,2068,03:16.0,03:25.8,3,16,9.8,1,2,867,right_to_left,Wellington P FC,3,False,False,False,build_up,0,high_block,10,-20.63,33.0,1,wide_left,1,defensive_third,False,-21.04,-29.75,5,wide_right,1,defensive_third,False,45.0,58.25,52.25,47.07,27.62,36.04,54.99,56.67
16,1927964,2068,2102,03:25.8,03:29.2,3,25,3.4,1,2,867,right_to_left,Wellington P FC,1,False,False,False,create,1,medium_block,9,-19.84,-30.26,5,wide_right,1,defensive_third,False,-19.76,-31.25,5,wide_right,1,defensive_third,False,58.16,53.12,47.08,47.61,35.86,31.92,56.22,55.89
17,1927964,2102,2219,03:29.2,03:40.9,3,29,11.7,1,2,867,right_to_left,Wellington P FC,2,False,False,False,build_up,0,high_block,10,-21.22,-31.13,5,wide_right,1,defensive_third,False,-20.27,13.33,2,half_space_left,1,defensive_third,False,53.11,58.8,47.62,47.48,31.79,31.49,56.29,49.05
18,1927964,2219,2408,03:40.9,03:59.8,3,40,18.9,1,2,867,right_to_left,Wellington P FC,3,False,False,False,create,1,medium_block,9,-19.72,13.35,2,half_space_left,1,defensive_third,False,-17.53,1.37,3,center,1,defensive_third,False,58.83,56.17,47.52,45.75,31.5,36.94,49.03,47.62
19,1927964,2408,2479,03:59.8,04:06.9,3,59,7.1,1,2,867,right_to_left,Wellington P FC,2,True,False,False,direct,6,defending_direct,15,-17.29,1.35,3,center,2,middle_third,False,46.87,-35.14,5,wide_right,3,attacking_third,False,56.2,46.96,46.15,74.96,36.59,41.18,47.83,53.64
20,1927964,2514,2572,04:10.4,04:16.2,4,10,5.8,1,1,2902,left_to_right,Western Sydney,3,True,False,False,build_up,0,high_block,10,-48.71,32.52,1,wide_left,1,defensive_third,False,-25.23,18.09,2,half_space_left,1,defensive_third,False,40.92,39.51,47.2,40.38,42.08,39.69,66.15,68.64
21,1927964,2572,2666,04:16.2,04:25.6,4,16,9.4,1,2,867,right_to_left,Wellington P FC,4,False,False,False,finish,2,low_block,8,24.42,-17.83,4,half_space_right,3,attacking_third,False,6.57,-29.09,5,wide_right,2,middle_third,False,39.65,51.58,68.41,55.09,39.26,34.02,40.17,39.65
22,1927964,2666,3033,04:25.6,05:02.3,4,25,36.7,1,2,867,right_to_left,Wellington P FC,14,False,False,False,create,1,medium_block,9,5.62,-29.11,5,wide_right,2,middle_third,False,15.63,-30.6,5,wide_right,2,middle_third,False,51.71,52.52,55.08,56.55,33.93,30.47,39.61,45.17
23,1927964,3033,3060,05:02.3,05:05.0,5,2,2.7,1,2,867,right_to_left,Wellington P FC,2,True,False,False,finish,2,low_block,8,16.19,-30.29,5,wide_right,2,middle_third,False,33.66,-22.39,5,wide_right,3,attacking_third,False,52.11,44.15,56.89,64.81,30.44,24.17,45.13,42.01
24,1927964,3060,3152,05:05.0,05:14.2,5,5,9.2,1,1,2902,left_to_right,Western Sydney,2,False,False,False,build_up,0,high_block,10,-34.37,22.16,1,wide_left,1,defensive_third,False,-20.46,26.78,1,wide_left,1,defensive_third,False,23.97,52.9,41.86,36.71,43.74,39.15,65.09,65.02
25,1927964,3152,3241,05:14.2,05:23.1,5,14,8.9,1,1,2902,left_to_right,Western Sydney,3,True,False,False,create,1,medium_block,9,-19.76,26.57,1,wide_left,1,defensive_third,False,3.36,18.75,2,half_space_left,2,middle_third,False,53.14,47.7,36.97,46.46,39.22,40.01,64.64,46.38
26,1927964,3241,3282,05:23.1,05:27.2,5,23,4.1,1,2,867,right_to_left,Wellington P FC,2,True,False,False,chaotic,5,chaotic,5,-3.4,-18.94,4,half_space_right,2,middle_third,False,16.58,-23.55,5,wide_right,2,middle_third,False,40.09,48.43,46.34,55.36,47.49,41.11,46.37,43.81
27,1927964,3282,3304,05:27.2,05:29.4,5,27,2.2,1,1,2902,left_to_right,Western Sydney,2,False,False,False,create,1,medium_block,9,-17.19,23.25,1,wide_left,2,middle_third,False,-19.94,15.47,2,half_space_left,1,defensive_third,False,41.21,44.79,43.79,42.9,48.27,43.08,55.54,54.15
28,1927964,3304,3421,05:29.4,05:41.1,5,29,11.7,1,1,2902,left_to_right,Western Sydney,4,False,False,False,build_up,0,high_block,10,-21.46,15.66,2,half_space_left,1,defensive_third,False,-20.12,26.93,1,wide_left,1,defensive_third,False,44.94,53.23,42.86,38.16,42.88,43.2,54.14,54.03
29,1927964,3421,3474,05:41.1,05:46.4,5,41,5.3,1,1,2902,left_to_right,Western Sydney,1,False,False,False,create,1,medium_block,9,-19.93,27.0,1,wide_left,1,defensive_third,False,-19.2,22.27,1,wide_left,1,defensive_third,False,53.36,54.81,38.37,42.48,43.19,41.46,53.97,50.29
30,1927964,3474,3621,05:46.4,06:01.1,5,46,14.7,1,1,2902,left_to_right,Western Sydney,5,False,False,False,build_up,0,high_block,10,-20.12,21.48,1,wide_left,1,defensive_third,False,-20.23,14.28,2,half_space_left,1,defensive_third,False,54.77,54.61,42.43,46.5,41.38,40.72,50.23,57.23
31,1927964,3621,3764,06:01.1,06:15.4,6,1,14.3,1,1,2902,left_to_right,Western Sydney,6,False,False,False,create,1,medium_block,9,-19.94,14.43,2,half_space_left,1,defensive_third,False,-19.35,-25.13,5,wide_right,1,defensive_third,False,54.67,51.3,46.88,43.84,40.58,44.2,57.07,52.7
32,1927964,3764,3857,06:15.4,06:24.7,6,15,9.3,1,1,2902,left_to_right,Western Sydney,3,False,False,False,build_up,0,high_block,10,-20.1,-24.26,5,wide_right,1,defensive_third,False,-20.77,27.03,1,wide_left,1,defensive_third,False,51.19,51.95,43.82,45.9,44.17,41.38,53.06,68.3
33,1927964,3857,3870,06:24.7,06:26.0,6,24,1.3,1,1,2902,left_to_right,Western Sydney,0,True,False,False,create,1,medium_block,9,-19.08,27.5,1,wide_left,1,defensive_third,False,-7.48,31.73,1,wide_left,2,middle_third,False,51.69,48.23,46.33,51.02,41.41,44.26,68.34,68.9
34,1927964,3870,3885,06:26.0,06:27.5,6,26,1.5,1,2,867,right_to_left,Wellington P FC,1,True,False,False,chaotic,5,chaotic,5,7.04,-31.91,5,wide_right,2,middle_third,False,16.09,-34.0,5,wide_right,2,middle_third,False,44.6,46.56,68.91,68.25,47.98,46.79,51.22,50.82
35,1927964,3933,3997,06:32.3,06:38.7,6,32,6.4,1,1,2902,left_to_right,Western Sydney,2,False,False,False,create,1,medium_block,9,-18.72,31.57,1,wide_left,1,defensive_third,False,15.96,3.4,3,center,2,middle_third,False,45.25,43.72,48.09,62.28,38.55,26.74,60.84,62.24
36,1927964,3997,4040,06:38.7,06:43.0,6,38,4.3,1,1,2902,left_to_right,Western Sydney,2,True,False,False,finish,2,low_block,8,16.47,3.02,3,center,2,middle_third,False,36.75,1.58,3,center,3,attacking_third,True,43.72,39.46,62.61,69.67,26.65,23.83,62.21,52.8
37,1927964,4040,4090,06:43.0,06:48.0,6,43,5.0,1,2,867,right_to_left,Wellington P FC,1,True,False,False,chaotic,5,chaotic,5,-36.92,-0.85,3,center,1,defensive_third,False,-25.27,20.24,1,wide_left,1,defensive_third,False,23.66,32.54,52.6,48.04,39.16,31.7,69.84,67.79
38,1927964,4090,4125,06:48.0,06:51.5,6,48,3.5,1,1,2902,left_to_right,Western Sydney,1,False,False,False,finish,2,low_block,8,24.99,-20.58,5,wide_right,3,attacking_third,False,6.36,-24.77,5,wide_right,2,middle_third,False,32.11,41.73,67.51,59.11,32.75,34.25,48.02,44.47
39,1927964,4125,4431,06:51.5,07:22.1,6,51,30.6,1,1,2902,left_to_right,Western Sydney,12,True,False,False,create,1,medium_block,9,5.68,-24.52,5,wide_right,2,middle_third,False,29.86,8.84,3,center,3,attacking_third,False,41.98,42.81,58.93,61.03,34.34,28.38,44.28,49.28
40,1927964,4431,4462,07:22.1,07:25.2,7,22,3.1,1,2,867,right_to_left,Wellington P FC,2,True,False,False,chaotic,5,chaotic,5,-29.84,-9.04,3,center,1,defensive_third,False,-0.02,-8.88,3,center,2,middle_third,False,28.79,32.04,49.27,48.13,42.4,33.44,61.2,61.57
41,1927964,4462,4486,07:25.2,07:27.6,7,25,2.4,1,1,2902,left_to_right,Western Sydney,2,False,False,True,create,1,medium_block,9,-0.78,8.84,3,center,2,middle_third,False,4.93,8.9,3,center,2,middle_third,False,33.66,43.89,61.58,59.0,31.88,31.26,48.02,43.98
42,1927964,4486,4723,07:27.6,07:51.3,7,27,23.7,1,1,2902,left_to_right,Western Sydney,8,True,False,True,finish,2,low_block,8,5.06,8.85,3,center,2,middle_third,False,50.4,-3.63,3,center,3,attacking_third,True,44.36,34.54,58.86,69.21,31.31,28.32,43.84,26.08
43,1927964,5070,5097,08:26.0,08:28.7,8,26,2.7,1,2,867,right_to_left,Wellington P FC,1,True,False,False,direct,6,defending_direct,15,,,2,half_space_left,2,middle_third,False,1.34,-6.43,3,center,2,middle_third,False,,42.51,,62.52,,37.83,,59.29
44,1927964,5097,5351,08:28.7,08:54.1,8,28,25.4,1,1,2902,left_to_right,Western Sydney,12,True,False,False,create,1,medium_block,9,-2.4,6.79,3,center,2,middle_third,False,2.72,-21.87,5,wide_right,2,middle_third,False,37.53,47.32,59.15,49.53,42.17,48.79,62.52,56.32
45,1927964,5351,5400,08:54.1,08:59.0,8,54,4.9,1,2,867,right_to_left,Wellington P FC,1,True,False,False,chaotic,5,chaotic,5,-2.63,21.47,1,wide_left,2,middle_third,False,32.2,1.5,3,center,3,attacking_third,False,48.68,46.75,56.28,66.01,46.92,41.6,49.84,47.76
46,1927964,5400,5564,08:59.0,09:15.4,8,59,16.4,1,1,2902,left_to_right,Western Sydney,6,False,True,True,transition,4,defending_transition,11,-32.54,-0.75,3,center,1,defensive_third,False,51.71,-0.28,3,center,3,attacking_third,True,41.49,31.56,47.63,79.28,46.54,29.89,66.27,51.23
47,1927964,6249,6307,10:23.9,10:29.7,10,23,5.8,1,2,867,right_to_left,Wellington P FC,3,False,False,False,create,1,medium_block,9,-0.24,-0.04,3,center,2,middle_third,False,-19.97,18.91,2,half_space_left,1,defensive_third,False,52.27,55.53,40.61,49.26,41.77,44.51,41.15,56.26
48,1927964,6307,6438,10:29.7,10:42.8,10,29,13.1,1,2,867,right_to_left,Wellington P FC,4,False,False,False,build_up,0,high_block,10,-20.2,19.31,2,half_space_left,1,defensive_third,False,-20.51,-32.47,5,wide_right,1,defensive_third,False,55.72,62.1,49.35,45.81,44.69,34.32,56.39,70.8
49,1927964,6438,6516,10:42.8,10:50.6,10,42,7.8,1,2,867,right_to_left,Wellington P FC,3,True,False,False,create,1,medium_block,9,-19.88,-32.55,5,wide_right,1,defensive_third,False,0.72,-31.7,5,wide_right,2,middle_third,False,61.94,52.14,45.84,48.93,34.14,34.82,70.48,49.86
50,1927964,6516,6767,10:50.6,11:15.7,10,50,25.1,1,1,2902,left_to_right,Western Sydney,13,False,False,False,create,1,medium_block,9,-1.1,31.33,1,wide_left,2,middle_third,False,-19.68,30.56,1,wide_left,1,defensive_third,False,34.76,51.08,49.7,54.13,51.97,44.35,48.94,52.86
51,1927964,6767,6829,11:15.7,11:21.9,11,15,6.2,1,1,2902,left_to_right,Western Sydney,2,False,False,False,build_up,0,high_block,10,-20.39,29.8,1,wide_left,1,defensive_third,False,-43.27,-12.58,4,half_space_right,1,defensive_third,False,51.07,55.42,54.1,45.28,44.46,46.04,53.37,74.6
52,1927964,6829,6855,11:21.9,11:24.5,11,21,2.6,1,1,2902,left_to_right,Western Sydney,1,False,False,False,direct,6,defending_direct,15,-42.76,-12.98,4,half_space_right,1,defensive_third,False,-4.05,-19.27,4,half_space_right,2,middle_third,False,55.27,48.36,45.41,50.19,46.07,44.85,74.46,68.75
53,1927964,6855,7152,11:24.5,11:54.2,11,24,29.7,1,1,2902,left_to_right,Western Sydney,12,True,False,False,create,1,medium_block,9,-3.63,-19.52,4,half_space_right,2,middle_third,False,7.69,-23.37,5,wide_right,2,middle_third,False,47.96,51.42,50.44,53.02,44.63,36.31,68.58,58.05
54,1927964,7152,7172,11:54.2,11:56.2,11,54,2.0,1,2,867,right_to_left,Wellington P FC,1,True,False,False,chaotic,5,chaotic,5,-7.64,22.95,1,wide_left,2,middle_third,False,3.82,24.41,1,wide_left,2,middle_third,False,36.23,34.48,57.9,54.64,51.02,46.11,53.27,55.42
55,1927964,7172,7236,11:56.2,12:02.6,11,56,6.4,1,1,2902,left_to_right,Western Sydney,3,False,False,False,create,1,medium_block,9,-3.45,-24.22,5,wide_right,2,middle_third,False,11.84,26.11,1,wide_left,2,middle_third,False,45.91,46.96,55.35,59.35,34.32,36.09,54.36,44.39
56,1927964,7236,7283,12:02.6,12:07.3,12,2,4.7,1,1,2902,left_to_right,Western Sydney,1,True,False,False,finish,2,low_block,8,12.29,26.22,1,wide_left,2,middle_third,False,46.79,-3.13,3,center,3,attacking_third,True,46.86,34.6,59.56,73.89,36.16,34.47,44.23,37.1
57,1927964,7283,7489,12:07.3,12:27.9,12,7,20.6,1,2,867,right_to_left,Wellington P FC,5,False,False,False,build_up,0,high_block,10,-47.13,3.5,3,center,1,defensive_third,False,-22.14,-11.35,4,half_space_right,1,defensive_third,False,34.4,64.99,37.06,47.17,34.51,32.05,74.09,52.78
58,1927964,7489,7523,12:27.9,12:31.3,12,27,3.4,1,2,867,right_to_left,Wellington P FC,1,False,False,False,direct,6,defending_direct,15,-22.02,-11.31,4,half_space_right,1,defensive_third,False,27.83,4.1,3,center,3,attacking_third,False,64.95,58.87,47.58,65.73,31.95,28.95,52.7,43.23
59,1927964,7782,7928,12:57.2,13:11.8,12,57,14.6,1,2,867,right_to_left,Wellington P FC,7,False,False,False,create,1,medium_block,9,-20.05,-11.02,4,half_space_right,1,defensive_third,False,-7.14,12.45,2,half_space_left,2,middle_third,False,61.76,58.36,46.0,54.55,37.53,36.43,48.78,49.86
60,1927964,8121,8313,13:31.1,13:50.3,13,31,19.2,1,2,867,right_to_left,Wellington P FC,6,False,False,False,create,1,medium_block,9,,,2,half_space_left,2,middle_third,False,20.38,33.08,1,wide_left,3,attacking_third,False,,58.12,,54.46,,40.18,,38.18
61,1927964,8313,8338,13:50.3,13:52.8,13,50,2.5,1,2,867,right_to_left,Wellington P FC,2,False,False,False,finish,2,low_block,8,20.23,32.99,1,wide_left,3,attacking_third,False,5.74,30.76,1,wide_left,2,middle_third,False,57.94,55.84,54.7,56.12,40.14,40.3,38.13,38.44
62,1927964,8338,8443,13:52.8,14:03.3,13,52,10.5,1,2,867,right_to_left,Wellington P FC,4,False,False,False,create,1,medium_block,9,5.28,30.66,1,wide_left,2,middle_third,False,16.31,-31.59,5,wide_right,2,middle_third,False,55.87,55.67,56.09,55.17,40.32,30.18,38.48,42.2
63,1927964,8443,8554,14:03.3,14:14.4,14,3,11.1,1,2,867,right_to_left,Wellington P FC,4,True,False,False,finish,2,low_block,8,16.63,-31.62,5,wide_right,2,middle_third,False,51.53,13.16,2,half_space_left,3,attacking_third,True,55.57,37.12,55.28,78.69,30.38,25.35,42.2,31.85
64,1927964,8554,8625,14:14.4,14:21.5,14,14,7.1,1,1,2902,left_to_right,Western Sydney,2,False,False,False,chaotic,5,chaotic,5,-51.5,-11.77,4,half_space_right,1,defensive_third,False,-19.36,18.35,2,half_space_left,1,defensive_third,False,24.94,38.14,31.72,34.02,36.68,34.27,79.1,75.04
65,1927964,8809,8948,14:39.9,14:53.8,14,39,13.9,1,1,2902,left_to_right,Western Sydney,5,False,False,False,create,1,medium_block,9,,,2,half_space_left,2,middle_third,False,28.92,-33.94,5,wide_right,3,attacking_third,False,,52.47,,58.06,,44.4,,59.02
66,1927964,8948,8971,14:53.8,14:56.1,14,53,2.3,1,1,2902,left_to_right,Western Sydney,1,True,False,False,finish,2,low_block,8,29.4,-33.94,5,wide_right,3,attacking_third,False,37.19,-34.27,5,wide_right,3,attacking_third,False,52.38,48.72,58.67,67.62,44.29,46.74,59.14,58.68
67,1927964,9027,9117,15:01.7,15:10.7,15,1,9.0,1,2,867,right_to_left,Wellington P FC,4,False,False,False,build_up,0,high_block,10,-35.81,32.75,1,wide_left,1,defensive_third,False,-20.23,-17.03,4,half_space_right,1,defensive_third,False,48.0,60.48,47.94,43.93,36.8,36.79,67.68,55.5
68,1927964,9117,9121,15:10.7,15:11.1,15,10,0.4,1,2,867,right_to_left,Wellington P FC,1,False,False,False,create,1,medium_block,9,-19.51,-17.11,4,half_space_right,1,defensive_third,False,-19.93,-17.61,4,half_space_right,1,defensive_third,False,60.47,60.44,43.92,43.91,36.85,37.05,55.52,55.74
69,1927964,9121,9148,15:11.1,15:13.8,15,11,2.7,1,2,867,right_to_left,Wellington P FC,2,False,False,False,build_up,0,high_block,10,-20.87,-17.74,4,half_space_right,1,defensive_third,False,-20.13,-10.74,4,half_space_right,1,defensive_third,False,60.44,59.51,43.92,42.74,37.12,37.69,55.9,61.43
70,1927964,9148,9247,15:13.8,15:23.7,15,13,9.9,1,2,867,right_to_left,Wellington P FC,4,False,False,False,create,1,medium_block,9,-19.77,-10.43,4,half_space_right,1,defensive_third,False,27.18,26.73,1,wide_left,3,attacking_third,False,59.36,48.11,42.67,61.26,37.63,34.09,61.37,52.25
71,1927964,9247,9347,15:23.7,15:33.7,15,23,10.0,1,2,867,right_to_left,Wellington P FC,3,False,False,False,finish,2,low_block,8,27.84,26.61,1,wide_left,3,attacking_third,False,5.95,10.6,2,half_space_left,2,middle_third,False,47.75,50.63,61.51,61.45,33.91,35.55,52.15,33.63
72,1927964,9347,9378,15:33.7,15:36.8,15,33,3.1,1,2,867,right_to_left,Wellington P FC,1,False,False,False,create,1,medium_block,9,5.39,10.03,2,half_space_left,2,middle_third,False,4.97,-7.66,3,center,2,middle_third,False,50.85,57.42,61.27,57.38,35.63,38.06,33.57,35.33
73,1927964,9378,9407,15:36.8,15:39.7,15,36,2.9,1,2,867,right_to_left,Wellington P FC,1,True,False,False,finish,2,low_block,8,5.27,-8.48,3,center,2,middle_third,False,22.38,-9.72,4,half_space_right,3,attacking_third,False,57.55,58.05,57.33,57.41,38.14,31.51,35.32,33.73
74,1927964,9407,9712,15:39.7,16:10.2,15,39,30.5,1,1,2902,left_to_right,Western Sydney,10,False,False,False,create,1,medium_block,9,-23.14,9.33,2,half_space_left,1,defensive_third,False,12.23,-20.21,5,wide_right,2,middle_third,False,30.88,49.36,33.72,53.2,57.98,41.57,57.5,44.98
75,1927964,9842,9850,16:23.2,16:24.0,16,23,0.8,1,1,2902,left_to_right,Western Sydney,1,False,False,True,direct,6,defending_direct,15,,,2,half_space_left,2,middle_third,False,,,2,half_space_left,2,middle_third,False,,,,,,,,
76,1927964,9850,10047,16:24.0,16:43.7,16,24,19.7,1,1,2902,left_to_right,Western Sydney,5,False,False,True,create,1,medium_block,9,-7.94,5.61,3,center,2,middle_third,False,24.19,-13.12,4,half_space_right,3,attacking_third,False,57.08,42.6,51.88,60.05,46.55,36.4,38.86,51.44
77,1927964,10047,10107,16:43.7,16:49.7,16,43,6.0,1,1,2902,left_to_right,Western Sydney,3,True,False,True,finish,2,low_block,8,24.78,-12.2,4,half_space_right,3,attacking_third,False,44.59,3.76,3,center,3,attacking_third,True,42.32,35.96,60.67,71.3,36.11,29.07,51.61,47.56
78,1927964,10489,10561,17:27.9,17:35.1,17,27,7.2,1,2,867,right_to_left,Wellington P FC,3,False,False,False,build_up,0,high_block,10,-48.42,4.12,3,center,1,defensive_third,False,-21.36,20.56,1,wide_left,1,defensive_third,False,48.47,47.87,51.68,48.54,40.49,36.88,66.29,56.15
79,1927964,10561,10672,17:35.1,17:46.2,17,35,11.1,1,2,867,right_to_left,Wellington P FC,4,False,False,False,create,1,medium_block,9,-19.37,21.15,1,wide_left,1,defensive_third,False,-7.14,-5.66,3,center,2,middle_third,False,47.89,52.37,48.65,52.0,37.0,29.82,56.14,44.42
80,1927964,10672,10701,17:46.2,17:49.1,17,46,2.9,1,2,867,right_to_left,Wellington P FC,1,True,False,False,direct,6,defending_direct,15,-6.94,-5.43,3,center,2,middle_third,False,33.01,-0.38,3,center,3,attacking_third,False,52.63,50.04,52.06,68.95,29.89,23.89,44.34,42.07
81,1927964,10701,11143,17:49.1,18:33.3,17,49,44.2,1,1,2902,left_to_right,Western Sydney,12,False,False,False,create,1,medium_block,9,-33.87,0.36,3,center,1,defensive_third,False,-0.26,23.84,1,wide_left,2,middle_third,False,23.5,51.09,41.74,51.88,49.71,39.73,69.56,47.36
82,1927964,11313,11497,18:50.3,19:08.7,18,50,18.4,1,1,2902,left_to_right,Western Sydney,8,True,False,False,create,1,medium_block,9,-4.75,21.46,1,wide_left,2,middle_third,False,4.37,-29.39,5,wide_right,2,middle_third,False,55.55,52.66,54.95,58.32,37.15,42.77,45.16,51.61
83,1927964,11497,11547,19:08.7,19:13.7,19,8,5.0,1,2,867,right_to_left,Wellington P FC,3,False,False,False,chaotic,5,chaotic,5,-4.44,29.41,1,wide_left,2,middle_third,False,-15.31,17.8,2,half_space_left,2,middle_third,False,42.77,43.77,51.58,47.56,52.6,36.61,58.28,51.66
84,1927964,12086,12389,20:07.6,20:37.9,20,7,30.3,1,2,867,right_to_left,Wellington P FC,10,True,False,False,create,1,medium_block,9,,,2,half_space_left,2,middle_third,False,-2.64,25.55,1,wide_left,2,middle_third,False,,56.5,,54.82,,46.28,,61.62
85,1927964,12389,12423,20:37.9,20:41.3,20,37,3.4,1,1,2902,left_to_right,Western Sydney,1,False,False,False,create,1,medium_block,9,1.46,-25.02,5,wide_right,2,middle_third,False,-19.35,-15.26,4,half_space_right,1,defensive_third,False,45.98,43.12,61.52,61.39,55.9,44.68,54.77,55.94
86,1927964,12423,12510,20:41.3,20:50.0,20,41,8.7,1,1,2902,left_to_right,Western Sydney,3,False,False,False,build_up,0,high_block,10,-20.92,-14.57,4,half_space_right,1,defensive_third,False,-20.29,-29.29,5,wide_right,1,defensive_third,False,43.41,44.89,61.43,49.57,44.44,43.85,56.36,70.28
87,1927964,12510,12556,20:50.0,20:54.6,20,50,4.6,1,1,2902,left_to_right,Western Sydney,1,False,False,False,create,1,medium_block,9,-19.55,-29.23,5,wide_right,1,defensive_third,False,-5.26,-33.38,5,wide_right,2,middle_third,False,44.52,45.09,49.51,50.31,43.75,41.86,70.21,67.55
88,1927964,12696,12756,21:08.6,21:14.6,21,8,6.0,1,1,2902,left_to_right,Western Sydney,3,True,False,False,create,1,medium_block,9,-0.97,-34.83,5,wide_right,2,middle_third,False,16.78,-10.72,4,half_space_right,2,middle_third,False,47.74,40.86,55.29,60.58,35.6,29.65,55.74,57.21
89,1927964,12756,13054,21:14.6,21:44.4,21,14,29.8,1,2,867,right_to_left,Wellington P FC,10,False,False,False,create,1,medium_block,9,-16.77,10.93,2,half_space_left,2,middle_third,False,28.73,32.45,1,wide_left,3,attacking_third,False,29.6,50.95,57.17,64.35,40.54,39.67,60.82,50.51
90,1927964,13054,13064,21:44.4,21:45.4,21,44,1.0,1,2,867,right_to_left,Wellington P FC,1,False,False,False,finish,2,low_block,8,29.76,32.47,1,wide_left,3,attacking_third,False,38.17,32.77,1,wide_left,3,attacking_third,False,51.02,50.98,64.6,65.63,39.84,40.58,50.46,49.72
91,1927964,13553,13563,22:34.3,22:35.3,22,34,1.0,1,2,867,right_to_left,Wellington P FC,1,True,False,False,set_play,7,defending_set_play,13,31.29,29.79,1,wide_left,3,attacking_third,False,38.08,9.49,2,half_space_left,3,attacking_third,True,47.4,40.56,57.45,58.96,36.37,35.47,14.72,13.22
92,1927964,13780,14424,22:57.0,24:01.4,22,57,64.4,1,1,2902,left_to_right,Western Sydney,20,False,False,False,create,1,medium_block,9,,,2,half_space_left,2,middle_third,False,21.33,2.13,3,center,3,attacking_third,False,,47.52,,57.95,,33.7,,57.77
93,1927964,14424,14522,24:01.4,24:11.2,24,1,9.8,1,1,2902,left_to_right,Western Sydney,2,True,False,False,finish,2,low_block,8,21.84,3.8,3,center,3,attacking_third,False,29.5,13.19,2,half_space_left,3,attacking_third,False,47.25,36.7,58.29,63.98,33.6,29.66,57.75,43.55
94,1927964,14522,14644,24:11.2,24:23.4,24,11,12.2,1,2,867,right_to_left,Wellington P FC,1,True,False,False,transition,4,defending_transition,11,-29.8,-13.02,4,half_space_right,1,defensive_third,False,28.06,-18.8,4,half_space_right,3,attacking_third,False,29.74,45.34,43.38,55.43,36.76,50.77,63.93,51.84
95,1927964,14644,14901,24:23.4,24:49.1,24,23,25.7,1,1,2902,left_to_right,Western Sydney,8,False,False,False,create,1,medium_block,9,-28.27,18.37,2,half_space_left,1,defensive_third,False,-19.38,26.08,1,wide_left,1,defensive_third,False,50.82,59.43,51.61,48.91,45.23,43.53,55.25,53.6
96,1927964,14901,15043,24:49.1,25:03.3,24,49,14.2,1,1,2902,left_to_right,Western Sydney,4,False,False,False,build_up,0,high_block,10,-20.07,24.97,1,wide_left,1,defensive_third,False,-21.08,11.41,2,half_space_left,1,defensive_third,False,59.34,57.92,48.86,46.68,43.6,48.23,53.61,65.18
97,1927964,15043,15111,25:03.3,25:10.1,25,3,6.8,1,1,2902,left_to_right,Western Sydney,2,True,False,False,create,1,medium_block,9,-19.74,10.83,2,half_space_left,1,defensive_third,False,13.86,-12.42,4,half_space_right,2,middle_third,False,57.75,52.19,46.73,56.26,48.26,40.98,65.01,55.39
98,1927964,15111,15170,25:10.1,25:16.0,25,10,5.9,1,2,867,right_to_left,Wellington P FC,3,False,False,False,chaotic,5,chaotic,5,-15.32,12.01,2,half_space_left,2,middle_third,False,-8.14,-2.99,3,center,2,middle_third,False,41.04,54.36,55.32,53.1,52.02,40.5,56.76,57.81
99,1927964,15170,15209,25:16.0,25:19.9,25,16,3.9,1,2,867,right_to_left,Wellington P FC,1,True,False,False,direct,6,defending_direct,15,-7.7,-2.8,3,center,2,middle_third,False,36.92,16.08,2,half_space_left,3,attacking_third,True,54.61,49.82,53.18,75.88,40.43,34.3,57.59,49.84
100,1927964,15209,15369,25:19.9,25:35.9,25,19,16.0,1,1,2902,left_to_right,Western Sydney,7,False,False,False,create,1,medium_block,9,-36.33,-15.95,4,half_space_right,1,defensive_third,False,-19.87,25.95,1,wide_left,1,defensive_third,False,34.51,54.87,49.54,45.09,49.44,43.71,76.53,55.57
101,1927964,15369,15434,25:35.9,25:42.4,25,35,6.5,1,1,2902,left_to_right,Western Sydney,2,False,False,False,build_up,0,high_block,10,-20.74,24.91,1,wide_left,1,defensive_third,False,-29.69,-17.15,4,half_space_right,1,defensive_third,False,54.93,61.13,44.93,42.78,43.84,45.45,55.52,64.43
102,1927964,15434,15466,25:42.4,25:45.6,25,42,3.2,1,1,2902,left_to_right,Western Sydney,1,False,False,False,direct,6,defending_direct,15,-29.31,-17.23,4,half_space_right,1,defensive_third,False,19.1,-19.08,4,half_space_right,3,attacking_third,False,61.13,53.92,43.02,58.92,45.42,44.67,64.56,65.65
103,1927964,15466,15489,25:45.6,25:47.9,25,45,2.3,1,1,2902,left_to_right,Western Sydney,0,False,False,False,create,1,medium_block,9,19.64,-19.34,4,half_space_right,3,attacking_third,False,17.2,-29.01,5,wide_right,2,middle_third,False,53.56,48.46,59.21,61.97,44.62,43.44,65.61,63.53
104,1927964,15489,15513,25:47.9,25:50.3,25,47,2.4,1,1,2902,left_to_right,Western Sydney,1,False,False,False,finish,2,low_block,8,17.26,-29.42,5,wide_right,2,middle_third,False,14.65,-34.56,5,wide_right,2,middle_third,False,48.37,48.26,61.97,60.54,43.41,43.57,63.44,60.29
105,1927964,15542,15606,25:53.2,25:59.6,25,53,6.4,1,1,2902,left_to_right,Western Sydney,2,True,False,False,chaotic,5,chaotic,5,10.25,-33.04,5,wide_right,2,middle_third,False,26.2,-15.57,4,half_space_right,3,attacking_third,False,45.65,37.07,58.55,67.66,42.72,28.83,55.3,49.34
106,1927964,15606,15677,25:59.6,26:06.7,25,59,7.1,1,2,867,right_to_left,Wellington P FC,2,False,False,False,build_up,0,high_block,10,-26.61,16.08,2,half_space_left,1,defensive_third,False,-20.89,28.72,1,wide_left,1,defensive_third,False,28.85,43.98,49.31,41.98,36.97,36.49,67.72,71.57
107,1927964,15677,15680,26:06.7,26:07.0,26,6,0.3,1,2,867,right_to_left,Wellington P FC,0,True,False,False,create,1,medium_block,9,-19.78,28.25,1,wide_left,1,defensive_third,False,-17.7,27.41,1,wide_left,1,defensive_third,False,43.99,43.86,41.42,41.39,36.44,36.29,71.42,71.1
108,1927964,15680,15695,26:07.0,26:08.5,26,7,1.5,1,1,2902,left_to_right,Western Sydney,1,True,False,False,chaotic,5,chaotic,5,17.15,-27.05,5,wide_right,2,middle_third,False,18.27,-21.79,5,wide_right,3,attacking_third,False,36.2,34.25,70.92,68.23,43.74,40.23,41.36,40.36
109,1927964,15695,15780,26:08.5,26:17.0,26,8,8.5,1,2,867,right_to_left,Wellington P FC,3,False,False,True,create,1,medium_block,9,-18.24,21.47,1,wide_left,1,defensive_third,False,20.73,-23.8,5,wide_right,3,attacking_third,False,39.93,42.74,40.29,64.43,34.13,38.04,68.05,63.41
110,1927964,15780,16024,26:17.0,26:41.4,26,17,24.4,1,2,867,right_to_left,Wellington P FC,9,False,False,True,finish,2,low_block,8,21.42,-23.8,5,wide_right,3,attacking_third,False,6.4,-20.32,5,wide_right,2,middle_third,False,42.74,45.7,64.94,64.03,38.34,35.57,63.25,35.01
111,1927964,16024,16068,26:41.4,26:45.8,26,41,4.4,1,2,867,right_to_left,Wellington P FC,1,False,False,False,create,1,medium_block,9,5.69,-19.09,4,half_space_right,2,middle_third,False,4.63,9.46,2,half_space_left,2,middle_third,False,45.92,54.7,63.98,59.68,35.57,38.12,35.28,38.81
112,1927964,16068,16099,26:45.8,26:48.9,26,45,3.1,1,2,867,right_to_left,Wellington P FC,1,False,False,False,finish,2,low_block,8,5.04,10.63,2,half_space_left,2,middle_third,False,6.17,13.88,2,half_space_left,2,middle_third,False,54.84,56.71,59.56,58.37,38.21,42.47,38.85,37.74
113,1927964,16099,16132,26:48.9,26:52.2,26,48,3.3,1,2,867,right_to_left,Wellington P FC,1,False,False,False,create,1,medium_block,9,5.21,12.88,2,half_space_left,2,middle_third,False,4.35,-5.54,3,center,2,middle_third,False,56.63,56.22,58.33,57.14,42.44,36.54,37.74,39.28
114,1927964,16132,16281,26:52.2,27:07.1,26,52,14.9,1,2,867,right_to_left,Wellington P FC,5,True,False,False,finish,2,low_block,8,5.08,-6.73,3,center,2,middle_third,False,35.19,18.32,2,half_space_left,3,attacking_third,False,56.29,48.02,57.16,67.37,36.39,27.45,39.28,26.47
115,1927964,16460,16628,27:25.0,27:41.8,27,25,16.8,1,1,2902,left_to_right,Western Sydney,6,False,False,False,create,1,medium_block,9,,,2,half_space_left,2,middle_third,False,18.25,1.33,3,center,3,attacking_third,False,,44.72,,56.16,,36.4,,53.06
116,1927964,16628,16832,27:41.8,28:02.2,27,41,20.4,1,1,2902,left_to_right,Western Sydney,8,True,False,False,finish,2,low_block,8,18.67,1.65,3,center,3,attacking_third,False,37.43,5.79,3,center,3,attacking_third,True,44.53,29.73,56.42,70.85,36.26,31.79,53.11,34.32
117,1927964,16832,16876,28:02.2,28:06.6,28,2,4.4,1,2,867,right_to_left,Wellington P FC,3,False,False,False,build_up,0,high_block,10,-37.18,-5.8,3,center,1,defensive_third,False,-20.0,15.96,2,half_space_left,1,defensive_third,False,31.98,37.72,34.26,42.2,29.6,32.38,70.72,68.09
118,1927964,16876,17072,28:06.6,28:26.2,28,6,19.6,1,2,867,right_to_left,Wellington P FC,6,False,False,False,create,1,medium_block,9,-19.63,16.95,2,half_space_left,1,defensive_third,False,7.46,17.97,2,half_space_left,2,middle_third,False,37.85,59.0,42.82,56.7,32.57,36.37,68.13,44.26
119,1927964,17072,17113,28:26.2,28:30.3,28,26,4.1,1,2,867,right_to_left,Wellington P FC,2,False,False,False,finish,2,low_block,8,7.55,18.08,2,half_space_left,2,middle_third,False,7.54,24.22,1,wide_left,2,middle_third,False,59.08,53.12,56.75,60.62,36.46,33.99,44.14,38.06
120,1927964,17113,17193,28:30.3,28:38.3,28,30,8.0,1,2,867,right_to_left,Wellington P FC,3,False,False,False,create,1,medium_block,9,7.1,24.07,1,wide_left,2,middle_third,False,17.4,-26.05,5,wide_right,2,middle_third,False,53.15,59.62,60.67,57.29,33.89,30.63,37.91,41.05
121,1927964,17193,17329,28:38.3,28:51.9,28,38,13.6,1,2,867,right_to_left,Wellington P FC,4,True,False,False,finish,2,low_block,8,18.15,-26.7,5,wide_right,3,attacking_third,False,42.89,8.14,3,center,3,attacking_third,True,59.54,43.34,57.6,73.37,30.82,28.96,41.11,31.11
122,1927964,17329,17433,28:51.9,29:02.3,28,51,10.4,1,1,2902,left_to_right,Western Sydney,2,True,False,False,chaotic,5,chaotic,5,-42.88,-7.11,3,center,1,defensive_third,False,-2.05,-25.72,5,wide_right,2,middle_third,False,28.78,28.39,31.05,47.78,43.08,31.43,73.68,63.61
123,1927964,17690,17700,29:28.0,29:29.0,29,28,1.0,1,2,867,right_to_left,Wellington P FC,1,False,False,False,chaotic,5,chaotic,5,,,2,half_space_left,2,middle_third,False,,,2,half_space_left,2,middle_third,False,,,,,,,,
124,1927964,18612,18758,31:00.2,31:14.8,31,0,14.6,1,2,867,right_to_left,Wellington P FC,6,False,False,False,create,1,medium_block,9,,,2,half_space_left,2,middle_third,False,11.31,26.16,1,wide_left,2,middle_third,False,,56.42,,56.03,,37.52,,38.31
125,1927964,18758,18842,31:14.8,31:23.2,31,14,8.4,1,2,867,right_to_left,Wellington P FC,3,False,False,False,finish,2,low_block,8,11.76,26.89,1,wide_left,2,middle_third,False,5.44,18.16,2,half_space_left,2,middle_third,False,56.44,58.46,56.18,56.27,37.5,36.01,38.28,38.24
126,1927964,18842,18885,31:23.2,31:27.5,31,23,4.3,1,2,867,right_to_left,Wellington P FC,3,False,False,False,create,1,medium_block,9,5.24,17.55,2,half_space_left,2,middle_third,False,6.36,-18.13,4,half_space_right,2,middle_third,False,58.51,60.51,56.22,55.49,35.95,35.06,38.29,38.56
127,1927964,18885,18939,31:27.5,31:32.9,31,27,5.4,1,2,867,right_to_left,Wellington P FC,2,False,False,False,finish,2,low_block,8,6.52,-18.57,4,half_space_right,2,middle_third,False,5.51,-22.09,5,wide_right,2,middle_third,False,60.55,54.84,55.54,58.29,35.16,37.02,38.45,37.98
128,1927964,18939,19030,31:32.9,31:42.0,31,32,9.1,1,2,867,right_to_left,Wellington P FC,3,True,False,False,create,1,medium_block,9,4.46,-21.5,5,wide_right,2,middle_third,False,-11.56,23.03,1,wide_left,2,middle_third,False,54.79,59.7,58.32,55.1,37.01,42.83,38.07,61.43
129,1927964,19183,19206,31:57.3,31:59.6,31,57,2.3,1,1,2902,left_to_right,Western Sydney,3,False,False,False,finish,2,low_block,8,10.49,-20.68,5,wide_right,2,middle_third,False,6.55,-21.01,5,wide_right,2,middle_third,False,45.39,48.67,59.3,59.64,36.41,36.42,42.71,39.37
130,1927964,19206,19270,31:59.6,32:06.0,31,59,6.4,1,1,2902,left_to_right,Western Sydney,2,False,False,False,create,1,medium_block,9,5.35,-20.79,5,wide_right,2,middle_third,False,4.93,12.53,2,half_space_left,2,middle_third,False,49.01,61.26,59.59,57.87,36.54,39.66,39.51,44.48
131,1927964,19270,19287,32:06.0,32:07.7,32,6,1.7,1,1,2902,left_to_right,Western Sydney,1,False,False,False,finish,2,low_block,8,5.62,12.93,2,half_space_left,2,middle_third,False,6.51,14.58,2,half_space_left,2,middle_third,False,61.25,60.38,57.91,58.56,39.74,39.2,44.42,44.25
132,1927964,19287,19367,32:07.7,32:15.7,32,7,8.0,1,1,2902,left_to_right,Western Sydney,3,False,False,False,create,1,medium_block,9,5.53,14.31,2,half_space_left,2,middle_third,False,17.93,-11.52,4,half_space_right,3,attacking_third,False,60.29,55.89,58.56,57.44,39.12,33.35,44.25,38.35
133,1927964,19367,19408,32:15.7,32:19.8,32,15,4.1,1,1,2902,left_to_right,Western Sydney,2,True,False,False,finish,2,low_block,8,17.67,-11.7,4,half_space_right,3,attacking_third,False,20.07,-8.86,3,center,3,attacking_third,False,55.99,55.21,57.64,59.95,33.46,27.68,38.36,38.6
134,1927964,19408,19482,32:19.8,32:27.2,32,19,7.4,1,2,867,right_to_left,Wellington P FC,4,True,False,False,create,1,medium_block,9,-20.18,8.71,3,center,1,defensive_third,False,7.61,31.3,1,wide_left,2,middle_third,False,27.51,41.16,38.52,55.69,55.02,41.3,59.92,51.42
135,1927964,19482,19507,32:27.2,32:29.7,32,27,2.5,1,1,2902,left_to_right,Western Sydney,1,True,False,False,chaotic,5,chaotic,5,-7.14,-31.31,5,wide_right,2,middle_third,False,21.6,-31.6,5,wide_right,3,attacking_third,False,41.32,39.28,51.53,60.08,41.29,42.77,55.97,59.45
136,1927964,19507,19528,32:29.7,32:31.8,32,29,2.1,1,2,867,right_to_left,Wellington P FC,1,True,False,False,chaotic,5,chaotic,5,-22.0,31.63,1,wide_left,1,defensive_third,False,-5.89,26.07,1,wide_left,2,middle_third,False,42.98,41.01,59.45,56.57,39.09,35.37,60.47,61.95
137,1927964,19528,19683,32:31.8,32:47.3,32,31,15.5,1,1,2902,left_to_right,Western Sydney,6,False,False,True,create,1,medium_block,9,5.22,-25.96,5,wide_right,2,middle_third,False,13.8,-31.97,5,wide_right,2,middle_third,False,35.25,57.0,61.82,56.5,40.65,38.43,56.29,41.6
138,1927964,19683,19702,32:47.3,32:49.2,32,47,1.9,1,1,2902,left_to_right,Western Sydney,1,False,False,True,finish,2,low_block,8,13.79,-31.98,5,wide_right,2,middle_third,False,6.87,-27.63,5,wide_right,2,middle_third,False,56.91,55.48,56.64,58.06,38.63,39.38,41.43,39.04
139,1927964,19702,19766,32:49.2,32:55.6,32,49,6.4,1,1,2902,left_to_right,Western Sydney,2,False,False,True,create,1,medium_block,9,5.2,-26.74,5,wide_right,2,middle_third,False,10.48,-4.26,3,center,2,middle_third,False,55.49,59.22,58.04,55.42,39.31,35.83,38.99,38.82
140,1927964,19766,19875,32:55.6,33:06.5,32,55,10.9,1,1,2902,left_to_right,Western Sydney,5,True,False,True,finish,2,low_block,8,10.82,-4.22,3,center,2,middle_third,False,50.38,1.99,3,center,3,attacking_third,True,59.13,42.69,55.53,71.38,35.5,31.55,38.76,37.57
141,1927964,20202,20241,33:39.2,33:43.1,33,39,3.9,1,2,867,right_to_left,Wellington P FC,2,False,False,False,build_up,0,high_block,10,-44.95,12.06,2,half_space_left,1,defensive_third,False,-20.88,28.95,1,wide_left,1,defensive_third,False,54.2,53.95,51.71,50.39,41.15,43.61,65.17,72.26
142,1927964,20241,20262,33:43.1,33:45.2,33,43,2.1,1,2,867,right_to_left,Wellington P FC,1,False,False,False,create,1,medium_block,9,-19.94,29.17,1,wide_left,1,defensive_third,False,-19.99,27.51,1,wide_left,1,defensive_third,False,53.81,54.28,50.27,46.62,43.69,40.45,72.22,67.71
143,1927964,20262,20314,33:45.2,33:50.4,33,45,5.2,1,2,867,right_to_left,Wellington P FC,3,True,False,False,build_up,0,high_block,10,-20.71,27.15,1,wide_left,1,defensive_third,False,-32.57,25.23,1,wide_left,1,defensive_third,False,54.31,52.51,46.47,45.81,40.15,38.89,67.54,70.2
144,1927964,20314,20373,33:50.4,33:56.3,33,50,5.9,1,1,2902,left_to_right,Western Sydney,1,False,False,False,quick_break,3,defending_quick_break,12,32.46,-25.87,5,wide_right,3,attacking_third,False,41.42,-25.74,5,wide_right,3,attacking_third,False,38.94,43.84,70.13,70.26,52.4,39.2,45.63,38.41
145,1927964,20373,20464,33:56.3,34:05.4,33,56,9.1,1,1,2902,left_to_right,Western Sydney,3,False,False,False,finish,2,low_block,8,40.22,-25.06,5,wide_right,3,attacking_third,False,17.7,-35.34,5,wide_right,3,attacking_third,False,43.97,53.21,70.6,56.19,39.07,37.3,38.2,33.24
146,1927964,20499,20596,34:08.9,34:18.6,34,8,9.7,1,1,2902,left_to_right,Western Sydney,3,False,False,False,create,1,medium_block,9,5.39,-31.67,5,wide_right,2,middle_third,False,4.87,10.26,2,half_space_left,2,middle_third,False,51.34,60.25,57.22,54.36,37.93,41.04,37.89,37.52
147,1927964,20596,20654,34:18.6,34:24.4,34,18,5.8,1,1,2902,left_to_right,Western Sydney,2,True,False,False,finish,2,low_block,8,5.01,10.19,2,half_space_left,2,middle_third,False,27.71,-18.69,4,half_space_right,3,attacking_third,False,60.13,56.76,54.38,57.9,40.94,34.04,37.53,38.16
148,1927964,20654,20685,34:24.4,34:27.5,34,24,3.1,1,2,867,right_to_left,Wellington P FC,2,False,False,False,build_up,0,high_block,10,-28.2,18.99,2,half_space_left,1,defensive_third,False,-20.13,13.33,2,half_space_left,1,defensive_third,False,34.11,37.13,38.25,37.29,56.55,41.54,58.1,57.08
149,1927964,20685,20715,34:27.5,34:30.5,34,27,3.0,1,2,867,right_to_left,Wellington P FC,1,False,False,False,create,1,medium_block,9,-19.81,13.08,2,half_space_left,1,defensive_third,False,-19.96,3.61,3,center,1,defensive_third,False,37.06,35.79,37.15,46.98,40.95,32.18,56.75,56.48
150,1927964,20715,20742,34:30.5,34:33.2,34,30,2.7,1,2,867,right_to_left,Wellington P FC,1,False,False,False,build_up,0,high_block,10,-20.84,2.86,3,center,1,defensive_third,False,-20.42,-15.3,4,half_space_right,1,defensive_third,False,35.76,43.89,47.42,53.14,32.0,30.72,56.46,56.72
151,1927964,20742,21090,34:33.2,35:08.0,34,33,34.8,1,2,867,right_to_left,Wellington P FC,11,False,False,False,create,1,medium_block,9,-19.62,-16.17,4,half_space_right,1,defensive_third,False,7.96,19.3,2,half_space_left,2,middle_third,False,44.23,57.43,53.2,57.51,30.79,36.13,56.69,49.6
152,1927964,21090,21139,35:08.0,35:12.9,35,8,4.9,1,2,867,right_to_left,Wellington P FC,2,False,False,False,finish,2,low_block,8,8.4,19.35,2,half_space_left,2,middle_third,False,6.32,22.08,1,wide_left,2,middle_third,False,57.3,53.78,57.7,68.45,36.21,35.73,49.43,43.46
153,1927964,21139,21195,35:12.9,35:18.5,35,12,5.6,1,2,867,right_to_left,Wellington P FC,2,False,False,False,create,1,medium_block,9,5.13,21.26,1,wide_left,2,middle_third,False,9.68,-24.04,5,wide_right,2,middle_third,False,54.07,63.54,68.37,63.89,35.79,40.14,43.38,41.98
154,1927964,21195,21221,35:18.5,35:21.1,35,18,2.6,1,2,867,right_to_left,Wellington P FC,1,False,False,False,finish,2,low_block,8,10.82,-25.14,5,wide_right,2,middle_third,False,5.76,-27.97,5,wide_right,2,middle_third,False,63.47,61.85,63.87,62.71,40.45,41.39,41.99,42.42
155,1927964,21221,21435,35:21.1,35:42.5,35,21,21.4,1,2,867,right_to_left,Wellington P FC,8,False,False,False,create,1,medium_block,9,5.18,-27.95,5,wide_right,2,middle_third,False,10.55,-24.7,5,wide_right,2,middle_third,False,61.97,62.33,62.62,58.34,41.33,33.86,42.44,41.52
156,1927964,21435,21528,35:42.5,35:51.8,35,42,9.3,1,2,867,right_to_left,Wellington P FC,3,False,False,False,finish,2,low_block,8,11.1,-25.06,5,wide_right,2,middle_third,False,42.13,-37.03,5,wide_right,3,attacking_third,False,62.19,52.55,58.54,67.28,34.08,37.97,41.43,30.79
157,1927964,21571,21749,35:56.1,36:13.9,35,56,17.8,1,2,867,right_to_left,Wellington P FC,7,False,False,False,finish,2,low_block,8,32.99,-33.45,5,wide_right,3,attacking_third,False,5.74,7.64,3,center,2,middle_third,False,50.03,52.13,63.41,56.07,33.87,34.29,27.67,36.56
158,1927964,21749,21778,36:13.9,36:16.8,36,13,2.9,1,2,867,right_to_left,Wellington P FC,1,False,False,False,create,1,medium_block,9,5.3,6.15,3,center,2,middle_third,False,4.82,-18.26,4,half_space_right,2,middle_third,False,52.27,57.19,56.0,55.0,34.17,31.71,36.78,39.22
159,1927964,21778,21838,36:16.8,36:22.8,36,16,6.0,1,2,867,right_to_left,Wellington P FC,3,False,False,False,finish,2,low_block,8,5.07,-18.72,4,half_space_right,2,middle_third,False,5.22,-23.09,5,wide_right,2,middle_third,False,57.31,54.95,55.02,56.97,31.72,35.86,39.24,38.01
160,1927964,21838,21919,36:22.8,36:30.9,36,22,8.1,1,2,867,right_to_left,Wellington P FC,4,False,False,False,create,1,medium_block,9,5.08,-22.98,5,wide_right,2,middle_third,False,5.93,24.18,1,wide_left,2,middle_third,False,54.88,59.31,56.89,54.59,35.92,34.01,38.22,44.4
161,1927964,21919,22114,36:30.9,36:50.4,36,30,19.5,1,2,867,right_to_left,Wellington P FC,6,False,False,False,finish,2,low_block,8,6.13,24.02,1,wide_left,2,middle_third,False,5.62,7.02,3,center,2,middle_third,False,59.32,43.02,54.96,60.71,33.62,27.88,44.18,34.95
162,1927964,22114,22129,36:50.4,36:51.9,36,50,1.5,1,2,867,right_to_left,Wellington P FC,1,False,False,False,create,1,medium_block,9,5.11,7.82,3,center,2,middle_third,False,4.92,12.0,2,half_space_left,2,middle_third,False,43.33,47.89,60.61,59.42,28.1,30.88,35.03,36.28
163,1927964,22129,22192,36:51.9,36:58.2,36,51,6.3,1,2,867,right_to_left,Wellington P FC,4,False,False,False,finish,2,low_block,8,5.73,13.07,2,half_space_left,2,middle_third,False,5.67,29.01,1,wide_left,2,middle_third,False,48.22,54.95,59.34,57.19,31.09,37.56,36.37,40.94
164,1927964,22192,22272,36:58.2,37:06.2,36,58,8.0,1,2,867,right_to_left,Wellington P FC,3,False,False,False,create,1,medium_block,9,5.13,28.94,1,wide_left,2,middle_third,False,8.82,9.62,2,half_space_left,2,middle_third,False,55.05,60.76,57.03,58.76,37.51,32.68,40.97,50.02
165,1927964,22272,22499,37:06.2,37:28.9,37,6,22.7,1,2,867,right_to_left,Wellington P FC,6,False,False,False,finish,2,low_block,8,9.15,9.7,2,half_space_left,2,middle_third,False,6.61,9.14,3,center,2,middle_third,False,60.63,51.78,58.82,60.73,32.71,32.74,49.85,40.55
166,1927964,22499,22537,37:28.9,37:32.7,37,28,3.8,1,2,867,right_to_left,Wellington P FC,1,False,False,False,create,1,medium_block,9,5.27,8.91,3,center,2,middle_third,False,15.37,-17.39,4,half_space_right,2,middle_third,False,51.87,51.71,60.74,59.14,32.72,28.69,40.42,39.39
167,1927964,22537,22574,37:32.7,37:36.4,37,32,3.7,1,2,867,right_to_left,Wellington P FC,1,True,False,False,finish,2,low_block,8,16.21,-18.06,4,half_space_right,2,middle_third,False,35.74,-23.91,5,wide_right,3,attacking_third,False,51.36,42.34,59.2,66.91,28.46,29.43,39.49,40.22
168,1927964,22574,22615,37:36.4,37:40.5,37,36,4.1,1,1,2902,left_to_right,Western Sydney,1,False,False,False,chaotic,5,chaotic,5,-36.22,23.99,1,wide_left,1,defensive_third,False,-14.56,29.17,1,wide_left,2,middle_third,False,29.79,39.05,40.16,37.32,42.22,41.75,66.93,64.28
169,1927964,22780,23109,37:57.0,38:29.9,37,57,32.9,1,1,2902,left_to_right,Western Sydney,12,False,False,False,create,1,medium_block,9,-21.05,33.86,1,wide_left,1,defensive_third,False,-19.5,-9.95,4,half_space_right,1,defensive_third,False,52.07,61.31,48.69,46.93,33.62,42.54,59.08,51.25
170,1927964,23109,23211,38:29.9,38:40.1,38,29,10.2,1,1,2902,left_to_right,Western Sydney,3,False,False,False,build_up,0,high_block,10,-20.0,-10.47,4,half_space_right,1,defensive_third,False,-30.88,9.13,3,center,1,defensive_third,False,61.32,66.58,47.01,43.83,42.64,43.04,51.36,60.96
171,1927964,23211,23241,38:40.1,38:43.1,38,40,3.0,1,1,2902,left_to_right,Western Sydney,1,True,False,False,direct,6,defending_direct,15,-30.6,8.82,3,center,1,defensive_third,False,2.25,-18.52,4,half_space_right,2,middle_third,False,66.36,55.82,43.9,48.32,43.04,44.68,60.84,59.0
172,1927964,23241,23349,38:43.1,38:53.9,38,43,10.8,1,2,867,right_to_left,Wellington P FC,6,False,False,False,create,1,medium_block,9,-2.85,18.83,2,half_space_left,2,middle_third,False,1.89,31.9,1,wide_left,2,middle_third,False,44.79,59.51,58.98,52.83,55.48,42.97,48.36,49.85
173,1927964,23463,23535,39:05.3,39:12.5,39,5,7.2,1,2,867,right_to_left,Wellington P FC,4,False,False,False,create,1,medium_block,9,,,2,half_space_left,2,middle_third,False,-19.91,-7.39,3,center,1,defensive_third,False,,58.37,,55.27,,38.67,,54.76
174,1927964,23535,23651,39:12.5,39:24.1,39,12,11.6,1,2,867,right_to_left,Wellington P FC,3,False,False,False,build_up,0,high_block,10,-20.29,-7.28,3,center,1,defensive_third,False,-20.17,26.25,1,wide_left,1,defensive_third,False,58.18,53.49,55.31,45.36,38.69,39.22,54.93,67.99
175,1927964,23651,23689,39:24.1,39:27.9,39,24,3.8,1,2,867,right_to_left,Wellington P FC,2,False,False,False,create,1,medium_block,9,-19.73,26.05,1,wide_left,1,defensive_third,False,-12.41,1.7,3,center,2,middle_third,False,53.37,50.52,45.49,51.98,38.86,27.06,67.79,58.81
176,1927964,23689,23730,39:27.9,39:32.0,39,27,4.1,1,2,867,right_to_left,Wellington P FC,1,False,False,False,direct,6,defending_direct,15,-12.01,1.4,3,center,2,middle_third,False,31.42,-25.95,5,wide_right,3,attacking_third,False,50.62,43.78,52.41,68.04,26.69,28.88,58.54,54.16
177,1927964,23730,23854,39:32.0,39:44.4,39,32,12.4,1,2,867,right_to_left,Wellington P FC,4,False,False,False,finish,2,low_block,8,31.85,-26.09,5,wide_right,3,attacking_third,False,5.2,-9.63,4,half_space_right,2,middle_third,False,43.71,43.02,68.31,60.32,29.11,29.64,54.0,28.02
178,1927964,23854,23878,39:44.4,39:46.8,39,44,2.4,1,2,867,right_to_left,Wellington P FC,2,False,False,False,create,1,medium_block,9,5.06,-9.34,4,half_space_right,2,middle_third,False,4.93,6.94,3,center,2,middle_third,False,43.27,48.36,60.18,57.48,29.71,32.52,28.24,31.53
179,1927964,23878,23964,39:46.8,39:55.4,39,46,8.6,1,2,867,right_to_left,Wellington P FC,2,False,False,False,finish,2,low_block,8,5.03,7.01,3,center,2,middle_third,False,5.39,7.94,3,center,2,middle_third,False,48.56,58.97,57.35,56.38,32.6,35.36,31.61,33.74
180,1927964,23964,23986,39:55.4,39:57.6,39,55,2.2,1,2,867,right_to_left,Wellington P FC,1,False,False,False,create,1,medium_block,9,5.04,9.13,3,center,2,middle_third,False,4.93,12.14,2,half_space_left,2,middle_third,False,59.14,61.49,56.4,56.89,35.36,35.96,33.69,33.3
181,1927964,23986,24021,39:57.6,40:01.1,39,57,3.5,1,2,867,right_to_left,Wellington P FC,1,True,False,False,finish,2,low_block,8,5.02,12.08,2,half_space_left,2,middle_third,False,19.02,2.52,3,center,3,attacking_third,False,61.55,62.28,56.92,58.06,35.92,33.42,33.34,36.88
182,1927964,24021,24071,40:01.1,40:06.1,40,1,5.0,1,1,2902,left_to_right,Western Sydney,1,False,False,False,create,1,medium_block,9,-19.05,-2.46,3,center,1,defensive_third,False,-19.75,-17.73,4,half_space_right,1,defensive_third,False,33.24,36.11,36.95,41.4,62.21,44.7,58.1,53.17
183,1927964,24071,24136,40:06.1,40:12.6,40,6,6.5,1,1,2902,left_to_right,Western Sydney,3,False,False,False,build_up,0,high_block,10,-20.6,-17.38,4,half_space_right,1,defensive_third,False,-21.29,23.82,1,wide_left,1,defensive_third,False,36.32,55.55,41.47,40.1,44.25,41.75,53.08,51.96
184,1927964,24136,24376,40:12.6,40:36.6,40,12,24.0,1,1,2902,left_to_right,Western Sydney,9,True,False,False,create,1,medium_block,9,-19.96,24.39,1,wide_left,1,defensive_third,False,9.15,19.41,2,half_space_left,2,middle_third,False,55.67,57.39,40.2,56.02,41.81,46.0,51.91,43.74
185,1927964,24376,24427,40:36.6,40:41.7,40,36,5.1,1,2,867,right_to_left,Wellington P FC,1,True,False,False,chaotic,5,chaotic,5,-9.9,-19.15,4,half_space_right,2,middle_third,False,24.65,-33.28,5,wide_right,3,attacking_third,False,46.04,47.42,43.68,44.84,57.22,54.72,56.12,55.28
186,1927964,24427,24770,40:41.7,41:16.0,40,41,34.3,1,1,2902,left_to_right,Western Sydney,14,True,False,False,create,1,medium_block,9,-25.03,33.29,1,wide_left,1,defensive_third,False,20.31,-9.58,4,half_space_right,3,attacking_third,False,54.95,48.74,55.3,60.19,47.31,33.55,44.87,46.73
187,1927964,24770,24847,41:16.0,41:23.7,41,16,7.7,1,2,867,right_to_left,Wellington P FC,4,True,False,False,create,1,medium_block,9,-21.07,9.77,2,half_space_left,1,defensive_third,False,9.13,7.96,3,center,2,middle_third,False,33.64,53.02,46.59,47.75,48.53,31.88,60.7,58.09
188,1927964,24847,25284,41:23.7,42:07.4,41,23,43.7,1,1,2902,left_to_right,Western Sydney,15,False,False,False,create,1,medium_block,9,-9.46,-8.29,3,center,2,middle_third,False,5.0,-24.36,5,wide_right,2,middle_third,False,31.92,59.0,57.99,55.56,52.79,41.04,47.8,37.89
189,1927964,25284,25344,42:07.4,42:13.4,42,7,6.0,1,1,2902,left_to_right,Western Sydney,3,False,False,False,finish,2,low_block,8,5.07,-24.33,5,wide_right,2,middle_third,False,5.35,-21.46,5,wide_right,2,middle_third,False,59.0,60.67,55.57,56.42,40.98,36.99,37.89,33.52
190,1927964,25344,25390,42:13.4,42:18.0,42,13,4.6,1,1,2902,left_to_right,Western Sydney,1,False,False,False,create,1,medium_block,9,5.04,-21.13,5,wide_right,2,middle_third,False,4.79,-22.11,5,wide_right,2,middle_third,False,60.71,62.97,56.51,54.33,36.97,38.32,33.62,38.44
191,1927964,25390,25479,42:18.0,42:26.9,42,18,8.9,1,1,2902,left_to_right,Western Sydney,2,True,False,False,finish,2,low_block,8,5.11,-22.77,5,wide_right,2,middle_third,False,30.87,-21.0,5,wide_right,3,attacking_third,False,63.0,48.88,54.38,59.91,38.58,32.38,38.59,44.66
192,1927964,25479,25524,42:26.9,42:31.4,42,26,4.5,1,2,867,right_to_left,Wellington P FC,3,True,False,False,chaotic,5,chaotic,5,-30.35,20.24,1,wide_left,1,defensive_third,False,-17.57,22.85,1,wide_left,1,defensive_third,False,32.38,40.42,44.62,43.85,48.47,35.35,60.24,59.47
193,1927964,25524,25544,42:31.4,42:33.4,42,31,2.0,1,1,2902,left_to_right,Western Sydney,1,True,False,False,chaotic,5,chaotic,5,17.13,-23.29,5,wide_right,2,middle_third,False,7.29,-24.85,5,wide_right,2,middle_third,False,35.34,37.74,59.25,56.87,40.76,39.93,44.52,49.64
194,1927964,25690,25694,42:48.0,42:48.4,42,48,0.4,1,2,867,right_to_left,Wellington P FC,1,False,False,False,direct,6,defending_direct,15,,,2,half_space_left,2,middle_third,False,,,2,half_space_left,2,middle_third,False,,,,,,,,
195,1927964,25694,25779,42:48.4,42:56.9,42,48,8.5,1,2,867,right_to_left,Wellington P FC,4,True,False,False,create,1,medium_block,9,-7.69,19.51,2,half_space_left,2,middle_third,False,-11.83,20.54,1,wide_left,2,middle_third,False,55.82,52.03,48.39,53.61,35.22,34.17,45.47,57.49
196,1927964,25779,25805,42:56.9,42:59.5,42,56,2.6,1,1,2902,left_to_right,Western Sydney,1,False,False,False,chaotic,5,chaotic,5,11.92,-20.9,5,wide_right,2,middle_third,False,19.48,-35.18,5,wide_right,3,attacking_third,False,34.3,39.12,57.68,61.89,51.79,42.28,53.67,53.45
197,1927964,26307,26420,43:49.7,44:01.0,43,49,11.3,1,1,2902,left_to_right,Western Sydney,4,True,False,False,finish,2,low_block,8,27.07,-34.16,5,wide_right,3,attacking_third,False,24.34,-17.13,4,half_space_right,3,attacking_third,False,53.6,57.79,64.85,59.9,30.63,35.0,32.43,26.4
198,1927964,26420,26449,44:01.0,44:03.9,44,1,2.9,1,2,867,right_to_left,Wellington P FC,1,False,False,False,chaotic,5,chaotic,5,-24.4,17.26,2,half_space_left,1,defensive_third,False,-26.9,21.18,1,wide_left,1,defensive_third,False,35.08,40.79,26.13,31.73,57.62,49.88,59.91,63.19
199,1927964,26652,26701,44:24.2,44:29.1,44,24,4.9,1,2,867,right_to_left,Wellington P FC,2,False,False,False,build_up,0,high_block,10,-27.21,18.29,2,half_space_left,1,defensive_third,False,-20.14,-13.47,4,half_space_right,1,defensive_third,False,57.15,59.6,47.8,49.29,34.76,32.61,59.11,64.13
200,1927964,26701,26772,44:29.1,44:36.2,44,29,7.1,1,2,867,right_to_left,Wellington P FC,2,False,False,False,create,1,medium_block,9,-19.41,-15.06,4,half_space_right,1,defensive_third,False,-5.8,-31.45,5,wide_right,2,middle_third,False,59.5,53.62,49.32,50.72,32.5,37.41,63.95,53.93
201,1927964,26926,26939,44:51.6,44:52.9,44,51,1.3,1,2,867,right_to_left,Wellington P FC,1,False,False,False,create,1,medium_block,9,-6.69,-28.39,5,wide_right,2,middle_third,False,-19.45,-23.58,5,wide_right,1,defensive_third,False,54.23,55.77,56.37,56.31,36.36,37.43,53.74,55.2
202,1927964,26939,27036,44:52.9,45:02.6,44,52,9.7,1,2,867,right_to_left,Wellington P FC,3,True,False,False,build_up,0,high_block,10,-20.14,-23.41,5,wide_right,1,defensive_third,False,-24.96,-19.66,4,half_space_right,1,defensive_third,False,55.9,62.14,56.29,51.53,37.57,46.29,55.34,77.27
203,1927964,27036,27049,45:02.6,45:03.9,45,2,1.3,1,1,2902,left_to_right,Western Sydney,1,True,False,False,chaotic,5,chaotic,5,23.93,19.61,2,half_space_left,3,attacking_third,False,15.49,17.24,2,half_space_left,2,middle_third,False,46.29,45.69,76.86,72.46,61.97,58.58,51.46,50.12
204,1927964,27049,27076,45:03.9,45:06.6,45,3,2.7,1,2,867,right_to_left,Wellington P FC,1,True,False,False,chaotic,5,chaotic,5,-15.17,-17.35,4,half_space_right,2,middle_third,False,4.65,-8.51,3,center,2,middle_third,False,58.21,48.67,50.03,52.76,45.61,39.68,72.21,67.04
205,1927964,27076,27115,45:06.6,45:10.5,45,6,3.9,1,1,2902,left_to_right,Western Sydney,1,True,False,False,chaotic,5,chaotic,5,-4.88,8.52,3,center,2,middle_third,False,24.41,10.86,2,half_space_left,3,attacking_third,False,39.53,35.04,66.84,61.64,48.25,36.92,52.92,53.79
206,1927964,27115,27258,45:10.5,45:24.8,45,10,14.3,1,2,867,right_to_left,Wellington P FC,6,False,False,False,create,1,medium_block,9,-24.27,-10.89,4,half_space_right,1,defensive_third,False,21.02,31.37,1,wide_left,3,attacking_third,False,36.9,49.75,53.73,59.55,35.03,39.6,61.57,52.47
207,1927964,27258,27309,45:24.8,45:29.9,45,24,5.1,1,2,867,right_to_left,Wellington P FC,1,False,False,False,finish,2,low_block,8,21.53,31.4,1,wide_left,3,attacking_third,False,45.5,10.85,2,half_space_left,3,attacking_third,True,49.71,34.38,59.8,83.45,39.83,25.48,52.44,49.18
208,1927964,27398,27518,45:38.8,45:50.8,45,38,12.0,1,2,867,right_to_left,Wellington P FC,4,False,False,True,create,1,medium_block,9,5.0,35.43,1,wide_left,2,middle_third,False,5.84,25.46,1,wide_left,2,middle_third,False,46.93,58.16,67.91,58.39,32.71,35.66,41.04,41.07
209,1927964,27518,27534,45:50.8,45:52.4,45,50,1.6,1,2,867,right_to_left,Wellington P FC,1,False,False,True,finish,2,low_block,8,5.92,25.38,1,wide_left,2,middle_third,False,5.48,24.17,1,wide_left,2,middle_third,False,58.23,58.3,58.38,58.06,35.32,31.65,41.09,40.49
210,1927964,27534,27594,45:52.4,45:58.4,45,52,6.0,1,2,867,right_to_left,Wellington P FC,2,False,False,True,create,1,medium_block,9,5.22,23.91,1,wide_left,2,middle_third,False,4.47,-16.94,4,half_space_right,2,middle_third,False,58.27,59.82,58.03,56.93,31.53,34.44,40.39,39.42
211,1927964,27594,27600,45:58.4,45:59.0,45,58,0.6,1,2,867,right_to_left,Wellington P FC,1,False,False,True,finish,2,low_block,8,5.06,-17.59,4,half_space_right,2,middle_third,False,6.63,-19.22,4,half_space_right,2,middle_third,False,59.93,60.3,56.88,56.55,34.64,35.36,39.44,39.46
212,1927964,27600,27627,45:59.0,46:01.7,45,59,2.7,1,2,867,right_to_left,Wellington P FC,3,False,False,True,create,1,medium_block,9,6.6,-19.26,4,half_space_right,2,middle_third,False,18.13,-31.43,5,wide_right,3,attacking_third,False,60.36,57.89,56.46,58.21,35.47,39.83,39.43,39.48
213,1927964,27627,27649,46:01.7,46:03.9,46,1,2.2,1,2,867,right_to_left,Wellington P FC,1,False,False,True,finish,2,low_block,8,17.83,-31.44,5,wide_right,3,attacking_third,False,5.68,-24.3,5,wide_right,2,middle_third,False,57.67,54.6,58.29,59.39,39.88,37.92,39.56,38.69
214,1927964,27649,27657,46:03.9,46:04.7,46,3,0.8,1,2,867,right_to_left,Wellington P FC,1,False,False,True,create,1,medium_block,9,5.11,-23.99,5,wide_right,2,middle_third,False,4.96,-23.35,5,wide_right,2,middle_third,False,54.61,55.0,59.42,59.5,37.97,38.41,38.49,36.97
215,1927964,27657,27749,46:04.7,46:13.9,46,4,9.2,1,2,867,right_to_left,Wellington P FC,3,False,False,True,finish,2,low_block,8,5.23,-23.22,5,wide_right,2,middle_third,False,5.95,23.08,1,wide_left,2,middle_third,False,55.09,50.57,59.49,59.92,38.47,36.49,37.0,34.44
216,1927964,27749,27801,46:13.9,46:19.1,46,13,5.2,1,2,867,right_to_left,Wellington P FC,2,False,False,True,create,1,medium_block,9,5.01,21.88,1,wide_left,2,middle_third,False,4.65,-12.47,4,half_space_right,2,middle_third,False,50.48,56.1,59.85,57.7,36.19,32.79,34.57,38.22
217,1927964,27801,27850,46:19.1,46:24.0,46,19,4.9,1,2,867,right_to_left,Wellington P FC,1,True,False,True,finish,2,low_block,8,5.87,-12.4,4,half_space_right,2,middle_third,False,49.16,-5.11,3,center,3,attacking_third,True,56.21,43.57,57.72,68.48,32.77,21.53,38.22,37.18
218,1927964,28029,28170,46:41.9,46:56.0,46,41,14.1,1,1,2902,left_to_right,Western Sydney,5,False,False,False,create,1,medium_block,9,-40.93,-10.27,4,half_space_right,1,defensive_third,False,-18.38,-13.87,4,half_space_right,1,defensive_third,False,50.54,57.93,45.1,49.58,42.47,38.41,61.22,48.0
219,1927964,28183,28193,46:57.3,46:58.3,46,57,1.0,1,1,2902,left_to_right,Western Sydney,1,False,False,False,create,1,medium_block,9,-10.9,-13.1,4,half_space_right,2,middle_third,False,-15.16,-14.38,4,half_space_right,2,middle_third,False,60.03,61.21,49.44,49.16,40.57,41.0,47.08,46.7
220,1927964,28246,28256,47:03.6,47:04.6,47,3,1.0,1,1,2902,left_to_right,Western Sydney,1,False,False,False,create,1,medium_block,9,-11.5,-19.52,4,half_space_right,2,middle_third,False,-11.18,-20.71,5,wide_right,2,middle_third,False,57.19,56.27,46.63,45.3,41.96,41.86,42.72,42.38
221,1927964,28369,28428,47:15.9,47:21.8,47,15,5.9,1,1,2902,left_to_right,Western Sydney,3,False,False,False,create,1,medium_block,9,,,2,half_space_left,2,middle_third,False,-10.41,-1.03,3,center,2,middle_third,False,,46.25,,49.9,,35.84,,51.29
222,1927964,28428,28457,45:03.8,45:06.7,0,3,2.9,2,2,2902,right_to_left,Western Sydney,1,False,False,False,direct,6,defending_direct,15,-9.61,-0.74,3,center,2,middle_third,False,24.93,19.21,2,half_space_left,3,attacking_third,False,46.29,35.03,50.45,63.59,35.8,30.26,51.57,47.91
223,1927964,28457,28510,45:06.7,45:12.0,0,6,5.3,2,2,2902,right_to_left,Western Sydney,2,True,False,False,create,1,medium_block,9,25.43,19.56,2,half_space_left,3,attacking_third,False,17.67,2.66,3,center,3,attacking_third,False,34.53,38.91,64.0,60.27,29.93,21.72,47.74,33.74
224,1927964,28510,28540,45:12.0,45:15.0,0,12,3.0,2,1,867,left_to_right,Wellington P FC,1,True,False,False,chaotic,5,chaotic,5,-17.52,-2.37,3,center,1,defensive_third,False,-3.98,8.68,3,center,2,middle_third,False,21.83,29.1,33.74,43.06,39.18,34.66,60.14,56.43
225,1927964,28540,28747,45:15.0,45:35.7,0,15,20.7,2,2,2902,right_to_left,Western Sydney,9,False,False,False,create,1,medium_block,9,3.31,-8.97,3,center,2,middle_third,False,-19.39,21.2,1,wide_left,1,defensive_third,False,34.22,53.43,56.3,49.25,29.42,41.91,43.52,50.46
226,1927964,28747,28874,45:35.7,45:48.4,0,35,12.7,2,2,2902,right_to_left,Western Sydney,5,False,False,False,build_up,0,high_block,10,-20.11,20.28,1,wide_left,1,defensive_third,False,-20.36,-26.93,5,wide_right,1,defensive_third,False,53.51,49.02,49.23,44.49,41.62,38.07,50.98,63.71
227,1927964,28874,28924,45:48.4,45:53.4,0,48,5.0,2,2,2902,right_to_left,Western Sydney,2,True,False,False,create,1,medium_block,9,-19.23,-26.42,5,wide_right,1,defensive_third,False,6.13,-15.96,4,half_space_right,2,middle_third,False,48.84,42.36,44.35,52.37,37.83,29.52,63.72,60.24
228,1927964,28924,29139,45:53.4,46:14.9,0,53,21.5,2,1,867,left_to_right,Wellington P FC,7,False,False,False,create,1,medium_block,9,-6.22,15.77,2,half_space_left,2,middle_third,False,18.96,-31.09,5,wide_right,3,attacking_third,False,29.56,49.04,60.05,59.79,42.22,37.54,52.4,50.16
229,1927964,29139,29165,46:14.9,46:17.5,1,14,2.6,2,1,867,left_to_right,Wellington P FC,1,True,False,False,finish,2,low_block,8,19.76,-31.1,5,wide_right,3,attacking_third,False,35.44,-31.19,5,wide_right,3,attacking_third,False,48.96,42.46,60.16,70.69,37.46,35.21,50.27,52.08
230,1927964,29165,29212,46:17.5,46:22.2,1,17,4.7,2,2,2902,right_to_left,Western Sydney,1,True,False,False,chaotic,5,chaotic,5,-35.96,30.84,1,wide_left,1,defensive_third,False,-49.43,22.53,1,wide_left,1,defensive_third,False,35.07,38.47,52.02,45.4,42.05,35.17,70.94,77.55
231,1927964,29787,29835,47:19.7,47:24.5,2,19,4.8,2,1,867,left_to_right,Wellington P FC,2,True,False,True,set_play,7,defending_set_play,13,48.19,-14.44,4,half_space_right,3,attacking_third,True,50.04,3.16,3,center,3,attacking_third,True,36.41,28.91,69.64,72.41,24.19,20.5,9.57,13.24
232,1927964,30073,30111,47:48.3,47:52.1,2,48,3.8,2,2,2902,right_to_left,Western Sydney,1,True,False,False,create,1,medium_block,9,-40.84,-4.1,3,center,1,defensive_third,False,-8.73,1.07,3,center,2,middle_third,False,59.15,47.85,54.14,48.03,41.66,33.58,73.84,67.16
233,1927964,30111,30216,47:52.1,48:02.6,2,52,10.5,2,1,867,left_to_right,Wellington P FC,2,True,False,False,finish,2,low_block,8,9.04,-0.87,3,center,2,middle_third,False,46.75,4.8,3,center,3,attacking_third,True,33.38,40.82,66.98,73.72,47.38,33.33,47.98,32.19
234,1927964,30216,30345,48:02.6,48:15.5,3,2,12.9,2,2,2902,right_to_left,Western Sydney,2,False,False,False,build_up,0,high_block,10,-47.37,-6.33,3,center,1,defensive_third,False,-20.38,33.9,1,wide_left,1,defensive_third,False,33.18,54.32,32.17,47.06,40.41,42.86,74.08,62.0
235,1927964,30345,30351,48:15.5,48:16.1,3,15,0.6,2,2,2902,right_to_left,Western Sydney,0,True,False,False,create,1,medium_block,9,-19.43,34.09,1,wide_left,1,defensive_third,False,-15.73,34.8,1,wide_left,2,middle_third,False,54.43,54.33,47.15,47.55,42.86,42.76,62.05,62.07
236,1927964,30436,30459,48:24.6,48:26.9,3,24,2.3,2,1,867,left_to_right,Wellington P FC,2,False,False,False,finish,2,low_block,8,18.36,-34.49,5,wide_right,3,attacking_third,False,5.78,-31.29,5,wide_right,2,middle_third,False,45.9,47.0,64.45,63.65,33.83,32.59,45.51,44.74
237,1927964,30459,30474,48:26.9,48:28.4,3,26,1.5,2,1,867,left_to_right,Wellington P FC,1,False,False,False,create,1,medium_block,9,5.36,-31.2,5,wide_right,2,middle_third,False,4.93,-30.25,5,wide_right,2,middle_third,False,47.12,49.77,63.56,61.35,32.6,33.32,44.76,43.06
238,1927964,30474,30519,48:28.4,48:32.9,3,28,4.5,2,1,867,left_to_right,Wellington P FC,1,False,False,False,finish,2,low_block,8,5.25,-30.19,5,wide_right,2,middle_third,False,5.81,-27.88,5,wide_right,2,middle_third,False,49.99,58.15,61.25,59.81,33.41,37.07,42.76,37.87
239,1927964,30519,30613,48:32.9,48:42.3,3,32,9.4,2,1,867,left_to_right,Wellington P FC,5,False,False,False,create,1,medium_block,9,5.34,-27.5,5,wide_right,2,middle_third,False,17.58,24.67,1,wide_left,3,attacking_third,False,58.28,55.23,59.87,62.75,37.08,36.85,37.91,47.42
240,1927964,30613,30661,48:42.3,48:47.1,3,42,4.8,2,1,867,left_to_right,Wellington P FC,2,False,False,False,finish,2,low_block,8,17.84,25.48,1,wide_left,3,attacking_third,False,-12.76,-32.63,5,wide_right,2,middle_third,False,55.0,39.52,62.92,44.16,36.89,48.02,47.32,63.3
241,1927964,30661,30714,48:47.1,48:52.4,3,47,5.3,2,1,867,left_to_right,Wellington P FC,1,False,False,False,chaotic,5,chaotic,5,12.94,32.67,1,wide_left,2,middle_third,False,26.07,32.11,1,wide_left,3,attacking_third,False,47.84,48.99,63.23,66.14,39.58,34.75,44.25,45.37
242,1927964,31084,31177,49:29.4,49:38.7,4,29,9.3,2,1,867,left_to_right,Wellington P FC,4,True,False,False,set_play,7,defending_set_play,13,26.17,28.72,1,wide_left,3,attacking_third,False,39.96,29.34,1,wide_left,3,attacking_third,False,46.33,47.09,59.52,61.76,34.5,36.52,19.05,30.52
243,1927964,31177,31247,49:38.7,49:45.7,4,38,7.0,2,2,2902,right_to_left,Western Sydney,1,False,False,False,transition,4,defending_transition,11,-39.89,-29.42,5,wide_right,1,defensive_third,False,3.76,-29.55,5,wide_right,2,middle_third,False,36.68,40.52,30.38,48.64,47.03,33.23,61.88,61.11
244,1927964,31436,31449,50:04.6,50:05.9,5,4,1.3,2,2,2902,right_to_left,Western Sydney,1,True,False,False,chaotic,5,chaotic,5,6.41,-32.91,5,wide_right,2,middle_third,False,18.91,-28.21,5,wide_right,3,attacking_third,False,45.89,44.25,55.04,55.28,35.85,35.56,53.82,52.81
245,1927964,31449,31471,50:05.9,50:08.1,5,5,2.2,2,1,867,left_to_right,Wellington P FC,2,False,False,False,create,1,medium_block,9,-19.08,28.01,1,wide_left,1,defensive_third,False,-19.71,17.17,2,half_space_left,1,defensive_third,False,35.48,33.31,52.73,51.02,44.03,38.83,55.28,55.9
246,1927964,31471,31585,50:08.1,50:19.5,5,8,11.4,2,1,867,left_to_right,Wellington P FC,3,False,False,False,build_up,0,high_block,10,-20.2,16.99,2,half_space_left,1,defensive_third,False,-20.09,-10.55,4,half_space_right,1,defensive_third,False,33.33,53.83,50.96,55.37,38.55,34.32,55.99,54.95
247,1927964,31585,31615,50:19.5,50:22.5,5,19,3.0,2,1,867,left_to_right,Wellington P FC,2,True,False,False,create,1,medium_block,9,-19.9,-10.69,4,half_space_right,1,defensive_third,False,-12.12,-15.41,4,half_space_right,2,middle_third,False,53.87,56.24,55.48,58.31,34.23,33.9,54.87,51.98
248,1927964,31615,31674,50:22.5,50:28.4,5,22,5.9,2,2,2902,right_to_left,Western Sydney,2,False,False,True,create,1,medium_block,9,12.39,15.44,2,half_space_left,2,middle_third,False,15.53,-8.14,3,center,2,middle_third,False,33.85,37.55,51.89,59.64,56.33,41.55,58.35,55.34
249,1927964,31674,31785,50:28.4,50:39.5,5,28,11.1,2,2,2902,right_to_left,Western Sydney,6,True,False,True,finish,2,low_block,8,15.64,-8.51,3,center,2,middle_third,False,47.39,-5.49,3,center,3,attacking_third,True,37.77,43.59,59.8,71.62,41.09,20.73,55.18,42.05
250,1927964,31785,31958,50:39.5,50:56.8,5,39,17.3,2,1,867,left_to_right,Wellington P FC,2,False,False,False,build_up,0,high_block,10,-48.49,4.67,3,center,1,defensive_third,False,-20.21,-27.6,5,wide_right,1,defensive_third,False,20.77,51.66,42.09,45.81,43.35,46.91,71.77,70.74
251,1927964,31958,32011,50:56.8,51:02.1,5,56,5.3,2,1,867,left_to_right,Wellington P FC,2,True,False,False,create,1,medium_block,9,-19.7,-28.36,5,wide_right,1,defensive_third,False,-15.88,-12.83,4,half_space_right,2,middle_third,False,51.87,49.99,45.96,50.66,47.06,37.6,70.42,60.67
252,1927964,32011,32239,51:02.1,51:24.9,6,2,22.8,2,2,2902,right_to_left,Western Sydney,11,True,False,False,create,1,medium_block,9,15.57,12.37,2,half_space_left,2,middle_third,False,11.82,17.64,2,half_space_left,2,middle_third,False,37.61,57.49,60.7,56.49,49.81,44.51,50.68,49.56
253,1927964,32239,32304,51:24.9,51:31.4,6,24,6.5,2,1,867,left_to_right,Wellington P FC,3,False,False,False,create,1,medium_block,9,-11.79,-17.07,4,half_space_right,2,middle_third,False,14.88,-18.79,4,half_space_right,2,middle_third,False,44.41,37.14,49.65,59.99,57.31,33.39,56.55,60.55
254,1927964,32304,32354,51:31.4,51:36.4,6,31,5.0,2,1,867,left_to_right,Wellington P FC,2,False,False,False,finish,2,low_block,8,15.03,-18.98,4,half_space_right,2,middle_third,False,7.57,-22.62,5,wide_right,2,middle_third,False,37.14,44.84,60.35,61.19,33.09,33.9,60.37,42.02
255,1927964,32354,32402,51:36.4,51:41.2,6,36,4.8,2,1,867,left_to_right,Wellington P FC,2,False,False,False,create,1,medium_block,9,6.22,-21.24,5,wide_right,2,middle_third,False,4.66,-12.31,4,half_space_right,2,middle_third,False,44.98,54.37,61.2,58.21,33.87,37.46,41.63,37.15
256,1927964,32402,32437,51:41.2,51:44.7,6,41,3.5,2,1,867,left_to_right,Wellington P FC,1,True,False,False,finish,2,low_block,8,5.02,-12.34,4,half_space_right,2,middle_third,False,35.73,9.15,3,center,3,attacking_third,False,54.41,48.95,58.22,69.59,37.17,30.5,37.11,37.01
257,1927964,32437,32544,51:44.7,51:55.4,6,44,10.7,2,2,2902,right_to_left,Western Sydney,5,False,False,False,build_up,0,high_block,10,-36.1,-9.96,4,half_space_right,1,defensive_third,False,-20.26,-10.2,4,half_space_right,1,defensive_third,False,30.65,51.04,37.02,45.61,48.49,29.52,69.91,58.84
258,1927964,32544,32552,51:55.4,51:56.2,6,55,0.8,2,2,2902,right_to_left,Western Sydney,1,False,False,False,create,1,medium_block,9,-19.67,-10.85,4,half_space_right,1,defensive_third,False,-19.07,-13.82,4,half_space_right,1,defensive_third,False,51.23,52.43,45.67,46.01,29.44,29.16,58.42,56.1
259,1927964,32552,32692,51:56.2,52:10.2,6,56,14.0,2,2,2902,right_to_left,Western Sydney,4,False,False,False,build_up,0,high_block,10,-20.25,-13.81,4,half_space_right,1,defensive_third,False,-20.83,19.08,2,half_space_left,1,defensive_third,False,52.59,56.99,46.06,47.02,29.18,38.22,55.91,66.13
260,1927964,32692,32697,52:10.2,52:10.7,7,10,0.5,2,2,2902,right_to_left,Western Sydney,0,True,False,False,create,1,medium_block,9,-19.24,18.15,2,half_space_left,1,defensive_third,False,-13.98,14.1,2,half_space_left,2,middle_third,False,56.73,55.37,46.95,46.6,38.19,37.94,65.98,66.02
261,1927964,32697,32728,52:10.7,52:13.8,7,10,3.1,2,1,867,left_to_right,Wellington P FC,2,True,False,False,chaotic,5,chaotic,5,13.48,-13.31,4,half_space_right,2,middle_third,False,28.78,-8.71,3,center,3,attacking_third,False,37.86,33.45,66.03,60.99,54.99,37.22,46.47,41.99
262,1927964,32728,32922,52:13.8,52:33.2,7,13,19.4,2,2,2902,right_to_left,Western Sydney,7,False,False,True,create,1,medium_block,9,-29.33,8.31,3,center,1,defensive_third,False,13.87,9.02,3,center,2,middle_third,False,36.37,54.44,41.86,57.59,33.21,29.89,61.02,52.08
263,1927964,32922,33096,52:33.2,52:50.6,7,33,17.4,2,2,2902,right_to_left,Western Sydney,7,True,False,True,finish,2,low_block,8,13.85,9.52,2,half_space_left,2,middle_third,False,50.49,1.71,3,center,3,attacking_third,True,54.44,43.33,57.76,67.07,30.01,14.82,51.94,24.46
264,1927964,33399,33454,53:20.9,53:26.4,8,20,5.5,2,1,867,left_to_right,Wellington P FC,2,False,False,False,build_up,0,high_block,10,,,2,half_space_left,2,middle_third,False,-20.34,28.7,1,wide_left,1,defensive_third,False,,48.1,,43.28,,41.17,,71.96
265,1927964,33454,33625,53:26.4,53:43.5,8,26,17.1,2,1,867,left_to_right,Wellington P FC,4,True,False,False,create,1,medium_block,9,-19.74,28.85,1,wide_left,1,defensive_third,False,29.78,-21.42,5,wide_right,3,attacking_third,False,48.05,44.02,43.25,65.68,41.44,36.56,71.82,47.87
266,1927964,33625,33661,53:43.5,53:47.1,8,43,3.6,2,2,2902,right_to_left,Western Sydney,2,False,False,True,build_up,0,high_block,10,-30.35,20.93,1,wide_left,1,defensive_third,False,-20.14,17.63,2,half_space_left,1,defensive_third,False,36.54,38.62,47.78,46.68,43.58,35.81,65.74,65.41
267,1927964,33661,33674,53:47.1,53:48.4,8,47,1.3,2,2,2902,right_to_left,Western Sydney,1,False,False,True,create,1,medium_block,9,-19.64,19.28,2,half_space_left,1,defensive_third,False,-19.6,27.86,1,wide_left,1,defensive_third,False,38.76,40.54,46.63,46.23,35.91,39.03,65.33,64.22
268,1927964,33674,33812,53:48.4,54:02.2,8,48,13.8,2,2,2902,right_to_left,Western Sydney,7,False,False,True,build_up,0,high_block,10,-20.18,27.43,1,wide_left,1,defensive_third,False,-20.14,-22.29,5,wide_right,1,defensive_third,False,40.71,46.3,46.2,46.52,39.24,40.02,64.13,67.77
269,1927964,33812,33867,54:02.2,54:07.7,9,2,5.5,2,2,2902,right_to_left,Western Sydney,1,False,False,True,create,1,medium_block,9,-19.55,-22.64,5,wide_right,1,defensive_third,False,15.62,-20.91,5,wide_right,2,middle_third,False,45.94,39.58,46.57,61.89,39.72,29.25,67.66,65.4
270,1927964,33867,33920,54:07.7,54:13.0,9,7,5.3,2,2,2902,right_to_left,Western Sydney,2,True,False,True,finish,2,low_block,8,16.02,-20.6,5,wide_right,2,middle_third,False,47.99,-4.68,3,center,3,attacking_third,True,39.56,35.67,62.2,73.89,29.18,25.37,65.26,53.89
271,1927964,33920,33964,54:13.0,54:17.4,9,13,4.4,2,1,867,left_to_right,Wellington P FC,2,False,False,False,build_up,0,high_block,10,-47.94,4.26,3,center,1,defensive_third,False,-20.23,5.46,3,center,1,defensive_third,False,25.35,30.96,53.77,45.04,35.58,29.55,74.2,70.91
272,1927964,33964,33980,54:17.4,54:19.0,9,17,1.6,2,1,867,left_to_right,Wellington P FC,1,True,False,False,create,1,medium_block,9,-18.84,6.06,3,center,1,defensive_third,False,-15.83,3.34,3,center,2,middle_third,False,31.25,34.63,44.89,43.52,29.53,29.18,70.61,66.46
273,1927964,33980,34121,54:19.0,54:33.1,9,19,14.1,2,2,2902,right_to_left,Western Sydney,4,False,False,False,quick_break,3,defending_quick_break,12,16.08,-3.35,3,center,2,middle_third,False,45.6,-24.57,5,wide_right,3,attacking_third,False,29.15,34.64,66.22,73.69,34.82,31.08,43.55,41.52
274,1927964,34121,34411,54:33.1,55:02.1,9,33,29.0,2,2,2902,right_to_left,Western Sydney,11,True,False,False,finish,2,low_block,8,44.91,-24.69,5,wide_right,3,attacking_third,False,42.75,-5.31,3,center,3,attacking_third,True,34.69,39.13,73.35,59.81,31.12,25.86,41.51,30.57
275,1927964,34676,34749,55:28.6,55:35.9,10,28,7.3,2,1,867,left_to_right,Wellington P FC,4,False,False,False,build_up,0,high_block,10,-48.46,7.48,3,center,1,defensive_third,False,-43.55,29.17,1,wide_left,1,defensive_third,False,48.58,51.66,48.38,47.25,40.27,42.65,67.35,75.5
276,1927964,34749,34790,55:35.9,55:40.0,10,35,4.1,2,1,867,left_to_right,Wellington P FC,1,True,False,False,direct,6,defending_direct,15,-43.29,29.18,1,wide_left,1,defensive_third,False,-5.71,22.92,1,wide_left,2,middle_third,False,51.54,42.83,47.25,41.98,42.72,43.6,75.24,67.29
277,1927964,34790,34934,55:40.0,55:54.4,10,40,14.4,2,2,2902,right_to_left,Western Sydney,6,False,False,True,create,1,medium_block,9,5.45,-23.09,5,wide_right,2,middle_third,False,18.65,-28.06,5,wide_right,3,attacking_third,False,43.52,46.3,67.12,56.93,42.6,35.42,41.63,45.8
278,1927964,34934,35110,55:54.4,56:12.0,10,54,17.6,2,2,2902,right_to_left,Western Sydney,5,True,False,True,finish,2,low_block,8,19.07,-28.09,5,wide_right,3,attacking_third,False,46.9,-2.27,3,center,3,attacking_third,True,46.21,30.13,57.02,71.53,35.16,23.51,45.76,35.42
279,1927964,35371,35441,56:38.1,56:45.1,11,38,7.0,2,1,867,left_to_right,Wellington P FC,2,True,False,False,create,1,medium_block,9,-46.57,-3.35,3,center,1,defensive_third,False,-15.3,-5.81,3,center,2,middle_third,False,55.53,30.02,55.43,47.86,37.99,27.93,68.57,61.45
280,1927964,35441,35470,56:45.1,56:48.0,11,45,2.9,2,2,2902,right_to_left,Western Sydney,1,True,False,False,chaotic,5,chaotic,5,15.06,6.05,3,center,2,middle_third,False,13.66,16.48,2,half_space_left,2,middle_third,False,27.8,31.37,61.6,61.31,29.66,27.27,47.37,40.56
281,1927964,35470,35487,56:48.0,56:49.7,11,48,1.7,2,1,867,left_to_right,Wellington P FC,1,True,False,False,chaotic,5,chaotic,5,-13.59,-16.94,4,half_space_right,2,middle_third,False,-1.84,-19.37,4,half_space_right,2,middle_third,False,27.65,31.28,40.7,46.92,31.48,35.94,61.28,61.43
282,1927964,35487,35509,56:49.7,56:51.9,11,49,2.2,2,2,2902,right_to_left,Western Sydney,1,True,False,False,chaotic,5,chaotic,5,1.38,19.67,2,half_space_left,2,middle_third,False,8.68,23.1,1,wide_left,2,middle_third,False,36.17,39.36,61.41,58.91,31.39,36.04,47.15,49.51
283,1927964,35509,35635,56:51.9,57:04.5,11,51,12.6,2,1,867,left_to_right,Wellington P FC,1,True,False,True,transition,4,defending_transition,11,-9.37,-22.95,5,wide_right,2,middle_third,False,47.16,0.81,3,center,3,attacking_third,True,36.25,29.82,49.59,74.15,39.5,22.05,58.71,48.1
284,1927964,35830,36100,57:24.0,57:51.0,12,24,27.0,2,2,2902,right_to_left,Western Sydney,10,False,False,False,build_up,0,high_block,10,,,2,half_space_left,2,middle_third,False,-20.71,25.18,1,wide_left,1,defensive_third,False,,58.82,,43.31,,44.26,,55.37
285,1927964,36100,36114,57:51.0,57:52.4,12,51,1.4,2,2,2902,right_to_left,Western Sydney,1,False,False,False,create,1,medium_block,9,-19.97,24.56,1,wide_left,1,defensive_third,False,-19.02,19.68,2,half_space_left,1,defensive_third,False,58.73,56.47,43.38,43.58,44.21,42.67,55.43,56.01
286,1927964,36114,36526,57:52.4,58:33.6,12,52,41.2,2,2,2902,right_to_left,Western Sydney,14,True,False,False,build_up,0,high_block,10,-20.77,19.74,2,half_space_left,1,defensive_third,False,-25.48,20.43,1,wide_left,1,defensive_third,False,56.21,48.71,43.62,38.17,42.46,32.28,56.02,75.8
287,1927964,36526,36647,58:33.6,58:45.7,13,33,12.1,2,1,867,left_to_right,Wellington P FC,6,False,True,True,quick_break,3,defending_quick_break,12,24.98,-20.78,5,wide_right,3,attacking_third,False,52.47,5.59,3,center,3,attacking_third,True,32.14,22.85,75.43,71.66,48.01,23.08,37.66,28.4
288,1927964,37273,37371,59:48.3,59:58.1,14,48,9.8,2,2,2902,right_to_left,Western Sydney,4,False,False,False,create,1,medium_block,9,-11.57,2.26,3,center,2,middle_third,False,-19.55,21.18,1,wide_left,1,defensive_third,False,49.58,55.25,44.73,49.83,36.61,39.79,44.15,52.39
289,1927964,37371,37451,59:58.1,60:06.1,14,58,8.0,2,2,2902,right_to_left,Western Sydney,2,False,False,False,build_up,0,high_block,10,-20.66,20.88,1,wide_left,1,defensive_third,False,-20.32,-23.61,5,wide_right,1,defensive_third,False,55.35,53.17,49.85,45.39,39.67,36.06,52.45,51.39
290,1927964,37451,37608,60:06.1,60:21.8,15,6,15.7,2,2,2902,right_to_left,Western Sydney,4,False,False,False,create,1,medium_block,9,-19.93,-24.3,5,wide_right,1,defensive_third,False,-19.71,23.56,1,wide_left,1,defensive_third,False,53.18,56.27,45.43,48.71,36.2,38.78,51.3,52.98
291,1927964,37608,37681,60:21.8,60:29.1,15,21,7.3,2,2,2902,right_to_left,Western Sydney,2,False,False,False,build_up,0,high_block,10,-20.37,22.96,1,wide_left,1,defensive_third,False,-21.05,-19.16,4,half_space_right,1,defensive_third,False,56.33,53.17,48.81,49.66,38.6,35.23,52.96,65.06
292,1927964,37681,37832,60:29.1,60:44.2,15,29,15.1,2,2,2902,right_to_left,Western Sydney,2,False,False,False,create,1,medium_block,9,-19.7,-19.25,4,half_space_right,1,defensive_third,False,20.02,-18.93,4,half_space_right,3,attacking_third,False,52.86,34.9,49.62,62.4,35.23,33.72,64.97,63.78
293,1927964,37832,38019,60:44.2,61:02.9,15,44,18.7,2,2,2902,right_to_left,Western Sydney,7,True,False,False,finish,2,low_block,8,20.44,-19.13,4,half_space_right,3,attacking_third,False,54.4,-2.3,3,center,3,attacking_third,False,34.86,34.16,62.99,74.66,33.61,24.76,63.73,41.05
294,1927964,38360,38425,61:37.0,61:43.5,16,37,6.5,2,1,867,left_to_right,Wellington P FC,3,False,False,False,build_up,0,high_block,10,-47.77,-3.32,3,center,1,defensive_third,False,-20.82,28.62,1,wide_left,1,defensive_third,False,54.43,53.71,46.87,43.78,35.65,45.07,74.23,70.52
295,1927964,38425,38487,61:43.5,61:49.7,16,43,6.2,2,1,867,left_to_right,Wellington P FC,3,False,False,False,create,1,medium_block,9,-19.62,28.77,1,wide_left,1,defensive_third,False,-4.34,24.8,1,wide_left,2,middle_third,False,53.92,46.94,43.87,53.55,45.35,39.53,70.32,62.71
296,1927964,38487,38518,61:49.7,61:52.8,16,49,3.1,2,1,867,left_to_right,Wellington P FC,1,True,False,False,direct,6,defending_direct,15,-3.61,24.39,1,wide_left,2,middle_third,False,36.3,9.54,2,half_space_left,3,attacking_third,True,46.88,43.36,54.09,70.21,39.22,37.21,62.54,56.33
297,1927964,38518,38571,61:52.8,61:58.1,16,52,5.3,2,2,2902,right_to_left,Western Sydney,2,False,False,False,build_up,0,high_block,10,-36.87,-9.37,4,half_space_right,1,defensive_third,False,-20.22,1.5,3,center,1,defensive_third,False,37.38,46.75,56.19,50.26,43.14,34.95,70.64,61.92
298,1927964,38571,38644,61:58.1,62:05.4,16,58,7.3,2,2,2902,right_to_left,Western Sydney,1,True,False,False,create,1,medium_block,9,-19.76,1.65,3,center,1,defensive_third,False,16.55,-29.25,5,wide_right,2,middle_third,False,46.85,49.12,50.28,52.64,35.07,47.75,61.4,46.03
299,1927964,38644,38901,62:05.4,62:31.1,17,5,25.7,2,1,867,left_to_right,Wellington P FC,10,False,False,False,create,1,medium_block,9,-16.3,29.46,1,wide_left,2,middle_third,False,-19.2,-17.86,4,half_space_right,1,defensive_third,False,48.09,67.37,46.12,57.49,49.16,35.28,52.59,53.79
300,1927964,38901,39000,62:31.1,62:41.0,17,31,9.9,2,1,867,left_to_right,Wellington P FC,1,False,False,False,build_up,0,high_block,10,-20.86,-17.09,4,half_space_right,1,defensive_third,False,-20.29,-12.58,4,half_space_right,1,defensive_third,False,67.4,56.8,57.49,44.25,35.35,42.33,54.06,71.59
301,1927964,39000,39007,62:41.0,62:41.7,17,41,0.7,2,1,867,left_to_right,Wellington P FC,0,True,False,False,create,1,medium_block,9,-19.04,-13.34,4,half_space_right,1,defensive_third,False,-11.99,-16.95,4,half_space_right,2,middle_third,False,56.6,55.42,44.3,44.86,42.14,40.84,71.27,69.5
302,1927964,39007,39302,62:41.7,63:11.2,17,41,29.5,2,2,2902,right_to_left,Western Sydney,12,False,False,False,create,1,medium_block,9,10.88,17.54,2,half_space_left,2,middle_third,False,-18.65,-15.51,4,half_space_right,1,defensive_third,False,40.69,59.62,69.24,51.72,55.23,41.19,44.99,54.59
303,1927964,39302,39447,63:11.2,63:25.7,18,11,14.5,2,2,2902,right_to_left,Western Sydney,4,False,False,False,build_up,0,high_block,10,-20.2,-15.96,4,half_space_right,1,defensive_third,False,-20.71,33.09,1,wide_left,1,defensive_third,False,59.55,46.68,51.6,43.31,41.19,41.91,55.19,70.38
304,1927964,39447,39488,63:25.7,63:29.8,18,25,4.1,2,2,2902,right_to_left,Western Sydney,1,True,False,False,create,1,medium_block,9,-19.8,33.05,1,wide_left,1,defensive_third,False,-1.52,36.41,1,wide_left,2,middle_third,False,46.44,41.08,43.28,43.67,41.94,42.42,70.37,65.18
305,1927964,39938,39975,64:14.8,64:18.5,19,14,3.7,2,1,867,left_to_right,Wellington P FC,2,False,False,False,create,1,medium_block,9,-0.28,-31.74,5,wide_right,2,middle_third,False,-19.97,-13.55,4,half_space_right,1,defensive_third,False,52.86,58.64,61.94,59.2,33.84,34.86,47.87,56.0
306,1927964,39975,40112,64:18.5,64:32.2,19,18,13.7,2,1,867,left_to_right,Wellington P FC,3,True,False,False,build_up,0,high_block,10,-20.21,-12.21,4,half_space_right,1,defensive_third,False,-20.76,-23.06,5,wide_right,1,defensive_third,False,58.89,55.52,59.11,52.63,34.96,44.12,56.26,70.93
307,1927964,40112,40174,64:32.2,64:38.4,19,32,6.2,2,2,2902,right_to_left,Western Sydney,3,False,False,False,chaotic,5,chaotic,5,20.09,23.65,1,wide_left,3,attacking_third,False,8.2,36.31,1,wide_left,2,middle_third,False,44.3,46.89,70.82,63.31,55.42,50.72,52.66,52.0
308,1927964,40281,40326,64:49.1,64:53.6,19,49,4.5,2,2,2902,right_to_left,Western Sydney,4,True,False,False,create,1,medium_block,9,9.4,32.49,1,wide_left,2,middle_third,False,8.61,30.73,1,wide_left,2,middle_third,False,48.48,46.56,61.94,60.65,29.89,26.03,52.46,49.37
309,1927964,40326,40416,64:53.6,65:02.6,19,53,9.0,2,1,867,left_to_right,Wellington P FC,2,True,False,False,transition,4,defending_transition,11,-8.61,-30.95,5,wide_right,2,middle_third,False,43.4,-3.71,3,center,3,attacking_third,True,26.47,31.04,49.34,65.61,46.56,26.56,60.76,51.7
310,1927964,40416,40617,65:02.6,65:22.7,20,2,20.1,2,2,2902,right_to_left,Western Sydney,8,False,True,True,create,1,medium_block,9,-43.81,3.61,3,center,1,defensive_third,False,18.85,-8.71,3,center,3,attacking_third,False,26.98,54.25,51.55,56.4,31.03,30.92,65.57,43.35
311,1927964,40617,40804,65:22.7,65:41.4,20,22,18.7,2,2,2902,right_to_left,Western Sydney,8,False,True,True,finish,2,low_block,8,19.33,-9.03,3,center,3,attacking_third,False,54.18,0.88,3,center,3,attacking_third,False,54.07,33.15,56.65,78.0,30.79,22.72,43.34,26.06
312,1927964,41482,41524,66:49.2,66:53.4,21,49,4.2,2,1,867,left_to_right,Wellington P FC,2,False,False,False,create,1,medium_block,9,-2.37,0.69,3,center,2,middle_third,False,-19.79,-6.43,3,center,1,defensive_third,False,59.21,63.8,42.37,52.45,36.19,38.5,41.42,52.38
313,1927964,41524,41610,66:53.4,67:02.0,21,53,8.6,2,1,867,left_to_right,Wellington P FC,4,False,False,False,build_up,0,high_block,10,-20.27,-6.75,3,center,1,defensive_third,False,-21.23,12.38,2,half_space_left,1,defensive_third,False,64.0,54.73,52.51,54.04,38.55,42.99,52.48,63.16
314,1927964,41610,41623,67:02.0,67:03.3,22,2,1.3,2,1,867,left_to_right,Wellington P FC,0,True,False,False,create,1,medium_block,9,-19.81,11.53,2,half_space_left,1,defensive_third,False,-7.39,0.66,3,center,2,middle_third,False,54.31,49.66,53.84,50.61,42.71,40.11,62.96,60.99
315,1927964,41623,41629,67:03.3,67:03.9,22,3,0.6,2,2,2902,right_to_left,Western Sydney,1,False,False,False,finish,2,low_block,8,6.83,-0.28,3,center,2,middle_third,False,5.34,-1.45,3,center,2,middle_third,False,39.96,39.48,60.91,60.57,49.39,47.97,50.81,51.53
316,1927964,41629,41785,67:03.9,67:19.5,22,3,15.6,2,2,2902,right_to_left,Western Sydney,7,False,False,False,create,1,medium_block,9,5.08,-1.72,3,center,2,middle_third,False,18.77,-26.11,5,wide_right,3,attacking_third,False,39.44,57.17,60.48,62.49,47.75,40.13,51.6,49.53
317,1927964,41785,41857,67:19.5,67:26.7,22,19,7.2,2,2,2902,right_to_left,Western Sydney,2,True,False,False,finish,2,low_block,8,19.56,-26.56,5,wide_right,3,attacking_third,False,29.13,-7.35,3,center,3,attacking_third,False,56.74,26.89,62.66,70.64,39.99,22.29,49.63,41.19
318,1927964,41857,42025,67:26.7,67:43.5,22,26,16.8,2,1,867,left_to_right,Wellington P FC,4,False,False,True,transition,4,defending_transition,11,-28.58,7.5,3,center,1,defensive_third,False,29.42,-29.55,5,wide_right,3,attacking_third,False,22.26,42.96,40.91,71.03,26.6,29.24,70.36,49.96
319,1927964,42025,42215,67:43.5,68:02.5,22,43,19.0,2,1,867,left_to_right,Wellington P FC,4,False,False,True,finish,2,low_block,8,28.77,-29.54,5,wide_right,3,attacking_third,False,7.29,19.99,2,half_space_left,2,middle_third,False,42.98,52.04,71.26,61.58,29.41,39.29,49.64,35.85
320,1927964,42215,42347,68:02.5,68:15.7,23,2,13.2,2,1,867,left_to_right,Wellington P FC,4,False,False,True,create,1,medium_block,9,6.0,19.55,2,half_space_left,2,middle_third,False,-19.14,21.86,1,wide_left,1,defensive_third,False,52.37,55.5,61.53,54.5,39.32,40.3,35.92,58.87
321,1927964,42347,42482,68:15.7,68:29.2,23,15,13.5,2,1,867,left_to_right,Wellington P FC,5,False,False,True,build_up,0,high_block,10,-20.55,20.87,1,wide_left,1,defensive_third,False,-20.16,-1.87,3,center,1,defensive_third,False,55.51,60.78,54.38,46.96,40.37,41.89,59.26,63.71
322,1927964,42482,42537,68:29.2,68:34.7,23,29,5.5,2,1,867,left_to_right,Wellington P FC,2,False,False,True,create,1,medium_block,9,-19.05,-0.42,3,center,1,defensive_third,False,27.12,23.69,1,wide_left,3,attacking_third,False,60.78,50.88,47.03,66.32,41.87,30.44,63.66,64.28
323,1927964,42537,42588,68:34.7,68:39.8,23,34,5.1,2,1,867,left_to_right,Wellington P FC,1,False,False,False,finish,2,low_block,8,27.88,24.01,1,wide_left,3,attacking_third,False,46.35,3.96,3,center,3,attacking_third,True,50.67,32.63,66.85,80.23,30.31,14.87,64.29,54.63
324,1927964,43034,43191,69:24.4,69:40.1,24,24,15.7,2,1,867,left_to_right,Wellington P FC,4,False,False,False,set_play,7,defending_set_play,13,50.84,-29.77,5,wide_right,3,attacking_third,False,42.31,-19.66,4,half_space_right,3,attacking_third,True,44.83,37.14,66.64,60.69,21.88,29.49,17.02,22.09
325,1927964,43470,43497,70:08.0,70:10.7,25,8,2.7,2,1,867,left_to_right,Wellington P FC,2,True,False,True,set_play,7,defending_set_play,13,51.16,-29.16,5,wide_right,3,attacking_third,False,53.92,-0.15,3,center,3,attacking_third,False,40.02,32.64,61.0,62.96,19.85,15.2,20.04,17.74
326,1927964,43775,43832,70:38.5,70:44.2,25,38,5.7,2,2,2902,right_to_left,Western Sydney,2,False,False,False,build_up,0,high_block,10,-46.82,-5.47,3,center,1,defensive_third,False,-21.35,-27.27,5,wide_right,1,defensive_third,False,58.61,56.56,52.53,54.12,36.7,41.35,62.99,67.53
327,1927964,43832,43854,70:44.2,70:46.4,25,44,2.2,2,2,2902,right_to_left,Western Sydney,0,True,False,False,create,1,medium_block,9,-18.89,-26.65,5,wide_right,1,defensive_third,False,14.09,-22.31,5,wide_right,2,middle_third,False,56.31,49.21,54.42,61.38,41.3,40.06,67.52,67.62
328,1927964,43854,43966,70:46.4,70:57.6,25,46,11.2,2,1,867,left_to_right,Wellington P FC,5,True,False,False,create,1,medium_block,9,-14.83,22.41,1,wide_left,2,middle_third,False,-4.26,-6.88,3,center,2,middle_third,False,40.02,55.47,67.6,57.71,48.87,34.98,61.43,54.82
329,1927964,43966,44013,70:57.6,71:02.3,25,57,4.7,2,2,2902,right_to_left,Western Sydney,1,True,False,False,quick_break,3,defending_quick_break,12,4.61,6.67,3,center,2,middle_third,False,30.58,1.43,3,center,3,attacking_third,False,34.97,38.2,54.77,71.96,55.55,50.66,57.74,54.8
330,1927964,44013,44169,71:02.3,71:17.9,26,2,15.6,2,1,867,left_to_right,Wellington P FC,4,False,False,False,transition,4,defending_transition,11,-30.93,-1.29,3,center,1,defensive_third,False,51.01,13.68,2,half_space_left,3,attacking_third,True,50.49,23.63,54.57,80.86,38.22,22.95,72.51,50.77
331,1927964,44701,44737,72:11.1,72:14.7,27,11,3.6,2,1,867,left_to_right,Wellington P FC,1,True,False,False,set_play,7,defending_set_play,13,52.35,32.98,1,wide_left,3,attacking_third,False,37.12,10.66,2,half_space_left,3,attacking_third,True,39.67,40.17,70.39,65.48,10.0,15.64,20.27,16.6
332,1927964,44737,44809,72:14.7,72:21.9,27,14,7.2,2,2,2902,right_to_left,Western Sydney,2,True,False,False,chaotic,5,chaotic,5,-36.63,-10.89,4,half_space_right,1,defensive_third,False,-2.61,-13.27,4,half_space_right,2,middle_third,False,16.08,23.6,16.58,26.07,40.14,21.23,65.07,57.26
333,1927964,44809,44858,72:21.9,72:26.8,27,21,4.9,2,1,867,left_to_right,Wellington P FC,2,False,False,True,create,1,medium_block,9,1.73,13.13,2,half_space_left,2,middle_third,False,4.91,-10.16,4,half_space_right,2,middle_third,False,21.25,42.74,57.24,53.55,23.78,28.43,26.36,35.12
334,1927964,44858,44962,72:26.8,72:37.2,27,26,10.4,2,1,867,left_to_right,Wellington P FC,4,True,False,True,finish,2,low_block,8,5.1,-10.19,4,half_space_right,2,middle_third,False,51.81,-5.72,3,center,3,attacking_third,True,43.14,24.96,53.47,68.73,28.44,23.21,35.16,37.58
335,1927964,44962,45179,72:37.2,72:58.9,27,37,21.7,2,2,2902,right_to_left,Western Sydney,2,False,False,True,build_up,0,high_block,10,-52.29,5.66,3,center,1,defensive_third,False,-20.37,16.6,2,half_space_left,1,defensive_third,False,23.25,52.22,37.74,44.43,25.04,32.75,68.88,65.25
336,1927964,45179,45234,72:58.9,73:04.4,27,58,5.5,2,2,2902,right_to_left,Western Sydney,2,False,False,True,create,1,medium_block,9,-19.61,16.21,2,half_space_left,1,defensive_third,False,21.08,15.47,2,half_space_left,3,attacking_third,False,52.32,47.45,44.58,65.1,32.64,31.2,65.33,68.02
337,1927964,45234,45379,73:04.4,73:18.9,28,4,14.5,2,2,2902,right_to_left,Western Sydney,6,True,False,True,finish,2,low_block,8,21.58,14.95,2,half_space_left,3,attacking_third,False,54.2,3.04,3,center,3,attacking_third,False,47.36,37.07,65.58,78.53,31.31,18.01,68.01,40.11
338,1927964,46236,46344,74:44.6,74:55.4,29,44,10.8,2,1,867,left_to_right,Wellington P FC,3,False,False,False,create,1,medium_block,9,-44.39,-12.7,4,half_space_right,1,defensive_third,False,-15.21,6.21,3,center,2,middle_third,False,56.94,53.05,49.73,53.31,43.92,38.39,58.69,55.4
339,1927964,46344,46386,74:55.4,74:59.6,29,55,4.2,2,1,867,left_to_right,Wellington P FC,1,True,False,False,direct,6,defending_direct,15,-13.78,6.46,3,center,2,middle_third,False,41.17,16.52,2,half_space_left,3,attacking_third,True,52.8,38.61,53.61,74.85,38.18,39.31,55.39,52.48
340,1927964,46386,46516,74:59.6,75:12.6,29,59,13.0,2,2,2902,right_to_left,Western Sydney,4,False,False,True,build_up,0,high_block,10,-41.55,-16.67,4,half_space_right,1,defensive_third,False,-20.08,14.56,2,half_space_left,1,defensive_third,False,39.49,50.57,52.33,46.96,38.45,33.99,75.38,68.62
341,1927964,46516,46584,75:12.6,75:19.4,30,12,6.8,2,2,2902,right_to_left,Western Sydney,2,False,False,True,create,1,medium_block,9,-19.37,13.69,2,half_space_left,1,defensive_third,False,18.44,19.8,2,half_space_left,3,attacking_third,False,50.5,46.74,46.95,64.45,33.65,21.74,68.56,67.55
342,1927964,46584,46631,75:19.4,75:24.1,30,19,4.7,2,2,2902,right_to_left,Western Sydney,3,True,False,True,finish,2,low_block,8,18.94,19.55,2,half_space_left,3,attacking_third,False,50.5,4.7,3,center,3,attacking_third,True,46.65,40.82,64.8,78.35,21.63,17.91,67.44,57.02
343,1927964,46631,46827,75:24.1,75:43.7,30,24,19.6,2,1,867,left_to_right,Wellington P FC,5,False,False,False,build_up,0,high_block,10,-50.6,-4.73,3,center,1,defensive_third,False,-20.25,8.27,3,center,1,defensive_third,False,18.3,61.7,56.72,51.09,40.7,41.4,78.62,55.62
344,1927964,46827,47126,75:43.7,76:13.6,30,43,29.9,2,1,867,left_to_right,Wellington P FC,8,False,False,False,create,1,medium_block,9,-19.94,8.75,3,center,1,defensive_third,False,4.98,-0.82,3,center,2,middle_third,False,61.79,57.76,51.11,56.96,41.44,38.8,55.54,42.03
345,1927964,47126,47147,76:13.6,76:15.7,31,13,2.1,2,1,867,left_to_right,Wellington P FC,2,True,False,False,finish,2,low_block,8,5.23,-0.73,3,center,2,middle_third,False,23.91,7.61,3,center,3,attacking_third,False,57.67,49.7,57.08,60.55,38.72,34.63,41.89,40.56
346,1927964,47147,47278,76:15.7,76:28.8,31,15,13.1,2,2,2902,right_to_left,Western Sydney,6,False,False,False,build_up,0,high_block,10,-24.2,-7.63,3,center,1,defensive_third,False,-20.04,-28.3,5,wide_right,1,defensive_third,False,34.41,46.8,40.57,38.25,49.09,39.6,60.83,68.27
347,1927964,47278,47303,76:28.8,76:31.3,31,28,2.5,2,2,2902,right_to_left,Western Sydney,1,True,False,False,create,1,medium_block,9,-19.77,-28.54,5,wide_right,1,defensive_third,False,-11.21,-34.04,5,wide_right,2,middle_third,False,46.78,48.63,38.37,43.0,39.6,42.01,68.19,66.01
348,1927964,47554,47564,76:56.4,76:57.4,31,56,1.0,2,1,867,left_to_right,Wellington P FC,1,False,False,False,set_play,7,defending_set_play,13,,,2,half_space_left,2,middle_third,False,,,2,half_space_left,2,middle_third,False,,,,,,,,
349,1927964,47875,47983,77:28.5,77:39.3,32,28,10.8,2,1,867,left_to_right,Wellington P FC,4,False,False,False,create,1,medium_block,9,5.6,31.62,1,wide_left,2,middle_third,False,4.9,18.66,2,half_space_left,2,middle_third,False,46.09,57.41,67.12,60.91,33.24,34.89,39.91,36.82
350,1927964,47983,48013,77:39.3,77:42.3,32,39,3.0,2,1,867,left_to_right,Wellington P FC,2,False,False,False,finish,2,low_block,8,5.06,18.79,2,half_space_left,2,middle_third,False,6.74,27.08,1,wide_left,2,middle_third,False,57.41,59.73,60.84,57.08,34.86,37.07,36.8,37.36
351,1927964,48013,48088,77:42.3,77:49.8,32,42,7.5,2,1,867,left_to_right,Wellington P FC,3,False,False,False,create,1,medium_block,9,6.61,26.87,1,wide_left,2,middle_third,False,14.05,-29.02,5,wide_right,2,middle_third,False,59.8,58.98,57.0,57.71,37.25,33.53,37.38,43.62
352,1927964,48088,48185,77:49.8,77:59.5,32,49,9.7,2,1,867,left_to_right,Wellington P FC,2,False,False,False,finish,2,low_block,8,14.73,-29.47,5,wide_right,2,middle_third,False,5.4,-0.35,3,center,2,middle_third,False,58.79,51.35,57.85,58.79,33.69,33.05,43.41,32.93
353,1927964,48185,48200,77:59.5,78:01.0,32,59,1.5,2,1,867,left_to_right,Wellington P FC,1,False,False,False,create,1,medium_block,9,5.1,1.05,3,center,2,middle_third,False,4.69,9.0,3,center,2,middle_third,False,51.66,56.06,58.7,58.21,33.07,33.88,33.02,33.25
354,1927964,48200,48321,78:01.0,78:13.1,33,1,12.1,2,1,867,left_to_right,Wellington P FC,3,True,False,False,finish,2,low_block,8,5.17,9.47,2,half_space_left,2,middle_third,False,41.53,37.44,1,wide_left,3,attacking_third,False,56.33,48.94,58.2,70.59,33.98,37.75,33.22,24.11
355,1927964,48479,48507,78:28.9,78:31.7,33,28,2.8,2,2,2902,right_to_left,Western Sydney,3,False,False,False,build_up,0,high_block,10,-45.45,-32.07,5,wide_right,1,defensive_third,False,-20.24,-24.3,5,wide_right,1,defensive_third,False,33.53,33.49,41.24,36.71,32.52,30.75,75.17,72.49
356,1927964,48507,48509,78:31.7,78:31.9,33,31,0.2,2,2,2902,right_to_left,Western Sydney,0,True,False,False,create,1,medium_block,9,-18.48,-23.45,5,wide_right,1,defensive_third,False,-16.82,-22.56,5,wide_right,2,middle_third,False,33.43,33.35,36.48,36.25,30.8,30.85,72.3,72.11
357,1927964,48509,48598,78:31.9,78:40.8,33,31,8.9,2,1,867,left_to_right,Wellington P FC,2,True,False,False,chaotic,5,chaotic,5,15.17,21.76,1,wide_left,2,middle_third,False,25.18,-18.32,4,half_space_right,3,attacking_third,False,30.92,43.71,71.93,62.18,33.27,30.14,36.03,42.47
358,1927964,48598,48649,78:40.8,78:45.9,33,40,5.1,2,2,2902,right_to_left,Western Sydney,1,True,False,False,chaotic,5,chaotic,5,-24.95,19.02,2,half_space_left,1,defensive_third,False,19.03,30.99,1,wide_left,3,attacking_third,False,30.36,34.87,42.63,52.1,43.88,51.3,62.3,63.27
359,1927964,48649,48788,78:45.9,78:59.8,33,45,13.9,2,1,867,left_to_right,Wellington P FC,3,True,False,False,create,1,medium_block,9,-19.31,-31.06,5,wide_right,1,defensive_third,False,-3.76,1.68,3,center,2,middle_third,False,51.46,55.75,63.17,57.92,34.9,33.92,52.34,48.17
360,1927964,48788,48820,78:59.8,79:03.0,33,59,3.2,2,2,2902,right_to_left,Western Sydney,1,True,False,False,chaotic,5,chaotic,5,3.73,-1.33,3,center,2,middle_third,False,9.44,16.09,2,half_space_left,2,middle_third,False,33.79,33.11,48.02,55.54,55.66,52.08,57.99,59.7
361,1927964,49066,49116,79:27.6,79:32.6,34,27,5.0,2,1,867,left_to_right,Wellington P FC,2,False,False,False,build_up,0,high_block,10,-23.91,-33.36,5,wide_right,1,defensive_third,False,-21.39,-33.01,5,wide_right,1,defensive_third,False,51.79,59.6,53.63,51.16,34.35,37.07,64.28,62.36
362,1927964,49116,49122,79:32.6,79:33.2,34,32,0.6,2,1,867,left_to_right,Wellington P FC,0,True,False,False,create,1,medium_block,9,-19.23,-33.45,5,wide_right,1,defensive_third,False,-10.37,-35.06,5,wide_right,2,middle_third,False,59.61,59.35,51.29,51.87,37.11,36.95,61.96,61.01
363,1927964,49303,49337,79:51.3,79:54.7,34,51,3.4,2,2,2902,right_to_left,Western Sydney,3,True,False,False,create,1,medium_block,9,2.71,33.66,1,wide_left,2,middle_third,False,18.45,22.98,1,wide_left,3,attacking_third,False,36.84,35.33,66.87,61.92,26.19,26.7,59.81,59.29
364,1927964,49337,49373,79:54.7,79:58.3,34,54,3.6,2,1,867,left_to_right,Wellington P FC,1,True,False,False,chaotic,5,chaotic,5,-18.43,-22.81,5,wide_right,1,defensive_third,False,-4.57,-21.43,5,wide_right,2,middle_third,False,26.7,24.82,59.25,56.98,35.2,30.38,61.59,56.06
365,1927964,49373,49417,79:58.3,80:02.7,34,58,4.4,2,2,2902,right_to_left,Western Sydney,3,False,False,False,create,1,medium_block,9,4.22,21.56,1,wide_left,2,middle_third,False,21.65,28.83,1,wide_left,3,attacking_third,False,30.19,39.03,56.04,59.28,24.83,30.22,56.98,56.72
366,1927964,49417,49446,80:02.7,80:05.6,35,2,2.9,2,2,2902,right_to_left,Western Sydney,1,True,False,False,finish,2,low_block,8,21.82,29.0,1,wide_left,3,attacking_third,False,17.96,33.84,1,wide_left,3,attacking_third,False,38.99,36.79,59.46,66.74,30.14,31.52,56.77,55.69
367,1927964,49446,49463,80:05.6,80:07.3,35,5,1.7,2,1,867,left_to_right,Wellington P FC,1,True,False,False,chaotic,5,chaotic,5,-17.73,-34.05,5,wide_right,1,defensive_third,False,-17.99,-35.47,5,wide_right,1,defensive_third,False,31.67,33.08,55.65,54.43,36.68,35.96,66.71,65.45
368,1927964,49654,49803,80:26.4,80:41.3,35,26,14.9,2,2,2902,right_to_left,Western Sydney,4,True,False,True,finish,2,low_block,8,18.9,32.9,1,wide_left,3,attacking_third,False,39.89,3.18,3,center,3,attacking_third,True,36.09,33.26,66.28,70.59,26.86,21.07,47.32,40.9
369,1927964,50076,50309,81:08.6,81:31.9,36,8,23.3,2,1,867,left_to_right,Wellington P FC,8,False,False,False,create,1,medium_block,9,-24.55,9.6,2,half_space_left,1,defensive_third,False,4.62,-24.72,5,wide_right,2,middle_third,False,63.74,60.05,50.76,55.83,47.7,34.3,50.9,45.66
370,1927964,50424,50434,81:43.4,81:44.4,36,43,1.0,2,1,867,left_to_right,Wellington P FC,1,True,False,False,set_play,7,defending_set_play,13,5.24,-27.19,5,wide_right,2,middle_third,False,17.51,-10.77,4,half_space_right,3,attacking_third,False,48.08,45.35,61.28,64.63,35.61,37.69,39.63,40.2
371,1927964,50853,50877,82:26.3,82:28.7,37,26,2.4,2,2,2902,right_to_left,Western Sydney,1,True,False,False,direct,6,defending_direct,15,,,2,half_space_left,2,middle_third,False,9.9,-31.51,5,wide_right,2,middle_third,False,,28.67,,57.25,,27.69,,54.42
372,1927964,50877,50893,82:28.7,82:30.3,37,28,1.6,2,1,867,left_to_right,Wellington P FC,1,True,False,False,chaotic,5,chaotic,5,-10.43,31.78,1,wide_left,2,middle_third,False,0.23,34.27,1,wide_left,2,middle_third,False,27.95,30.28,54.39,54.27,28.59,29.49,57.41,58.72
373,1927964,51029,51196,82:43.9,83:00.6,37,43,16.7,2,2,2902,right_to_left,Western Sydney,8,False,False,False,build_up,0,high_block,10,-20.33,-31.54,5,wide_right,1,defensive_third,False,-20.27,8.4,3,center,1,defensive_third,False,42.51,56.4,53.12,46.77,28.01,35.55,62.55,62.55
374,1927964,51196,51251,83:00.6,83:06.1,38,0,5.5,2,2,2902,right_to_left,Western Sydney,2,False,False,False,create,1,medium_block,9,-19.91,8.08,3,center,1,defensive_third,False,5.73,-25.4,5,wide_right,2,middle_third,False,56.5,49.13,46.89,61.53,35.4,34.48,62.41,56.74
375,1927964,51251,51534,83:06.1,83:34.4,38,6,28.3,2,2,2902,right_to_left,Western Sydney,11,True,False,False,finish,2,low_block,8,6.14,-25.18,5,wide_right,2,middle_third,False,28.17,32.73,1,wide_left,3,attacking_third,False,48.8,42.92,61.67,63.74,34.35,37.29,56.64,33.76
376,1927964,51534,51671,83:34.4,83:48.1,38,34,13.7,2,1,867,left_to_right,Wellington P FC,3,True,False,False,transition,4,defending_transition,11,-27.91,-32.65,5,wide_right,1,defensive_third,False,46.54,1.09,3,center,3,attacking_third,True,37.32,34.45,33.89,85.08,42.86,34.87,63.73,56.15
377,1927964,52395,52455,85:00.5,85:06.5,40,0,6.0,2,2,2902,right_to_left,Western Sydney,3,False,False,False,build_up,0,high_block,10,-46.02,-6.12,3,center,1,defensive_third,False,-20.34,-27.97,5,wide_right,1,defensive_third,False,58.12,67.5,53.29,54.12,39.24,41.59,64.73,66.45
378,1927964,52455,52462,85:06.5,85:07.2,40,6,0.7,2,2,2902,right_to_left,Western Sydney,0,True,False,False,create,1,medium_block,9,-18.7,-27.69,5,wide_right,1,defensive_third,False,-10.18,-25.89,5,wide_right,2,middle_third,False,67.37,65.84,54.28,54.59,41.54,40.49,66.42,66.19
379,1927964,52462,52475,85:07.2,85:08.5,40,7,1.3,2,1,867,left_to_right,Wellington P FC,1,True,False,False,chaotic,5,chaotic,5,9.44,25.55,1,wide_left,2,middle_third,False,14.24,20.49,1,wide_left,2,middle_third,False,40.22,38.15,66.13,64.66,65.47,59.09,54.52,52.42
380,1927964,52475,52518,85:08.5,85:12.8,40,8,4.3,2,2,2902,right_to_left,Western Sydney,1,True,False,False,chaotic,5,chaotic,5,-14.63,-20.18,5,wide_right,2,middle_third,False,-10.11,-20.42,5,wide_right,2,middle_third,False,58.45,46.2,52.21,46.68,38.09,32.51,64.51,60.3
381,1927964,52518,52576,85:12.8,85:18.6,40,12,5.8,2,1,867,left_to_right,Wellington P FC,3,False,False,False,finish,2,low_block,8,9.87,20.53,1,wide_left,2,middle_third,False,5.19,18.39,2,half_space_left,2,middle_third,False,32.57,43.92,60.31,60.85,45.84,32.31,46.51,44.16
382,1927964,52576,52742,85:18.6,85:35.2,40,18,16.6,2,1,867,left_to_right,Wellington P FC,7,False,False,False,create,1,medium_block,9,3.77,18.42,2,half_space_left,2,middle_third,False,-19.98,10.63,2,half_space_left,1,defensive_third,False,44.22,60.64,60.83,59.42,32.46,37.29,44.44,58.28
383,1927964,52742,52791,85:35.2,85:40.1,40,35,4.9,2,1,867,left_to_right,Wellington P FC,1,False,False,False,build_up,0,high_block,10,-21.15,9.69,2,half_space_left,1,defensive_third,False,-20.77,-16.68,4,half_space_right,1,defensive_third,False,60.66,56.03,59.44,50.62,37.21,36.97,58.78,74.32
384,1927964,52791,52799,85:40.1,85:40.9,40,40,0.8,2,1,867,left_to_right,Wellington P FC,0,True,False,False,create,1,medium_block,9,-19.98,-17.29,4,half_space_right,1,defensive_third,False,-15.27,-20.93,5,wide_right,2,middle_third,False,55.71,52.87,50.67,51.79,36.69,34.88,74.08,72.06
385,1927964,52799,53004,85:40.9,86:01.4,40,40,20.5,2,2,2902,right_to_left,Western Sydney,5,True,False,True,quick_break,3,defending_quick_break,12,14.89,21.22,1,wide_left,2,middle_third,False,48.53,-3.16,3,center,3,attacking_third,True,34.61,32.84,71.75,72.24,52.4,20.07,52.0,34.72
386,1927964,53004,53216,86:01.4,86:22.6,41,1,21.2,2,1,867,left_to_right,Wellington P FC,2,True,False,False,create,1,medium_block,9,-48.5,3.16,3,center,1,defensive_third,False,-11.63,-8.12,3,center,2,middle_third,False,20.39,61.24,34.64,51.67,32.88,35.15,72.24,53.78
387,1927964,53216,53316,86:22.6,86:32.6,41,22,10.0,2,2,2902,right_to_left,Western Sydney,3,True,False,False,finish,2,low_block,8,11.2,8.34,3,center,2,middle_third,False,24.37,32.15,1,wide_left,3,attacking_third,False,35.2,36.4,53.74,66.83,60.97,45.45,51.6,45.79
388,1927964,53339,53377,86:34.9,86:38.7,41,34,3.8,2,1,867,left_to_right,Wellington P FC,3,True,False,False,chaotic,5,chaotic,5,-24.74,-28.32,5,wide_right,1,defensive_third,False,-16.9,-19.35,4,half_space_right,2,middle_third,False,44.87,41.08,47.39,50.09,34.22,34.82,63.94,58.03
389,1927964,53377,53405,86:38.7,86:41.5,41,38,2.8,2,2,2902,right_to_left,Western Sydney,1,False,False,False,chaotic,5,chaotic,5,17.11,19.6,2,half_space_left,2,middle_third,False,22.75,25.49,1,wide_left,3,attacking_third,False,34.89,37.44,58.02,60.37,41.0,37.75,50.22,49.89
390,1927964,53642,53687,87:05.2,87:09.7,42,5,4.5,2,2,2902,right_to_left,Western Sydney,2,True,False,False,set_play,7,defending_set_play,13,,,2,half_space_left,2,middle_third,False,46.84,-9.9,4,half_space_right,3,attacking_third,True,,36.22,,78.3,,25.23,,14.87
391,1927964,53687,53740,87:09.7,87:15.0,42,9,5.3,2,1,867,left_to_right,Wellington P FC,2,False,False,False,build_up,0,high_block,10,-46.62,10.96,2,half_space_left,1,defensive_third,False,-20.14,32.72,1,wide_left,1,defensive_third,False,25.6,47.29,14.96,26.9,36.34,46.58,78.27,67.5
392,1927964,53740,53757,87:15.0,87:16.7,42,15,1.7,2,1,867,left_to_right,Wellington P FC,1,True,False,False,create,1,medium_block,9,-19.59,32.83,1,wide_left,1,defensive_third,False,-18.41,32.53,1,wide_left,1,defensive_third,False,47.61,47.16,27.28,31.21,46.91,49.87,67.41,66.43
393,1927964,53838,53875,87:24.8,87:28.5,42,24,3.7,2,2,2902,right_to_left,Western Sydney,2,False,False,False,finish,2,low_block,8,19.51,-28.14,5,wide_right,3,attacking_third,False,6.86,-9.21,4,half_space_right,2,middle_third,False,53.06,57.07,65.39,63.09,38.98,31.58,28.77,35.67
394,1927964,53875,53954,87:28.5,87:36.4,42,28,7.9,2,2,2902,right_to_left,Western Sydney,3,False,False,False,create,1,medium_block,9,5.92,-7.46,3,center,2,middle_third,False,19.32,25.04,1,wide_left,3,attacking_third,False,57.24,58.8,63.07,60.84,31.57,41.32,35.83,48.98
395,1927964,53954,54024,87:36.4,87:43.4,42,36,7.0,2,2,2902,right_to_left,Western Sydney,1,True,False,False,finish,2,low_block,8,19.7,25.45,1,wide_left,3,attacking_third,False,54.42,8.11,3,center,3,attacking_third,False,58.6,42.8,60.93,83.95,41.16,32.32,49.1,46.58
396,1927964,54108,54179,87:51.8,87:58.9,42,51,7.1,2,1,867,left_to_right,Wellington P FC,4,False,False,False,build_up,0,high_block,10,-46.84,-5.36,3,center,1,defensive_third,False,-20.42,-27.67,5,wide_right,1,defensive_third,False,45.46,60.01,51.16,50.86,40.39,40.29,71.31,64.85
397,1927964,54179,54529,87:58.9,88:33.9,42,58,35.0,2,1,867,left_to_right,Wellington P FC,8,False,False,False,create,1,medium_block,9,-19.89,-27.99,5,wide_right,1,defensive_third,False,7.54,-19.04,4,half_space_right,2,middle_third,False,60.0,58.72,50.96,58.1,40.25,32.56,64.63,41.02
398,1927964,54529,54590,88:33.9,88:40.0,43,33,6.1,2,1,867,left_to_right,Wellington P FC,3,False,False,False,finish,2,low_block,8,7.9,-19.07,4,half_space_right,2,middle_third,False,5.27,-21.11,5,wide_right,2,middle_third,False,58.64,58.65,58.21,57.33,32.5,34.73,40.94,41.8
399,1927964,54590,54625,88:40.0,88:43.5,43,40,3.5,2,1,867,left_to_right,Wellington P FC,2,False,False,False,create,1,medium_block,9,4.99,-21.1,5,wide_right,2,middle_third,False,2.41,-30.08,5,wide_right,2,middle_third,False,58.63,61.01,57.34,57.42,34.81,38.52,42.06,50.19
400,1927964,54817,54842,89:02.7,89:05.2,44,2,2.5,2,1,867,left_to_right,Wellington P FC,2,False,False,False,create,1,medium_block,9,,,2,half_space_left,2,middle_third,False,4.39,10.21,2,half_space_left,2,middle_third,False,,61.3,,58.35,,37.26,,37.69
401,1927964,54842,54890,89:05.2,89:10.0,44,5,4.8,2,1,867,left_to_right,Wellington P FC,2,False,False,False,finish,2,low_block,8,5.09,9.08,3,center,2,middle_third,False,-24.25,13.72,2,half_space_left,1,defensive_third,False,61.22,33.29,58.38,38.92,37.27,54.54,37.62,58.02
402,1927964,54890,54926,89:10.0,89:13.6,44,10,3.6,2,1,867,left_to_right,Wellington P FC,1,True,False,False,chaotic,5,chaotic,5,24.62,-13.93,4,half_space_right,3,attacking_third,False,31.71,-28.28,5,wide_right,3,attacking_third,False,54.26,45.51,57.94,66.82,33.23,34.53,39.14,43.37
403,1927964,54926,55007,89:13.6,89:21.7,44,13,8.1,2,2,2902,right_to_left,Western Sydney,3,False,False,False,build_up,0,high_block,10,-31.83,28.48,1,wide_left,1,defensive_third,False,-20.6,19.67,2,half_space_left,1,defensive_third,False,34.69,44.36,43.44,52.92,45.63,37.33,67.05,63.77
404,1927964,55007,55023,89:21.7,89:23.3,44,21,1.6,2,2,2902,right_to_left,Western Sydney,0,True,False,False,create,1,medium_block,9,-17.94,19.17,2,half_space_left,1,defensive_third,False,5.12,14.4,2,half_space_left,2,middle_third,False,44.66,46.43,53.04,51.42,37.3,37.45,63.71,63.95
405,1927964,55023,55034,89:23.3,89:24.4,44,23,1.1,2,1,867,left_to_right,Wellington P FC,1,True,False,False,chaotic,5,chaotic,5,-5.12,-14.3,4,half_space_right,2,middle_third,False,1.22,-16.45,4,half_space_right,2,middle_third,False,37.53,38.45,64.0,63.97,46.35,45.84,50.99,48.63
406,1927964,55034,55077,89:24.4,89:28.7,44,24,4.3,2,2,2902,right_to_left,Western Sydney,2,False,False,False,create,1,medium_block,9,-1.21,16.66,2,half_space_left,2,middle_third,False,21.96,22.78,1,wide_left,3,attacking_third,False,45.8,43.23,48.64,61.5,38.49,34.58,63.98,69.1
407,1927964,55077,55152,89:28.7,89:36.2,44,28,7.5,2,2,2902,right_to_left,Western Sydney,3,False,False,False,finish,2,low_block,8,22.45,22.52,1,wide_left,3,attacking_third,False,42.69,3.47,3,center,3,attacking_third,True,43.15,35.97,62.15,77.27,34.37,11.22,69.03,53.94
408,1927964,55483,55599,90:09.3,90:20.9,45,9,11.6,2,2,2902,right_to_left,Western Sydney,3,True,False,False,finish,2,low_block,8,27.07,33.45,1,wide_left,3,attacking_third,False,35.12,2.09,3,center,3,attacking_third,False,36.05,33.11,72.63,67.03,27.89,20.72,41.32,42.06
409,1927964,55599,55695,90:20.9,90:30.5,45,20,9.6,2,1,867,left_to_right,Wellington P FC,2,False,False,False,transition,4,defending_transition,11,-35.32,-1.78,3,center,1,defensive_third,False,7.55,33.71,1,wide_left,2,middle_third,False,20.8,42.96,42.03,53.71,32.95,34.39,67.02,65.29
410,1927964,55791,56028,90:40.1,91:03.8,45,40,23.7,2,1,867,left_to_right,Wellington P FC,6,False,False,False,create,1,medium_block,9,-1.84,27.32,1,wide_left,2,middle_third,False,4.97,-22.87,5,wide_right,2,middle_third,False,50.11,55.97,56.44,59.75,36.35,33.52,43.3,38.51
411,1927964,56028,56078,91:03.8,91:08.8,46,3,5.0,2,1,867,left_to_right,Wellington P FC,1,False,False,False,finish,2,low_block,8,5.11,-22.98,5,wide_right,2,middle_third,False,5.91,-20.82,5,wide_right,2,middle_third,False,55.76,48.48,59.92,60.48,33.67,36.17,38.4,33.78
412,1927964,56078,56168,91:08.8,91:17.8,46,8,9.0,2,1,867,left_to_right,Wellington P FC,3,False,False,False,create,1,medium_block,9,5.28,-20.11,4,half_space_right,2,middle_third,False,17.01,28.06,1,wide_left,2,middle_third,False,48.49,53.97,60.33,60.38,36.17,42.57,33.82,51.66
413,1927964,56168,56216,91:17.8,91:22.6,46,17,4.8,2,1,867,left_to_right,Wellington P FC,1,False,False,False,finish,2,low_block,8,18.43,28.01,1,wide_left,3,attacking_third,False,49.81,14.1,2,half_space_left,3,attacking_third,True,53.79,40.65,60.59,80.48,42.63,36.52,51.83,54.89
414,1927964,56506,56533,91:51.6,91:54.3,46,51,2.7,2,1,867,left_to_right,Wellington P FC,2,True,False,True,set_play,7,defending_set_play,13,51.12,32.6,1,wide_left,3,attacking_third,False,47.23,-0.18,3,center,3,attacking_third,True,38.83,37.16,70.19,65.83,17.59,14.77,15.61,15.67
415,1927964,56533,56617,91:54.3,92:02.7,46,54,8.4,2,2,2902,right_to_left,Western Sydney,1,False,False,False,create,1,medium_block,9,-47.35,0.21,3,center,1,defensive_third,False,,,2,half_space_left,2,middle_third,False,14.82,,15.75,,37.03,,65.84,
416,1927964,56797,56825,92:20.7,92:23.5,47,20,2.8,2,2,2902,right_to_left,Western Sydney,1,False,False,False,set_play,7,defending_set_play,13,,,2,half_space_left,2,middle_third,False,,,2,half_space_left,2,middle_third,False,,,,,,,,
417,1927964,56825,56843,92:23.5,92:25.3,47,23,1.8,2,2,2902,right_to_left,Western Sydney,0,True,False,False,create,1,medium_block,9,2.71,-17.7,4,half_space_right,2,middle_third,False,23.61,-20.38,5,wide_right,3,attacking_third,False,28.73,28.6,61.93,67.54,32.17,32.67,54.24,51.69
418,1927964,56843,56858,92:25.3,92:26.8,47,25,1.5,2,1,867,left_to_right,Wellington P FC,1,True,False,False,chaotic,5,chaotic,5,-24.27,20.2,1,wide_left,1,defensive_third,False,-22.14,14.64,2,half_space_left,1,defensive_third,False,32.72,33.05,51.55,48.76,28.51,25.93,67.65,69.65
419,1927964,56858,56889,92:26.8,92:29.9,47,26,3.1,2,2,2902,right_to_left,Western Sydney,2,True,False,False,chaotic,5,chaotic,5,22.21,-14.26,4,half_space_right,3,attacking_third,False,34.97,-15.43,4,half_space_right,3,attacking_third,False,25.98,27.29,69.89,74.58,33.05,32.1,48.72,47.57
420,1927964,56889,56942,92:29.9,92:35.2,47,29,5.3,2,1,867,left_to_right,Wellington P FC,2,True,False,False,chaotic,5,chaotic,5,-35.71,15.95,2,half_space_left,1,defensive_third,False,-25.09,27.34,1,wide_left,1,defensive_third,False,32.06,40.09,47.53,44.21,27.33,30.78,74.91,73.05
421,1927964,56942,57001,92:35.2,92:41.1,47,35,5.9,2,2,2902,right_to_left,Western Sydney,2,True,False,False,finish,2,low_block,8,25.11,-27.06,5,wide_right,3,attacking_third,False,40.3,-10.04,4,half_space_right,3,attacking_third,True,30.69,25.91,72.91,75.0,39.99,24.17,44.13,41.74
422,1927964,57001,57042,92:41.1,92:45.2,47,41,4.1,2,1,867,left_to_right,Wellington P FC,1,True,False,False,chaotic,5,chaotic,5,-40.24,10.04,2,half_space_left,1,defensive_third,False,-34.95,19.03,2,half_space_left,1,defensive_third,False,24.0,32.44,41.63,40.09,25.78,22.4,75.24,71.04
423,1927964,57042,57088,92:45.2,92:49.8,47,45,4.6,2,2,2902,right_to_left,Western Sydney,2,True,False,True,quick_break,3,defending_quick_break,12,35.1,-19.12,4,half_space_right,3,attacking_third,False,47.22,-8.92,3,center,3,attacking_third,True,22.46,24.34,70.87,79.11,33.0,32.67,40.16,34.54
424,1927964,57088,57098,92:49.8,92:50.8,47,49,1.0,2,1,867,left_to_right,Wellington P FC,1,True,False,False,chaotic,5,chaotic,5,-47.1,9.49,2,half_space_left,1,defensive_third,False,-46.69,12.8,2,half_space_left,1,defensive_third,False,32.46,30.58,34.45,33.31,24.4,25.04,79.05,77.51
425,1927964,57098,57243,92:50.8,93:05.3,47,50,14.5,2,2,2902,right_to_left,Western Sydney,5,False,True,True,finish,2,low_block,8,46.3,-13.05,4,half_space_right,3,attacking_third,True,49.48,4.57,3,center,3,attacking_third,True,25.09,33.7,77.37,68.44,30.37,19.87,33.2,21.81
