index,match_id,frame_start,frame_end,time_start,time_end,minute_start,second_start,duration,period,attacking_side_id,team_in_possession_id,attacking_side,team_in_possession_shortname,n_player_possessions_in_phase,team_possession_loss_in_phase,team_possession_lead_to_goal,team_possession_lead_to_shot,team_in_possession_phase_type,team_in_possession_phase_type_id,team_out_of_possession_phase_type,team_out_of_possession_phase_type_id,x_start,y_start,channel_id_start,channel_start,third_id_start,third_start,penalty_area_start,x_end,y_end,channel_id_end,channel_end,third_id_end,third_end,penalty_area_end,team_in_possession_width_start,team_in_possession_width_end,team_in_possession_length_start,team_in_possession_length_end,team_out_of_possession_width_start,team_out_of_possession_width_end,team_out_of_possession_length_start,team_out_of_possession_length_end
0,2007721,20,171,00:01.0,00:16.1,0,1,15.1,1,2,4177,right_to_left,Auckland FC,7,False,False,False,create,1,medium_block,9,-10.58,3.48,3,center,2,middle_third,False,-7.03,-18.99,4,half_space_right,2,middle_third,False,59.21,61.79,43.43,54.83,42.08,37.16,41.99,45.95
1,2007721,171,201,00:16.1,00:19.1,0,16,3.0,1,2,4177,right_to_left,Auckland FC,1,False,False,False,direct,6,defending_direct,15,-6.65,-19.12,4,half_space_right,2,middle_third,False,29.69,-21.19,5,wide_right,3,attacking_third,False,61.65,49.32,55.01,66.46,37.09,32.9,45.8,46.33
2,2007721,201,293,00:19.1,00:28.3,0,19,9.2,1,2,4177,right_to_left,Auckland FC,1,False,False,False,create,1,medium_block,9,30.37,-21.41,5,wide_right,3,attacking_third,False,-19.95,-33.51,5,wide_right,1,defensive_third,False,48.84,45.19,66.78,63.98,33.08,37.18,46.44,62.46
3,2007721,293,328,00:28.3,00:31.8,0,28,3.5,1,2,4177,right_to_left,Auckland FC,2,False,False,False,build_up,0,high_block,10,-20.07,-32.83,5,wide_right,1,defensive_third,False,-20.18,-11.46,4,half_space_right,1,defensive_third,False,45.32,51.15,63.8,56.9,37.15,36.97,62.34,53.46
4,2007721,328,445,00:31.8,00:43.5,0,31,11.7,1,2,4177,right_to_left,Auckland FC,2,True,False,False,create,1,medium_block,9,-19.64,-11.41,4,half_space_right,1,defensive_third,False,1.82,-26.84,5,wide_right,2,middle_third,False,51.35,57.1,56.74,53.27,36.99,40.16,53.3,44.81
5,2007721,445,594,00:43.5,00:58.4,0,43,14.9,1,1,870,left_to_right,CC Mariners,5,True,False,False,create,1,medium_block,9,-2.1,27.27,1,wide_left,2,middle_third,False,-4.25,11.81,2,half_space_left,2,middle_third,False,40.43,64.74,44.87,47.72,56.66,35.02,53.45,46.5
6,2007721,745,762,01:13.5,01:15.2,1,13,1.7,1,2,4177,right_to_left,Auckland FC,2,True,False,False,chaotic,5,chaotic,5,-15.0,-33.05,5,wide_right,2,middle_third,False,-10.03,-28.83,5,wide_right,2,middle_third,False,42.8,41.58,49.57,49.09,29.71,29.96,59.41,59.05
7,2007721,762,838,01:15.2,01:22.8,1,15,7.6,1,1,870,left_to_right,CC Mariners,3,True,False,False,create,1,medium_block,9,10.11,28.98,1,wide_left,2,middle_third,False,9.98,-17.29,4,half_space_right,2,middle_third,False,30.04,47.88,58.97,53.95,41.52,32.72,49.08,38.92
8,2007721,1230,1258,02:02.0,02:04.8,2,2,2.8,1,2,4177,right_to_left,Auckland FC,1,True,False,False,chaotic,5,chaotic,5,,,2,half_space_left,2,middle_third,False,-5.68,13.78,2,half_space_left,2,middle_third,False,,29.72,,52.21,,26.34,,56.8
9,2007721,1258,1313,02:04.8,02:10.3,2,4,5.5,1,1,870,left_to_right,CC Mariners,1,False,False,False,chaotic,5,chaotic,5,5.99,-12.87,4,half_space_right,2,middle_third,False,6.65,-7.14,3,center,2,middle_third,False,26.47,41.65,56.71,57.05,29.53,29.62,52.12,48.37
10,2007721,1383,1429,02:17.3,02:21.9,2,17,4.6,1,1,870,left_to_right,CC Mariners,3,False,False,True,create,1,medium_block,9,6.82,-6.95,3,center,2,middle_third,False,17.94,25.08,1,wide_left,3,attacking_third,False,53.44,56.77,55.14,55.2,31.35,35.54,40.85,38.82
11,2007721,1429,1529,02:21.9,02:31.9,2,21,10.0,1,1,870,left_to_right,CC Mariners,3,False,False,True,finish,2,low_block,8,19.05,26.18,1,wide_left,3,attacking_third,False,5.98,14.9,2,half_space_left,2,middle_third,False,56.59,51.66,55.4,55.39,35.77,34.21,38.86,31.97
12,2007721,1529,1574,02:31.9,02:36.4,2,31,4.5,1,1,870,left_to_right,CC Mariners,1,False,False,True,create,1,medium_block,9,5.39,13.73,2,half_space_left,2,middle_third,False,14.19,8.2,3,center,2,middle_third,False,51.97,54.29,55.17,54.77,34.29,34.48,32.12,36.63
13,2007721,1574,1645,02:36.4,02:43.5,2,36,7.1,1,1,870,left_to_right,CC Mariners,2,True,False,True,finish,2,low_block,8,15.76,8.95,3,center,2,middle_third,False,47.43,-1.15,3,center,3,attacking_third,True,54.06,41.64,55.21,76.0,34.38,18.78,36.65,37.02
14,2007721,1818,2077,03:00.8,03:26.7,3,0,25.9,1,2,4177,right_to_left,Auckland FC,8,True,False,False,create,1,medium_block,9,-32.25,-8.69,3,center,1,defensive_third,False,30.09,22.84,1,wide_left,3,attacking_third,False,52.38,42.22,47.73,66.58,43.03,44.01,56.5,53.41
15,2007721,2077,2109,03:26.7,03:29.9,3,26,3.2,1,1,870,left_to_right,CC Mariners,2,False,False,False,build_up,0,high_block,10,-30.49,-22.86,5,wide_right,1,defensive_third,False,-20.43,-33.74,5,wide_right,1,defensive_third,False,44.24,47.55,53.44,53.16,41.95,36.82,66.99,66.91
16,2007721,2109,2149,03:29.9,03:33.9,3,29,4.0,1,1,870,left_to_right,CC Mariners,1,True,False,False,create,1,medium_block,9,-19.95,-33.7,5,wide_right,1,defensive_third,False,5.56,-27.76,5,wide_right,2,middle_third,False,47.44,47.82,53.16,53.15,36.66,34.43,66.67,60.44
17,2007721,2149,2376,03:33.9,03:56.6,3,33,22.7,1,2,4177,right_to_left,Auckland FC,8,True,False,False,create,1,medium_block,9,-5.9,27.44,1,wide_left,2,middle_third,False,2.85,16.27,2,half_space_left,2,middle_third,False,34.48,56.39,60.35,52.77,47.97,37.14,53.23,47.53
18,2007721,2678,2767,04:26.8,04:35.7,4,26,8.9,1,1,870,left_to_right,CC Mariners,3,False,False,False,create,1,medium_block,9,-12.79,-33.77,5,wide_right,2,middle_third,False,9.88,21.46,1,wide_left,2,middle_third,False,46.34,39.74,51.48,62.33,27.04,37.39,57.94,43.55
19,2007721,2767,2784,04:35.7,04:37.4,4,35,1.7,1,1,870,left_to_right,CC Mariners,1,False,False,False,finish,2,low_block,8,9.88,20.95,1,wide_left,2,middle_third,False,6.51,17.01,2,half_space_left,2,middle_third,False,39.32,43.4,62.27,60.54,36.73,30.3,43.2,39.22
20,2007721,2784,2933,04:37.4,04:52.3,4,37,14.9,1,1,870,left_to_right,CC Mariners,5,False,False,False,create,1,medium_block,9,5.55,17.42,2,half_space_left,2,middle_third,False,24.54,28.69,1,wide_left,3,attacking_third,False,43.91,54.41,60.4,56.34,30.44,36.69,39.4,52.01
21,2007721,2933,2964,04:52.3,04:55.4,4,52,3.1,1,1,870,left_to_right,CC Mariners,1,True,False,False,finish,2,low_block,8,24.92,28.62,1,wide_left,3,attacking_third,False,42.9,16.82,2,half_space_left,3,attacking_third,True,53.95,35.74,56.71,70.93,36.48,31.22,52.12,43.66
22,2007721,3317,3371,05:30.7,05:36.1,5,30,5.4,1,2,4177,right_to_left,Auckland FC,1,False,False,False,direct,6,defending_direct,15,-41.92,-9.57,4,half_space_right,1,defensive_third,False,-5.45,-22.15,5,wide_right,2,middle_third,False,33.64,26.88,56.27,58.26,30.77,22.97,43.54,47.22
23,2007721,3371,3407,05:36.1,05:39.7,5,36,3.6,1,2,4177,right_to_left,Auckland FC,1,True,False,False,create,1,medium_block,9,-6.0,-22.22,5,wide_right,2,middle_third,False,20.25,-25.1,5,wide_right,3,attacking_third,False,27.04,24.83,58.03,59.14,23.01,22.65,47.13,45.86
24,2007721,3407,3420,05:39.7,05:41.0,5,39,1.3,1,1,870,left_to_right,CC Mariners,1,True,False,False,chaotic,5,chaotic,5,-19.71,25.16,1,wide_left,1,defensive_third,False,-5.09,20.48,1,wide_left,2,middle_third,False,22.62,23.29,45.71,43.33,24.73,25.37,59.15,58.47
25,2007721,3420,3438,05:41.0,05:42.8,5,41,1.8,1,2,4177,right_to_left,Auckland FC,1,True,False,False,chaotic,5,chaotic,5,4.26,-20.07,4,half_space_right,2,middle_third,False,2.19,-24.53,5,wide_right,2,middle_third,False,25.46,28.33,58.35,55.17,23.43,25.51,43.12,40.11
26,2007721,3438,3474,05:42.8,05:46.4,5,42,3.6,1,1,870,left_to_right,CC Mariners,2,True,False,False,chaotic,5,chaotic,5,-2.21,24.0,1,wide_left,2,middle_third,False,5.45,13.75,2,half_space_left,2,middle_third,False,25.63,32.42,40.02,45.71,28.53,29.62,54.97,49.06
27,2007721,3474,3492,05:46.4,05:48.2,5,46,1.8,1,2,4177,right_to_left,Auckland FC,2,False,False,False,create,1,medium_block,9,-6.04,-13.67,4,half_space_right,2,middle_third,False,-19.59,-6.43,3,center,1,defensive_third,False,29.5,27.8,48.91,46.94,32.56,34.31,45.85,50.0
28,2007721,3492,3508,05:48.2,05:49.8,5,48,1.6,1,2,4177,right_to_left,Auckland FC,0,False,False,False,build_up,0,high_block,10,-21.05,-6.49,3,center,1,defensive_third,False,-35.34,-6.58,3,center,1,defensive_third,False,27.73,28.07,46.77,43.86,34.32,33.36,50.51,59.99
29,2007721,3508,3554,05:49.8,05:54.4,5,49,4.6,1,2,4177,right_to_left,Auckland FC,1,False,False,False,direct,6,defending_direct,15,-35.58,-6.55,3,center,1,defensive_third,False,7.0,-17.95,4,half_space_right,2,middle_third,False,28.15,30.46,43.68,48.08,33.32,30.03,60.61,65.31
30,2007721,3554,3784,05:54.4,06:17.4,5,54,23.0,1,2,4177,right_to_left,Auckland FC,7,True,False,False,create,1,medium_block,9,6.11,-17.89,4,half_space_right,2,middle_third,False,14.13,22.2,1,wide_left,2,middle_third,False,30.42,52.91,48.07,54.96,29.98,41.23,65.15,48.15
31,2007721,3784,3828,06:17.4,06:21.8,6,17,4.4,1,1,870,left_to_right,CC Mariners,1,True,False,False,chaotic,5,chaotic,5,-14.7,-21.99,5,wide_right,2,middle_third,False,-19.33,-28.23,5,wide_right,1,defensive_third,False,41.07,38.04,48.19,49.34,52.47,37.62,55.12,59.83
32,2007721,3828,3844,06:21.8,06:23.4,6,21,1.6,1,2,4177,right_to_left,Auckland FC,1,False,False,False,create,1,medium_block,9,19.1,28.4,1,wide_left,3,attacking_third,False,22.0,25.52,1,wide_left,3,attacking_third,False,37.42,34.78,59.96,61.19,38.01,34.52,49.36,49.85
33,2007721,3844,3927,06:23.4,06:31.7,6,23,8.3,1,2,4177,right_to_left,Auckland FC,3,True,False,False,finish,2,low_block,8,22.38,25.12,1,wide_left,3,attacking_third,False,34.49,-8.02,3,center,3,attacking_third,False,34.83,39.29,61.42,74.0,34.12,33.44,49.88,46.86
34,2007721,3927,4091,06:31.7,06:48.1,6,31,16.4,1,1,870,left_to_right,CC Mariners,5,False,False,False,build_up,0,high_block,10,-33.94,7.89,3,center,1,defensive_third,False,-32.7,-21.5,5,wide_right,1,defensive_third,False,33.46,63.4,46.71,50.02,39.15,41.43,73.87,65.83
35,2007721,4091,4119,06:48.1,06:50.9,6,48,2.8,1,1,870,left_to_right,CC Mariners,1,True,False,False,direct,6,defending_direct,15,-31.94,-21.55,5,wide_right,1,defensive_third,False,16.35,-18.21,4,half_space_right,2,middle_third,False,63.26,56.58,50.26,58.39,41.21,38.97,65.75,63.77
36,2007721,4119,4135,06:50.9,06:52.5,6,50,1.6,1,2,4177,right_to_left,Auckland FC,1,True,False,False,chaotic,5,chaotic,5,-17.0,18.45,2,half_space_left,2,middle_third,False,-10.87,26.64,1,wide_left,2,middle_third,False,39.0,40.42,63.68,62.25,56.26,52.89,58.51,58.57
37,2007721,4264,4280,07:05.4,07:07.0,7,5,1.6,1,1,870,left_to_right,CC Mariners,1,False,False,False,finish,2,low_block,8,8.7,-34.03,5,wide_right,2,middle_third,False,5.63,-26.66,5,wide_right,2,middle_third,False,51.67,50.86,62.6,62.46,33.57,30.84,48.78,47.38
38,2007721,4280,4439,07:07.0,07:22.9,7,7,15.9,1,1,870,left_to_right,CC Mariners,5,False,False,False,create,1,medium_block,9,5.36,-26.08,5,wide_right,2,middle_third,False,19.63,-32.9,5,wide_right,3,attacking_third,False,50.81,62.5,62.39,56.9,30.7,40.79,47.29,44.11
39,2007721,4439,4472,07:22.9,07:26.2,7,22,3.3,1,1,870,left_to_right,CC Mariners,1,False,False,False,finish,2,low_block,8,19.5,-33.04,5,wide_right,3,attacking_third,False,5.75,-30.02,5,wide_right,2,middle_third,False,62.41,57.45,57.04,57.84,41.08,39.84,44.15,41.97
40,2007721,4472,4567,07:26.2,07:35.7,7,26,9.5,1,1,870,left_to_right,CC Mariners,4,False,False,False,create,1,medium_block,9,4.71,-29.67,5,wide_right,2,middle_third,False,-19.43,-17.58,4,half_space_right,1,defensive_third,False,57.5,59.62,57.81,48.42,39.75,39.85,42.0,54.8
41,2007721,4567,4593,07:35.7,07:38.3,7,35,2.6,1,1,870,left_to_right,CC Mariners,0,False,False,False,build_up,0,high_block,10,-20.87,-16.67,4,half_space_right,1,defensive_third,False,-38.0,-5.66,3,center,1,defensive_third,False,59.56,59.39,48.36,44.09,39.66,37.6,55.22,66.36
42,2007721,4593,4615,07:38.3,07:40.5,7,38,2.2,1,1,870,left_to_right,CC Mariners,1,True,False,False,direct,6,defending_direct,15,-37.72,-5.26,3,center,1,defensive_third,False,-1.09,10.34,2,half_space_left,2,middle_third,False,59.31,55.47,43.85,45.05,37.64,36.72,66.73,68.16
43,2007721,4615,4720,07:40.5,07:51.0,7,40,10.5,1,2,4177,right_to_left,Auckland FC,5,False,False,False,quick_break,3,defending_quick_break,12,0.7,-11.15,4,half_space_right,2,middle_third,False,43.38,16.64,2,half_space_left,3,attacking_third,True,36.51,30.29,68.0,85.17,55.17,23.37,45.19,32.75
44,2007721,4720,4756,07:51.0,07:54.6,7,51,3.6,1,2,4177,right_to_left,Auckland FC,1,False,False,False,finish,2,low_block,8,43.16,17.08,2,half_space_left,3,attacking_third,True,45.95,24.01,1,wide_left,3,attacking_third,False,30.35,36.98,85.22,78.79,23.4,29.42,32.38,23.48
45,2007721,5011,5041,08:20.1,08:23.1,8,20,3.0,1,2,4177,right_to_left,Auckland FC,2,True,False,False,chaotic,5,chaotic,5,37.27,33.08,1,wide_left,3,attacking_third,False,44.32,10.33,2,half_space_left,3,attacking_third,True,40.23,41.86,68.05,68.12,26.05,31.52,17.38,17.23
46,2007721,5041,5055,08:23.1,08:24.5,8,23,1.4,1,1,870,left_to_right,CC Mariners,1,True,False,False,chaotic,5,chaotic,5,-44.04,-9.73,4,half_space_right,1,defensive_third,False,-33.21,-11.49,4,half_space_right,1,defensive_third,False,31.5,30.88,17.25,17.69,41.8,40.8,68.24,68.22
47,2007721,5055,5413,08:24.5,09:00.3,8,24,35.8,1,2,4177,right_to_left,Auckland FC,12,False,True,True,finish,2,low_block,8,33.13,11.79,2,half_space_left,3,attacking_third,False,52.76,0.33,3,center,3,attacking_third,False,40.7,36.25,68.02,81.75,30.85,18.51,17.69,24.59
48,2007721,6097,6109,10:08.7,10:09.9,10,8,1.2,1,1,870,left_to_right,CC Mariners,1,False,False,False,create,1,medium_block,9,0.44,-0.57,3,center,2,middle_third,False,-18.95,-1.53,3,center,1,defensive_third,False,46.26,47.05,35.99,36.6,34.75,35.58,43.14,46.67
49,2007721,6109,6135,10:09.9,10:12.5,10,9,2.6,1,1,870,left_to_right,CC Mariners,2,False,False,False,build_up,0,high_block,10,-20.4,-1.7,3,center,1,defensive_third,False,-25.29,-4.27,3,center,1,defensive_third,False,47.01,43.4,36.84,41.99,35.58,35.46,47.12,57.68
50,2007721,6135,6164,10:12.5,10:15.4,10,12,2.9,1,1,870,left_to_right,CC Mariners,1,True,False,False,direct,6,defending_direct,15,-24.66,-3.93,3,center,1,defensive_third,False,26.2,17.18,2,half_space_left,3,attacking_third,False,43.08,33.07,42.08,53.71,35.38,33.47,57.94,57.5
51,2007721,6518,6581,10:50.8,10:57.1,10,50,6.3,1,2,4177,right_to_left,Auckland FC,2,True,False,False,direct,6,defending_direct,15,-44.13,-6.92,3,center,1,defensive_third,False,15.64,-26.47,5,wide_right,2,middle_third,False,34.18,29.04,57.29,60.18,27.76,23.71,42.48,48.47
52,2007721,6581,6585,10:57.1,10:57.5,10,57,0.4,1,1,870,left_to_right,CC Mariners,0,False,False,False,create,1,medium_block,9,-16.79,26.84,1,wide_left,2,middle_third,False,-19.66,27.43,1,wide_left,1,defensive_third,False,23.75,23.82,48.54,48.74,29.34,30.11,60.31,60.89
53,2007721,6585,6708,10:57.5,11:09.8,10,57,12.3,1,1,870,left_to_right,CC Mariners,4,True,False,False,build_up,0,high_block,10,-20.53,27.57,1,wide_left,1,defensive_third,False,-26.55,-25.3,5,wide_right,1,defensive_third,False,23.84,60.27,48.82,52.33,30.32,40.37,61.15,69.59
54,2007721,7003,7056,11:39.3,11:44.6,11,39,5.3,1,2,4177,right_to_left,Auckland FC,3,False,False,False,create,1,medium_block,9,1.25,31.8,1,wide_left,2,middle_third,False,-6.54,30.13,1,wide_left,2,middle_third,False,33.88,43.02,57.33,54.5,28.31,32.83,51.41,63.66
55,2007721,7179,7199,11:56.9,11:58.9,11,56,2.0,1,2,4177,right_to_left,Auckland FC,1,True,False,False,chaotic,5,chaotic,5,-2.76,33.48,1,wide_left,2,middle_third,False,19.66,30.27,1,wide_left,3,attacking_third,False,42.23,38.76,55.66,58.33,30.03,28.27,56.69,56.42
56,2007721,7199,7209,11:58.9,11:59.9,11,58,1.0,1,1,870,left_to_right,CC Mariners,1,True,False,False,chaotic,5,chaotic,5,-19.8,-30.27,5,wide_right,1,defensive_third,False,-11.91,-32.97,5,wide_right,2,middle_third,False,28.18,28.11,56.36,55.52,38.53,36.8,58.48,59.33
57,2007721,7409,7463,12:19.9,12:25.3,12,19,5.4,1,2,4177,right_to_left,Auckland FC,2,True,False,True,set_play,7,defending_set_play,13,,,2,half_space_left,2,middle_third,False,42.67,5.71,3,center,3,attacking_third,True,,31.04,,67.96,,27.48,,45.09
58,2007721,7711,7744,12:50.1,12:53.4,12,50,3.3,1,1,870,left_to_right,CC Mariners,1,True,False,False,direct,6,defending_direct,15,-44.42,2.2,3,center,1,defensive_third,False,13.13,9.24,2,half_space_left,2,middle_third,False,46.96,32.52,53.78,60.17,39.52,29.06,68.03,63.45
59,2007721,7744,7769,12:53.4,12:55.9,12,53,2.5,1,2,4177,right_to_left,Auckland FC,2,True,False,False,chaotic,5,chaotic,5,-13.83,-9.14,3,center,2,middle_third,False,-8.42,-19.35,4,half_space_right,2,middle_third,False,28.6,27.76,63.22,56.84,32.15,26.07,60.31,58.89
60,2007721,8019,8042,13:20.9,13:23.2,13,20,2.3,1,1,870,left_to_right,CC Mariners,1,True,False,False,set_play,7,defending_set_play,13,11.88,13.48,2,half_space_left,2,middle_third,False,46.64,-1.75,3,center,3,attacking_third,True,28.69,23.6,57.55,65.7,21.64,20.18,26.19,28.8
61,2007721,8042,8385,13:23.2,13:57.5,13,23,34.3,1,2,4177,right_to_left,Auckland FC,9,True,False,False,create,1,medium_block,9,-47.77,1.43,3,center,1,defensive_third,False,9.5,14.13,2,half_space_left,2,middle_third,False,20.21,41.28,29.01,52.63,23.38,32.41,65.83,49.87
62,2007721,8385,8414,13:57.5,14:00.4,13,57,2.9,1,1,870,left_to_right,CC Mariners,1,True,False,False,chaotic,5,chaotic,5,-9.42,-14.16,4,half_space_right,2,middle_third,False,10.37,14.82,2,half_space_left,2,middle_third,False,32.17,31.51,49.67,49.27,40.84,42.96,52.89,58.6
63,2007721,8414,8623,14:00.4,14:21.3,14,0,20.9,1,2,4177,right_to_left,Auckland FC,6,True,False,False,create,1,medium_block,9,-10.67,-15.44,4,half_space_right,2,middle_third,False,26.64,10.26,2,half_space_left,3,attacking_third,False,43.41,50.14,58.65,66.29,31.76,39.27,49.36,48.51
64,2007721,8623,8834,14:21.3,14:42.4,14,21,21.1,1,1,870,left_to_right,CC Mariners,6,False,False,False,transition,4,defending_transition,11,-26.86,-9.78,4,half_space_right,1,defensive_third,False,32.23,25.24,1,wide_left,3,attacking_third,False,39.12,40.87,48.45,68.61,49.81,28.86,66.38,22.64
65,2007721,8834,9022,14:42.4,15:01.2,14,42,18.8,1,1,870,left_to_right,CC Mariners,4,True,False,False,finish,2,low_block,8,30.58,24.75,1,wide_left,3,attacking_third,False,33.81,-23.04,5,wide_right,3,attacking_third,False,40.85,36.22,68.61,60.24,28.96,27.32,22.73,26.4
66,2007721,9022,9071,15:01.2,15:06.1,15,1,4.9,1,2,4177,right_to_left,Auckland FC,2,False,False,False,build_up,0,high_block,10,-34.07,23.12,1,wide_left,1,defensive_third,False,-20.15,-6.91,3,center,1,defensive_third,False,26.97,31.95,26.43,33.08,36.13,26.55,60.18,56.02
67,2007721,9071,9477,15:06.1,15:46.7,15,6,40.6,1,2,4177,right_to_left,Auckland FC,10,True,False,False,create,1,medium_block,9,-19.87,-7.86,3,center,1,defensive_third,False,10.11,3.11,3,center,2,middle_third,False,32.35,51.59,33.48,53.86,26.67,34.02,55.9,40.75
68,2007721,9609,9655,15:59.9,16:04.5,15,59,4.6,1,1,870,left_to_right,CC Mariners,2,True,False,False,chaotic,5,chaotic,5,-28.21,34.64,1,wide_left,1,defensive_third,False,-13.96,4.01,3,center,2,middle_third,False,44.59,37.08,47.01,46.07,35.36,32.8,63.52,62.11
69,2007721,9655,9790,16:04.5,16:18.0,16,4,13.5,1,2,4177,right_to_left,Auckland FC,5,True,False,False,finish,2,low_block,8,13.84,-3.45,3,center,2,middle_third,False,45.32,-4.51,3,center,3,attacking_third,True,32.86,45.19,62.09,73.97,37.01,38.13,46.02,29.04
70,2007721,10069,10079,16:45.9,16:46.9,16,45,1.0,1,1,870,left_to_right,CC Mariners,1,False,False,False,direct,6,defending_direct,15,-46.61,2.4,3,center,1,defensive_third,False,-28.37,9.61,2,half_space_left,1,defensive_third,False,46.59,42.59,54.63,54.66,33.58,33.13,68.59,66.61
71,2007721,10177,10207,16:56.7,16:59.7,16,56,3.0,1,1,870,left_to_right,CC Mariners,2,False,False,False,create,1,medium_block,9,-2.39,29.79,1,wide_left,2,middle_third,False,-19.24,19.04,2,half_space_left,1,defensive_third,False,34.7,33.3,51.9,49.22,33.75,30.61,50.67,53.76
72,2007721,10207,10292,16:59.7,17:08.2,16,59,8.5,1,1,870,left_to_right,CC Mariners,2,False,False,False,build_up,0,high_block,10,-20.25,17.88,2,half_space_left,1,defensive_third,False,-25.7,-25.36,5,wide_right,1,defensive_third,False,33.42,60.49,49.1,49.44,30.65,39.11,54.0,66.68
73,2007721,10292,10314,17:08.2,17:10.4,17,8,2.2,1,1,870,left_to_right,CC Mariners,1,True,False,False,direct,6,defending_direct,15,-24.83,-25.47,5,wide_right,1,defensive_third,False,16.94,-21.46,5,wide_right,2,middle_third,False,60.29,55.72,49.75,58.66,38.93,36.31,66.75,66.79
74,2007721,10314,10316,17:10.4,17:10.6,17,10,0.2,1,2,4177,right_to_left,Auckland FC,0,False,False,False,create,1,medium_block,9,-18.32,21.33,1,wide_left,1,defensive_third,False,-19.67,21.08,1,wide_left,1,defensive_third,False,36.25,36.19,66.69,66.55,55.39,55.05,59.09,59.52
75,2007721,10316,10361,17:10.6,17:15.1,17,10,4.5,1,2,4177,right_to_left,Auckland FC,1,False,False,False,build_up,0,high_block,10,-20.98,20.79,1,wide_left,1,defensive_third,False,-20.56,24.82,1,wide_left,1,defensive_third,False,36.15,39.99,66.42,49.96,54.75,45.95,59.96,69.69
76,2007721,10361,10452,17:15.1,17:24.2,17,15,9.1,1,2,4177,right_to_left,Auckland FC,3,False,False,False,create,1,medium_block,9,-19.75,25.29,1,wide_left,1,defensive_third,False,11.59,31.36,1,wide_left,2,middle_third,False,40.08,46.25,49.68,63.46,45.78,37.69,69.38,41.99
77,2007721,10452,10474,17:24.2,17:26.4,17,24,2.2,1,2,4177,right_to_left,Auckland FC,1,False,False,False,finish,2,low_block,8,11.66,31.35,1,wide_left,2,middle_third,False,5.62,26.69,1,wide_left,2,middle_third,False,46.25,47.52,63.49,59.99,37.55,34.62,41.88,39.31
78,2007721,10474,10544,17:26.4,17:33.4,17,26,7.0,1,2,4177,right_to_left,Auckland FC,3,False,False,False,create,1,medium_block,9,5.06,26.31,1,wide_left,2,middle_third,False,14.69,28.6,1,wide_left,2,middle_third,False,47.61,56.86,60.05,58.82,34.54,32.77,39.17,38.11
79,2007721,10544,10630,17:33.4,17:42.0,17,33,8.6,1,2,4177,right_to_left,Auckland FC,3,True,False,False,finish,2,low_block,8,15.62,29.44,1,wide_left,2,middle_third,False,41.09,3.01,3,center,3,attacking_third,True,56.88,40.16,58.89,75.98,32.97,31.12,38.22,38.8
80,2007721,10630,10662,17:42.0,17:45.2,17,42,3.2,1,1,870,left_to_right,CC Mariners,1,True,False,False,direct,6,defending_direct,15,-40.44,-2.96,3,center,1,defensive_third,False,10.23,-4.91,3,center,2,middle_third,False,30.98,28.28,38.83,50.75,39.88,40.32,75.97,69.36
81,2007721,10662,10673,17:45.2,17:46.3,17,45,1.1,1,2,4177,right_to_left,Auckland FC,1,False,False,False,create,1,medium_block,9,-11.28,5.22,3,center,2,middle_third,False,-19.5,5.52,3,center,1,defensive_third,False,40.58,43.11,69.04,68.71,28.34,28.98,51.38,57.92
82,2007721,10673,10730,17:46.3,17:52.0,17,46,5.7,1,2,4177,right_to_left,Auckland FC,2,False,False,False,build_up,0,high_block,10,-20.35,5.44,3,center,1,defensive_third,False,-20.0,10.44,2,half_space_left,1,defensive_third,False,43.36,58.07,68.76,61.28,29.03,35.04,58.57,64.45
83,2007721,10730,10893,17:52.0,18:08.3,17,52,16.3,1,2,4177,right_to_left,Auckland FC,5,False,False,False,create,1,medium_block,9,-19.39,10.44,2,half_space_left,1,defensive_third,False,7.27,16.19,2,half_space_left,2,middle_third,False,58.27,58.87,61.18,57.77,35.21,35.54,63.94,34.73
84,2007721,10893,10933,18:08.3,18:12.3,18,8,4.0,1,2,4177,right_to_left,Auckland FC,2,False,False,False,finish,2,low_block,8,8.32,17.92,2,half_space_left,2,middle_third,False,5.44,19.59,2,half_space_left,2,middle_third,False,58.75,57.86,57.83,59.61,35.79,39.18,34.72,36.0
85,2007721,10933,11186,18:12.3,18:37.6,18,12,25.3,1,2,4177,right_to_left,Auckland FC,7,False,False,False,create,1,medium_block,9,5.11,18.77,2,half_space_left,2,middle_third,False,18.54,30.73,1,wide_left,3,attacking_third,False,57.93,54.77,59.51,58.2,39.14,39.09,36.17,38.97
86,2007721,11186,11368,18:37.6,18:55.8,18,37,18.2,1,2,4177,right_to_left,Auckland FC,7,True,False,False,finish,2,low_block,8,19.09,31.23,1,wide_left,3,attacking_third,False,32.96,3.99,3,center,3,attacking_third,False,54.67,40.49,58.43,64.48,39.26,34.75,38.98,36.82
87,2007721,11368,11430,18:55.8,19:02.0,18,55,6.2,1,1,870,left_to_right,CC Mariners,1,True,False,False,chaotic,5,chaotic,5,-32.89,-4.08,3,center,1,defensive_third,False,24.41,9.28,2,half_space_left,3,attacking_third,False,34.42,33.52,36.96,40.5,40.13,43.13,64.5,60.75
88,2007721,11430,11563,19:02.0,19:15.3,19,2,13.3,1,2,4177,right_to_left,Auckland FC,4,False,False,False,create,1,medium_block,9,-24.86,-9.57,4,half_space_right,1,defensive_third,False,17.75,26.43,1,wide_left,3,attacking_third,False,43.39,56.65,60.53,59.96,33.6,40.18,40.6,42.32
89,2007721,11563,11736,19:15.3,19:32.6,19,15,17.3,1,2,4177,right_to_left,Auckland FC,6,True,False,False,finish,2,low_block,8,18.42,26.76,1,wide_left,3,attacking_third,False,53.27,28.81,1,wide_left,3,attacking_third,False,56.5,38.25,60.11,77.27,40.23,37.45,42.29,31.93
90,2007721,12042,12088,20:03.2,20:07.8,20,3,4.6,1,1,870,left_to_right,CC Mariners,1,True,False,False,chaotic,5,chaotic,5,-39.5,-34.85,5,wide_right,1,defensive_third,False,9.45,-16.81,4,half_space_right,2,middle_third,False,31.68,24.1,44.58,47.84,24.05,24.33,63.69,61.03
91,2007721,12088,12162,20:07.8,20:15.2,20,7,7.4,1,2,4177,right_to_left,Auckland FC,2,False,False,False,create,1,medium_block,9,-9.96,16.74,2,half_space_left,2,middle_third,False,-5.13,20.04,2,half_space_left,2,middle_third,False,24.52,51.7,60.98,54.2,24.26,33.77,47.89,42.15
92,2007721,12162,12192,20:15.2,20:18.2,20,15,3.0,1,2,4177,right_to_left,Auckland FC,1,True,False,False,direct,6,defending_direct,15,-4.9,19.9,2,half_space_left,2,middle_third,False,37.83,14.42,2,half_space_left,3,attacking_third,True,51.84,47.8,54.6,71.04,33.79,32.14,42.06,41.66
93,2007721,12192,12317,20:18.2,20:30.7,20,18,12.5,1,1,870,left_to_right,CC Mariners,2,True,False,False,build_up,0,high_block,10,-38.6,-14.38,4,half_space_right,1,defensive_third,False,-22.61,16.69,2,half_space_left,1,defensive_third,False,32.22,59.74,41.75,48.56,47.55,37.63,71.69,66.69
94,2007721,12381,12400,20:37.1,20:39.0,20,37,1.9,1,2,4177,right_to_left,Auckland FC,3,False,False,True,finish,2,low_block,8,11.69,-31.78,5,wide_right,2,middle_third,False,6.94,-23.24,5,wide_right,2,middle_third,False,46.77,47.46,61.28,58.5,43.21,37.71,34.64,30.07
95,2007721,12400,12543,20:39.0,20:53.3,20,39,14.3,1,2,4177,right_to_left,Auckland FC,8,False,False,True,create,1,medium_block,9,7.43,-22.51,5,wide_right,2,middle_third,False,-19.35,-21.37,5,wide_right,1,defensive_third,False,47.62,51.51,58.39,58.59,37.49,38.31,29.86,48.14
96,2007721,12543,12670,20:53.3,21:06.0,20,53,12.7,1,2,4177,right_to_left,Auckland FC,3,False,False,True,build_up,0,high_block,10,-20.12,-21.14,5,wide_right,1,defensive_third,False,-20.64,20.05,2,half_space_left,1,defensive_third,False,51.54,57.09,58.52,46.85,38.45,41.09,48.34,57.04
97,2007721,12670,12889,21:06.0,21:27.9,21,6,21.9,1,2,4177,right_to_left,Auckland FC,6,False,False,True,create,1,medium_block,9,-19.73,21.37,1,wide_left,1,defensive_third,False,16.28,32.15,1,wide_left,2,middle_third,False,57.05,55.51,46.97,59.15,41.08,36.25,56.79,42.35
98,2007721,12889,13144,21:27.9,21:53.4,21,27,25.5,1,2,4177,right_to_left,Auckland FC,8,True,False,True,finish,2,low_block,8,16.72,32.09,1,wide_left,2,middle_third,False,39.73,4.59,3,center,3,attacking_third,True,55.21,42.15,59.47,70.38,36.42,26.54,42.22,20.69
99,2007721,13626,13675,22:41.6,22:46.5,22,41,4.9,1,1,870,left_to_right,CC Mariners,1,True,False,False,direct,6,defending_direct,15,-46.17,3.93,3,center,1,defensive_third,False,20.19,17.42,2,half_space_left,3,attacking_third,False,28.36,25.08,67.96,63.2,29.39,21.9,42.71,44.54
100,2007721,13675,13695,22:46.5,22:48.5,22,46,2.0,1,2,4177,right_to_left,Auckland FC,1,True,False,False,chaotic,5,chaotic,5,-20.7,-17.35,4,half_space_right,1,defensive_third,False,-15.84,-18.34,4,half_space_right,2,middle_third,False,21.85,20.23,44.59,44.79,25.11,22.8,63.01,58.61
101,2007721,13695,13725,22:48.5,22:51.5,22,48,3.0,1,1,870,left_to_right,CC Mariners,1,False,False,False,chaotic,5,chaotic,5,15.54,18.4,2,half_space_left,2,middle_third,False,15.53,22.46,1,wide_left,2,middle_third,False,22.56,26.25,58.37,55.42,20.07,21.41,44.73,43.19
102,2007721,13840,13891,23:03.0,23:08.1,23,3,5.1,1,1,870,left_to_right,CC Mariners,3,True,False,False,chaotic,5,chaotic,5,20.04,30.9,1,wide_left,3,attacking_third,False,26.01,31.97,1,wide_left,3,attacking_third,False,40.87,42.01,63.16,61.64,23.57,28.53,43.5,41.32
103,2007721,13891,13975,23:08.1,23:16.5,23,8,8.4,1,2,4177,right_to_left,Auckland FC,3,False,False,False,build_up,0,high_block,10,-26.47,-31.81,5,wide_right,1,defensive_third,False,-20.47,-27.05,5,wide_right,1,defensive_third,False,28.54,34.19,41.28,42.01,41.97,32.83,61.58,61.2
104,2007721,13975,13999,23:16.5,23:18.9,23,16,2.4,1,2,4177,right_to_left,Auckland FC,1,False,False,False,create,1,medium_block,9,-19.34,-26.48,5,wide_right,1,defensive_third,False,-5.44,-26.66,5,wide_right,2,middle_third,False,34.29,34.95,42.04,44.55,32.58,29.2,61.19,60.54
105,2007721,14193,14427,23:38.3,24:01.7,23,38,23.4,1,2,4177,right_to_left,Auckland FC,9,False,False,False,create,1,medium_block,9,-1.85,-22.5,5,wide_right,2,middle_third,False,18.76,13.94,2,half_space_left,3,attacking_third,False,55.24,45.92,56.2,60.2,41.25,25.68,40.2,48.43
106,2007721,14427,14446,24:01.7,24:03.6,24,1,1.9,1,2,4177,right_to_left,Auckland FC,1,True,False,False,finish,2,low_block,8,19.07,13.68,2,half_space_left,3,attacking_third,False,41.75,1.36,3,center,3,attacking_third,True,45.7,41.0,60.64,70.84,25.7,26.43,48.41,44.45
107,2007721,14446,14618,24:03.6,24:20.8,24,3,17.2,1,1,870,left_to_right,CC Mariners,1,False,False,False,build_up,0,high_block,10,-42.39,-1.14,3,center,1,defensive_third,False,-44.08,-4.69,3,center,1,defensive_third,False,26.48,62.16,44.12,51.51,40.73,41.65,71.32,75.29
108,2007721,14618,14650,24:20.8,24:24.0,24,20,3.2,1,1,870,left_to_right,CC Mariners,1,True,False,False,direct,6,defending_direct,15,-43.74,-4.64,3,center,1,defensive_third,False,5.04,8.18,3,center,2,middle_third,False,62.13,51.45,51.48,50.49,41.64,37.31,75.4,71.41
109,2007721,14650,14690,24:24.0,24:28.0,24,24,4.0,1,2,4177,right_to_left,Auckland FC,1,False,False,False,chaotic,5,chaotic,5,-6.36,-8.41,3,center,2,middle_third,False,-28.56,-23.78,5,wide_right,1,defensive_third,False,36.97,35.71,71.19,62.66,50.98,40.34,50.26,64.82
110,2007721,14690,14736,24:28.0,24:32.6,24,28,4.6,1,2,4177,right_to_left,Auckland FC,1,True,False,False,direct,6,defending_direct,15,-28.57,-24.17,5,wide_right,1,defensive_third,False,9.1,-25.65,5,wide_right,2,middle_third,False,35.92,36.85,62.45,50.22,40.24,37.51,65.19,61.2
111,2007721,14736,14999,24:32.6,24:58.9,24,32,26.3,1,1,870,left_to_right,CC Mariners,8,False,False,False,create,1,medium_block,9,-9.4,25.44,1,wide_left,2,middle_third,False,8.28,22.77,1,wide_left,2,middle_third,False,37.59,62.9,60.95,55.24,36.84,38.3,50.0,39.48
112,2007721,14999,15009,24:58.9,24:59.9,24,58,1.0,1,1,870,left_to_right,CC Mariners,1,False,False,False,finish,2,low_block,8,8.33,22.8,1,wide_left,2,middle_third,False,6.87,22.97,1,wide_left,2,middle_third,False,62.73,61.61,55.35,55.97,38.24,37.86,39.39,38.92
113,2007721,15009,15109,24:59.9,25:09.9,24,59,10.0,1,1,870,left_to_right,CC Mariners,2,False,False,False,create,1,medium_block,9,6.11,22.46,1,wide_left,2,middle_third,False,9.89,24.66,1,wide_left,2,middle_third,False,61.55,58.36,56.0,55.24,37.86,37.19,38.93,40.59
114,2007721,15109,15173,25:09.9,25:16.3,25,9,6.4,1,1,870,left_to_right,CC Mariners,2,True,False,False,finish,2,low_block,8,10.32,24.66,1,wide_left,2,middle_third,False,26.43,-6.24,3,center,3,attacking_third,False,58.01,54.99,55.41,55.17,36.97,35.75,40.53,35.18
115,2007721,15173,15424,25:16.3,25:41.4,25,16,25.1,1,2,4177,right_to_left,Auckland FC,8,False,False,False,create,1,medium_block,9,-27.16,7.39,3,center,1,defensive_third,False,-7.37,23.53,1,wide_left,2,middle_third,False,35.8,52.26,35.21,56.31,54.9,34.84,55.23,49.14
116,2007721,15424,15451,25:41.4,25:44.1,25,41,2.7,1,2,4177,right_to_left,Auckland FC,1,True,False,False,direct,6,defending_direct,15,-7.21,23.55,1,wide_left,2,middle_third,False,26.95,16.17,2,half_space_left,3,attacking_third,False,52.29,46.57,56.44,67.08,34.76,31.94,49.26,51.24
117,2007721,15451,15485,25:44.1,25:47.5,25,44,3.4,1,1,870,left_to_right,CC Mariners,1,False,False,False,chaotic,5,chaotic,5,-27.75,-16.21,4,half_space_right,1,defensive_third,False,-36.09,-28.44,5,wide_right,1,defensive_third,False,31.9,41.34,51.38,52.69,46.1,35.84,67.52,71.33
118,2007721,15485,15520,25:47.5,25:51.0,25,47,3.5,1,1,870,left_to_right,CC Mariners,2,False,False,False,direct,6,defending_direct,15,-35.12,-28.62,5,wide_right,1,defensive_third,False,-4.05,-34.85,5,wide_right,2,middle_third,False,41.64,41.71,52.68,48.37,35.75,30.78,71.18,68.22
119,2007721,15589,15637,25:57.9,26:02.7,25,57,4.8,1,1,870,left_to_right,CC Mariners,2,False,False,True,create,1,medium_block,9,-3.08,-29.34,5,wide_right,2,middle_third,False,18.81,-2.46,3,center,3,attacking_third,False,43.42,42.57,55.57,63.58,24.7,24.55,59.75,56.11
120,2007721,15637,15680,26:02.7,26:07.0,26,2,4.3,1,1,870,left_to_right,CC Mariners,2,True,False,True,finish,2,low_block,8,19.22,-2.05,3,center,3,attacking_third,False,33.16,19.79,2,half_space_left,3,attacking_third,False,42.33,33.5,63.83,80.81,24.73,31.01,56.07,51.65
121,2007721,15680,15786,26:07.0,26:17.6,26,7,10.6,1,2,4177,right_to_left,Auckland FC,2,False,False,False,create,1,medium_block,9,-32.21,-20.49,5,wide_right,1,defensive_third,False,-16.79,-17.34,4,half_space_right,2,middle_third,False,31.06,51.98,51.48,51.82,33.49,39.29,81.15,61.69
122,2007721,15989,16222,26:37.9,27:01.2,26,37,23.3,1,2,4177,right_to_left,Auckland FC,10,True,False,False,create,1,medium_block,9,,,2,half_space_left,2,middle_third,False,8.73,26.72,1,wide_left,2,middle_third,False,,49.09,,52.8,,42.95,,55.18
123,2007721,16222,16238,27:01.2,27:02.8,27,1,1.6,1,1,870,left_to_right,CC Mariners,1,False,False,False,chaotic,5,chaotic,5,-8.79,-26.8,5,wide_right,2,middle_third,False,15.17,-23.44,5,wide_right,2,middle_third,False,42.82,40.63,55.04,55.17,48.65,43.21,52.59,50.9
124,2007721,16376,16393,27:16.6,27:18.3,27,16,1.7,1,1,870,left_to_right,CC Mariners,1,True,False,False,chaotic,5,chaotic,5,13.05,-34.07,5,wide_right,2,middle_third,False,5.87,-24.84,5,wide_right,2,middle_third,False,43.4,43.53,66.57,66.19,29.68,28.37,48.16,45.51
125,2007721,16393,16406,27:18.3,27:19.6,27,18,1.3,1,2,4177,right_to_left,Auckland FC,1,True,False,False,chaotic,5,chaotic,5,-6.12,24.78,1,wide_left,2,middle_third,False,-10.93,29.97,1,wide_left,2,middle_third,False,28.57,31.72,45.28,44.37,43.66,46.05,66.12,65.08
126,2007721,16406,16607,27:19.6,27:39.7,27,19,20.1,1,1,870,left_to_right,CC Mariners,7,True,False,False,create,1,medium_block,9,10.92,-30.08,5,wide_right,2,middle_third,False,12.29,-21.56,5,wide_right,2,middle_third,False,46.32,61.33,64.96,54.68,31.99,40.2,44.53,44.14
127,2007721,16607,16631,27:39.7,27:42.1,27,39,2.4,1,2,4177,right_to_left,Auckland FC,2,True,False,False,chaotic,5,chaotic,5,-11.96,21.48,1,wide_left,2,middle_third,False,-0.67,27.16,1,wide_left,2,middle_third,False,40.01,36.6,43.91,45.75,61.12,55.66,54.85,55.33
128,2007721,16824,16854,28:01.4,28:04.4,28,1,3.0,1,1,870,left_to_right,CC Mariners,2,False,False,False,create,1,medium_block,9,-3.02,-31.83,5,wide_right,2,middle_third,False,-19.42,-29.51,5,wide_right,1,defensive_third,False,48.69,48.44,55.76,55.86,32.05,32.1,52.7,55.15
129,2007721,16854,16966,28:04.4,28:15.6,28,4,11.2,1,1,870,left_to_right,CC Mariners,4,False,False,False,build_up,0,high_block,10,-20.01,-29.47,5,wide_right,1,defensive_third,False,-20.7,31.71,1,wide_left,1,defensive_third,False,48.45,52.32,55.86,51.83,32.13,41.77,55.52,67.78
130,2007721,16966,16989,28:15.6,28:17.9,28,15,2.3,1,1,870,left_to_right,CC Mariners,0,True,False,False,create,1,medium_block,9,-19.26,31.34,1,wide_left,1,defensive_third,False,1.43,25.46,1,wide_left,2,middle_third,False,52.36,49.39,51.76,47.93,41.76,42.0,67.63,65.12
131,2007721,16989,17074,28:17.9,28:26.4,28,17,8.5,1,2,4177,right_to_left,Auckland FC,3,True,False,False,create,1,medium_block,9,-1.81,-25.53,5,wide_right,2,middle_third,False,15.26,-30.25,5,wide_right,2,middle_third,False,42.13,49.12,64.94,55.18,49.18,38.84,47.7,38.55
132,2007721,17074,17095,28:26.4,28:28.5,28,26,2.1,1,1,870,left_to_right,CC Mariners,1,True,False,False,chaotic,5,chaotic,5,-15.03,30.55,1,wide_left,2,middle_third,False,-6.9,22.23,1,wide_left,2,middle_third,False,38.95,33.31,38.59,40.16,48.97,46.48,55.14,53.45
133,2007721,17095,17107,28:28.5,28:29.7,28,28,1.2,1,2,4177,right_to_left,Auckland FC,1,True,False,False,chaotic,5,chaotic,5,6.68,-21.95,5,wide_right,2,middle_third,False,11.86,-20.17,5,wide_right,2,middle_third,False,46.44,46.91,53.41,53.24,32.84,30.69,40.17,39.86
134,2007721,17107,17267,28:29.7,28:45.7,28,29,16.0,1,1,870,left_to_right,CC Mariners,8,False,False,True,create,1,medium_block,9,-12.27,20.2,1,wide_left,2,middle_third,False,-19.16,-26.85,5,wide_right,1,defensive_third,False,30.67,56.04,39.84,49.41,46.97,34.59,53.23,56.68
135,2007721,17267,17323,28:45.7,28:51.3,28,45,5.6,1,1,870,left_to_right,CC Mariners,3,False,False,True,build_up,0,high_block,10,-20.23,-26.8,5,wide_right,1,defensive_third,False,-20.19,14.91,2,half_space_left,1,defensive_third,False,56.2,54.2,49.45,46.67,34.43,37.67,56.9,61.09
136,2007721,17323,17443,28:51.3,29:03.3,28,51,12.0,1,1,870,left_to_right,CC Mariners,2,False,False,True,create,1,medium_block,9,-19.97,15.51,2,half_space_left,1,defensive_third,False,20.33,-7.25,3,center,3,attacking_third,False,54.29,54.92,46.8,56.17,37.7,27.0,60.86,35.84
137,2007721,17443,17852,29:03.3,29:44.2,29,3,40.9,1,1,870,left_to_right,CC Mariners,13,True,False,True,finish,2,low_block,8,21.23,-8.46,3,center,3,attacking_third,False,43.12,-6.36,3,center,3,attacking_third,True,54.72,35.92,56.2,65.3,27.13,29.32,35.74,34.9
138,2007721,18140,18417,30:13.0,30:40.7,30,13,27.7,1,2,4177,right_to_left,Auckland FC,11,False,False,False,create,1,medium_block,9,,,2,half_space_left,2,middle_third,False,20.4,8.4,3,center,3,attacking_third,False,,55.17,,58.78,,35.85,,38.05
139,2007721,18417,18626,30:40.7,31:01.6,30,40,20.9,1,2,4177,right_to_left,Auckland FC,5,False,False,False,finish,2,low_block,8,21.34,9.8,2,half_space_left,3,attacking_third,False,5.8,8.98,3,center,2,middle_third,False,55.01,42.91,59.03,60.55,36.08,29.43,38.13,32.46
140,2007721,18626,18649,31:01.6,31:03.9,31,1,2.3,1,2,4177,right_to_left,Auckland FC,1,False,False,False,create,1,medium_block,9,5.35,8.69,3,center,2,middle_third,False,4.97,20.0,2,half_space_left,2,middle_third,False,42.85,42.12,60.45,57.28,29.48,30.97,32.66,37.23
141,2007721,18649,18750,31:03.9,31:14.0,31,3,10.1,1,2,4177,right_to_left,Auckland FC,3,True,False,False,finish,2,low_block,8,5.09,20.38,1,wide_left,2,middle_third,False,19.44,28.67,1,wide_left,3,attacking_third,False,42.17,41.83,57.29,62.2,31.03,28.95,37.39,39.81
142,2007721,18750,18884,31:14.0,31:27.4,31,14,13.4,1,1,870,left_to_right,CC Mariners,4,True,False,False,transition,4,defending_transition,11,-19.48,-28.12,5,wide_right,1,defensive_third,False,43.75,7.75,3,center,3,attacking_third,True,28.83,40.71,39.74,75.5,41.81,30.27,62.12,47.18
143,2007721,18884,18974,31:27.4,31:36.4,31,27,9.0,1,2,4177,right_to_left,Auckland FC,1,False,False,False,create,1,medium_block,9,-44.67,-6.67,3,center,1,defensive_third,False,,,2,half_space_left,2,middle_third,False,30.09,,46.96,,40.89,,76.19,
144,2007721,19036,19294,31:42.6,32:08.4,31,42,25.8,1,2,4177,right_to_left,Auckland FC,7,False,False,False,create,1,medium_block,9,,,2,half_space_left,2,middle_third,False,23.77,28.88,1,wide_left,3,attacking_third,False,,48.16,,66.66,,39.8,,48.76
145,2007721,19294,19350,32:08.4,32:14.0,32,8,5.6,1,2,4177,right_to_left,Auckland FC,1,True,False,False,finish,2,low_block,8,25.18,28.76,1,wide_left,3,attacking_third,False,42.07,37.25,1,wide_left,3,attacking_third,False,48.04,43.77,67.24,75.06,39.71,40.05,48.79,45.64
146,2007721,19546,19575,32:33.6,32:36.5,32,33,2.9,1,1,870,left_to_right,CC Mariners,1,True,False,False,chaotic,5,chaotic,5,-35.23,-34.4,5,wide_right,1,defensive_third,False,-1.3,-29.65,5,wide_right,2,middle_third,False,37.48,32.79,49.22,53.24,24.31,22.6,67.17,61.98
147,2007721,19575,19595,32:36.5,32:38.5,32,36,2.0,1,2,4177,right_to_left,Auckland FC,1,True,False,False,chaotic,5,chaotic,5,1.0,29.85,1,wide_left,2,middle_third,False,12.09,20.34,1,wide_left,2,middle_third,False,22.59,22.72,61.74,56.32,32.76,30.02,53.46,51.99
148,2007721,19595,19681,32:38.5,32:47.1,32,38,8.6,1,1,870,left_to_right,CC Mariners,2,True,False,False,chaotic,5,chaotic,5,-12.51,-19.96,4,half_space_right,2,middle_third,False,21.66,-24.09,5,wide_right,3,attacking_third,False,29.9,32.19,51.82,58.44,22.77,23.99,56.17,51.62
149,2007721,19681,19720,32:47.1,32:51.0,32,47,3.9,1,2,4177,right_to_left,Auckland FC,2,True,False,False,chaotic,5,chaotic,5,-22.05,24.25,1,wide_left,1,defensive_third,False,7.88,17.59,2,half_space_left,2,middle_third,False,24.05,26.04,51.58,53.56,32.07,32.57,58.59,56.82
150,2007721,19720,19959,32:51.0,33:14.9,32,51,23.9,1,1,870,left_to_right,CC Mariners,6,False,False,False,create,1,medium_block,9,-8.16,-17.32,4,half_space_right,2,middle_third,False,9.41,-30.19,5,wide_right,2,middle_third,False,32.58,58.98,56.74,57.23,26.01,37.88,53.76,49.25
151,2007721,20141,20161,33:33.1,33:35.1,33,33,2.0,1,1,870,left_to_right,CC Mariners,1,False,False,False,direct,6,defending_direct,15,,,2,half_space_left,2,middle_third,False,24.76,19.28,2,half_space_left,3,attacking_third,False,,50.54,,60.71,,38.68,,37.31
152,2007721,20161,20217,33:35.1,33:40.7,33,35,5.6,1,1,870,left_to_right,CC Mariners,1,True,False,False,finish,2,low_block,8,25.11,20.19,1,wide_left,3,attacking_third,False,46.53,10.44,2,half_space_left,3,attacking_third,True,50.57,44.4,60.88,74.98,39.09,33.12,37.23,26.5
153,2007721,20217,20447,33:40.7,34:03.7,33,40,23.0,1,2,4177,right_to_left,Auckland FC,4,False,False,False,build_up,0,high_block,10,-46.93,-8.85,3,center,1,defensive_third,False,-20.4,31.54,1,wide_left,1,defensive_third,False,32.93,57.56,26.27,53.12,44.39,43.66,75.21,70.07
154,2007721,20447,20509,34:03.7,34:09.9,34,3,6.2,1,2,4177,right_to_left,Auckland FC,2,True,False,False,create,1,medium_block,9,-19.62,31.95,1,wide_left,1,defensive_third,False,20.99,25.72,1,wide_left,3,attacking_third,False,57.43,46.57,53.2,59.31,43.68,36.56,69.86,60.85
155,2007721,20509,20528,34:09.9,34:11.8,34,9,1.9,1,1,870,left_to_right,CC Mariners,1,False,False,False,chaotic,5,chaotic,5,-21.5,-25.85,5,wide_right,1,defensive_third,False,-25.55,-33.36,5,wide_right,1,defensive_third,False,36.53,36.56,60.74,58.09,46.18,41.2,59.54,67.83
156,2007721,20528,20559,34:11.8,34:14.9,34,11,3.1,1,1,870,left_to_right,CC Mariners,1,True,False,False,direct,6,defending_direct,15,-24.83,-33.64,5,wide_right,1,defensive_third,False,18.14,-19.52,4,half_space_right,3,attacking_third,False,36.82,33.62,57.84,61.27,41.0,35.41,68.09,66.26
157,2007721,20559,20715,34:14.9,34:30.5,34,14,15.6,1,2,4177,right_to_left,Auckland FC,5,True,False,False,transition,4,defending_transition,11,-18.37,19.16,2,half_space_left,1,defensive_third,False,41.77,17.48,2,half_space_left,3,attacking_third,True,35.4,27.12,66.07,72.57,33.55,24.51,61.56,52.86
158,2007721,20715,20762,34:30.5,34:35.2,34,30,4.7,1,1,870,left_to_right,CC Mariners,2,False,False,False,chaotic,5,chaotic,5,-42.28,-17.01,4,half_space_right,1,defensive_third,False,-11.31,-27.29,5,wide_right,2,middle_third,False,24.41,29.34,52.62,43.55,26.79,29.7,72.49,74.02
159,2007721,20963,21133,34:55.3,35:12.3,34,55,17.0,1,1,870,left_to_right,CC Mariners,5,False,False,False,create,1,medium_block,9,-13.84,-18.58,4,half_space_right,2,middle_third,False,23.78,27.65,1,wide_left,3,attacking_third,False,56.59,56.78,50.91,56.03,34.68,32.88,50.09,39.71
160,2007721,21133,21183,35:12.3,35:17.3,35,12,5.0,1,1,870,left_to_right,CC Mariners,1,False,False,False,finish,2,low_block,8,24.51,28.52,1,wide_left,3,attacking_third,False,42.64,32.14,1,wide_left,3,attacking_third,False,56.73,43.13,56.26,67.97,32.87,33.8,39.7,36.38
161,2007721,21284,21340,35:27.4,35:33.0,35,27,5.6,1,1,870,left_to_right,CC Mariners,4,False,False,True,finish,2,low_block,8,39.48,32.64,1,wide_left,3,attacking_third,False,5.25,16.29,2,half_space_left,2,middle_third,False,44.42,46.02,67.89,58.76,28.52,34.17,26.09,31.22
162,2007721,21340,21438,35:33.0,35:42.8,35,33,9.8,1,1,870,left_to_right,CC Mariners,3,False,False,True,create,1,medium_block,9,5.14,16.22,2,half_space_left,2,middle_third,False,4.99,18.4,2,half_space_left,2,middle_third,False,46.38,62.76,58.52,53.83,34.27,40.16,31.3,38.98
163,2007721,21438,21719,35:42.8,36:10.9,35,42,28.1,1,1,870,left_to_right,CC Mariners,10,False,False,True,finish,2,low_block,8,5.13,18.41,2,half_space_left,2,middle_third,False,5.79,9.89,2,half_space_left,2,middle_third,False,62.82,57.77,53.81,59.01,40.18,36.75,38.83,31.89
164,2007721,21719,21753,36:10.9,36:14.3,36,10,3.4,1,1,870,left_to_right,CC Mariners,1,False,False,True,create,1,medium_block,9,5.2,9.55,2,half_space_left,2,middle_third,False,4.84,2.82,3,center,2,middle_third,False,57.83,59.63,58.84,52.49,36.85,39.57,31.89,33.32
165,2007721,21753,21867,36:14.3,36:25.7,36,14,11.4,1,1,870,left_to_right,CC Mariners,4,False,False,True,finish,2,low_block,8,5.63,2.16,3,center,2,middle_third,False,48.96,-2.47,3,center,3,attacking_third,True,59.65,37.05,52.33,76.33,39.57,31.69,33.38,27.43
166,2007721,22178,22225,36:56.8,37:01.5,36,56,4.7,1,1,870,left_to_right,CC Mariners,2,True,False,False,set_play,7,defending_set_play,13,49.07,-14.97,4,half_space_right,3,attacking_third,True,-46.48,-12.5,4,half_space_right,1,defensive_third,False,38.66,14.5,65.96,14.22,9.37,36.02,10.51,62.06
167,2007721,22623,22700,37:41.3,37:49.0,37,41,7.7,1,2,4177,right_to_left,Auckland FC,1,False,False,False,direct,6,defending_direct,15,-44.92,-6.64,3,center,1,defensive_third,False,1.9,-23.63,5,wide_right,2,middle_third,False,31.44,23.47,58.68,56.28,29.28,21.16,42.16,46.95
168,2007721,22700,22745,37:49.0,37:53.5,37,49,4.5,1,2,4177,right_to_left,Auckland FC,3,True,False,False,create,1,medium_block,9,1.18,-23.43,5,wide_right,2,middle_third,False,11.66,-16.65,4,half_space_right,2,middle_third,False,23.48,23.66,56.17,55.15,21.11,22.26,46.92,46.7
169,2007721,22745,22877,37:53.5,38:06.7,37,53,13.2,1,1,870,left_to_right,CC Mariners,5,True,False,True,transition,4,defending_transition,11,-11.54,16.16,2,half_space_left,2,middle_third,False,51.42,2.56,3,center,3,attacking_third,True,22.23,36.01,46.73,65.95,23.68,24.54,55.42,38.23
170,2007721,23247,23278,38:43.7,38:46.8,38,43,3.1,1,2,4177,right_to_left,Auckland FC,1,True,False,False,direct,6,defending_direct,15,-41.72,-7.07,3,center,1,defensive_third,False,8.35,-17.55,4,half_space_right,2,middle_third,False,34.99,28.74,61.78,58.49,33.02,27.19,41.82,44.62
171,2007721,23278,23302,38:46.8,38:49.2,38,46,2.4,1,1,870,left_to_right,CC Mariners,1,True,False,False,chaotic,5,chaotic,5,-8.51,17.57,2,half_space_left,2,middle_third,False,11.42,20.91,1,wide_left,2,middle_third,False,26.95,25.82,44.73,48.22,28.47,25.69,58.23,56.77
172,2007721,23302,23310,38:49.2,38:50.0,38,49,0.8,1,2,4177,right_to_left,Auckland FC,1,True,False,False,chaotic,5,chaotic,5,-11.66,-21.04,5,wide_right,2,middle_third,False,-2.61,-21.25,5,wide_right,2,middle_third,False,25.83,26.96,56.49,55.31,25.86,26.14,48.37,49.22
173,2007721,23310,23346,38:50.0,38:53.6,38,50,3.6,1,1,870,left_to_right,CC Mariners,2,True,False,False,chaotic,5,chaotic,5,1.31,21.3,1,wide_left,2,middle_third,False,10.95,22.94,1,wide_left,2,middle_third,False,26.2,31.51,49.31,50.8,27.1,32.18,55.36,50.99
174,2007721,23346,23584,38:53.6,39:17.4,38,53,23.8,1,2,4177,right_to_left,Auckland FC,7,False,False,False,create,1,medium_block,9,-11.15,-22.7,5,wide_right,2,middle_third,False,23.56,22.41,1,wide_left,3,attacking_third,False,32.21,41.87,50.76,62.41,31.5,26.34,50.85,43.68
175,2007721,23584,23658,39:17.4,39:24.8,39,17,7.4,1,2,4177,right_to_left,Auckland FC,2,False,False,False,finish,2,low_block,8,24.16,22.48,1,wide_left,3,attacking_third,False,50.09,-13.24,4,half_space_right,3,attacking_third,True,41.48,42.7,62.79,80.17,26.05,27.03,43.52,40.74
176,2007721,23733,23833,39:32.3,39:42.3,39,32,10.0,1,2,4177,right_to_left,Auckland FC,5,False,False,False,finish,2,low_block,8,39.01,-30.1,5,wide_right,3,attacking_third,False,5.54,-26.68,5,wide_right,2,middle_third,False,53.53,45.42,69.2,66.25,37.07,29.78,31.93,38.09
177,2007721,23833,23843,39:42.3,39:43.3,39,42,1.0,1,2,4177,right_to_left,Auckland FC,1,False,False,False,create,1,medium_block,9,5.18,-26.79,5,wide_right,2,middle_third,False,4.76,-27.88,5,wide_right,2,middle_third,False,45.56,46.59,66.17,65.22,30.04,32.53,38.62,42.06
178,2007721,23843,23868,39:43.3,39:45.8,39,43,2.5,1,2,4177,right_to_left,Auckland FC,1,False,False,False,finish,2,low_block,8,5.04,-28.12,5,wide_right,2,middle_third,False,5.03,-35.43,5,wide_right,2,middle_third,False,46.71,47.45,65.08,62.6,32.94,41.08,42.29,43.47
179,2007721,23868,23874,39:45.8,39:46.4,39,45,0.6,1,2,4177,right_to_left,Auckland FC,0,True,False,False,create,1,medium_block,9,4.5,-35.68,5,wide_right,2,middle_third,False,1.48,-36.44,5,wide_right,2,middle_third,False,47.51,47.81,62.48,61.84,41.17,41.62,43.44,43.31
180,2007721,24037,24050,40:02.7,40:04.0,40,2,1.3,1,1,870,left_to_right,CC Mariners,2,False,False,False,create,1,medium_block,9,-13.2,30.53,1,wide_left,2,middle_third,False,-19.72,26.48,1,wide_left,1,defensive_third,False,53.78,54.64,52.01,51.48,36.88,36.97,51.32,51.52
181,2007721,24050,24094,40:04.0,40:08.4,40,4,4.4,1,1,870,left_to_right,CC Mariners,2,False,False,False,build_up,0,high_block,10,-20.15,25.99,1,wide_left,1,defensive_third,False,-20.35,-11.07,4,half_space_right,1,defensive_third,False,54.73,63.5,51.43,48.94,36.99,41.95,51.54,53.37
182,2007721,24094,24176,40:08.4,40:16.6,40,8,8.2,1,1,870,left_to_right,CC Mariners,3,False,False,False,create,1,medium_block,9,-19.94,-11.84,4,half_space_right,1,defensive_third,False,-19.77,-21.92,5,wide_right,1,defensive_third,False,63.67,61.0,48.92,54.91,42.06,39.89,53.32,57.6
183,2007721,24176,24236,40:16.6,40:22.6,40,16,6.0,1,1,870,left_to_right,CC Mariners,2,False,False,False,build_up,0,high_block,10,-20.57,-20.89,5,wide_right,1,defensive_third,False,-20.07,18.8,2,half_space_left,1,defensive_third,False,61.07,63.72,54.8,50.18,39.88,38.03,57.87,58.06
184,2007721,24236,24295,40:22.6,40:28.5,40,22,5.9,1,1,870,left_to_right,CC Mariners,3,True,False,False,create,1,medium_block,9,-19.69,18.87,2,half_space_left,1,defensive_third,False,21.72,20.66,1,wide_left,3,attacking_third,False,63.79,52.69,50.2,58.72,37.87,37.3,57.69,48.41
185,2007721,24295,24352,40:28.5,40:34.2,40,28,5.7,1,2,4177,right_to_left,Auckland FC,2,True,False,False,chaotic,5,chaotic,5,-22.52,-20.94,5,wide_right,1,defensive_third,False,-27.38,-26.51,5,wide_right,1,defensive_third,False,37.14,35.87,48.46,48.63,52.35,36.25,58.97,79.08
186,2007721,24454,24481,40:44.4,40:47.1,40,44,2.7,1,1,870,left_to_right,CC Mariners,2,False,False,False,finish,2,low_block,8,17.71,32.26,1,wide_left,3,attacking_third,False,5.33,27.11,1,wide_left,2,middle_third,False,45.29,50.72,69.61,63.79,30.99,33.28,32.84,34.88
187,2007721,24481,24554,40:47.1,40:54.4,40,47,7.3,1,1,870,left_to_right,CC Mariners,2,False,False,False,create,1,medium_block,9,5.15,27.02,1,wide_left,2,middle_third,False,4.74,14.77,2,half_space_left,2,middle_third,False,51.06,63.81,63.59,53.58,33.46,38.41,35.19,36.84
188,2007721,24554,24595,40:54.4,40:58.5,40,54,4.1,1,1,870,left_to_right,CC Mariners,1,False,False,False,finish,2,low_block,8,5.01,16.01,2,half_space_left,2,middle_third,False,5.19,19.88,2,half_space_left,2,middle_third,False,63.84,64.19,53.52,53.97,38.41,36.58,36.83,37.77
189,2007721,24595,24635,40:58.5,41:02.5,40,58,4.0,1,1,870,left_to_right,CC Mariners,2,True,False,False,create,1,medium_block,9,4.91,19.62,2,half_space_left,2,middle_third,False,12.58,12.04,2,half_space_left,2,middle_third,False,64.18,56.43,53.98,51.98,36.6,35.94,37.99,41.16
190,2007721,25061,25120,41:45.1,41:51.0,41,45,5.9,1,2,4177,right_to_left,Auckland FC,1,True,False,False,create,1,medium_block,9,-20.16,-22.23,5,wide_right,1,defensive_third,False,42.39,-5.96,3,center,3,attacking_third,True,40.27,19.89,55.08,74.13,30.85,14.73,40.98,39.93
191,2007721,25120,25272,41:51.0,42:06.2,41,51,15.2,1,1,870,left_to_right,CC Mariners,2,False,False,False,build_up,0,high_block,10,-42.82,5.94,3,center,1,defensive_third,False,-45.95,-4.57,3,center,1,defensive_third,False,14.65,59.68,39.76,50.64,19.91,40.09,74.55,76.05
192,2007721,25272,25306,42:06.2,42:09.6,42,6,3.4,1,1,870,left_to_right,CC Mariners,1,True,False,False,direct,6,defending_direct,15,-45.01,-4.64,3,center,1,defensive_third,False,2.67,-14.01,4,half_space_right,2,middle_third,False,59.78,52.92,50.68,55.93,40.09,32.76,76.16,71.52
193,2007721,25306,25481,42:09.6,42:27.1,42,9,17.5,1,2,4177,right_to_left,Auckland FC,7,False,False,True,create,1,medium_block,9,-3.63,14.02,2,half_space_left,2,middle_third,False,-11.55,-0.45,3,center,2,middle_third,False,32.21,53.17,71.26,51.13,52.56,28.81,56.23,53.22
194,2007721,25481,25510,42:27.1,42:30.0,42,27,2.9,1,2,4177,right_to_left,Auckland FC,1,False,False,True,direct,6,defending_direct,15,-11.37,-0.3,3,center,2,middle_third,False,25.55,25.43,1,wide_left,3,attacking_third,False,53.32,50.68,51.32,62.74,28.86,31.5,53.11,53.85
195,2007721,25510,25517,42:30.0,42:30.7,42,30,0.7,1,2,4177,right_to_left,Auckland FC,1,False,False,True,create,1,medium_block,9,26.49,25.99,1,wide_left,3,attacking_third,False,31.13,26.95,1,wide_left,3,attacking_third,False,50.34,48.22,63.17,65.57,31.47,31.05,53.89,54.1
196,2007721,25517,25632,42:30.7,42:42.2,42,30,11.5,1,2,4177,right_to_left,Auckland FC,3,True,False,True,finish,2,low_block,8,31.88,26.93,1,wide_left,3,attacking_third,False,46.98,0.68,3,center,3,attacking_third,True,47.87,42.53,65.98,66.86,30.94,16.79,54.09,46.05
197,2007721,25957,25990,43:14.7,43:18.0,43,14,3.3,1,1,870,left_to_right,CC Mariners,1,True,False,False,direct,6,defending_direct,15,-45.89,1.5,3,center,1,defensive_third,False,11.11,-12.61,4,half_space_right,2,middle_third,False,49.93,37.93,54.03,60.87,42.97,33.49,67.86,62.96
198,2007721,25990,26000,43:18.0,43:19.0,43,18,1.0,1,2,4177,right_to_left,Auckland FC,1,True,False,False,chaotic,5,chaotic,5,-11.46,13.06,2,half_space_left,2,middle_third,False,-2.34,17.69,2,half_space_left,2,middle_third,False,32.95,29.22,62.76,60.45,37.63,35.44,61.24,63.01
199,2007721,26053,26196,43:24.3,43:38.6,43,24,14.3,1,1,870,left_to_right,CC Mariners,5,False,False,False,create,1,medium_block,9,-6.02,-30.5,5,wide_right,2,middle_third,False,10.12,-21.14,5,wide_right,2,middle_third,False,42.76,61.53,53.73,55.88,32.49,34.12,53.89,36.16
200,2007721,26196,26266,43:38.6,43:45.6,43,38,7.0,1,1,870,left_to_right,CC Mariners,1,True,False,False,finish,2,low_block,8,11.02,-22.55,5,wide_right,2,middle_third,False,28.15,5.43,3,center,3,attacking_third,False,61.51,49.39,56.05,60.91,34.26,31.91,36.18,35.86
201,2007721,26266,26390,43:45.6,43:58.0,43,45,12.4,1,2,4177,right_to_left,Auckland FC,3,False,False,False,transition,4,defending_transition,11,-28.58,-5.92,3,center,1,defensive_third,False,13.33,23.76,1,wide_left,2,middle_third,False,31.92,41.94,35.93,66.96,49.11,31.19,61.13,44.94
202,2007721,26390,26406,43:58.0,43:59.6,43,58,1.6,1,2,4177,right_to_left,Auckland FC,1,False,False,False,finish,2,low_block,8,12.6,23.5,1,wide_left,2,middle_third,False,6.26,20.59,1,wide_left,2,middle_third,False,41.96,42.26,67.15,67.18,31.08,30.01,44.6,40.29
203,2007721,26406,26460,43:59.6,44:05.0,43,59,5.4,1,2,4177,right_to_left,Auckland FC,2,False,False,False,create,1,medium_block,9,5.47,19.89,2,half_space_left,2,middle_third,False,4.56,-12.3,4,half_space_right,2,middle_third,False,42.32,54.31,67.09,59.54,29.93,35.48,40.07,37.43
204,2007721,26460,26546,44:05.0,44:13.6,44,5,8.6,1,2,4177,right_to_left,Auckland FC,1,False,False,False,finish,2,low_block,8,5.71,-13.58,4,half_space_right,2,middle_third,False,5.33,2.02,3,center,2,middle_third,False,54.52,57.02,59.42,56.93,35.71,36.37,37.43,32.81
205,2007721,26546,26567,44:13.6,44:15.7,44,13,2.1,1,2,4177,right_to_left,Auckland FC,1,False,False,False,create,1,medium_block,9,5.16,2.81,3,center,2,middle_third,False,4.92,12.06,2,half_space_left,2,middle_third,False,57.1,57.27,56.89,56.68,36.37,36.8,32.9,35.34
206,2007721,26567,26596,44:15.7,44:18.6,44,15,2.9,1,2,4177,right_to_left,Auckland FC,2,False,False,False,finish,2,low_block,8,5.15,12.14,2,half_space_left,2,middle_third,False,7.22,26.63,1,wide_left,2,middle_third,False,57.22,54.94,56.66,58.65,36.83,41.0,35.44,39.22
207,2007721,26596,26667,44:18.6,44:25.7,44,18,7.1,1,2,4177,right_to_left,Auckland FC,1,True,False,False,create,1,medium_block,9,6.01,25.98,1,wide_left,2,middle_third,False,29.58,22.0,1,wide_left,3,attacking_third,False,54.79,44.79,58.76,66.32,41.03,35.0,39.41,44.45
208,2007721,26667,26688,44:25.7,44:27.8,44,25,2.1,1,1,870,left_to_right,CC Mariners,1,True,False,False,chaotic,5,chaotic,5,-29.96,-21.97,5,wide_right,1,defensive_third,False,-15.47,-24.6,5,wide_right,2,middle_third,False,34.99,35.52,44.46,44.11,44.3,36.44,66.45,64.89
209,2007721,26688,26723,44:27.8,44:31.3,44,27,3.5,1,2,4177,right_to_left,Auckland FC,1,True,False,False,chaotic,5,chaotic,5,15.54,24.42,1,wide_left,2,middle_third,False,31.84,18.14,2,half_space_left,3,attacking_third,False,36.3,35.68,64.73,64.63,35.51,27.78,44.04,43.91
210,2007721,26723,26761,44:31.3,44:35.1,44,31,3.8,1,1,870,left_to_right,CC Mariners,2,True,False,False,chaotic,5,chaotic,5,-32.41,-18.1,4,half_space_right,1,defensive_third,False,-18.84,-24.68,5,wide_right,1,defensive_third,False,27.67,28.39,43.87,42.83,35.55,30.55,65.09,68.99
211,2007721,26761,26887,44:35.1,44:47.7,44,35,12.6,1,2,4177,right_to_left,Auckland FC,6,False,False,True,finish,2,low_block,8,18.35,25.04,1,wide_left,3,attacking_third,False,50.45,11.15,2,half_space_left,3,attacking_third,True,30.58,35.4,68.72,70.46,28.68,19.76,42.73,29.99
212,2007721,27286,27312,45:27.6,45:30.2,45,27,2.6,1,2,4177,right_to_left,Auckland FC,2,True,False,True,set_play,7,defending_set_play,13,50.87,19.57,2,half_space_left,3,attacking_third,True,53.9,-7.66,3,center,3,attacking_third,False,30.91,25.47,76.8,79.13,18.91,16.79,19.86,20.72
213,2007721,27709,27770,46:09.9,46:16.0,46,9,6.1,1,1,870,left_to_right,CC Mariners,3,False,False,False,build_up,0,high_block,10,-22.51,-9.0,3,center,1,defensive_third,False,-15.92,2.92,3,center,2,middle_third,False,45.24,34.83,59.71,43.46,28.36,31.19,45.36,61.51
214,2007721,27770,27797,45:05.0,45:07.7,0,5,2.7,2,2,870,right_to_left,CC Mariners,1,True,False,False,direct,6,defending_direct,15,-13.88,3.99,3,center,2,middle_third,False,18.26,26.51,1,wide_left,3,attacking_third,False,34.63,32.37,43.81,50.89,31.09,32.87,61.56,56.71
215,2007721,27797,27843,45:07.7,45:12.3,0,7,4.6,2,1,4177,left_to_right,Auckland FC,1,True,False,False,chaotic,5,chaotic,5,-19.13,-26.99,5,wide_right,1,defensive_third,False,-2.47,-29.78,5,wide_right,2,middle_third,False,33.06,29.29,56.5,44.36,32.35,32.8,51.38,57.25
216,2007721,27843,27914,45:12.3,45:19.4,0,12,7.1,2,2,870,right_to_left,CC Mariners,3,False,False,False,create,1,medium_block,9,2.18,29.86,1,wide_left,2,middle_third,False,-1.31,25.2,1,wide_left,2,middle_third,False,32.81,36.28,57.23,53.77,29.33,28.54,44.1,45.84
217,2007721,28196,28205,45:47.6,45:48.5,0,47,0.9,2,2,870,right_to_left,CC Mariners,2,False,False,False,finish,2,low_block,8,6.0,18.4,2,half_space_left,2,middle_third,False,5.31,17.83,2,half_space_left,2,middle_third,False,56.71,57.8,57.43,57.64,31.85,31.92,38.76,39.34
218,2007721,28205,28317,45:48.5,45:59.7,0,48,11.2,2,2,870,right_to_left,CC Mariners,6,True,False,False,create,1,medium_block,9,4.52,17.12,2,half_space_left,2,middle_third,False,25.85,21.82,1,wide_left,3,attacking_third,False,57.88,54.02,57.72,56.45,31.92,36.21,39.47,49.21
219,2007721,28317,28353,45:59.7,46:03.3,0,59,3.6,2,1,4177,left_to_right,Auckland FC,2,False,False,False,chaotic,5,chaotic,5,-26.4,-21.7,5,wide_right,1,defensive_third,False,-26.11,-29.38,5,wide_right,1,defensive_third,False,36.3,42.42,49.27,49.5,53.75,44.69,56.63,62.66
220,2007721,28507,28524,46:18.7,46:20.4,1,18,1.7,2,1,4177,left_to_right,Auckland FC,2,False,False,False,create,1,medium_block,9,-18.09,-34.64,5,wide_right,1,defensive_third,False,-19.48,-32.86,5,wide_right,1,defensive_third,False,35.76,35.37,51.49,51.59,31.49,31.32,61.73,62.31
221,2007721,28524,28568,46:20.4,46:24.8,1,20,4.4,2,1,4177,left_to_right,Auckland FC,2,False,False,False,build_up,0,high_block,10,-20.11,-32.6,5,wide_right,1,defensive_third,False,-21.04,-32.19,5,wide_right,1,defensive_third,False,35.47,44.03,51.58,52.83,31.48,32.94,62.31,64.14
222,2007721,28568,28586,46:24.8,46:26.6,1,24,1.8,2,1,4177,left_to_right,Auckland FC,1,False,False,False,create,1,medium_block,9,-19.9,-32.72,5,wide_right,1,defensive_third,False,-18.39,-35.63,5,wide_right,1,defensive_third,False,44.12,44.27,52.79,52.01,32.99,35.8,64.14,63.27
223,2007721,28683,28790,46:36.3,46:47.0,1,36,10.7,2,1,4177,left_to_right,Auckland FC,4,False,False,False,create,1,medium_block,9,-9.93,-31.65,5,wide_right,2,middle_third,False,15.95,22.98,1,wide_left,2,middle_third,False,38.69,42.83,54.82,63.68,27.61,32.47,62.0,49.75
224,2007721,28790,28959,46:47.0,47:03.9,1,47,16.9,2,1,4177,left_to_right,Auckland FC,6,True,False,False,finish,2,low_block,8,16.56,23.06,1,wide_left,2,middle_third,False,36.93,14.66,2,half_space_left,3,attacking_third,True,42.86,29.02,64.06,74.3,32.41,25.69,49.64,39.01
225,2007721,28959,29031,47:03.9,47:11.1,2,3,7.2,2,2,870,right_to_left,CC Mariners,3,False,False,False,build_up,0,high_block,10,-36.62,-14.99,4,half_space_right,1,defensive_third,False,-39.17,-21.31,5,wide_right,1,defensive_third,False,25.64,36.38,39.1,51.68,28.77,29.57,74.55,69.08
226,2007721,29031,29068,47:11.1,47:14.8,2,11,3.7,2,2,870,right_to_left,CC Mariners,1,True,False,False,direct,6,defending_direct,15,-38.45,-21.66,5,wide_right,1,defensive_third,False,11.47,-22.28,5,wide_right,2,middle_third,False,36.66,38.41,51.95,59.7,29.57,32.6,69.3,71.26
227,2007721,29068,29160,47:14.8,47:24.0,2,14,9.2,2,1,4177,left_to_right,Auckland FC,2,True,False,False,create,1,medium_block,9,-12.26,22.03,1,wide_left,2,middle_third,False,16.33,13.07,2,half_space_left,2,middle_third,False,32.69,42.8,71.19,67.87,38.45,33.84,59.85,54.81
228,2007721,29275,29359,47:35.5,47:43.9,2,35,8.4,2,2,870,right_to_left,CC Mariners,6,True,False,False,build_up,0,high_block,10,-42.05,29.15,1,wide_left,1,defensive_third,False,-31.99,34.22,1,wide_left,1,defensive_third,False,46.4,44.69,50.68,45.49,37.97,32.99,71.92,76.13
229,2007721,29621,29654,48:10.1,48:13.4,3,10,3.3,2,1,4177,left_to_right,Auckland FC,1,True,False,False,set_play,7,defending_set_play,13,39.02,-33.2,5,wide_right,3,attacking_third,False,48.62,-13.56,4,half_space_right,3,attacking_third,True,40.87,32.47,70.72,73.2,15.48,12.24,19.19,19.21
230,2007721,29654,29814,48:13.4,48:29.4,3,13,16.0,2,2,870,right_to_left,CC Mariners,3,True,False,False,transition,4,defending_transition,11,-48.61,13.92,2,half_space_left,1,defensive_third,False,32.01,-19.57,4,half_space_right,3,attacking_third,False,12.32,38.77,19.17,70.02,32.17,32.65,73.2,53.28
231,2007721,29814,29860,48:29.4,48:34.0,3,29,4.6,2,1,4177,left_to_right,Auckland FC,1,True,False,False,chaotic,5,chaotic,5,-33.13,19.21,2,half_space_left,1,defensive_third,False,-46.84,28.69,1,wide_left,1,defensive_third,False,32.54,25.73,52.92,45.39,38.7,35.15,70.29,78.72
232,2007721,29971,30186,48:45.1,49:06.6,3,45,21.5,2,2,870,right_to_left,CC Mariners,9,False,False,False,finish,2,low_block,8,41.33,-32.87,5,wide_right,3,attacking_third,False,-9.75,4.28,3,center,2,middle_third,False,41.97,24.76,72.95,36.89,29.36,43.27,27.33,62.03
233,2007721,30186,30236,49:06.6,49:11.6,4,6,5.0,2,2,870,right_to_left,CC Mariners,1,False,False,False,chaotic,5,chaotic,5,9.85,-3.14,3,center,2,middle_third,False,7.26,30.53,1,wide_left,2,middle_third,False,43.32,47.81,62.03,60.77,24.99,40.69,37.21,42.78
234,2007721,30328,30445,49:20.8,49:32.5,4,20,11.7,2,2,870,right_to_left,CC Mariners,4,False,False,False,create,1,medium_block,9,5.35,31.25,1,wide_left,2,middle_third,False,13.77,-23.12,5,wide_right,2,middle_third,False,42.79,55.34,57.38,56.1,36.18,35.44,39.31,38.0
235,2007721,30445,30524,49:32.5,49:40.4,4,32,7.9,2,2,870,right_to_left,CC Mariners,2,False,False,False,finish,2,low_block,8,15.0,-24.11,5,wide_right,2,middle_third,False,5.2,-22.94,5,wide_right,2,middle_third,False,55.21,52.75,56.13,58.75,35.69,36.9,37.9,35.79
236,2007721,30524,30600,49:40.4,49:48.0,4,40,7.6,2,2,870,right_to_left,CC Mariners,3,False,False,False,create,1,medium_block,9,4.39,-21.51,5,wide_right,2,middle_third,False,-4.34,31.23,1,wide_left,2,middle_third,False,53.06,58.62,58.65,53.56,37.08,46.63,36.07,47.46
237,2007721,30661,30785,49:54.1,50:06.5,4,54,12.4,2,2,870,right_to_left,CC Mariners,4,False,False,False,create,1,medium_block,9,-6.07,32.6,1,wide_left,2,middle_third,False,18.44,-29.65,5,wide_right,3,attacking_third,False,57.32,55.12,54.49,56.68,38.42,35.91,49.13,45.59
238,2007721,30785,30860,50:06.5,50:14.0,5,6,7.5,2,2,870,right_to_left,CC Mariners,3,True,False,False,finish,2,low_block,8,18.69,-29.82,5,wide_right,3,attacking_third,False,31.94,-11.09,4,half_space_right,3,attacking_third,False,54.94,36.23,56.9,62.59,35.84,22.53,45.61,35.57
239,2007721,30860,30885,50:14.0,50:16.5,5,14,2.5,2,1,4177,left_to_right,Auckland FC,1,False,False,False,chaotic,5,chaotic,5,-32.57,11.3,2,half_space_left,1,defensive_third,False,-22.77,15.12,2,half_space_left,1,defensive_third,False,22.49,23.52,35.51,36.79,36.13,33.78,62.5,59.47
240,2007721,30885,30921,50:16.5,50:20.1,5,16,3.6,2,1,4177,left_to_right,Auckland FC,1,True,False,False,direct,6,defending_direct,15,-21.57,14.89,2,half_space_left,1,defensive_third,False,19.01,2.99,3,center,3,attacking_third,False,23.63,29.29,37.05,54.39,33.6,41.9,59.25,50.03
241,2007721,30921,31062,50:20.1,50:34.2,5,20,14.1,2,2,870,right_to_left,CC Mariners,6,False,False,False,create,1,medium_block,9,-19.48,-2.87,3,center,1,defensive_third,False,16.15,29.19,1,wide_left,2,middle_third,False,42.36,49.9,50.07,55.0,29.52,38.31,54.82,42.79
242,2007721,31062,31134,50:34.2,50:41.4,5,34,7.2,2,2,870,right_to_left,CC Mariners,2,False,False,False,finish,2,low_block,8,16.94,29.24,1,wide_left,2,middle_third,False,6.32,27.98,1,wide_left,2,middle_third,False,49.97,53.67,55.11,59.01,38.4,38.65,42.84,36.82
243,2007721,31134,31465,50:41.4,51:14.5,5,41,33.1,2,2,870,right_to_left,CC Mariners,8,False,False,False,create,1,medium_block,9,5.66,27.47,1,wide_left,2,middle_third,False,18.79,-12.78,4,half_space_right,3,attacking_third,False,53.84,43.93,58.81,60.4,38.45,29.12,36.74,39.17
244,2007721,31465,31500,51:14.5,51:18.0,6,14,3.5,2,2,870,right_to_left,CC Mariners,1,True,False,False,finish,2,low_block,8,20.54,-12.85,4,half_space_right,3,attacking_third,False,44.55,-18.15,4,half_space_right,3,attacking_third,True,43.77,40.07,60.92,75.22,28.84,23.05,39.24,41.26
245,2007721,31836,31844,51:51.6,51:52.4,6,51,0.8,2,1,4177,left_to_right,Auckland FC,1,True,False,False,create,1,medium_block,9,,,2,half_space_left,2,middle_third,False,-9.08,22.24,1,wide_left,2,middle_third,False,,35.07,,45.31,,43.53,,63.89
246,2007721,31844,31869,51:52.4,51:54.9,6,52,2.5,2,2,870,right_to_left,CC Mariners,2,False,False,False,create,1,medium_block,9,8.48,-21.7,5,wide_right,2,middle_third,False,4.55,-5.1,3,center,2,middle_third,False,43.63,48.61,63.77,58.38,35.04,33.28,45.49,48.5
247,2007721,31869,31918,51:54.9,51:59.8,6,54,4.9,2,2,870,right_to_left,CC Mariners,1,False,False,False,finish,2,low_block,8,6.45,-3.69,3,center,2,middle_third,False,12.23,22.92,1,wide_left,2,middle_third,False,48.77,49.51,58.29,60.62,33.35,44.63,48.27,50.44
248,2007721,31918,31922,51:59.8,52:00.2,6,59,0.4,2,2,870,right_to_left,CC Mariners,0,False,False,False,create,1,medium_block,9,11.8,22.75,1,wide_left,2,middle_third,False,10.9,22.44,1,wide_left,2,middle_third,False,49.47,49.18,60.48,60.08,44.64,44.62,50.36,50.11
249,2007721,31975,31980,52:05.5,52:06.0,7,5,0.5,2,2,870,right_to_left,CC Mariners,1,False,False,False,finish,2,low_block,8,11.45,32.96,1,wide_left,2,middle_third,False,8.22,32.0,1,wide_left,2,middle_third,False,51.09,51.24,58.95,58.73,38.66,38.79,44.88,44.12
250,2007721,31980,32036,52:06.0,52:11.6,7,6,5.6,2,2,870,right_to_left,CC Mariners,1,False,False,False,create,1,medium_block,9,7.37,31.61,1,wide_left,2,middle_third,False,20.95,25.72,1,wide_left,3,attacking_third,False,51.26,48.98,58.67,58.75,38.88,38.0,43.93,38.29
251,2007721,32036,32077,52:11.6,52:15.7,7,11,4.1,2,2,870,right_to_left,CC Mariners,2,True,False,False,finish,2,low_block,8,20.69,25.89,1,wide_left,3,attacking_third,False,25.77,18.99,2,half_space_left,3,attacking_third,False,48.82,41.68,58.92,61.32,37.93,28.21,38.27,34.29
252,2007721,32366,32419,52:44.6,52:49.9,7,44,5.3,2,1,4177,left_to_right,Auckland FC,1,True,False,False,chaotic,5,chaotic,5,-37.2,-35.24,5,wide_right,1,defensive_third,False,-28.78,-15.2,4,half_space_right,1,defensive_third,False,32.95,27.15,36.38,36.84,24.41,21.95,67.54,59.38
253,2007721,32419,32505,52:49.9,52:58.5,7,49,8.6,2,2,870,right_to_left,CC Mariners,3,False,False,False,finish,2,low_block,8,28.85,14.78,2,half_space_left,3,attacking_third,False,6.16,-7.24,3,center,2,middle_third,False,21.93,41.21,59.1,62.59,27.08,29.9,37.05,37.55
254,2007721,32505,32523,52:58.5,53:00.3,7,58,1.8,2,2,870,right_to_left,CC Mariners,1,False,False,False,create,1,medium_block,9,5.4,-5.93,3,center,2,middle_third,False,4.46,2.75,3,center,2,middle_third,False,41.53,47.94,62.53,59.96,30.11,32.16,37.76,42.85
255,2007721,32523,32531,53:00.3,53:01.1,8,0,0.8,2,2,870,right_to_left,CC Mariners,1,False,False,False,finish,2,low_block,8,5.51,2.47,3,center,2,middle_third,False,8.17,2.39,3,center,2,middle_third,False,48.29,50.51,59.81,58.75,32.21,32.42,43.14,44.14
256,2007721,32531,32538,53:01.1,53:01.8,8,1,0.7,2,2,870,right_to_left,CC Mariners,1,False,False,False,create,1,medium_block,9,8.22,2.53,3,center,2,middle_third,False,10.18,4.18,3,center,2,middle_third,False,50.79,52.07,58.58,57.67,32.42,32.29,44.2,44.6
257,2007721,32538,32748,53:01.8,53:22.8,8,1,21.0,2,2,870,right_to_left,CC Mariners,6,True,False,False,finish,2,low_block,8,10.34,4.28,3,center,2,middle_third,False,48.05,0.21,3,center,3,attacking_third,True,52.21,26.84,57.57,71.1,32.2,14.97,44.66,32.73
258,2007721,32748,32992,53:22.8,53:47.2,8,22,24.4,2,1,4177,left_to_right,Auckland FC,6,False,False,False,create,1,medium_block,9,-48.35,-0.66,3,center,1,defensive_third,False,19.78,24.13,1,wide_left,3,attacking_third,False,15.16,49.1,32.74,60.64,26.89,29.61,71.17,46.61
259,2007721,32992,33044,53:47.2,53:52.4,8,47,5.2,2,1,4177,left_to_right,Auckland FC,2,True,False,False,finish,2,low_block,8,20.37,23.97,1,wide_left,3,attacking_third,False,44.65,0.48,3,center,3,attacking_third,True,48.87,39.06,60.97,76.61,29.55,31.99,46.46,41.74
260,2007721,33044,33114,53:52.4,53:59.4,8,52,7.0,2,2,870,right_to_left,CC Mariners,2,False,False,False,build_up,0,high_block,10,-44.42,0.34,3,center,1,defensive_third,False,-20.41,23.84,1,wide_left,1,defensive_third,False,31.93,38.7,41.75,41.35,38.85,36.22,76.75,66.81
261,2007721,33114,33191,53:59.4,54:07.1,8,59,7.7,2,2,870,right_to_left,CC Mariners,2,True,False,False,create,1,medium_block,9,-19.81,23.95,1,wide_left,1,defensive_third,False,14.59,20.86,1,wide_left,2,middle_third,False,38.78,39.14,41.46,54.03,36.59,38.48,66.69,55.66
262,2007721,33191,33397,54:07.1,54:27.7,9,7,20.6,2,1,4177,left_to_right,Auckland FC,6,True,False,False,transition,4,defending_transition,11,-14.49,-20.63,5,wide_right,2,middle_third,False,37.84,4.62,3,center,3,attacking_third,True,38.29,37.58,55.49,69.32,39.16,32.47,54.06,34.3
263,2007721,33397,33445,54:27.7,54:32.5,9,27,4.8,2,2,870,right_to_left,CC Mariners,1,True,False,True,chaotic,5,chaotic,5,-38.64,-3.6,3,center,1,defensive_third,False,-36.1,-15.71,4,half_space_right,1,defensive_third,False,32.46,35.56,34.37,36.94,37.45,32.57,69.89,68.56
264,2007721,33445,33471,54:32.5,54:35.1,9,32,2.6,2,1,4177,left_to_right,Auckland FC,1,True,False,True,finish,2,low_block,8,36.23,15.81,2,half_space_left,3,attacking_third,True,50.77,3.23,3,center,3,attacking_third,True,32.63,33.72,68.46,70.45,35.52,29.79,36.96,35.95
265,2007721,33792,33840,55:07.2,55:12.0,10,7,4.8,2,2,870,right_to_left,CC Mariners,1,True,False,False,direct,6,defending_direct,15,,,2,half_space_left,2,middle_third,False,16.24,5.63,3,center,2,middle_third,False,,31.01,,52.29,,21.69,,59.86
266,2007721,33840,33844,55:12.0,55:12.4,10,12,0.4,2,1,4177,left_to_right,Auckland FC,1,False,False,False,create,1,medium_block,9,-16.76,-5.47,3,center,2,middle_third,False,-19.78,-5.91,3,center,1,defensive_third,False,21.61,21.39,59.66,59.08,31.03,31.12,52.44,53.56
267,2007721,33844,33912,55:12.4,55:19.2,10,12,6.8,2,1,4177,left_to_right,Auckland FC,2,False,False,False,build_up,0,high_block,10,-20.93,-6.06,3,center,1,defensive_third,False,-21.11,-7.21,3,center,1,defensive_third,False,21.32,46.64,58.89,45.11,31.16,29.93,53.93,66.21
268,2007721,33912,33992,55:19.2,55:27.2,10,19,8.0,2,1,4177,left_to_right,Auckland FC,2,False,False,False,create,1,medium_block,9,-19.73,-7.87,3,center,1,defensive_third,False,17.45,-31.12,5,wide_right,3,attacking_third,False,46.84,47.55,45.17,61.58,29.79,31.07,66.0,55.62
269,2007721,33992,34034,55:27.2,55:31.4,10,27,4.2,2,1,4177,left_to_right,Auckland FC,3,False,False,False,finish,2,low_block,8,17.79,-31.15,5,wide_right,3,attacking_third,False,11.35,-21.95,5,wide_right,2,middle_third,False,47.46,48.24,61.88,60.42,31.1,31.41,55.49,45.5
270,2007721,34034,34110,55:31.4,55:39.0,10,31,7.6,2,1,4177,left_to_right,Auckland FC,3,False,False,False,create,1,medium_block,9,11.07,-22.55,5,wide_right,2,middle_third,False,13.56,14.13,2,half_space_left,2,middle_third,False,48.31,55.51,60.26,57.96,31.57,37.56,45.29,34.1
271,2007721,34110,34199,55:39.0,55:47.9,10,39,8.9,2,1,4177,left_to_right,Auckland FC,2,True,False,False,finish,2,low_block,8,13.97,15.64,2,half_space_left,2,middle_third,False,35.87,30.47,1,wide_left,3,attacking_third,False,55.58,38.94,58.16,70.73,37.71,36.55,34.17,32.51
272,2007721,34541,34607,56:22.1,56:28.7,11,22,6.6,2,2,870,right_to_left,CC Mariners,2,True,False,False,chaotic,5,chaotic,5,-24.33,-33.75,5,wide_right,1,defensive_third,False,4.67,-13.62,4,half_space_right,2,middle_third,False,40.25,31.46,48.62,50.7,23.03,23.46,65.81,55.83
273,2007721,34607,34666,56:28.7,56:34.6,11,28,5.9,2,1,4177,left_to_right,Auckland FC,4,True,False,False,chaotic,5,chaotic,5,-4.68,13.43,2,half_space_left,2,middle_third,False,14.98,21.64,1,wide_left,2,middle_third,False,23.63,34.99,55.74,57.57,31.26,28.42,50.62,46.98
274,2007721,34666,34722,56:34.6,56:40.2,11,34,5.6,2,2,870,right_to_left,CC Mariners,3,True,False,False,create,1,medium_block,9,-14.91,-22.18,5,wide_right,2,middle_third,False,10.1,3.85,3,center,2,middle_third,False,28.39,39.1,46.98,51.6,35.1,32.16,57.53,53.99
275,2007721,34722,34818,56:40.2,56:49.8,11,40,9.6,2,1,4177,left_to_right,Auckland FC,3,False,False,False,create,1,medium_block,9,-10.64,-4.09,3,center,2,middle_third,False,24.75,-29.07,5,wide_right,3,attacking_third,False,32.03,53.86,53.9,59.44,39.28,33.68,51.68,41.96
276,2007721,34818,34840,56:49.8,56:52.0,11,49,2.2,2,1,4177,left_to_right,Auckland FC,1,True,False,False,finish,2,low_block,8,25.58,-29.9,5,wide_right,3,attacking_third,False,35.25,-32.8,5,wide_right,3,attacking_third,False,53.8,52.02,59.68,60.2,33.81,37.6,42.03,43.29
277,2007721,34924,34964,57:00.4,57:04.4,12,0,4.0,2,2,870,right_to_left,CC Mariners,3,True,False,False,build_up,0,high_block,10,-31.97,32.47,1,wide_left,1,defensive_third,False,-24.87,26.97,1,wide_left,1,defensive_third,False,43.58,38.93,50.12,48.59,31.21,29.71,62.7,66.61
278,2007721,34964,34977,57:04.4,57:05.7,12,4,1.3,2,1,4177,left_to_right,Auckland FC,1,True,False,False,chaotic,5,chaotic,5,24.58,-26.5,5,wide_right,3,attacking_third,False,32.52,-22.64,5,wide_right,3,attacking_third,False,29.53,27.69,66.34,64.49,38.84,37.17,48.39,47.16
279,2007721,34977,35008,57:05.7,57:08.8,12,5,3.1,2,2,870,right_to_left,CC Mariners,1,True,False,False,chaotic,5,chaotic,5,-32.95,22.45,1,wide_left,1,defensive_third,False,-14.8,25.42,1,wide_left,2,middle_third,False,37.0,32.93,47.18,46.12,27.56,25.8,64.46,59.79
280,2007721,35008,35050,57:08.8,57:13.0,12,8,4.2,2,1,4177,left_to_right,Auckland FC,2,False,False,False,finish,2,low_block,8,14.78,-25.56,5,wide_right,2,middle_third,False,19.16,-32.75,5,wide_right,3,attacking_third,False,25.76,28.97,59.51,54.92,32.83,30.24,46.08,45.42
281,2007721,35050,35183,57:13.0,57:26.3,12,13,13.3,2,1,4177,left_to_right,Auckland FC,6,False,False,False,create,1,medium_block,9,19.22,-32.84,5,wide_right,3,attacking_third,False,16.45,16.98,2,half_space_left,2,middle_third,False,29.09,45.42,54.85,58.71,30.35,32.27,45.39,35.18
282,2007721,35183,35249,57:26.3,57:32.9,12,26,6.6,2,1,4177,left_to_right,Auckland FC,2,True,False,False,finish,2,low_block,8,16.72,17.37,2,half_space_left,2,middle_third,False,27.54,-0.04,3,center,3,attacking_third,False,45.32,36.14,58.97,66.15,32.52,27.91,35.11,30.83
283,2007721,35249,35350,57:32.9,57:43.0,12,32,10.1,2,2,870,right_to_left,CC Mariners,2,False,False,False,transition,4,defending_transition,11,-27.76,-0.22,3,center,1,defensive_third,False,13.56,-24.77,5,wide_right,2,middle_third,False,27.88,42.31,30.75,58.17,36.17,36.61,65.95,56.08
284,2007721,35350,35352,57:43.0,57:43.2,12,43,0.2,2,2,870,right_to_left,CC Mariners,0,False,False,False,create,1,medium_block,9,12.78,-25.08,5,wide_right,2,middle_third,False,12.06,-25.36,5,wide_right,2,middle_third,False,42.53,42.74,58.23,58.28,36.36,36.14,55.8,55.52
285,2007721,35352,35381,57:43.2,57:46.1,12,43,2.9,2,2,870,right_to_left,CC Mariners,2,False,False,False,finish,2,low_block,8,11.39,-25.63,5,wide_right,2,middle_third,False,5.51,-16.56,4,half_space_right,2,middle_third,False,42.93,46.76,58.32,58.57,35.92,33.33,55.24,46.09
286,2007721,35381,35488,57:46.1,57:56.8,12,46,10.7,2,2,870,right_to_left,CC Mariners,4,True,False,False,create,1,medium_block,9,4.72,-16.37,4,half_space_right,2,middle_third,False,9.4,9.59,2,half_space_left,2,middle_third,False,47.02,56.97,58.5,52.97,33.23,31.19,45.78,44.95
287,2007721,35488,35497,57:56.8,57:57.7,12,56,0.9,2,1,4177,left_to_right,Auckland FC,1,True,False,False,chaotic,5,chaotic,5,-9.53,-9.08,3,center,2,middle_third,False,-7.59,-9.77,4,half_space_right,2,middle_third,False,31.28,31.75,44.85,44.39,56.72,54.54,52.99,53.14
288,2007721,35497,35553,57:57.7,58:03.3,12,57,5.6,2,2,870,right_to_left,CC Mariners,2,False,False,False,create,1,medium_block,9,7.38,9.87,2,half_space_left,2,middle_third,False,20.2,-27.52,5,wide_right,3,attacking_third,False,54.26,59.79,53.15,52.55,31.78,36.25,44.36,43.06
289,2007721,35553,35629,58:03.3,58:10.9,13,3,7.6,2,2,870,right_to_left,CC Mariners,3,True,False,False,finish,2,low_block,8,20.83,-27.88,5,wide_right,3,attacking_third,False,40.51,-2.97,3,center,3,attacking_third,True,59.69,33.29,52.78,68.65,36.47,26.54,43.04,31.28
290,2007721,35629,35735,58:10.9,58:21.5,13,10,10.6,2,1,4177,left_to_right,Auckland FC,3,True,False,False,chaotic,5,chaotic,5,-40.39,2.55,3,center,1,defensive_third,False,13.81,-0.14,3,center,2,middle_third,False,26.44,34.43,31.21,42.85,32.97,47.6,68.67,58.35
291,2007721,35735,35783,58:21.5,58:26.3,13,21,4.8,2,2,870,right_to_left,CC Mariners,2,False,False,False,create,1,medium_block,9,-14.25,0.59,3,center,2,middle_third,False,9.61,19.08,2,half_space_left,2,middle_third,False,47.88,53.59,57.99,45.92,34.49,36.74,42.92,42.01
292,2007721,35783,35911,58:26.3,58:39.1,13,26,12.8,2,2,870,right_to_left,CC Mariners,6,False,False,False,finish,2,low_block,8,10.04,19.32,2,half_space_left,2,middle_third,False,5.45,19.52,2,half_space_left,2,middle_third,False,53.65,40.4,46.11,57.31,36.94,35.48,41.92,31.39
293,2007721,35911,35926,58:39.1,58:40.6,13,39,1.5,2,2,870,right_to_left,CC Mariners,1,False,False,False,create,1,medium_block,9,5.19,19.22,2,half_space_left,2,middle_third,False,4.69,14.89,2,half_space_left,2,middle_third,False,40.61,45.17,57.36,55.9,35.38,33.73,31.61,33.36
294,2007721,35926,36020,58:40.6,58:50.0,13,40,9.4,2,2,870,right_to_left,CC Mariners,3,False,False,False,finish,2,low_block,8,5.28,13.61,2,half_space_left,2,middle_third,False,5.17,-19.67,4,half_space_right,2,middle_third,False,45.53,53.92,55.72,57.31,33.56,41.13,33.38,35.94
295,2007721,36020,36117,58:50.0,58:59.7,13,50,9.7,2,2,870,right_to_left,CC Mariners,4,True,False,False,create,1,medium_block,9,4.42,-19.29,4,half_space_right,2,middle_third,False,11.35,31.86,1,wide_left,2,middle_third,False,54.07,53.89,57.13,53.71,41.05,42.73,36.32,38.48
296,2007721,36117,36240,58:59.7,59:12.0,13,59,12.3,2,1,4177,left_to_right,Auckland FC,3,True,False,True,transition,4,defending_transition,11,-11.32,-31.73,5,wide_right,2,middle_third,False,45.08,1.77,3,center,3,attacking_third,True,42.69,38.44,38.56,73.49,53.53,34.47,53.81,52.26
297,2007721,36444,36503,59:32.4,59:38.3,14,32,5.9,2,2,870,right_to_left,CC Mariners,1,True,False,False,direct,6,defending_direct,15,-33.94,-4.89,3,center,1,defensive_third,False,13.28,-4.03,3,center,2,middle_third,False,51.5,36.9,47.46,58.16,39.54,33.25,66.59,58.25
298,2007721,36503,36542,59:38.3,59:42.2,14,38,3.9,2,1,4177,left_to_right,Auckland FC,3,False,False,False,chaotic,5,chaotic,5,-13.3,3.99,3,center,2,middle_third,False,-9.33,0.19,3,center,2,middle_third,False,33.13,30.14,57.93,51.17,36.75,32.56,58.0,60.69
299,2007721,36542,36565,59:42.2,59:44.5,14,42,2.3,2,1,4177,left_to_right,Auckland FC,1,True,False,False,direct,6,defending_direct,15,-8.74,0.35,3,center,2,middle_third,False,22.36,8.64,3,center,3,attacking_third,False,30.1,30.87,51.46,61.75,32.48,32.45,60.58,60.28
300,2007721,36565,36768,59:44.5,60:04.8,14,44,20.3,2,2,870,right_to_left,CC Mariners,6,False,False,False,create,1,medium_block,9,-23.39,-8.81,3,center,1,defensive_third,False,19.31,-25.0,5,wide_right,3,attacking_third,False,32.53,55.74,60.35,57.92,30.89,34.62,62.28,41.37
301,2007721,36768,36961,60:04.8,60:24.1,15,4,19.3,2,2,870,right_to_left,CC Mariners,6,False,False,False,finish,2,low_block,8,19.52,-25.2,5,wide_right,3,attacking_third,False,46.06,-7.3,3,center,3,attacking_third,True,55.51,29.29,58.1,78.55,34.28,20.86,41.3,32.55
302,2007721,37482,37661,61:16.2,61:34.1,16,16,17.9,2,2,870,right_to_left,CC Mariners,6,False,False,False,finish,2,low_block,8,40.56,-32.5,5,wide_right,3,attacking_third,False,5.82,-12.7,4,half_space_right,2,middle_third,False,44.74,56.25,75.06,59.98,39.42,36.85,26.95,34.15
303,2007721,37661,37719,61:34.1,61:39.9,16,34,5.8,2,2,870,right_to_left,CC Mariners,1,False,False,False,create,1,medium_block,9,5.02,-11.55,4,half_space_right,2,middle_third,False,-0.85,-6.28,3,center,2,middle_third,False,56.49,62.96,59.88,54.34,36.88,40.11,34.61,42.86
304,2007721,37719,37744,61:39.9,61:42.4,16,39,2.5,2,2,870,right_to_left,CC Mariners,1,False,False,False,direct,6,defending_direct,15,-0.6,-6.59,3,center,2,middle_third,False,31.01,-25.28,5,wide_right,3,attacking_third,False,62.83,53.47,54.25,61.81,40.12,38.43,42.86,43.87
305,2007721,37744,37784,61:42.4,61:46.4,16,42,4.0,2,2,870,right_to_left,CC Mariners,1,False,False,False,finish,2,low_block,8,31.85,-25.43,5,wide_right,3,attacking_third,False,44.47,-10.13,4,half_space_right,3,attacking_third,True,53.0,32.91,62.31,71.87,38.26,21.84,43.99,41.01
306,2007721,37999,38021,62:07.9,62:10.1,17,7,2.2,2,2,870,right_to_left,CC Mariners,2,True,False,True,set_play,7,defending_set_play,13,52.36,-27.6,5,wide_right,3,attacking_third,False,52.97,8.26,3,center,3,attacking_third,False,36.88,36.09,70.85,67.5,21.47,22.42,12.54,14.21
307,2007721,38328,38407,62:40.8,62:48.7,17,40,7.9,2,1,4177,left_to_right,Auckland FC,1,True,False,False,direct,6,defending_direct,15,-45.67,-7.83,3,center,1,defensive_third,False,17.73,20.75,1,wide_left,3,attacking_third,False,29.09,33.8,60.05,71.49,26.79,36.37,48.23,51.0
308,2007721,38407,38437,62:48.7,62:51.7,17,48,3.0,2,2,870,right_to_left,CC Mariners,1,True,False,False,chaotic,5,chaotic,5,-17.66,-21.09,5,wide_right,1,defensive_third,False,-6.86,-20.08,4,half_space_right,2,middle_third,False,36.87,40.65,50.99,52.43,34.29,36.65,71.38,68.07
309,2007721,38437,38537,62:51.7,63:01.7,17,51,10.0,2,1,4177,left_to_right,Auckland FC,4,False,False,True,create,1,medium_block,9,6.33,19.69,2,half_space_left,2,middle_third,False,19.47,13.06,2,half_space_left,3,attacking_third,False,36.64,48.47,68.01,61.22,40.77,28.21,52.48,36.89
310,2007721,38537,38561,63:01.7,63:04.1,18,1,2.4,2,1,4177,left_to_right,Auckland FC,1,True,False,True,finish,2,low_block,8,20.97,13.02,2,half_space_left,3,attacking_third,False,42.32,12.62,2,half_space_left,3,attacking_third,True,48.48,42.5,61.58,74.66,28.13,24.36,36.86,36.97
311,2007721,38561,38571,63:04.1,63:05.1,18,4,1.0,2,2,870,right_to_left,CC Mariners,1,True,False,False,chaotic,5,chaotic,5,-43.33,-13.11,4,half_space_right,1,defensive_third,False,-50.87,-16.27,4,half_space_right,1,defensive_third,False,24.15,23.35,36.93,36.26,41.93,40.78,75.21,77.87
312,2007721,38896,38906,63:37.6,63:38.6,18,37,1.0,2,1,4177,left_to_right,Auckland FC,1,False,False,False,set_play,7,defending_set_play,13,50.0,31.66,1,wide_left,3,attacking_third,False,46.53,13.47,2,half_space_left,3,attacking_third,True,42.33,39.99,73.34,73.13,26.33,24.03,14.01,13.2
313,2007721,39342,39430,64:22.2,64:31.0,19,22,8.8,2,1,4177,left_to_right,Auckland FC,3,True,False,False,set_play,7,defending_set_play,13,52.02,-32.97,5,wide_right,3,attacking_third,False,45.47,2.4,3,center,3,attacking_third,True,38.33,45.08,67.3,52.43,12.97,37.64,10.31,36.64
314,2007721,39430,39559,64:31.0,64:43.9,19,31,12.9,2,2,870,right_to_left,CC Mariners,2,True,False,False,transition,4,defending_transition,11,-46.01,-2.11,3,center,1,defensive_third,False,27.58,17.75,2,half_space_left,3,attacking_third,False,37.66,34.03,36.95,58.27,44.69,33.11,52.32,54.22
315,2007721,39559,39569,64:43.9,64:44.9,19,43,1.0,2,1,4177,left_to_right,Auckland FC,1,True,False,False,chaotic,5,chaotic,5,-27.57,-18.27,4,half_space_right,1,defensive_third,False,-20.25,-27.02,5,wide_right,1,defensive_third,False,33.41,36.29,54.21,54.15,34.13,35.26,58.77,61.93
316,2007721,39623,39727,64:50.3,65:00.7,19,50,10.4,2,2,870,right_to_left,CC Mariners,5,False,False,False,finish,2,low_block,8,8.29,31.43,1,wide_left,2,middle_third,False,-18.35,14.0,2,half_space_left,1,defensive_third,False,43.2,37.26,59.96,39.28,39.19,45.97,47.21,60.12
317,2007721,39727,39788,65:00.7,65:06.8,20,0,6.1,2,2,870,right_to_left,CC Mariners,3,False,False,False,chaotic,5,chaotic,5,18.15,-13.78,4,half_space_right,3,attacking_third,False,40.31,-34.89,5,wide_right,3,attacking_third,False,46.08,50.5,60.18,68.87,37.25,35.67,39.11,37.81
318,2007721,39842,39959,65:12.2,65:23.9,20,12,11.7,2,2,870,right_to_left,CC Mariners,4,True,False,False,finish,2,low_block,8,28.5,-26.25,5,wide_right,3,attacking_third,False,11.33,-21.27,5,wide_right,2,middle_third,False,52.52,49.68,66.74,60.91,33.84,39.14,31.08,34.95
319,2007721,39959,40069,65:23.9,65:34.9,20,23,11.0,2,1,4177,left_to_right,Auckland FC,5,True,False,True,transition,4,defending_transition,11,-11.24,21.29,1,wide_left,2,middle_third,False,49.51,-2.9,3,center,3,attacking_third,True,39.11,28.57,34.77,81.11,49.59,35.11,60.86,53.08
320,2007721,40400,40439,66:08.0,66:11.9,21,8,3.9,2,2,870,right_to_left,CC Mariners,1,True,False,False,direct,6,defending_direct,15,-43.53,8.64,3,center,1,defensive_third,False,12.03,11.41,2,half_space_left,2,middle_third,False,35.0,30.51,54.45,57.6,29.54,27.62,67.4,59.09
321,2007721,40439,40476,66:11.9,66:15.6,21,11,3.7,2,1,4177,left_to_right,Auckland FC,2,True,False,False,chaotic,5,chaotic,5,-12.38,-11.39,4,half_space_right,2,middle_third,False,16.17,3.86,3,center,2,middle_third,False,27.61,24.04,58.76,56.96,30.45,31.22,57.59,56.97
322,2007721,40476,40663,66:15.6,66:34.3,21,15,18.7,2,2,870,right_to_left,CC Mariners,4,True,False,False,create,1,medium_block,9,-16.85,-4.02,3,center,2,middle_third,False,-0.15,-8.06,3,center,2,middle_third,False,31.31,63.43,56.97,50.12,24.28,37.65,57.34,51.61
323,2007721,40663,40707,66:34.3,66:38.7,21,34,4.4,2,1,4177,left_to_right,Auckland FC,3,True,False,False,chaotic,5,chaotic,5,-0.09,8.11,3,center,2,middle_third,False,16.62,24.02,1,wide_left,2,middle_third,False,37.7,39.79,51.54,57.09,63.49,49.94,50.05,46.04
324,2007721,40791,40803,66:47.1,66:48.3,21,47,1.2,2,2,870,right_to_left,CC Mariners,2,False,False,False,create,1,medium_block,9,-23.77,-31.7,5,wide_right,1,defensive_third,False,-19.78,-27.39,5,wide_right,1,defensive_third,False,56.82,56.04,49.67,49.99,33.67,34.94,57.43,59.69
325,2007721,40803,40900,66:48.3,66:58.0,21,48,9.7,2,2,870,right_to_left,CC Mariners,4,False,False,False,build_up,0,high_block,10,-20.02,-27.37,5,wide_right,1,defensive_third,False,-20.13,-27.99,5,wide_right,1,defensive_third,False,55.93,49.24,50.05,48.15,34.98,39.17,59.83,77.32
326,2007721,40900,40910,66:58.0,66:59.0,21,58,1.0,2,2,870,right_to_left,CC Mariners,0,True,False,False,create,1,medium_block,9,-19.76,-28.03,5,wide_right,1,defensive_third,False,-13.61,-29.01,5,wide_right,2,middle_third,False,49.37,50.08,48.05,47.16,39.42,41.29,77.12,74.97
327,2007721,40910,40929,66:59.0,67:00.9,21,59,1.9,2,1,4177,left_to_right,Auckland FC,1,True,False,False,chaotic,5,chaotic,5,13.95,29.19,1,wide_left,2,middle_third,False,37.51,21.13,1,wide_left,3,attacking_third,False,41.4,40.8,74.71,71.11,50.18,48.6,47.08,45.21
328,2007721,40929,41216,67:00.9,67:29.6,22,0,28.7,2,2,870,right_to_left,CC Mariners,7,True,False,False,create,1,medium_block,9,-38.6,-20.56,5,wide_right,1,defensive_third,False,15.9,-26.16,5,wide_right,2,middle_third,False,48.49,59.51,45.1,54.13,40.63,36.46,70.96,42.9
329,2007721,41216,41327,67:29.6,67:40.7,22,29,11.1,2,1,4177,left_to_right,Auckland FC,3,True,False,False,transition,4,defending_transition,11,-17.1,26.4,1,wide_left,2,middle_third,False,31.57,6.4,3,center,3,attacking_third,False,36.33,37.75,42.97,68.37,59.38,30.8,54.37,62.35
330,2007721,41327,41416,67:40.7,67:49.6,22,40,8.9,2,2,870,right_to_left,CC Mariners,2,False,False,False,build_up,0,high_block,10,-32.22,-7.02,3,center,1,defensive_third,False,-21.65,-29.08,5,wide_right,1,defensive_third,False,30.9,46.77,62.39,53.19,37.63,34.81,68.85,71.62
331,2007721,41491,41525,67:57.1,68:00.5,22,57,3.4,2,2,870,right_to_left,CC Mariners,2,True,False,False,chaotic,5,chaotic,5,-10.68,-33.07,5,wide_right,2,middle_third,False,7.47,-30.41,5,wide_right,2,middle_third,False,46.08,46.68,51.23,53.45,32.34,32.25,64.32,62.09
332,2007721,41525,41655,68:00.5,68:13.5,23,0,13.0,2,1,4177,left_to_right,Auckland FC,6,True,False,False,create,1,medium_block,9,-7.81,30.4,1,wide_left,2,middle_third,False,4.96,2.31,3,center,2,middle_third,False,32.27,43.85,62.0,49.51,46.66,33.69,53.51,41.58
333,2007721,41655,41781,68:13.5,68:26.1,23,13,12.6,2,2,870,right_to_left,CC Mariners,2,True,False,False,transition,4,defending_transition,11,-4.74,-1.47,3,center,2,middle_third,False,45.97,24.09,1,wide_left,3,attacking_third,False,33.75,39.2,41.72,75.9,43.66,38.41,49.46,39.14
334,2007721,41781,41828,68:26.1,68:30.8,23,26,4.7,2,1,4177,left_to_right,Auckland FC,1,False,False,False,chaotic,5,chaotic,5,-46.07,-24.29,5,wide_right,1,defensive_third,False,-17.05,-30.81,5,wide_right,2,middle_third,False,38.41,44.81,39.07,36.73,39.27,44.38,75.81,69.0
335,2007721,42091,42124,68:57.1,69:00.4,23,57,3.3,2,1,4177,left_to_right,Auckland FC,2,True,False,False,chaotic,5,chaotic,5,-20.75,-34.78,5,wide_right,1,defensive_third,False,-2.41,-6.46,3,center,2,middle_third,False,46.55,38.48,50.84,49.62,27.72,25.29,62.05,59.7
336,2007721,42124,42269,69:00.4,69:14.9,24,0,14.5,2,2,870,right_to_left,CC Mariners,4,False,False,True,create,1,medium_block,9,2.39,6.07,3,center,2,middle_third,False,4.88,-17.58,4,half_space_right,2,middle_third,False,25.19,62.41,59.64,58.21,38.0,36.65,49.5,39.1
337,2007721,42269,42432,69:14.9,69:31.2,24,14,16.3,2,2,870,right_to_left,CC Mariners,7,False,False,True,finish,2,low_block,8,5.29,-18.2,4,half_space_right,2,middle_third,False,12.63,30.49,1,wide_left,2,middle_third,False,62.47,58.56,58.27,59.33,36.71,42.51,39.08,41.69
338,2007721,42432,42444,69:31.2,69:32.4,24,31,1.2,2,2,870,right_to_left,CC Mariners,1,False,False,True,create,1,medium_block,9,12.97,29.68,1,wide_left,2,middle_third,False,17.29,24.55,1,wide_left,2,middle_third,False,58.57,58.17,59.22,58.91,42.51,41.53,41.9,42.99
339,2007721,42444,42501,69:32.4,69:38.1,24,32,5.7,2,2,870,right_to_left,CC Mariners,1,True,False,False,finish,2,low_block,8,17.92,24.04,1,wide_left,3,attacking_third,False,48.09,4.1,3,center,3,attacking_third,True,58.01,32.23,58.94,72.79,41.36,28.31,42.99,40.63
340,2007721,42501,42656,69:38.1,69:53.6,24,38,15.5,2,1,4177,left_to_right,Auckland FC,2,False,False,False,build_up,0,high_block,10,-49.0,-4.31,3,center,1,defensive_third,False,-20.3,23.85,1,wide_left,1,defensive_third,False,28.4,44.33,40.63,50.44,31.95,39.72,73.22,64.16
341,2007721,42656,42706,69:53.6,69:58.6,24,53,5.0,2,1,4177,left_to_right,Auckland FC,1,False,False,False,create,1,medium_block,9,-19.09,24.33,1,wide_left,1,defensive_third,False,32.9,28.74,1,wide_left,3,attacking_third,False,44.37,39.97,50.52,68.2,39.68,40.23,63.91,57.76
342,2007721,42706,42766,69:58.6,70:04.6,24,58,6.0,2,1,4177,left_to_right,Auckland FC,1,False,False,False,finish,2,low_block,8,33.74,28.7,1,wide_left,3,attacking_third,False,45.48,33.24,1,wide_left,3,attacking_third,False,39.76,39.82,68.95,80.51,40.15,41.65,57.81,48.83
343,2007721,43054,43078,70:33.4,70:35.8,25,33,2.4,2,1,4177,left_to_right,Auckland FC,1,True,False,False,set_play,7,defending_set_play,13,40.95,31.17,1,wide_left,3,attacking_third,False,50.0,5.35,3,center,3,attacking_third,True,35.07,31.11,73.4,75.03,24.11,20.35,14.84,14.61
344,2007721,43078,43282,70:35.8,70:56.2,25,35,20.4,2,2,870,right_to_left,CC Mariners,6,False,True,True,transition,4,defending_transition,11,-50.15,-5.07,3,center,1,defensive_third,False,52.17,2.9,3,center,3,attacking_third,False,20.26,41.17,14.66,75.64,31.0,29.49,75.07,40.23
345,2007721,44254,44331,72:33.4,72:41.1,27,33,7.7,2,1,4177,left_to_right,Auckland FC,3,False,False,False,create,1,medium_block,9,-0.36,-0.29,3,center,2,middle_third,False,-8.52,-16.36,4,half_space_right,2,middle_third,False,46.43,60.48,41.7,51.79,38.15,38.58,40.54,45.7
346,2007721,44331,44364,72:41.1,72:44.4,27,41,3.3,2,1,4177,left_to_right,Auckland FC,1,True,False,False,direct,6,defending_direct,15,-8.22,-16.32,4,half_space_right,2,middle_third,False,33.48,12.77,2,half_space_left,3,attacking_third,False,60.57,47.48,52.15,71.62,38.46,36.61,45.76,50.16
347,2007721,44364,44424,72:44.4,72:50.4,27,44,6.0,2,2,870,right_to_left,CC Mariners,1,True,False,False,chaotic,5,chaotic,5,-34.06,-13.3,4,half_space_right,1,defensive_third,False,-22.22,-28.62,5,wide_right,1,defensive_third,False,36.74,41.06,50.31,50.56,46.96,40.87,72.22,71.34
348,2007721,44424,44480,72:50.4,72:56.0,27,50,5.6,2,1,4177,left_to_right,Auckland FC,3,False,False,False,finish,2,low_block,8,22.4,28.45,1,wide_left,3,attacking_third,False,5.17,14.2,2,half_space_left,2,middle_third,False,40.93,35.51,71.03,66.78,40.85,37.85,50.39,49.32
349,2007721,44480,44558,72:56.0,73:03.8,27,56,7.8,2,1,4177,left_to_right,Auckland FC,2,False,False,False,create,1,medium_block,9,3.84,13.81,2,half_space_left,2,middle_third,False,22.79,15.29,2,half_space_left,3,attacking_third,False,35.52,54.64,66.62,58.74,37.85,33.91,49.45,39.51
350,2007721,44820,44860,73:30.0,73:34.0,28,30,4.0,2,1,4177,left_to_right,Auckland FC,2,False,False,False,set_play,7,defending_set_play,13,44.18,27.37,1,wide_left,3,attacking_third,False,37.71,21.07,1,wide_left,3,attacking_third,False,34.27,30.74,70.33,73.41,19.95,17.42,17.05,17.9
351,2007721,45076,45270,73:55.6,74:15.0,28,55,19.4,2,1,4177,left_to_right,Auckland FC,4,False,False,False,set_play,7,defending_set_play,13,29.51,26.27,1,wide_left,3,attacking_third,False,30.64,-0.53,3,center,3,attacking_third,False,33.03,21.81,68.4,62.96,26.21,16.43,28.4,23.59
352,2007721,46009,46018,75:28.9,75:29.8,30,28,0.9,2,1,4177,left_to_right,Auckland FC,1,True,False,False,set_play,7,defending_set_play,13,29.02,0.75,3,center,3,attacking_third,False,45.27,-0.3,3,center,3,attacking_third,True,19.56,16.4,65.49,68.92,11.51,11.95,14.51,13.51
353,2007721,46018,46164,75:29.8,75:44.4,30,29,14.6,2,2,870,right_to_left,CC Mariners,4,False,False,False,build_up,0,high_block,10,-46.8,-0.08,3,center,1,defensive_third,False,-22.08,23.75,1,wide_left,1,defensive_third,False,11.98,53.8,13.34,52.31,16.07,36.43,69.47,63.26
354,2007721,46164,46170,75:44.4,75:45.0,30,44,0.6,2,2,870,right_to_left,CC Mariners,0,True,False,False,create,1,medium_block,9,-19.9,23.88,1,wide_left,1,defensive_third,False,-11.13,24.7,1,wide_left,2,middle_third,False,53.65,52.73,52.31,52.27,36.33,36.06,62.93,61.11
355,2007721,46343,46346,76:02.3,76:02.6,31,2,0.3,2,1,4177,left_to_right,Auckland FC,1,False,False,False,create,1,medium_block,9,-16.53,-32.78,5,wide_right,2,middle_third,False,-18.97,-32.36,5,wide_right,1,defensive_third,False,48.2,47.75,55.21,54.94,43.06,43.41,53.75,54.34
356,2007721,46346,46505,76:02.6,76:18.5,31,2,15.9,2,1,4177,left_to_right,Auckland FC,5,False,False,False,build_up,0,high_block,10,-20.43,-32.06,5,wide_right,1,defensive_third,False,-20.13,24.96,1,wide_left,1,defensive_third,False,47.61,58.44,54.82,51.3,43.51,42.57,54.68,51.36
357,2007721,46505,46735,76:18.5,76:41.5,31,18,23.0,2,1,4177,left_to_right,Auckland FC,8,False,False,False,create,1,medium_block,9,-19.83,25.06,1,wide_left,1,defensive_third,False,13.47,17.89,2,half_space_left,2,middle_third,False,58.42,49.42,51.39,56.49,42.49,41.37,51.44,55.88
358,2007721,47146,47200,77:22.6,77:28.0,32,22,5.4,2,1,4177,left_to_right,Auckland FC,3,False,True,True,set_play,7,defending_set_play,13,11.1,15.1,2,half_space_left,2,middle_third,False,52.22,-8.1,3,center,3,attacking_third,False,27.71,19.97,61.19,84.61,24.53,20.79,30.55,39.73
359,2007721,47969,48072,78:44.9,78:55.2,33,44,10.3,2,2,870,right_to_left,CC Mariners,2,False,False,False,create,1,medium_block,9,-0.51,-0.51,3,center,2,middle_third,False,-12.02,-2.34,3,center,2,middle_third,False,45.19,33.57,36.79,40.48,36.36,30.68,42.65,36.47
360,2007721,48072,48107,78:55.2,78:58.7,33,55,3.5,2,2,870,right_to_left,CC Mariners,1,False,False,False,direct,6,defending_direct,15,-11.44,-2.07,3,center,2,middle_third,False,31.22,15.1,2,half_space_left,3,attacking_third,False,33.36,27.96,40.6,52.44,30.59,25.32,36.34,32.57
361,2007721,48107,48304,78:58.7,79:18.4,33,58,19.7,2,2,870,right_to_left,CC Mariners,5,False,False,False,create,1,medium_block,9,31.73,15.13,2,half_space_left,3,attacking_third,False,19.26,-20.87,5,wide_right,3,attacking_third,False,27.85,53.09,52.92,59.92,25.35,42.14,32.56,50.21
362,2007721,48304,48351,79:18.4,79:23.1,34,18,4.7,2,2,870,right_to_left,CC Mariners,1,False,False,False,finish,2,low_block,8,18.58,-20.43,5,wide_right,3,attacking_third,False,5.44,10.66,2,half_space_left,2,middle_third,False,52.9,53.28,60.04,58.88,41.96,37.81,49.95,40.44
363,2007721,48351,48354,79:23.1,79:23.4,34,23,0.3,2,2,870,right_to_left,CC Mariners,1,False,False,False,create,1,medium_block,9,5.14,11.45,2,half_space_left,2,middle_third,False,4.95,12.64,2,half_space_left,2,middle_third,False,53.52,54.05,58.88,58.86,38.04,38.48,40.32,40.04
364,2007721,48354,48443,79:23.4,79:32.3,34,23,8.9,2,2,870,right_to_left,CC Mariners,4,True,False,False,finish,2,low_block,8,5.08,13.01,2,half_space_left,2,middle_third,False,31.75,-9.16,3,center,3,attacking_third,False,54.33,48.46,58.87,65.45,38.7,29.44,39.89,34.42
365,2007721,48818,48828,80:09.8,80:10.8,35,9,1.0,2,1,4177,left_to_right,Auckland FC,1,True,False,False,direct,6,defending_direct,15,-31.24,10.86,2,half_space_left,1,defensive_third,False,-14.53,14.39,2,half_space_left,2,middle_third,False,26.16,26.07,62.05,64.62,22.83,22.9,41.08,41.43
366,2007721,49035,49123,80:31.5,80:40.3,35,31,8.8,2,2,870,right_to_left,CC Mariners,4,False,False,False,build_up,0,high_block,10,-36.33,-6.36,3,center,1,defensive_third,False,-20.02,-15.94,4,half_space_right,1,defensive_third,False,55.18,45.54,50.17,50.78,46.91,37.68,67.24,62.76
367,2007721,49123,49144,80:40.3,80:42.4,35,40,2.1,2,2,870,right_to_left,CC Mariners,1,True,False,False,create,1,medium_block,9,-18.85,-15.01,4,half_space_right,1,defensive_third,False,-8.45,-7.74,3,center,2,middle_third,False,45.44,43.44,50.71,49.41,37.28,31.65,62.73,62.18
368,2007721,49144,49240,80:42.4,80:52.0,35,42,9.6,2,1,4177,left_to_right,Auckland FC,2,True,False,False,quick_break,3,defending_quick_break,12,8.45,7.68,3,center,2,middle_third,False,37.77,2.57,3,center,3,attacking_third,True,31.5,28.81,62.09,74.49,43.49,28.65,49.31,45.38
369,2007721,49240,49249,80:52.0,80:52.9,35,52,0.9,2,2,870,right_to_left,CC Mariners,1,True,False,False,chaotic,5,chaotic,5,-37.49,-3.81,3,center,1,defensive_third,False,-33.44,-10.52,4,half_space_right,1,defensive_third,False,28.64,29.04,45.33,44.96,28.99,30.68,74.42,75.0
370,2007721,49249,49286,80:52.9,80:56.6,35,52,3.7,2,1,4177,left_to_right,Auckland FC,1,True,False,False,chaotic,5,chaotic,5,33.07,10.97,2,half_space_left,3,attacking_third,False,44.99,3.65,3,center,3,attacking_third,True,30.89,29.72,74.96,78.27,29.16,28.75,44.91,40.84
371,2007721,49286,49384,80:56.6,81:06.4,35,56,9.8,2,2,870,right_to_left,CC Mariners,3,True,False,False,transition,4,defending_transition,11,-45.11,-3.37,3,center,1,defensive_third,False,11.84,24.6,1,wide_left,2,middle_third,False,28.75,45.5,40.47,51.24,29.64,49.08,78.29,68.44
372,2007721,49384,49849,81:06.4,81:52.9,36,6,46.5,2,1,4177,left_to_right,Auckland FC,14,True,False,False,create,1,medium_block,9,-12.46,-24.18,5,wide_right,2,middle_third,False,46.55,23.28,1,wide_left,3,attacking_third,False,48.96,48.71,68.31,62.5,45.39,48.78,51.42,48.27
373,2007721,49849,50067,81:52.9,82:14.7,36,52,21.8,2,2,870,right_to_left,CC Mariners,4,True,False,False,create,1,medium_block,9,-47.03,-23.28,5,wide_right,1,defensive_third,False,-11.02,-21.4,5,wide_right,2,middle_third,False,48.86,57.06,48.61,51.28,48.61,49.28,62.7,61.23
374,2007721,50067,50099,82:14.7,82:17.9,37,14,3.2,2,1,4177,left_to_right,Auckland FC,2,False,False,False,chaotic,5,chaotic,5,10.62,20.66,1,wide_left,2,middle_third,False,23.71,24.62,1,wide_left,3,attacking_third,False,49.14,44.33,61.07,60.81,56.95,43.56,51.3,49.92
375,2007721,50648,50788,83:12.8,83:26.8,38,12,14.0,2,1,4177,left_to_right,Auckland FC,5,False,False,False,create,1,medium_block,9,,,2,half_space_left,2,middle_third,False,22.83,-28.96,5,wide_right,3,attacking_third,False,,49.23,,61.51,,32.36,,54.58
376,2007721,50788,50904,83:26.8,83:38.4,38,26,11.6,2,1,4177,left_to_right,Auckland FC,4,True,False,False,finish,2,low_block,8,23.47,-28.92,5,wide_right,3,attacking_third,False,41.72,21.64,1,wide_left,3,attacking_third,False,48.97,34.03,61.91,73.31,32.19,31.04,54.62,45.82
377,2007721,51111,51196,83:59.1,84:07.6,38,59,8.5,2,2,870,right_to_left,CC Mariners,2,False,False,False,create,1,medium_block,9,-21.55,18.78,2,half_space_left,1,defensive_third,False,24.09,-31.68,5,wide_right,3,attacking_third,False,54.3,55.11,49.42,58.66,39.19,35.42,54.22,44.21
378,2007721,51196,51304,84:07.6,84:18.4,39,7,10.8,2,2,870,right_to_left,CC Mariners,3,False,False,False,finish,2,low_block,8,24.64,-31.88,5,wide_right,3,attacking_third,False,28.47,17.26,2,half_space_left,3,attacking_third,False,54.83,46.31,58.98,59.29,35.56,36.15,44.13,31.63
379,2007721,51400,51465,84:28.0,84:34.5,39,28,6.5,2,2,870,right_to_left,CC Mariners,3,True,False,False,finish,2,low_block,8,32.23,31.99,1,wide_left,3,attacking_third,False,28.46,-21.48,5,wide_right,3,attacking_third,False,45.98,50.77,64.34,59.6,31.5,37.82,25.05,30.73
380,2007721,51465,51494,84:34.5,84:37.4,39,34,2.9,2,1,4177,left_to_right,Auckland FC,1,False,False,False,build_up,0,high_block,10,-28.89,22.1,1,wide_left,1,defensive_third,False,-20.43,26.17,1,wide_left,1,defensive_third,False,38.12,38.2,30.84,36.87,50.62,46.27,59.67,60.53
381,2007721,51494,51579,84:37.4,84:45.9,39,37,8.5,2,1,4177,left_to_right,Auckland FC,3,True,False,False,create,1,medium_block,9,-19.93,26.18,1,wide_left,1,defensive_third,False,20.92,30.32,1,wide_left,3,attacking_third,False,38.13,46.51,37.27,52.4,46.15,41.83,60.46,46.31
382,2007721,51663,51821,84:54.3,85:10.1,39,54,15.8,2,2,870,right_to_left,CC Mariners,6,False,False,False,create,1,medium_block,9,-14.86,-19.19,4,half_space_right,2,middle_third,False,18.54,-31.71,5,wide_right,3,attacking_third,False,54.65,60.69,49.08,46.82,38.38,34.92,52.06,41.45
383,2007721,51821,51838,85:10.1,85:11.8,40,10,1.7,2,2,870,right_to_left,CC Mariners,1,False,False,False,finish,2,low_block,8,18.99,-31.77,5,wide_right,3,attacking_third,False,23.03,-29.22,5,wide_right,3,attacking_third,False,60.42,54.06,47.16,54.77,34.78,35.55,41.38,39.71
384,2007721,51895,52079,85:17.5,85:35.9,40,17,18.4,2,2,870,right_to_left,CC Mariners,7,False,False,False,finish,2,low_block,8,23.97,-32.08,5,wide_right,3,attacking_third,False,5.28,32.35,1,wide_left,2,middle_third,False,56.58,52.31,61.74,61.53,34.82,41.22,35.99,38.34
385,2007721,52079,52214,85:35.9,85:49.4,40,35,13.5,2,2,870,right_to_left,CC Mariners,5,True,False,False,create,1,medium_block,9,4.85,32.43,1,wide_left,2,middle_third,False,16.96,-22.46,5,wide_right,2,middle_third,False,52.31,53.29,61.51,55.14,41.19,33.55,38.68,51.79
386,2007721,52214,52252,85:49.4,85:53.2,40,49,3.8,2,1,4177,left_to_right,Auckland FC,1,False,False,False,chaotic,5,chaotic,5,-18.22,22.89,1,wide_left,1,defensive_third,False,-34.67,33.14,1,wide_left,1,defensive_third,False,33.68,42.52,51.89,54.34,53.3,56.67,55.4,69.93
387,2007721,52648,52679,86:32.8,86:35.9,41,32,3.1,2,1,4177,left_to_right,Auckland FC,1,True,False,False,direct,6,defending_direct,15,-30.76,26.99,1,wide_left,1,defensive_third,False,22.77,18.96,2,half_space_left,3,attacking_third,False,27.63,22.64,57.0,63.47,26.95,25.81,39.06,41.23
388,2007721,52679,52740,86:35.9,86:42.0,41,35,6.1,2,2,870,right_to_left,CC Mariners,3,True,False,False,chaotic,5,chaotic,5,-23.2,-19.13,4,half_space_right,1,defensive_third,False,8.26,-35.34,5,wide_right,2,middle_third,False,25.79,37.49,41.26,49.53,22.49,34.77,63.77,63.93
389,2007721,52985,53000,87:06.5,87:08.0,42,6,1.5,2,1,4177,left_to_right,Auckland FC,2,True,False,False,chaotic,5,chaotic,5,14.52,33.79,1,wide_left,2,middle_third,False,24.09,31.44,1,wide_left,3,attacking_third,False,35.77,34.59,66.22,66.57,27.34,28.14,39.55,39.15
390,2007721,53000,53030,87:08.0,87:11.0,42,8,3.0,2,2,870,right_to_left,CC Mariners,2,False,False,False,chaotic,5,chaotic,5,-23.95,-31.53,5,wide_right,1,defensive_third,False,-25.12,-32.5,5,wide_right,1,defensive_third,False,28.19,29.77,39.14,39.52,34.5,33.97,66.61,64.78
391,2007721,53030,53056,87:11.0,87:13.6,42,11,2.6,2,2,870,right_to_left,CC Mariners,1,True,False,False,direct,6,defending_direct,15,-24.34,-32.43,5,wide_right,1,defensive_third,False,8.5,-21.42,5,wide_right,2,middle_third,False,29.87,32.68,39.59,46.89,33.98,35.8,64.64,61.06
392,2007721,53056,53079,87:13.6,87:15.9,42,13,2.3,2,1,4177,left_to_right,Auckland FC,1,False,False,False,create,1,medium_block,9,-9.05,20.96,1,wide_left,2,middle_third,False,-19.29,12.24,2,half_space_left,1,defensive_third,False,36.12,47.68,60.95,57.78,32.72,34.36,47.29,56.82
393,2007721,53079,53202,87:15.9,87:28.2,42,15,12.3,2,1,4177,left_to_right,Auckland FC,3,False,False,False,build_up,0,high_block,10,-20.21,11.32,2,half_space_left,1,defensive_third,False,-39.75,-8.26,3,center,1,defensive_third,False,48.24,58.05,57.58,43.88,34.49,47.92,57.24,68.98
394,2007721,53202,53235,87:28.2,87:31.5,42,28,3.3,2,1,4177,left_to_right,Auckland FC,1,True,False,False,direct,6,defending_direct,15,-39.28,-8.59,3,center,1,defensive_third,False,16.16,-11.56,4,half_space_right,2,middle_third,False,57.99,51.51,43.85,53.05,47.84,45.34,69.18,68.1
395,2007721,53235,53239,87:31.5,87:31.9,42,31,0.4,2,2,870,right_to_left,CC Mariners,1,False,False,False,create,1,medium_block,9,-17.05,11.32,2,half_space_left,2,middle_third,False,-19.55,10.55,2,half_space_left,1,defensive_third,False,45.36,45.46,68.05,67.77,51.23,50.32,53.46,55.16
396,2007721,53239,53435,87:31.9,87:51.5,42,31,19.6,2,2,870,right_to_left,CC Mariners,6,False,False,False,build_up,0,high_block,10,-20.44,10.44,2,half_space_left,1,defensive_third,False,-20.08,-4.38,3,center,1,defensive_third,False,45.51,57.31,67.64,46.23,50.04,40.19,55.72,53.04
397,2007721,53435,53534,87:51.5,88:01.4,42,51,9.9,2,2,870,right_to_left,CC Mariners,4,False,False,False,create,1,medium_block,9,-19.82,-4.42,3,center,1,defensive_third,False,16.44,36.85,1,wide_left,2,middle_third,False,57.07,48.08,46.12,51.92,40.15,43.68,52.85,50.36
398,2007721,53566,53597,88:04.6,88:07.7,43,4,3.1,2,2,870,right_to_left,CC Mariners,2,False,False,False,finish,2,low_block,8,11.38,32.64,1,wide_left,2,middle_third,False,5.54,19.18,2,half_space_left,2,middle_third,False,46.98,49.26,56.04,56.84,39.05,36.72,44.69,36.44
399,2007721,53597,53626,88:07.7,88:10.6,43,7,2.9,2,2,870,right_to_left,CC Mariners,1,False,False,False,create,1,medium_block,9,5.02,17.41,2,half_space_left,2,middle_third,False,4.9,-0.53,3,center,2,middle_third,False,49.48,55.65,56.84,54.99,36.67,38.94,36.37,35.94
400,2007721,53626,53763,88:10.6,88:24.3,43,10,13.7,2,2,870,right_to_left,CC Mariners,4,True,False,False,finish,2,low_block,8,5.12,-0.75,3,center,2,middle_third,False,39.62,24.7,1,wide_left,3,attacking_third,False,55.78,43.5,54.87,61.93,38.98,36.21,35.9,30.68
401,2007721,53763,53787,88:24.3,88:26.7,43,24,2.4,2,1,4177,left_to_right,Auckland FC,1,False,False,False,chaotic,5,chaotic,5,-40.12,-24.19,5,wide_right,1,defensive_third,False,-46.27,-16.47,4,half_space_right,1,defensive_third,False,35.91,29.97,30.7,31.96,43.42,39.78,61.93,64.28
402,2007721,53787,53840,88:26.7,88:32.0,43,26,5.3,2,1,4177,left_to_right,Auckland FC,1,True,False,False,direct,6,defending_direct,15,-45.35,-15.16,4,half_space_right,1,defensive_third,False,17.94,4.27,3,center,3,attacking_third,False,29.8,34.69,32.08,56.56,39.59,49.04,64.41,53.96
403,2007721,53840,53910,88:32.0,88:39.0,43,32,7.0,2,2,870,right_to_left,CC Mariners,3,True,False,False,create,1,medium_block,9,-17.94,-4.53,3,center,1,defensive_third,False,14.09,14.44,2,half_space_left,2,middle_third,False,49.46,58.41,53.57,50.01,34.95,37.29,56.92,47.09
404,2007721,53910,53974,88:39.0,88:45.4,43,39,6.4,2,1,4177,left_to_right,Auckland FC,1,True,False,False,chaotic,5,chaotic,5,-14.53,-14.74,4,half_space_right,2,middle_third,False,27.89,-28.13,5,wide_right,3,attacking_third,False,37.14,41.71,47.05,42.98,58.25,57.88,50.09,47.61
405,2007721,53974,54194,88:45.4,89:07.4,43,45,22.0,2,2,870,right_to_left,CC Mariners,8,False,True,True,create,1,medium_block,9,-28.08,28.16,1,wide_left,1,defensive_third,False,18.51,-11.75,4,half_space_right,3,attacking_third,False,57.93,35.71,47.26,57.97,41.79,35.72,42.95,50.51
406,2007721,54194,54277,89:07.4,89:15.7,44,7,8.3,2,2,870,right_to_left,CC Mariners,5,False,True,True,finish,2,low_block,8,20.04,-10.86,4,half_space_right,3,attacking_third,False,51.76,-3.09,3,center,3,attacking_third,True,35.82,26.58,58.35,77.27,35.45,22.25,50.51,45.88
407,2007721,55047,55071,90:32.7,90:35.1,45,32,2.4,2,1,4177,left_to_right,Auckland FC,2,False,False,False,create,1,medium_block,9,-0.35,0.32,3,center,2,middle_third,False,-7.91,5.21,3,center,2,middle_third,False,57.39,59.55,41.76,50.34,47.25,45.71,39.47,45.46
408,2007721,55071,55101,90:35.1,90:38.1,45,35,3.0,2,1,4177,left_to_right,Auckland FC,1,True,False,False,direct,6,defending_direct,15,-7.25,4.97,3,center,2,middle_third,False,26.25,-19.11,4,half_space_right,3,attacking_third,False,59.52,47.0,51.07,66.56,45.52,36.34,45.63,49.62
409,2007721,55101,55171,90:38.1,90:45.1,45,38,7.0,2,2,870,right_to_left,CC Mariners,1,True,False,False,chaotic,5,chaotic,5,-26.71,19.87,2,half_space_left,1,defensive_third,False,-14.34,24.97,1,wide_left,2,middle_third,False,35.95,33.15,49.67,46.95,46.32,36.93,66.66,60.13
410,2007721,55171,55198,90:45.1,90:47.8,45,45,2.7,2,1,4177,left_to_right,Auckland FC,1,False,False,False,chaotic,5,chaotic,5,14.45,-24.92,5,wide_right,2,middle_third,False,18.29,-26.12,5,wide_right,3,attacking_third,False,36.69,36.26,60.05,62.72,33.27,30.95,47.0,46.02
411,2007721,55572,55591,91:25.2,91:27.1,46,25,1.9,2,1,4177,left_to_right,Auckland FC,1,True,False,False,set_play,7,defending_set_play,13,19.78,-22.74,5,wide_right,3,attacking_third,False,44.04,-1.06,3,center,3,attacking_third,True,32.81,32.38,66.72,74.21,24.08,16.79,22.27,23.37
412,2007721,55591,55663,91:27.1,91:34.3,46,27,7.2,2,2,870,right_to_left,CC Mariners,2,True,False,False,chaotic,5,chaotic,5,-44.61,1.44,3,center,1,defensive_third,False,-11.27,28.08,1,wide_left,2,middle_third,False,16.72,32.14,23.47,39.62,32.32,30.62,74.55,67.19
413,2007721,55663,55668,91:34.3,91:34.8,46,34,0.5,2,1,4177,left_to_right,Auckland FC,1,True,False,False,chaotic,5,chaotic,5,11.16,-28.14,5,wide_right,2,middle_third,False,16.1,-26.66,5,wide_right,2,middle_third,False,30.61,30.81,67.01,66.5,32.29,32.66,39.2,37.18
414,2007721,55668,55728,91:34.8,91:40.8,46,34,6.0,2,2,870,right_to_left,CC Mariners,1,True,False,False,chaotic,5,chaotic,5,-17.06,26.03,1,wide_left,2,middle_third,False,-5.45,-13.99,4,half_space_right,2,middle_third,False,32.7,40.54,36.65,50.17,30.87,28.89,66.37,54.32
415,2007721,55728,55771,91:40.8,91:45.1,46,40,4.3,2,1,4177,left_to_right,Auckland FC,1,False,False,False,create,1,medium_block,9,5.16,14.4,2,half_space_left,2,middle_third,False,19.72,21.03,1,wide_left,3,attacking_third,False,29.35,33.71,54.04,57.87,40.6,39.33,50.41,54.4
416,2007721,55771,55841,91:45.1,91:52.1,46,45,7.0,2,1,4177,left_to_right,Auckland FC,2,False,False,False,finish,2,low_block,8,20.53,20.86,1,wide_left,3,attacking_third,False,-17.9,-13.99,4,half_space_right,1,defensive_third,False,33.55,25.75,58.25,39.3,39.12,25.85,54.42,66.28
417,2007721,55841,55858,91:52.1,91:53.8,46,52,1.7,2,1,4177,left_to_right,Auckland FC,1,False,False,False,chaotic,5,chaotic,5,17.84,13.94,2,half_space_left,3,attacking_third,False,25.56,17.91,2,half_space_left,3,attacking_third,False,25.62,22.34,65.95,61.06,25.67,26.81,39.05,36.36
418,2007721,56257,56283,92:33.7,92:36.3,47,33,2.6,2,1,4177,left_to_right,Auckland FC,1,True,False,False,set_play,7,defending_set_play,13,19.19,18.0,2,half_space_left,3,attacking_third,False,48.7,-5.99,3,center,3,attacking_third,True,28.27,25.82,64.19,70.9,23.44,21.86,21.64,24.5
419,2007721,56283,56441,92:36.3,92:52.1,47,36,15.8,2,2,870,right_to_left,CC Mariners,1,False,False,False,build_up,0,high_block,10,-48.95,6.1,3,center,1,defensive_third,False,,,2,half_space_left,2,middle_third,False,21.92,,24.56,,25.75,,71.11,
420,2007721,56441,56528,92:52.1,93:00.8,47,52,8.7,2,2,870,right_to_left,CC Mariners,3,True,False,False,create,1,medium_block,9,-17.25,-15.48,4,half_space_right,2,middle_third,False,2.08,15.92,2,half_space_left,2,middle_third,False,56.03,60.32,45.8,49.41,35.96,41.03,56.81,47.5
421,2007721,56644,56654,93:12.4,93:13.4,48,12,1.0,2,1,4177,left_to_right,Auckland FC,1,False,False,False,create,1,medium_block,9,-9.97,-34.52,5,wide_right,2,middle_third,False,-19.65,-32.73,5,wide_right,1,defensive_third,False,46.43,46.67,51.3,51.31,35.13,34.48,48.96,49.27
422,2007721,56654,56750,93:13.4,93:23.0,48,13,9.6,2,1,4177,left_to_right,Auckland FC,3,False,False,False,build_up,0,high_block,10,-20.43,-32.55,5,wide_right,1,defensive_third,False,-27.48,9.1,3,center,1,defensive_third,False,46.79,56.83,51.25,48.12,34.44,45.97,49.37,64.98
423,2007721,56750,56775,93:23.0,93:25.5,48,23,2.5,2,1,4177,left_to_right,Auckland FC,1,True,False,False,direct,6,defending_direct,15,-26.91,9.19,2,half_space_left,1,defensive_third,False,7.6,21.97,1,wide_left,2,middle_third,False,56.53,47.71,48.02,54.03,45.96,45.84,65.14,66.44
424,2007721,56775,56790,93:25.5,93:27.0,48,25,1.5,2,2,870,right_to_left,CC Mariners,1,False,False,False,create,1,medium_block,9,-8.86,-22.27,5,wide_right,2,middle_third,False,-19.55,-23.48,5,wide_right,1,defensive_third,False,45.82,45.93,66.5,66.65,47.46,44.74,54.44,60.2
425,2007721,56790,56838,93:27.0,93:31.8,48,27,4.8,2,2,870,right_to_left,CC Mariners,1,True,False,False,build_up,0,high_block,10,-20.23,-23.67,5,wide_right,1,defensive_third,False,-29.37,-32.97,5,wide_right,1,defensive_third,False,45.97,47.77,66.62,60.04,44.61,44.96,60.63,72.5
426,2007721,56935,56945,93:41.5,93:42.5,48,41,1.0,2,1,4177,left_to_right,Auckland FC,1,False,False,False,chaotic,5,chaotic,5,37.23,25.52,1,wide_left,3,attacking_third,False,41.65,20.69,1,wide_left,3,attacking_third,False,40.23,40.14,70.64,70.08,29.65,29.44,25.31,23.47
427,2007721,57013,57083,93:49.3,93:56.3,48,49,7.0,2,1,4177,left_to_right,Auckland FC,2,False,False,False,set_play,7,defending_set_play,13,38.6,26.48,1,wide_left,3,attacking_third,False,51.28,24.41,1,wide_left,3,attacking_third,False,37.04,25.87,66.86,71.79,27.78,21.86,16.57,13.86
428,2007721,57394,57436,94:27.4,94:31.6,49,27,4.2,2,1,4177,left_to_right,Auckland FC,2,False,False,False,finish,2,low_block,8,50.41,32.49,1,wide_left,3,attacking_third,False,-24.68,1.89,3,center,1,defensive_third,False,43.2,16.27,64.96,23.18,21.42,37.53,11.73,57.84
429,2007721,57436,57448,94:31.6,94:32.8,49,31,1.2,2,1,4177,left_to_right,Auckland FC,1,False,False,False,chaotic,5,chaotic,5,24.31,-1.83,3,center,3,attacking_third,False,20.89,0.73,3,center,3,attacking_third,False,37.45,36.4,57.76,57.51,16.48,19.8,23.63,27.32
